"iso3c","pais_cset","ano","artigos","artigos_completo","citacoes","patentes_pedidos","patentes_pedidos_completo","patentes_concedidas","patentes_concedidas_completo","inv_estimado_mi","inv_estimado_mi_completo","inv_divulgado_mi","inv_divulgado_mi_completo","publicacoes","patentes","patentes_concedidas_ok","citacoes_ok","patentes_suspeitas","cpi_eua","fator_2021","investimento","investimento_divulgado"
"AFG","Afghanistan",2017,1,TRUE,5,NA,NA,NA,NA,NA,NA,NA,NA,1,NA,NA,5,FALSE,112.411557302308,1.10545941011785,NA,NA
"AFG","Afghanistan",2018,2,TRUE,13,NA,NA,NA,NA,NA,NA,NA,NA,2,NA,NA,13,FALSE,115.157303224791,1.07910145814431,NA,NA
"AFG","Afghanistan",2019,8,TRUE,54,NA,NA,NA,NA,NA,NA,NA,NA,8,NA,NA,54,FALSE,117.244195476228,1.05989395313846,NA,NA
"AFG","Afghanistan",2020,12,TRUE,225,NA,NA,NA,NA,NA,NA,NA,NA,12,NA,NA,225,FALSE,118.690501577198,1.04697858863637,NA,NA
"AFG","Afghanistan",2021,16,TRUE,518,NA,NA,NA,NA,NA,NA,NA,NA,16,NA,NA,NA,FALSE,124.266413825838,1,NA,NA
"AFG","Afghanistan",2022,47,TRUE,1397,NA,NA,NA,NA,NA,NA,NA,NA,47,NA,NA,NA,FALSE,134.21120616846,0.92590192259997,NA,NA
"AFG","Afghanistan",2023,46,TRUE,1119,NA,NA,NA,NA,NA,NA,NA,NA,46,NA,NA,NA,FALSE,139.73579356326,0.889295510169921,NA,NA
"AFG","Afghanistan",2024,71,TRUE,1650,NA,NA,NA,NA,NA,NA,NA,NA,71,NA,NA,NA,FALSE,143.857336014608,0.863817009743732,NA,NA
"AFG","Afghanistan",2025,72,FALSE,617,NA,NA,NA,NA,NA,NA,NA,NA,NA,NA,NA,NA,FALSE,143.857336014608,0.863817009743732,NA,NA
"AGO","Angola",2016,2,TRUE,6,NA,NA,NA,NA,NA,NA,NA,NA,2,NA,NA,6,FALSE,110.06700893427,1.12900691159917,NA,NA
"AGO","Angola",2017,2,TRUE,25,NA,NA,NA,NA,NA,NA,NA,NA,2,NA,NA,25,FALSE,112.411557302308,1.10545941011785,NA,NA
"AGO","Angola",2018,1,TRUE,NA,NA,NA,NA,NA,NA,NA,NA,NA,1,NA,NA,NA,FALSE,115.157303224791,1.07910145814431,NA,NA
"AGO","Angola",2019,6,TRUE,18,NA,NA,NA,NA,NA,NA,NA,NA,6,NA,NA,18,FALSE,117.244195476228,1.05989395313846,NA,NA
"AGO","Angola",2020,3,TRUE,5,NA,NA,NA,NA,NA,NA,NA,NA,3,NA,NA,5,FALSE,118.690501577198,1.04697858863637,NA,NA
"AGO","Angola",2021,2,TRUE,11,NA,NA,NA,NA,NA,NA,NA,NA,2,NA,NA,NA,FALSE,124.266413825838,1,NA,NA
"AGO","Angola",2022,20,TRUE,1101,NA,NA,NA,NA,NA,NA,NA,NA,20,NA,NA,NA,FALSE,134.21120616846,0.92590192259997,NA,NA
"AGO","Angola",2023,28,TRUE,721,NA,NA,NA,NA,NA,NA,NA,NA,28,NA,NA,NA,FALSE,139.73579356326,0.889295510169921,NA,NA
"AGO","Angola",2024,16,TRUE,263,NA,NA,NA,NA,NA,NA,NA,NA,16,NA,NA,NA,FALSE,143.857336014608,0.863817009743732,NA,NA
"AGO","Angola",2025,10,FALSE,60,NA,NA,NA,NA,NA,NA,NA,NA,NA,NA,NA,NA,FALSE,143.857336014608,0.863817009743732,NA,NA
"ALB","Albania",2016,15,TRUE,67,NA,NA,NA,NA,2,TRUE,2,TRUE,15,NA,NA,67,FALSE,110.06700893427,1.12900691159917,2258013.82319833,2258013.82319833
"ALB","Albania",2017,25,TRUE,534,NA,NA,NA,NA,NA,NA,NA,NA,25,NA,NA,534,FALSE,112.411557302308,1.10545941011785,NA,NA
"ALB","Albania",2018,21,TRUE,87,NA,NA,NA,NA,NA,NA,NA,NA,21,NA,NA,87,FALSE,115.157303224791,1.07910145814431,NA,NA
"ALB","Albania",2019,19,TRUE,187,NA,NA,NA,NA,7,TRUE,7,TRUE,19,NA,NA,187,FALSE,117.244195476228,1.05989395313846,7419257.67196924,7419257.67196924
"ALB","Albania",2020,19,TRUE,145,NA,NA,NA,NA,6,TRUE,NA,NA,19,NA,NA,145,FALSE,118.690501577198,1.04697858863637,6281871.53181824,NA
"ALB","Albania",2021,34,TRUE,661,NA,NA,NA,NA,NA,NA,NA,NA,34,NA,NA,NA,FALSE,124.266413825838,1,NA,NA
"ALB","Albania",2022,37,TRUE,242,NA,NA,NA,NA,NA,NA,NA,NA,37,NA,NA,NA,FALSE,134.21120616846,0.92590192259997,NA,NA
"ALB","Albania",2023,66,TRUE,401,NA,NA,NA,NA,NA,NA,NA,NA,66,NA,NA,NA,FALSE,139.73579356326,0.889295510169921,NA,NA
"ALB","Albania",2024,70,TRUE,453,NA,NA,NA,NA,6,TRUE,6,TRUE,70,NA,NA,NA,FALSE,143.857336014608,0.863817009743732,5182902.05846239,5182902.05846239
"ALB","Albania",2025,36,FALSE,105,NA,NA,NA,NA,0,TRUE,NA,NA,NA,NA,NA,NA,FALSE,143.857336014608,0.863817009743732,0,NA
"AND","Andorra",2016,2,TRUE,92,NA,NA,NA,NA,NA,NA,NA,NA,2,NA,NA,92,FALSE,110.06700893427,1.12900691159917,NA,NA
"AND","Andorra",2023,1,TRUE,1,NA,NA,NA,NA,NA,NA,NA,NA,1,NA,NA,NA,FALSE,139.73579356326,0.889295510169921,NA,NA
"AND","Andorra",2024,1,TRUE,2,NA,NA,NA,NA,NA,NA,NA,NA,1,NA,NA,NA,FALSE,143.857336014608,0.863817009743732,NA,NA
"AND","Andorra",2025,1,FALSE,NA,NA,NA,NA,NA,NA,NA,NA,NA,NA,NA,NA,NA,FALSE,143.857336014608,0.863817009743732,NA,NA
"ARE","United Arab Emirates",2016,278,TRUE,5799,NA,NA,NA,NA,12,TRUE,9,TRUE,278,NA,NA,5799,FALSE,110.06700893427,1.12900691159917,13548082.93919,10161062.2043925
"ARE","United Arab Emirates",2017,380,TRUE,11981,NA,NA,NA,NA,34,TRUE,21,TRUE,380,NA,NA,11981,FALSE,112.411557302308,1.10545941011785,37585619.9440068,23214647.6124748
"ARE","United Arab Emirates",2018,508,TRUE,22216,NA,NA,NA,NA,204,TRUE,35,TRUE,508,NA,NA,22216,FALSE,115.157303224791,1.07910145814431,220136697.461439,37768551.0350507
"ARE","United Arab Emirates",2019,732,TRUE,41351,NA,NA,NA,NA,66,TRUE,35,TRUE,732,NA,NA,41351,FALSE,117.244195476228,1.05989395313846,69953000.9071386,37096288.3598462
"ARE","United Arab Emirates",2020,1015,TRUE,55802,NA,NA,NA,NA,289,TRUE,50,TRUE,1015,NA,NA,55802,FALSE,118.690501577198,1.04697858863637,302576812.115912,52348929.4318187
"ARE","United Arab Emirates",2021,1354,TRUE,78903,NA,NA,NA,NA,999,TRUE,971,TRUE,1354,NA,NA,NA,FALSE,124.266413825838,1,999000000,971000000
"ARE","United Arab Emirates",2022,1773,TRUE,58262,NA,NA,NA,NA,519,TRUE,175,TRUE,1773,NA,NA,NA,FALSE,134.21120616846,0.92590192259997,480543097.829384,162032836.454995
"ARE","United Arab Emirates",2023,2567,TRUE,67514,NA,NA,NA,NA,533,TRUE,454,TRUE,2567,NA,NA,NA,FALSE,139.73579356326,0.889295510169921,473994506.920568,403740161.617144
"ARE","United Arab Emirates",2024,2543,TRUE,35632,NA,NA,NA,NA,2327,TRUE,1980,TRUE,2543,NA,NA,NA,FALSE,143.857336014608,0.863817009743732,2010102181.67366,1710357679.29259
"ARE","United Arab Emirates",2025,1273,FALSE,7577,NA,NA,NA,NA,1413,TRUE,598,TRUE,NA,NA,NA,NA,FALSE,143.857336014608,0.863817009743732,1220573434.76789,516562571.826752
"ARE","United Arab Emirates",2026,9,FALSE,8,NA,NA,NA,NA,1433,FALSE,775,FALSE,NA,NA,NA,NA,FALSE,143.857336014608,0.863817009743732,NA,NA
"ARG","Argentina",2016,224,TRUE,5284,1,TRUE,NA,NA,1,TRUE,0,TRUE,224,1,NA,5284,FALSE,110.06700893427,1.12900691159917,1129006.91159917,0
"ARG","Argentina",2017,220,TRUE,8125,1,TRUE,1,TRUE,5,TRUE,5,TRUE,220,1,1,8125,FALSE,112.411557302308,1.10545941011785,5527297.05058924,5527297.05058924
"ARG","Argentina",2018,279,TRUE,7043,7,TRUE,6,TRUE,1,TRUE,1,TRUE,279,7,6,7043,FALSE,115.157303224791,1.07910145814431,1079101.45814431,1079101.45814431
"ARG","Argentina",2019,244,TRUE,3842,8,TRUE,7,TRUE,2,TRUE,2,TRUE,244,8,7,3842,FALSE,117.244195476228,1.05989395313846,2119787.90627693,2119787.90627693
"ARG","Argentina",2020,317,TRUE,5603,11,TRUE,10,FALSE,3,TRUE,3,TRUE,317,11,NA,5603,FALSE,118.690501577198,1.04697858863637,3140935.76590912,3140935.76590912
"ARG","Argentina",2021,310,TRUE,4310,8,TRUE,3,FALSE,19,TRUE,16,TRUE,310,8,NA,NA,FALSE,124.266413825838,1,19000000,16000000
"ARG","Argentina",2022,237,TRUE,3967,16,FALSE,5,FALSE,18,TRUE,10,TRUE,237,NA,NA,NA,FALSE,134.21120616846,0.92590192259997,16666234.6067995,9259019.22599969
"ARG","Argentina",2023,284,TRUE,3184,14,FALSE,2,FALSE,352,TRUE,1,TRUE,284,NA,NA,NA,FALSE,139.73579356326,0.889295510169921,313032019.579812,889295.510169921
"ARG","Argentina",2024,288,TRUE,1729,NA,NA,NA,NA,561,TRUE,6,TRUE,288,NA,NA,NA,FALSE,143.857336014608,0.863817009743732,484601342.466234,5182902.05846239
"ARG","Argentina",2025,164,FALSE,567,NA,NA,NA,NA,87,TRUE,84,TRUE,NA,NA,NA,NA,FALSE,143.857336014608,0.863817009743732,75152079.8477047,72560628.8184735
"ARG","Argentina",2026,5,FALSE,1,NA,NA,NA,NA,8,FALSE,4,FALSE,NA,NA,NA,NA,FALSE,143.857336014608,0.863817009743732,NA,NA
"ARM","Armenia",2016,9,TRUE,46,NA,NA,NA,NA,NA,NA,NA,NA,9,NA,NA,46,FALSE,110.06700893427,1.12900691159917,NA,NA
"ARM","Armenia",2017,25,TRUE,1933,NA,NA,NA,NA,NA,NA,NA,NA,25,NA,NA,1933,FALSE,112.411557302308,1.10545941011785,NA,NA
"ARM","Armenia",2018,18,TRUE,820,NA,NA,NA,NA,NA,NA,NA,NA,18,NA,NA,820,FALSE,115.157303224791,1.07910145814431,NA,NA
"ARM","Armenia",2019,16,TRUE,144,NA,NA,NA,NA,NA,NA,NA,NA,16,NA,NA,144,FALSE,117.244195476228,1.05989395313846,NA,NA
"ARM","Armenia",2020,32,TRUE,219,NA,NA,NA,NA,NA,NA,NA,NA,32,NA,NA,219,FALSE,118.690501577198,1.04697858863637,NA,NA
"ARM","Armenia",2021,42,TRUE,205,NA,NA,NA,NA,0,TRUE,NA,NA,42,NA,NA,NA,FALSE,124.266413825838,1,0,NA
"ARM","Armenia",2022,50,TRUE,447,NA,NA,NA,NA,NA,NA,NA,NA,50,NA,NA,NA,FALSE,134.21120616846,0.92590192259997,NA,NA
"ARM","Armenia",2023,94,TRUE,369,NA,NA,NA,NA,7,TRUE,0,TRUE,94,NA,NA,NA,FALSE,139.73579356326,0.889295510169921,6225068.57118944,0
"ARM","Armenia",2024,68,TRUE,513,NA,NA,NA,NA,0,TRUE,0,TRUE,68,NA,NA,NA,FALSE,143.857336014608,0.863817009743732,0,0
"ARM","Armenia",2025,41,FALSE,176,NA,NA,NA,NA,1,TRUE,1,TRUE,NA,NA,NA,NA,FALSE,143.857336014608,0.863817009743732,863817.009743732,863817.009743732
"ARM","Armenia",2026,NA,NA,NA,NA,NA,NA,NA,0,FALSE,0,FALSE,NA,NA,NA,NA,FALSE,143.857336014608,0.863817009743732,NA,NA
"ATG","Antigua and Barbuda",2023,2,TRUE,99,NA,NA,NA,NA,NA,NA,NA,NA,2,NA,NA,NA,FALSE,139.73579356326,0.889295510169921,NA,NA
"ATG","Antigua and Barbuda",2024,6,TRUE,21,NA,NA,NA,NA,NA,NA,NA,NA,6,NA,NA,NA,FALSE,143.857336014608,0.863817009743732,NA,NA
"ATG","Antigua and Barbuda",2025,1,FALSE,5,NA,NA,NA,NA,NA,NA,NA,NA,NA,NA,NA,NA,FALSE,143.857336014608,0.863817009743732,NA,NA
"AUS","Australia",2016,2951,TRUE,148442,262,TRUE,229,TRUE,105,TRUE,59,TRUE,2951,262,229,148442,FALSE,110.06700893427,1.12900691159917,118545725.717912,66611407.7843508
"AUS","Australia",2017,3086,TRUE,184714,300,TRUE,264,TRUE,165,TRUE,148,TRUE,3086,300,264,184714,FALSE,112.411557302308,1.10545941011785,182400802.669445,163607992.697441
"AUS","Australia",2018,3879,TRUE,224608,492,TRUE,415,TRUE,314,TRUE,188,TRUE,3879,492,415,224608,FALSE,115.157303224791,1.07910145814431,338837857.857312,202871074.13113
"AUS","Australia",2019,4794,TRUE,339994,595,TRUE,491,TRUE,499,TRUE,312,TRUE,4794,595,491,339994,FALSE,117.244195476228,1.05989395313846,528887082.616093,330686913.3792
"AUS","Australia",2020,5801,TRUE,335242,909,TRUE,737,FALSE,539,TRUE,254,TRUE,5801,909,NA,335242,FALSE,118.690501577198,1.04697858863637,564321459.275005,265932561.513639
"AUS","Australia",2021,6602,TRUE,306584,1474,TRUE,1161,FALSE,3582,TRUE,1614,TRUE,6602,1474,NA,NA,FALSE,124.266413825838,1,3582000000,1614000000
"AUS","Australia",2022,6349,TRUE,220357,540,FALSE,159,FALSE,1182,TRUE,760,TRUE,6349,NA,NA,NA,FALSE,134.21120616846,0.92590192259997,1094416072.51316,703685461.175977
"AUS","Australia",2023,7727,TRUE,203770,595,FALSE,90,FALSE,1070,TRUE,552,TRUE,7727,NA,NA,NA,FALSE,139.73579356326,0.889295510169921,951546195.881815,490891121.613796
"AUS","Australia",2024,7071,TRUE,103704,78,FALSE,11,FALSE,2792,TRUE,2358,TRUE,7071,NA,NA,NA,FALSE,143.857336014608,0.863817009743732,2411777091.2045,2036880508.97572
"AUS","Australia",2025,5208,FALSE,24670,NA,NA,NA,NA,1706,TRUE,1321,TRUE,NA,NA,NA,NA,FALSE,143.857336014608,0.863817009743732,1473671818.62281,1141102269.87147
"AUS","Australia",2026,283,FALSE,367,NA,NA,NA,NA,13296,FALSE,13138,FALSE,NA,NA,NA,NA,FALSE,143.857336014608,0.863817009743732,NA,NA
"AUT","Austria",2016,902,TRUE,37449,10,TRUE,9,TRUE,9,TRUE,7,TRUE,902,10,9,37449,FALSE,110.06700893427,1.12900691159917,10161062.2043925,7903048.38119416
"AUT","Austria",2017,931,TRUE,46691,13,TRUE,11,TRUE,16,TRUE,14,TRUE,931,13,11,46691,FALSE,112.411557302308,1.10545941011785,17687350.5618856,15476431.7416499
"AUT","Austria",2018,1058,TRUE,38517,12,TRUE,10,TRUE,42,TRUE,13,TRUE,1058,12,10,38517,FALSE,115.157303224791,1.07910145814431,45322261.2420609,14028318.955876
"AUT","Austria",2019,1256,TRUE,49294,7,TRUE,5,TRUE,146,TRUE,48,TRUE,1256,7,5,49294,FALSE,117.244195476228,1.05989395313846,154744517.158216,50874909.7506462
"AUT","Austria",2020,1411,TRUE,54809,19,TRUE,15,FALSE,111,TRUE,60,TRUE,1411,19,NA,54809,FALSE,118.690501577198,1.04697858863637,116214623.338637,62818715.3181824
"AUT","Austria",2021,1667,TRUE,45114,20,TRUE,15,FALSE,623,TRUE,479,TRUE,1667,20,NA,NA,FALSE,124.266413825838,1,623000000,479000000
"AUT","Austria",2022,1859,TRUE,40649,11,FALSE,5,FALSE,439,TRUE,435,TRUE,1859,NA,NA,NA,FALSE,134.21120616846,0.92590192259997,406470944.021387,402767336.330987
"AUT","Austria",2023,1953,TRUE,36435,20,FALSE,11,FALSE,524,TRUE,206,TRUE,1953,NA,NA,NA,FALSE,139.73579356326,0.889295510169921,465990847.329038,183194875.095004
"AUT","Austria",2024,1684,TRUE,19044,17,FALSE,4,FALSE,1032,TRUE,164,TRUE,1684,NA,NA,NA,FALSE,143.857336014608,0.863817009743732,891459154.055532,141665989.597972
"AUT","Austria",2025,1022,FALSE,4596,NA,NA,NA,NA,486,TRUE,111,TRUE,NA,NA,NA,NA,FALSE,143.857336014608,0.863817009743732,419815066.735454,95883688.0815543
"AUT","Austria",2026,19,FALSE,8,NA,NA,NA,NA,211,FALSE,124,FALSE,NA,NA,NA,NA,FALSE,143.857336014608,0.863817009743732,NA,NA
"AZE","Azerbaijan",2016,34,TRUE,489,NA,NA,NA,NA,NA,NA,NA,NA,34,NA,NA,489,FALSE,110.06700893427,1.12900691159917,NA,NA
"AZE","Azerbaijan",2017,24,TRUE,378,NA,NA,NA,NA,NA,NA,NA,NA,24,NA,NA,378,FALSE,112.411557302308,1.10545941011785,NA,NA
"AZE","Azerbaijan",2018,52,TRUE,531,1,TRUE,NA,NA,NA,NA,NA,NA,52,1,NA,531,FALSE,115.157303224791,1.07910145814431,NA,NA
"AZE","Azerbaijan",2019,47,TRUE,703,NA,NA,NA,NA,NA,NA,NA,NA,47,NA,NA,703,FALSE,117.244195476228,1.05989395313846,NA,NA
"AZE","Azerbaijan",2020,53,TRUE,482,NA,NA,NA,NA,NA,NA,NA,NA,53,NA,NA,482,FALSE,118.690501577198,1.04697858863637,NA,NA
"AZE","Azerbaijan",2021,83,TRUE,750,NA,NA,NA,NA,NA,NA,NA,NA,83,NA,NA,NA,FALSE,124.266413825838,1,NA,NA
"AZE","Azerbaijan",2022,88,TRUE,381,NA,NA,NA,NA,0,TRUE,0,TRUE,88,NA,NA,NA,FALSE,134.21120616846,0.92590192259997,0,0
"AZE","Azerbaijan",2023,127,TRUE,699,NA,NA,NA,NA,0,TRUE,0,TRUE,127,NA,NA,NA,FALSE,139.73579356326,0.889295510169921,0,0
"AZE","Azerbaijan",2024,133,TRUE,771,NA,NA,NA,NA,NA,NA,NA,NA,133,NA,NA,NA,FALSE,143.857336014608,0.863817009743732,NA,NA
"AZE","Azerbaijan",2025,85,FALSE,625,NA,NA,NA,NA,0,TRUE,0,TRUE,NA,NA,NA,NA,FALSE,143.857336014608,0.863817009743732,0,0
"AZE","Azerbaijan",2026,NA,NA,NA,NA,NA,NA,NA,0,FALSE,NA,NA,NA,NA,NA,NA,FALSE,143.857336014608,0.863817009743732,NA,NA
"BDI","Burundi",2018,2,TRUE,87,NA,NA,NA,NA,NA,NA,NA,NA,2,NA,NA,87,FALSE,115.157303224791,1.07910145814431,NA,NA
"BDI","Burundi",2019,11,TRUE,572,NA,NA,NA,NA,NA,NA,NA,NA,11,NA,NA,572,FALSE,117.244195476228,1.05989395313846,NA,NA
"BDI","Burundi",2020,2,TRUE,9,NA,NA,NA,NA,NA,NA,NA,NA,2,NA,NA,9,FALSE,118.690501577198,1.04697858863637,NA,NA
"BDI","Burundi",2021,6,TRUE,371,NA,NA,NA,NA,NA,NA,NA,NA,6,NA,NA,NA,FALSE,124.266413825838,1,NA,NA
"BDI","Burundi",2022,2,TRUE,4,NA,NA,NA,NA,NA,NA,NA,NA,2,NA,NA,NA,FALSE,134.21120616846,0.92590192259997,NA,NA
"BDI","Burundi",2023,10,TRUE,80,NA,NA,NA,NA,NA,NA,NA,NA,10,NA,NA,NA,FALSE,139.73579356326,0.889295510169921,NA,NA
"BDI","Burundi",2024,1,TRUE,10,NA,NA,NA,NA,NA,NA,NA,NA,1,NA,NA,NA,FALSE,143.857336014608,0.863817009743732,NA,NA
"BDI","Burundi",2025,1,FALSE,5,NA,NA,NA,NA,NA,NA,NA,NA,NA,NA,NA,NA,FALSE,143.857336014608,0.863817009743732,NA,NA
"BEL","Belgium",2016,998,TRUE,45007,3,TRUE,2,TRUE,68,TRUE,4,TRUE,998,3,2,45007,FALSE,110.06700893427,1.12900691159917,76772469.9887433,4516027.64639666
"BEL","Belgium",2017,992,TRUE,43687,2,TRUE,2,TRUE,293,TRUE,286,TRUE,992,2,2,43687,FALSE,112.411557302308,1.10545941011785,323899607.164529,316161391.293704
"BEL","Belgium",2018,1213,TRUE,52836,8,TRUE,8,TRUE,107,TRUE,26,TRUE,1213,8,8,52836,FALSE,115.157303224791,1.07910145814431,115463856.021441,28056637.911752
"BEL","Belgium",2019,1286,TRUE,49461,2,TRUE,1,TRUE,344,TRUE,211,TRUE,1286,2,1,49461,FALSE,117.244195476228,1.05989395313846,364603519.879631,223637624.112216
"BEL","Belgium",2020,1556,TRUE,56492,7,TRUE,7,FALSE,402,TRUE,265,TRUE,1556,7,NA,56492,FALSE,118.690501577198,1.04697858863637,420885392.631822,277449325.988639
"BEL","Belgium",2021,1729,TRUE,52606,9,TRUE,9,FALSE,1275,TRUE,822,TRUE,1729,9,NA,NA,FALSE,124.266413825838,1,1275000000,822000000
"BEL","Belgium",2022,1882,TRUE,42159,7,FALSE,5,FALSE,1097,TRUE,627,TRUE,1882,NA,NA,NA,FALSE,134.21120616846,0.92590192259997,1015714409.09217,580540505.470181
"BEL","Belgium",2023,1954,TRUE,29561,7,FALSE,6,FALSE,1092,TRUE,433,TRUE,1954,NA,NA,NA,FALSE,139.73579356326,0.889295510169921,971110697.105553,385064955.903576
"BEL","Belgium",2024,1742,TRUE,18867,5,FALSE,4,FALSE,1275,TRUE,857,TRUE,1742,NA,NA,NA,FALSE,143.857336014608,0.863817009743732,1101366687.42326,740291177.350379
"BEL","Belgium",2025,1151,FALSE,5093,8,FALSE,7,FALSE,788,TRUE,211,TRUE,NA,NA,NA,NA,FALSE,143.857336014608,0.863817009743732,680687803.678061,182265389.055927
"BEL","Belgium",2026,43,FALSE,37,NA,NA,NA,NA,1719,FALSE,1275,FALSE,NA,NA,NA,NA,FALSE,143.857336014608,0.863817009743732,NA,NA
"BEN","Benin",2016,11,TRUE,140,NA,NA,NA,NA,NA,NA,NA,NA,11,NA,NA,140,FALSE,110.06700893427,1.12900691159917,NA,NA
"BEN","Benin",2017,7,TRUE,22,NA,NA,NA,NA,NA,NA,NA,NA,7,NA,NA,22,FALSE,112.411557302308,1.10545941011785,NA,NA
"BEN","Benin",2018,12,TRUE,335,NA,NA,NA,NA,NA,NA,NA,NA,12,NA,NA,335,FALSE,115.157303224791,1.07910145814431,NA,NA
"BEN","Benin",2019,11,TRUE,143,NA,NA,NA,NA,NA,NA,NA,NA,11,NA,NA,143,FALSE,117.244195476228,1.05989395313846,NA,NA
"BEN","Benin",2020,20,TRUE,367,NA,NA,NA,NA,NA,NA,NA,NA,20,NA,NA,367,FALSE,118.690501577198,1.04697858863637,NA,NA
"BEN","Benin",2021,11,TRUE,280,NA,NA,NA,NA,NA,NA,NA,NA,11,NA,NA,NA,FALSE,124.266413825838,1,NA,NA
"BEN","Benin",2022,30,TRUE,248,NA,NA,NA,NA,NA,NA,NA,NA,30,NA,NA,NA,FALSE,134.21120616846,0.92590192259997,NA,NA
"BEN","Benin",2023,32,TRUE,155,NA,NA,NA,NA,NA,NA,NA,NA,32,NA,NA,NA,FALSE,139.73579356326,0.889295510169921,NA,NA
"BEN","Benin",2024,35,TRUE,207,NA,NA,NA,NA,NA,NA,NA,NA,35,NA,NA,NA,FALSE,143.857336014608,0.863817009743732,NA,NA
"BEN","Benin",2025,7,FALSE,18,NA,NA,NA,NA,NA,NA,NA,NA,NA,NA,NA,NA,FALSE,143.857336014608,0.863817009743732,NA,NA
"BFA","Burkina Faso",2016,2,TRUE,36,NA,NA,NA,NA,NA,NA,NA,NA,2,NA,NA,36,FALSE,110.06700893427,1.12900691159917,NA,NA
"BFA","Burkina Faso",2017,2,TRUE,347,NA,NA,NA,NA,NA,NA,NA,NA,2,NA,NA,347,FALSE,112.411557302308,1.10545941011785,NA,NA
"BFA","Burkina Faso",2018,5,TRUE,158,NA,NA,NA,NA,NA,NA,NA,NA,5,NA,NA,158,FALSE,115.157303224791,1.07910145814431,NA,NA
"BFA","Burkina Faso",2019,4,TRUE,12,NA,NA,NA,NA,NA,NA,NA,NA,4,NA,NA,12,FALSE,117.244195476228,1.05989395313846,NA,NA
"BFA","Burkina Faso",2020,10,TRUE,76,NA,NA,NA,NA,NA,NA,NA,NA,10,NA,NA,76,FALSE,118.690501577198,1.04697858863637,NA,NA
"BFA","Burkina Faso",2021,13,TRUE,62,NA,NA,NA,NA,NA,NA,NA,NA,13,NA,NA,NA,FALSE,124.266413825838,1,NA,NA
"BFA","Burkina Faso",2022,17,TRUE,84,NA,NA,NA,NA,NA,NA,NA,NA,17,NA,NA,NA,FALSE,134.21120616846,0.92590192259997,NA,NA
"BFA","Burkina Faso",2023,20,TRUE,95,NA,NA,NA,NA,0,TRUE,0,TRUE,20,NA,NA,NA,FALSE,139.73579356326,0.889295510169921,0,0
"BFA","Burkina Faso",2024,33,TRUE,94,NA,NA,NA,NA,NA,NA,NA,NA,33,NA,NA,NA,FALSE,143.857336014608,0.863817009743732,NA,NA
"BFA","Burkina Faso",2025,22,FALSE,42,NA,NA,NA,NA,NA,NA,NA,NA,NA,NA,NA,NA,FALSE,143.857336014608,0.863817009743732,NA,NA
"BGD","Bangladesh",2016,305,TRUE,6220,NA,NA,NA,NA,NA,NA,NA,NA,305,NA,NA,6220,FALSE,110.06700893427,1.12900691159917,NA,NA
"BGD","Bangladesh",2017,464,TRUE,10037,NA,NA,NA,NA,NA,NA,NA,NA,464,NA,NA,10037,FALSE,112.411557302308,1.10545941011785,NA,NA
"BGD","Bangladesh",2018,651,TRUE,15333,NA,NA,NA,NA,0,TRUE,0,TRUE,651,NA,NA,15333,FALSE,115.157303224791,1.07910145814431,0,0
"BGD","Bangladesh",2019,1098,TRUE,31860,NA,NA,NA,NA,0,TRUE,0,TRUE,1098,NA,NA,31860,FALSE,117.244195476228,1.05989395313846,0,0
"BGD","Bangladesh",2020,1313,TRUE,41672,NA,NA,NA,NA,2,TRUE,0,TRUE,1313,NA,NA,41672,FALSE,118.690501577198,1.04697858863637,2093957.17727275,0
"BGD","Bangladesh",2021,1967,TRUE,53589,NA,NA,NA,NA,3,TRUE,1,TRUE,1967,NA,NA,NA,FALSE,124.266413825838,1,3000000,1000000
"BGD","Bangladesh",2022,1877,TRUE,40184,NA,NA,NA,NA,10,TRUE,6,TRUE,1877,NA,NA,NA,FALSE,134.21120616846,0.92590192259997,9259019.22599969,5555411.53559982
"BGD","Bangladesh",2023,2558,TRUE,41206,NA,NA,NA,NA,7,TRUE,7,TRUE,2558,NA,NA,NA,FALSE,139.73579356326,0.889295510169921,6225068.57118944,6225068.57118944
"BGD","Bangladesh",2024,3150,TRUE,31228,NA,NA,NA,NA,2,TRUE,2,TRUE,3150,NA,NA,NA,FALSE,143.857336014608,0.863817009743732,1727634.01948746,1727634.01948746
"BGD","Bangladesh",2025,1652,FALSE,6156,NA,NA,NA,NA,0,TRUE,0,TRUE,NA,NA,NA,NA,FALSE,143.857336014608,0.863817009743732,0,0
"BGD","Bangladesh",2026,3,FALSE,NA,NA,NA,NA,NA,0,FALSE,0,FALSE,NA,NA,NA,NA,FALSE,143.857336014608,0.863817009743732,NA,NA
"BGR","Bulgaria",2016,137,TRUE,1278,NA,NA,NA,NA,0,TRUE,0,TRUE,137,NA,NA,1278,FALSE,110.06700893427,1.12900691159917,0,0
"BGR","Bulgaria",2017,155,TRUE,2077,3,TRUE,2,TRUE,3,TRUE,3,TRUE,155,3,2,2077,FALSE,112.411557302308,1.10545941011785,3316378.23035354,3316378.23035354
"BGR","Bulgaria",2018,216,TRUE,3226,4,TRUE,4,TRUE,13,TRUE,0,TRUE,216,4,4,3226,FALSE,115.157303224791,1.07910145814431,14028318.955876,0
"BGR","Bulgaria",2019,269,TRUE,3518,3,TRUE,3,TRUE,3,TRUE,3,TRUE,269,3,3,3518,FALSE,117.244195476228,1.05989395313846,3179681.85941539,3179681.85941539
"BGR","Bulgaria",2020,279,TRUE,3295,12,TRUE,10,FALSE,1,TRUE,1,TRUE,279,12,NA,3295,FALSE,118.690501577198,1.04697858863637,1046978.58863637,1046978.58863637
"BGR","Bulgaria",2021,338,TRUE,3357,4,TRUE,3,FALSE,18,TRUE,18,TRUE,338,4,NA,NA,FALSE,124.266413825838,1,18000000,18000000
"BGR","Bulgaria",2022,351,TRUE,2781,3,FALSE,2,FALSE,4,TRUE,4,TRUE,351,NA,NA,NA,FALSE,134.21120616846,0.92590192259997,3703607.69039988,3703607.69039988
"BGR","Bulgaria",2023,451,TRUE,5178,12,FALSE,10,FALSE,21,TRUE,18,TRUE,451,NA,NA,NA,FALSE,139.73579356326,0.889295510169921,18675205.7135683,16007319.1830586
"BGR","Bulgaria",2024,470,TRUE,3139,23,FALSE,18,FALSE,13,TRUE,11,TRUE,470,NA,NA,NA,FALSE,143.857336014608,0.863817009743732,11229621.1266685,9501987.10718105
"BGR","Bulgaria",2025,255,FALSE,760,7,FALSE,7,FALSE,244,TRUE,154,TRUE,NA,NA,NA,NA,FALSE,143.857336014608,0.863817009743732,210771350.377471,133027819.500535
"BGR","Bulgaria",2026,NA,NA,NA,NA,NA,NA,NA,0,FALSE,NA,NA,NA,NA,NA,NA,FALSE,143.857336014608,0.863817009743732,NA,NA
"BHR","Bahrain",2016,18,TRUE,155,NA,NA,NA,NA,NA,NA,NA,NA,18,NA,NA,155,FALSE,110.06700893427,1.12900691159917,NA,NA
"BHR","Bahrain",2017,15,TRUE,107,NA,NA,NA,NA,NA,NA,NA,NA,15,NA,NA,107,FALSE,112.411557302308,1.10545941011785,NA,NA
"BHR","Bahrain",2018,34,TRUE,475,NA,NA,NA,NA,NA,NA,NA,NA,34,NA,NA,475,FALSE,115.157303224791,1.07910145814431,NA,NA
"BHR","Bahrain",2019,35,TRUE,513,NA,NA,NA,NA,NA,NA,NA,NA,35,NA,NA,513,FALSE,117.244195476228,1.05989395313846,NA,NA
"BHR","Bahrain",2020,62,TRUE,698,NA,NA,NA,NA,0,TRUE,0,TRUE,62,NA,NA,698,FALSE,118.690501577198,1.04697858863637,0,0
"BHR","Bahrain",2021,110,TRUE,1816,NA,NA,NA,NA,195,TRUE,NA,NA,110,NA,NA,NA,FALSE,124.266413825838,1,195000000,NA
"BHR","Bahrain",2022,165,TRUE,3277,NA,NA,NA,NA,0,TRUE,NA,NA,165,NA,NA,NA,FALSE,134.21120616846,0.92590192259997,0,NA
"BHR","Bahrain",2023,193,TRUE,2070,NA,NA,NA,NA,NA,NA,NA,NA,193,NA,NA,NA,FALSE,139.73579356326,0.889295510169921,NA,NA
"BHR","Bahrain",2024,273,TRUE,2231,NA,NA,NA,NA,0,TRUE,0,TRUE,273,NA,NA,NA,FALSE,143.857336014608,0.863817009743732,0,0
"BHR","Bahrain",2025,127,FALSE,738,NA,NA,NA,NA,3,TRUE,NA,NA,NA,NA,NA,NA,FALSE,143.857336014608,0.863817009743732,2591451.0292312,NA
"BHS","Bahamas",2018,1,TRUE,104,NA,NA,NA,NA,NA,NA,NA,NA,1,NA,NA,104,FALSE,115.157303224791,1.07910145814431,NA,NA
"BHS","Bahamas",2019,2,TRUE,51,NA,NA,NA,NA,NA,NA,NA,NA,2,NA,NA,51,FALSE,117.244195476228,1.05989395313846,NA,NA
"BHS","Bahamas",2021,3,TRUE,20,NA,NA,NA,NA,NA,NA,NA,NA,3,NA,NA,NA,FALSE,124.266413825838,1,NA,NA
"BHS","Bahamas",2022,3,TRUE,38,NA,NA,NA,NA,NA,NA,NA,NA,3,NA,NA,NA,FALSE,134.21120616846,0.92590192259997,NA,NA
"BHS","Bahamas",2023,2,TRUE,23,NA,NA,NA,NA,NA,NA,NA,NA,2,NA,NA,NA,FALSE,139.73579356326,0.889295510169921,NA,NA
"BHS","Bahamas",2024,2,TRUE,29,NA,NA,NA,NA,NA,NA,NA,NA,2,NA,NA,NA,FALSE,143.857336014608,0.863817009743732,NA,NA
"BHS","Bahamas",2025,2,FALSE,3,NA,NA,NA,NA,NA,NA,NA,NA,NA,NA,NA,NA,FALSE,143.857336014608,0.863817009743732,NA,NA
"BIH","Bosnia and Herzegovina",2016,63,TRUE,1197,NA,NA,NA,NA,0,TRUE,0,TRUE,63,NA,NA,1197,FALSE,110.06700893427,1.12900691159917,0,0
"BIH","Bosnia and Herzegovina",2017,82,TRUE,1562,NA,NA,NA,NA,NA,NA,NA,NA,82,NA,NA,1562,FALSE,112.411557302308,1.10545941011785,NA,NA
"BIH","Bosnia and Herzegovina",2018,103,TRUE,2987,NA,NA,NA,NA,NA,NA,NA,NA,103,NA,NA,2987,FALSE,115.157303224791,1.07910145814431,NA,NA
"BIH","Bosnia and Herzegovina",2019,117,TRUE,1864,NA,NA,NA,NA,NA,NA,NA,NA,117,NA,NA,1864,FALSE,117.244195476228,1.05989395313846,NA,NA
"BIH","Bosnia and Herzegovina",2020,106,TRUE,1554,NA,NA,NA,NA,0,TRUE,0,TRUE,106,NA,NA,1554,FALSE,118.690501577198,1.04697858863637,0,0
"BIH","Bosnia and Herzegovina",2021,118,TRUE,1235,NA,NA,NA,NA,0,TRUE,0,TRUE,118,NA,NA,NA,FALSE,124.266413825838,1,0,0
"BIH","Bosnia and Herzegovina",2022,117,TRUE,858,NA,NA,NA,NA,NA,NA,NA,NA,117,NA,NA,NA,FALSE,134.21120616846,0.92590192259997,NA,NA
"BIH","Bosnia and Herzegovina",2023,140,TRUE,1152,NA,NA,NA,NA,0,TRUE,0,TRUE,140,NA,NA,NA,FALSE,139.73579356326,0.889295510169921,0,0
"BIH","Bosnia and Herzegovina",2024,131,TRUE,754,NA,NA,NA,NA,0,TRUE,NA,NA,131,NA,NA,NA,FALSE,143.857336014608,0.863817009743732,0,NA
"BIH","Bosnia and Herzegovina",2025,70,FALSE,375,NA,NA,NA,NA,0,TRUE,0,TRUE,NA,NA,NA,NA,FALSE,143.857336014608,0.863817009743732,0,0
"BLR","Belarus",2016,76,TRUE,180,NA,NA,NA,NA,NA,NA,NA,NA,76,NA,NA,180,FALSE,110.06700893427,1.12900691159917,NA,NA
"BLR","Belarus",2017,55,TRUE,4064,NA,NA,NA,NA,8,TRUE,2,TRUE,55,NA,NA,4064,FALSE,112.411557302308,1.10545941011785,8843675.28094278,2210918.82023569
"BLR","Belarus",2018,56,TRUE,3774,NA,NA,NA,NA,NA,NA,NA,NA,56,NA,NA,3774,FALSE,115.157303224791,1.07910145814431,NA,NA
"BLR","Belarus",2019,99,TRUE,414,NA,NA,NA,NA,NA,NA,NA,NA,99,NA,NA,414,FALSE,117.244195476228,1.05989395313846,NA,NA
"BLR","Belarus",2020,94,TRUE,794,NA,NA,NA,NA,2,TRUE,NA,NA,94,NA,NA,794,FALSE,118.690501577198,1.04697858863637,2093957.17727275,NA
"BLR","Belarus",2021,97,TRUE,1006,NA,NA,NA,NA,NA,NA,NA,NA,97,NA,NA,NA,FALSE,124.266413825838,1,NA,NA
"BLR","Belarus",2022,103,TRUE,970,NA,NA,NA,NA,0,TRUE,0,TRUE,103,NA,NA,NA,FALSE,134.21120616846,0.92590192259997,0,0
"BLR","Belarus",2023,107,TRUE,269,NA,NA,NA,NA,NA,NA,NA,NA,107,NA,NA,NA,FALSE,139.73579356326,0.889295510169921,NA,NA
"BLR","Belarus",2024,113,TRUE,253,NA,NA,NA,NA,NA,NA,NA,NA,113,NA,NA,NA,FALSE,143.857336014608,0.863817009743732,NA,NA
"BLR","Belarus",2025,70,FALSE,67,NA,NA,NA,NA,NA,NA,NA,NA,NA,NA,NA,NA,FALSE,143.857336014608,0.863817009743732,NA,NA
"BLZ","Belize",2019,1,TRUE,45,NA,NA,NA,NA,10,TRUE,0,TRUE,1,NA,NA,45,FALSE,117.244195476228,1.05989395313846,10598939.5313846,0
"BLZ","Belize",2020,3,TRUE,16,NA,NA,NA,NA,NA,NA,NA,NA,3,NA,NA,16,FALSE,118.690501577198,1.04697858863637,NA,NA
"BLZ","Belize",2022,NA,NA,NA,NA,NA,NA,NA,20,TRUE,20,TRUE,NA,NA,NA,NA,FALSE,134.21120616846,0.92590192259997,18518038.4519994,18518038.4519994
"BLZ","Belize",2023,3,TRUE,34,NA,NA,NA,NA,NA,NA,NA,NA,3,NA,NA,NA,FALSE,139.73579356326,0.889295510169921,NA,NA
"BLZ","Belize",2024,2,TRUE,12,NA,NA,NA,NA,NA,NA,NA,NA,2,NA,NA,NA,FALSE,143.857336014608,0.863817009743732,NA,NA
"BLZ","Belize",2025,2,FALSE,8,NA,NA,NA,NA,NA,NA,NA,NA,NA,NA,NA,NA,FALSE,143.857336014608,0.863817009743732,NA,NA
"BOL","Bolivia",2016,2,TRUE,55,NA,NA,NA,NA,NA,NA,NA,NA,2,NA,NA,55,FALSE,110.06700893427,1.12900691159917,NA,NA
"BOL","Bolivia",2017,3,TRUE,25,NA,NA,NA,NA,NA,NA,NA,NA,3,NA,NA,25,FALSE,112.411557302308,1.10545941011785,NA,NA
"BOL","Bolivia",2018,5,TRUE,163,NA,NA,NA,NA,NA,NA,NA,NA,5,NA,NA,163,FALSE,115.157303224791,1.07910145814431,NA,NA
"BOL","Bolivia",2019,3,TRUE,23,NA,NA,NA,NA,NA,NA,NA,NA,3,NA,NA,23,FALSE,117.244195476228,1.05989395313846,NA,NA
"BOL","Bolivia",2020,5,TRUE,154,NA,NA,NA,NA,NA,NA,NA,NA,5,NA,NA,154,FALSE,118.690501577198,1.04697858863637,NA,NA
"BOL","Bolivia",2021,8,TRUE,32,NA,NA,NA,NA,NA,NA,NA,NA,8,NA,NA,NA,FALSE,124.266413825838,1,NA,NA
"BOL","Bolivia",2022,11,TRUE,392,NA,NA,NA,NA,1,TRUE,NA,NA,11,NA,NA,NA,FALSE,134.21120616846,0.92590192259997,925901.92259997,NA
"BOL","Bolivia",2023,16,TRUE,357,NA,NA,NA,NA,NA,NA,NA,NA,16,NA,NA,NA,FALSE,139.73579356326,0.889295510169921,NA,NA
"BOL","Bolivia",2024,23,TRUE,141,NA,NA,NA,NA,NA,NA,NA,NA,23,NA,NA,NA,FALSE,143.857336014608,0.863817009743732,NA,NA
"BOL","Bolivia",2025,12,FALSE,36,NA,NA,NA,NA,NA,NA,NA,NA,NA,NA,NA,NA,FALSE,143.857336014608,0.863817009743732,NA,NA
"BOL","Bolivia",2026,NA,NA,NA,NA,NA,NA,NA,0,FALSE,0,FALSE,NA,NA,NA,NA,FALSE,143.857336014608,0.863817009743732,NA,NA
"BRA","Brazil",2016,1996,TRUE,40511,86,TRUE,72,TRUE,43,TRUE,33,TRUE,1996,86,72,40511,FALSE,110.06700893427,1.12900691159917,48547297.1987641,37257228.0827725
"BRA","Brazil",2017,2139,TRUE,43047,88,TRUE,74,TRUE,149,TRUE,23,TRUE,2139,88,74,43047,FALSE,112.411557302308,1.10545941011785,164713452.107559,25425566.4327105
"BRA","Brazil",2018,2913,TRUE,57941,156,TRUE,126,TRUE,289,TRUE,27,TRUE,2913,156,126,57941,FALSE,115.157303224791,1.07910145814431,311860321.403705,29135739.3698963
"BRA","Brazil",2019,3327,TRUE,60562,213,TRUE,166,TRUE,433,TRUE,275,TRUE,3327,213,166,60562,FALSE,117.244195476228,1.05989395313846,458934081.708955,291470837.113077
"BRA","Brazil",2020,3757,TRUE,77267,162,TRUE,115,FALSE,667,TRUE,414,TRUE,3757,162,NA,77267,FALSE,118.690501577198,1.04697858863637,698334718.620461,433449135.695458
"BRA","Brazil",2021,3859,TRUE,62249,116,TRUE,62,FALSE,1392,TRUE,1137,TRUE,3859,116,NA,NA,FALSE,124.266413825838,1,1392000000,1137000000
"BRA","Brazil",2022,3253,TRUE,39717,23,FALSE,5,FALSE,2036,TRUE,1007,TRUE,3253,NA,NA,NA,FALSE,134.21120616846,0.92590192259997,1885136314.41354,932383236.058169
"BRA","Brazil",2023,3620,TRUE,32227,NA,NA,NA,NA,1095,TRUE,439,TRUE,3620,NA,NA,NA,FALSE,139.73579356326,0.889295510169921,973778583.636063,390400728.964595
"BRA","Brazil",2024,3162,TRUE,18658,NA,NA,NA,NA,976,TRUE,733,TRUE,3162,NA,NA,NA,FALSE,143.857336014608,0.863817009743732,843085401.509883,633177868.142156
"BRA","Brazil",2025,2048,FALSE,5296,NA,NA,NA,NA,1868,TRUE,818,TRUE,NA,NA,NA,NA,FALSE,143.857336014608,0.863817009743732,1613610174.20129,706602313.970373
"BRA","Brazil",2026,59,FALSE,31,NA,NA,NA,NA,768,FALSE,515,FALSE,NA,NA,NA,NA,FALSE,143.857336014608,0.863817009743732,NA,NA
"BRB","Barbados",2016,NA,NA,NA,NA,NA,NA,NA,18,TRUE,NA,NA,NA,NA,NA,NA,FALSE,110.06700893427,1.12900691159917,20322124.408785,NA
"BRB","Barbados",2017,1,TRUE,1,NA,NA,NA,NA,NA,NA,NA,NA,1,NA,NA,1,FALSE,112.411557302308,1.10545941011785,NA,NA
"BRB","Barbados",2018,2,TRUE,4,NA,NA,NA,NA,NA,NA,NA,NA,2,NA,NA,4,FALSE,115.157303224791,1.07910145814431,NA,NA
"BRB","Barbados",2019,4,TRUE,7,NA,NA,NA,NA,NA,NA,NA,NA,4,NA,NA,7,FALSE,117.244195476228,1.05989395313846,NA,NA
"BRB","Barbados",2020,2,TRUE,42,NA,NA,NA,NA,NA,NA,NA,NA,2,NA,NA,42,FALSE,118.690501577198,1.04697858863637,NA,NA
"BRB","Barbados",2021,3,TRUE,52,NA,NA,NA,NA,NA,NA,NA,NA,3,NA,NA,NA,FALSE,124.266413825838,1,NA,NA
"BRB","Barbados",2022,5,TRUE,32,NA,NA,NA,NA,NA,NA,NA,NA,5,NA,NA,NA,FALSE,134.21120616846,0.92590192259997,NA,NA
"BRB","Barbados",2023,7,TRUE,132,NA,NA,NA,NA,NA,NA,NA,NA,7,NA,NA,NA,FALSE,139.73579356326,0.889295510169921,NA,NA
"BRB","Barbados",2024,8,TRUE,77,NA,NA,NA,NA,NA,NA,NA,NA,8,NA,NA,NA,FALSE,143.857336014608,0.863817009743732,NA,NA
"BRB","Barbados",2025,9,FALSE,142,NA,NA,NA,NA,NA,NA,NA,NA,NA,NA,NA,NA,FALSE,143.857336014608,0.863817009743732,NA,NA
"BRN","Brunei",2016,22,TRUE,167,NA,NA,NA,NA,NA,NA,NA,NA,22,NA,NA,167,FALSE,110.06700893427,1.12900691159917,NA,NA
"BRN","Brunei",2017,16,TRUE,673,NA,NA,NA,NA,NA,NA,NA,NA,16,NA,NA,673,FALSE,112.411557302308,1.10545941011785,NA,NA
"BRN","Brunei",2018,14,TRUE,266,NA,NA,NA,NA,NA,NA,NA,NA,14,NA,NA,266,FALSE,115.157303224791,1.07910145814431,NA,NA
"BRN","Brunei",2019,29,TRUE,1159,NA,NA,NA,NA,NA,NA,NA,NA,29,NA,NA,1159,FALSE,117.244195476228,1.05989395313846,NA,NA
"BRN","Brunei",2020,34,TRUE,608,NA,NA,NA,NA,NA,NA,NA,NA,34,NA,NA,608,FALSE,118.690501577198,1.04697858863637,NA,NA
"BRN","Brunei",2021,53,TRUE,1203,NA,NA,NA,NA,NA,NA,NA,NA,53,NA,NA,NA,FALSE,124.266413825838,1,NA,NA
"BRN","Brunei",2022,96,TRUE,2838,NA,NA,NA,NA,NA,NA,NA,NA,96,NA,NA,NA,FALSE,134.21120616846,0.92590192259997,NA,NA
"BRN","Brunei",2023,130,TRUE,1981,NA,NA,NA,NA,NA,NA,NA,NA,130,NA,NA,NA,FALSE,139.73579356326,0.889295510169921,NA,NA
"BRN","Brunei",2024,100,TRUE,1306,NA,NA,NA,NA,NA,NA,NA,NA,100,NA,NA,NA,FALSE,143.857336014608,0.863817009743732,NA,NA
"BRN","Brunei",2025,35,FALSE,163,NA,NA,NA,NA,NA,NA,NA,NA,NA,NA,NA,NA,FALSE,143.857336014608,0.863817009743732,NA,NA
"BTN","Bhutan",2016,1,TRUE,2,NA,NA,NA,NA,NA,NA,NA,NA,1,NA,NA,2,FALSE,110.06700893427,1.12900691159917,NA,NA
"BTN","Bhutan",2017,3,TRUE,62,NA,NA,NA,NA,NA,NA,NA,NA,3,NA,NA,62,FALSE,112.411557302308,1.10545941011785,NA,NA
"BTN","Bhutan",2019,3,TRUE,5,NA,NA,NA,NA,NA,NA,NA,NA,3,NA,NA,5,FALSE,117.244195476228,1.05989395313846,NA,NA
"BTN","Bhutan",2020,5,TRUE,255,NA,NA,NA,NA,NA,NA,NA,NA,5,NA,NA,255,FALSE,118.690501577198,1.04697858863637,NA,NA
"BTN","Bhutan",2021,13,TRUE,251,NA,NA,NA,NA,NA,NA,NA,NA,13,NA,NA,NA,FALSE,124.266413825838,1,NA,NA
"BTN","Bhutan",2022,11,TRUE,620,NA,NA,NA,NA,NA,NA,NA,NA,11,NA,NA,NA,FALSE,134.21120616846,0.92590192259997,NA,NA
"BTN","Bhutan",2023,9,TRUE,18,NA,NA,NA,NA,NA,NA,NA,NA,9,NA,NA,NA,FALSE,139.73579356326,0.889295510169921,NA,NA
"BTN","Bhutan",2024,7,TRUE,38,NA,NA,NA,NA,NA,NA,NA,NA,7,NA,NA,NA,FALSE,143.857336014608,0.863817009743732,NA,NA
"BTN","Bhutan",2025,5,FALSE,2,NA,NA,NA,NA,NA,NA,NA,NA,NA,NA,NA,NA,FALSE,143.857336014608,0.863817009743732,NA,NA
"BWA","Botswana",2016,13,TRUE,171,NA,NA,NA,NA,0,TRUE,0,TRUE,13,NA,NA,171,FALSE,110.06700893427,1.12900691159917,0,0
"BWA","Botswana",2017,11,TRUE,155,NA,NA,NA,NA,NA,NA,NA,NA,11,NA,NA,155,FALSE,112.411557302308,1.10545941011785,NA,NA
"BWA","Botswana",2018,6,TRUE,13,NA,NA,NA,NA,NA,NA,NA,NA,6,NA,NA,13,FALSE,115.157303224791,1.07910145814431,NA,NA
"BWA","Botswana",2019,13,TRUE,66,NA,NA,NA,NA,NA,NA,NA,NA,13,NA,NA,66,FALSE,117.244195476228,1.05989395313846,NA,NA
"BWA","Botswana",2020,15,TRUE,506,NA,NA,NA,NA,NA,NA,NA,NA,15,NA,NA,506,FALSE,118.690501577198,1.04697858863637,NA,NA
"BWA","Botswana",2021,45,TRUE,1769,NA,NA,NA,NA,1,TRUE,1,TRUE,45,NA,NA,NA,FALSE,124.266413825838,1,1000000,1000000
"BWA","Botswana",2022,31,TRUE,443,NA,NA,NA,NA,NA,NA,NA,NA,31,NA,NA,NA,FALSE,134.21120616846,0.92590192259997,NA,NA
"BWA","Botswana",2023,51,TRUE,913,NA,NA,NA,NA,NA,NA,NA,NA,51,NA,NA,NA,FALSE,139.73579356326,0.889295510169921,NA,NA
"BWA","Botswana",2024,74,TRUE,574,NA,NA,NA,NA,1,TRUE,NA,NA,74,NA,NA,NA,FALSE,143.857336014608,0.863817009743732,863817.009743732,NA
"BWA","Botswana",2025,22,FALSE,58,NA,NA,NA,NA,NA,NA,NA,NA,NA,NA,NA,NA,FALSE,143.857336014608,0.863817009743732,NA,NA
"CAN","Canada",2016,3398,TRUE,214444,361,TRUE,314,TRUE,2721,TRUE,1066,TRUE,3398,361,314,214444,FALSE,110.06700893427,1.12900691159917,3072027806.46133,1203521367.76471
"CAN","Canada",2017,3665,TRUE,210563,441,TRUE,374,TRUE,763,TRUE,445,TRUE,3665,441,374,210563,FALSE,112.411557302308,1.10545941011785,843465529.919918,491929437.502442
"CAN","Canada",2018,4367,TRUE,271660,708,TRUE,588,TRUE,3776,TRUE,2744,TRUE,4367,708,588,271660,FALSE,115.157303224791,1.07910145814431,4074687105.9529,2961054401.14798
"CAN","Canada",2019,5520,TRUE,276018,793,TRUE,594,TRUE,1858,TRUE,1238,TRUE,5520,793,594,276018,FALSE,117.244195476228,1.05989395313846,1969282964.93126,1312148713.98542
"CAN","Canada",2020,6898,TRUE,315537,908,TRUE,606,FALSE,2066,TRUE,1179,TRUE,6898,908,NA,315537,FALSE,118.690501577198,1.04697858863637,2163057764.12275,1234387756.00228
"CAN","Canada",2021,8251,TRUE,267522,949,TRUE,430,FALSE,4307,TRUE,3204,TRUE,8251,949,NA,NA,FALSE,124.266413825838,1,4307000000,3204000000
"CAN","Canada",2022,7806,TRUE,199652,678,FALSE,207,FALSE,23815,TRUE,4127,TRUE,7806,NA,NA,NA,FALSE,134.21120616846,0.92590192259997,22050354286.7183,3821197234.57007
"CAN","Canada",2023,9039,TRUE,195151,165,FALSE,23,FALSE,4052,TRUE,1979,TRUE,9039,NA,NA,NA,FALSE,139.73579356326,0.889295510169921,3603425407.20852,1759915814.62627
"CAN","Canada",2024,7928,TRUE,95307,59,FALSE,4,FALSE,5907,TRUE,3844,TRUE,7928,NA,NA,NA,FALSE,143.857336014608,0.863817009743732,5102567076.55623,3320512585.45491
"CAN","Canada",2025,5309,FALSE,22690,NA,NA,NA,NA,9297,TRUE,7104,TRUE,NA,NA,NA,NA,FALSE,143.857336014608,0.863817009743732,8030906739.58748,6136556037.21947
"CAN","Canada",2026,216,FALSE,218,NA,NA,NA,NA,9246,FALSE,7614,FALSE,NA,NA,NA,NA,FALSE,143.857336014608,0.863817009743732,NA,NA
"CHE","Switzerland",2016,1365,TRUE,133881,5,TRUE,5,TRUE,330,TRUE,124,TRUE,1365,5,5,133881,FALSE,110.06700893427,1.12900691159917,372572280.827725,139996857.038297
"CHE","Switzerland",2017,1525,TRUE,123310,2,TRUE,1,TRUE,310,TRUE,108,TRUE,1525,2,1,123310,FALSE,112.411557302308,1.10545941011785,342692417.136533,119389616.292728
"CHE","Switzerland",2018,1829,TRUE,145554,4,TRUE,3,TRUE,908,TRUE,346,TRUE,1829,4,3,145554,FALSE,115.157303224791,1.07910145814431,979824123.99503,373369104.51793
"CHE","Switzerland",2019,2161,TRUE,165548,3,TRUE,2,TRUE,805,TRUE,346,TRUE,2161,3,2,165548,FALSE,117.244195476228,1.05989395313846,853214632.276463,366723307.785908
"CHE","Switzerland",2020,2561,TRUE,141871,5,TRUE,2,FALSE,1677,TRUE,291,TRUE,2561,5,NA,141871,FALSE,118.690501577198,1.04697858863637,1755783093.1432,304670769.293185
"CHE","Switzerland",2021,3124,TRUE,136452,11,TRUE,6,FALSE,1292,TRUE,889,TRUE,3124,11,NA,NA,FALSE,124.266413825838,1,1292000000,889000000
"CHE","Switzerland",2022,3534,TRUE,116754,6,FALSE,2,FALSE,2087,TRUE,1302,TRUE,3534,NA,NA,NA,FALSE,134.21120616846,0.92590192259997,1932357312.46614,1205524303.22516
"CHE","Switzerland",2023,3641,TRUE,99510,8,FALSE,1,FALSE,673,TRUE,437,TRUE,3641,NA,NA,NA,FALSE,139.73579356326,0.889295510169921,598495878.344357,388622137.944255
"CHE","Switzerland",2024,3153,TRUE,44027,3,FALSE,1,FALSE,2187,TRUE,589,TRUE,3153,NA,NA,NA,FALSE,143.857336014608,0.863817009743732,1889167800.30954,508788218.739058
"CHE","Switzerland",2025,2124,FALSE,12188,NA,NA,NA,NA,3947,TRUE,1312,TRUE,NA,NA,NA,NA,FALSE,143.857336014608,0.863817009743732,3409485737.45851,1133327916.78378
"CHE","Switzerland",2026,74,FALSE,77,NA,NA,NA,NA,2021,FALSE,1335,FALSE,NA,NA,NA,NA,FALSE,143.857336014608,0.863817009743732,NA,NA
"CHL","Chile",2016,253,TRUE,5432,NA,NA,NA,NA,1,TRUE,0,TRUE,253,NA,NA,5432,FALSE,110.06700893427,1.12900691159917,1129006.91159917,0
"CHL","Chile",2017,232,TRUE,6076,1,TRUE,NA,NA,8,TRUE,6,TRUE,232,1,NA,6076,FALSE,112.411557302308,1.10545941011785,8843675.28094278,6632756.46070708
"CHL","Chile",2018,286,TRUE,6258,1,TRUE,1,TRUE,82,TRUE,11,TRUE,286,1,1,6258,FALSE,115.157303224791,1.07910145814431,88486319.5678331,11870116.0395874
"CHL","Chile",2019,336,TRUE,6927,1,TRUE,NA,NA,33,TRUE,32,TRUE,336,1,NA,6927,FALSE,117.244195476228,1.05989395313846,34976500.4535693,33916606.5004308
"CHL","Chile",2020,414,TRUE,13274,NA,NA,NA,NA,97,TRUE,89,TRUE,414,NA,NA,13274,FALSE,118.690501577198,1.04697858863637,101556923.097728,93181094.3886372
"CHL","Chile",2021,518,TRUE,9793,1,TRUE,NA,NA,275,TRUE,274,TRUE,518,1,NA,NA,FALSE,124.266413825838,1,275000000,274000000
"CHL","Chile",2022,458,TRUE,7544,3,FALSE,NA,NA,81,TRUE,76,TRUE,458,NA,NA,NA,FALSE,134.21120616846,0.92590192259997,74998055.7305975,70368546.1175977
"CHL","Chile",2023,547,TRUE,7689,3,FALSE,NA,NA,8,TRUE,4,TRUE,547,NA,NA,NA,FALSE,139.73579356326,0.889295510169921,7114364.08135937,3557182.04067968
"CHL","Chile",2024,566,TRUE,4311,3,FALSE,NA,NA,76,TRUE,23,TRUE,566,NA,NA,NA,FALSE,143.857336014608,0.863817009743732,65650092.7405237,19867791.2241058
"CHL","Chile",2025,382,FALSE,2018,NA,NA,NA,NA,122,TRUE,24,TRUE,NA,NA,NA,NA,FALSE,143.857336014608,0.863817009743732,105385675.188735,20731608.2338496
"CHL","Chile",2026,6,FALSE,1,NA,NA,NA,NA,12,FALSE,8,FALSE,NA,NA,NA,NA,FALSE,143.857336014608,0.863817009743732,NA,NA
"CHN","China",2016,21920,TRUE,939349,9031,TRUE,5481,TRUE,5231,TRUE,4692,TRUE,21920,9031,5481,939349,FALSE,110.06700893427,1.12900691159917,5905835154.57524,5297300429.22329
"CHN","China",2017,26566,TRUE,1229198,16473,TRUE,9671,TRUE,7061,TRUE,6302,TRUE,26566,16473,9671,1229198,FALSE,112.411557302308,1.10545941011785,7805648894.84212,6966605202.56267
"CHN","China",2018,36754,TRUE,1551273,30020,TRUE,17896,TRUE,11141,TRUE,9394,TRUE,36754,30020,17896,1551273,FALSE,115.157303224791,1.07910145814431,12022269345.1857,10137079097.8076
"CHN","China",2019,48935,TRUE,2022008,48119,TRUE,29712,TRUE,7338,TRUE,5551,TRUE,48935,48119,29712,2022008,FALSE,117.244195476228,1.05989395313846,7777501828.13004,5883471333.87161
"CHN","China",2020,56769,TRUE,2157692,71883,TRUE,46843,FALSE,15084,TRUE,12486,TRUE,56769,71883,NA,2157692,FALSE,118.690501577198,1.04697858863637,15792625030.9911,13072574657.7138
"CHN","China",2021,72439,TRUE,2104518,92950,TRUE,57876,FALSE,17750,TRUE,11569,TRUE,72439,92950,NA,NA,FALSE,124.266413825838,1,17750000000,11569000000
"CHN","China",2022,82800,TRUE,1725881,107425,FALSE,56719,FALSE,15600,TRUE,8579,TRUE,82800,NA,NA,NA,FALSE,134.21120616846,0.92590192259997,14444069992.5595,7943312593.98514
"CHN","China",2023,104292,TRUE,1633678,135288,FALSE,48826,FALSE,11787,TRUE,5714,TRUE,104292,NA,NA,NA,FALSE,139.73579356326,0.889295510169921,10482126178.3729,5081434545.11093
"CHN","China",2024,110110,TRUE,913729,176802,FALSE,57064,FALSE,16224,TRUE,9637,TRUE,110110,NA,NA,NA,FALSE,143.857336014608,0.863817009743732,14014567166.0823,8324604522.90035
"CHN","China",2025,79698,FALSE,242661,176830,FALSE,46364,FALSE,22018,TRUE,9581,TRUE,NA,NA,NA,NA,FALSE,143.857336014608,0.863817009743732,19019522920.5375,8276230770.3547
"CHN","China",2026,4625,FALSE,3434,1881,FALSE,1374,FALSE,48823,FALSE,35071,FALSE,NA,NA,NA,NA,FALSE,143.857336014608,0.863817009743732,NA,NA
"CIV","Côte d'Ivoire",2016,7,TRUE,145,NA,NA,NA,NA,NA,NA,NA,NA,7,NA,NA,145,FALSE,110.06700893427,1.12900691159917,NA,NA
"CIV","Côte d'Ivoire",2017,8,TRUE,39,NA,NA,NA,NA,NA,NA,NA,NA,8,NA,NA,39,FALSE,112.411557302308,1.10545941011785,NA,NA
"CIV","Côte d'Ivoire",2018,9,TRUE,56,NA,NA,NA,NA,NA,NA,NA,NA,9,NA,NA,56,FALSE,115.157303224791,1.07910145814431,NA,NA
"CIV","Côte d'Ivoire",2019,6,TRUE,40,NA,NA,NA,NA,NA,NA,NA,NA,6,NA,NA,40,FALSE,117.244195476228,1.05989395313846,NA,NA
"CIV","Côte d'Ivoire",2020,16,TRUE,66,NA,NA,NA,NA,NA,NA,NA,NA,16,NA,NA,66,FALSE,118.690501577198,1.04697858863637,NA,NA
"CIV","Côte d'Ivoire",2021,15,TRUE,105,NA,NA,NA,NA,NA,NA,NA,NA,15,NA,NA,NA,FALSE,124.266413825838,1,NA,NA
"CIV","Côte d'Ivoire",2022,20,TRUE,579,NA,NA,NA,NA,0,TRUE,0,TRUE,20,NA,NA,NA,FALSE,134.21120616846,0.92590192259997,0,0
"CIV","Côte d'Ivoire",2023,28,TRUE,180,NA,NA,NA,NA,0,TRUE,0,TRUE,28,NA,NA,NA,FALSE,139.73579356326,0.889295510169921,0,0
"CIV","Côte d'Ivoire",2024,23,TRUE,208,NA,NA,NA,NA,1,TRUE,1,TRUE,23,NA,NA,NA,FALSE,143.857336014608,0.863817009743732,863817.009743732,863817.009743732
"CIV","Côte d'Ivoire",2025,10,FALSE,22,NA,NA,NA,NA,0,TRUE,0,TRUE,NA,NA,NA,NA,FALSE,143.857336014608,0.863817009743732,0,0
"CMR","Cameroon",2016,10,TRUE,39,NA,NA,NA,NA,NA,NA,NA,NA,10,NA,NA,39,FALSE,110.06700893427,1.12900691159917,NA,NA
"CMR","Cameroon",2017,21,TRUE,171,NA,NA,NA,NA,NA,NA,NA,NA,21,NA,NA,171,FALSE,112.411557302308,1.10545941011785,NA,NA
"CMR","Cameroon",2018,27,TRUE,382,NA,NA,NA,NA,NA,NA,NA,NA,27,NA,NA,382,FALSE,115.157303224791,1.07910145814431,NA,NA
"CMR","Cameroon",2019,36,TRUE,528,NA,NA,NA,NA,NA,NA,NA,NA,36,NA,NA,528,FALSE,117.244195476228,1.05989395313846,NA,NA
"CMR","Cameroon",2020,58,TRUE,2881,NA,NA,NA,NA,NA,NA,NA,NA,58,NA,NA,2881,FALSE,118.690501577198,1.04697858863637,NA,NA
"CMR","Cameroon",2021,59,TRUE,1054,NA,NA,NA,NA,NA,NA,NA,NA,59,NA,NA,NA,FALSE,124.266413825838,1,NA,NA
"CMR","Cameroon",2022,63,TRUE,561,NA,NA,NA,NA,NA,NA,NA,NA,63,NA,NA,NA,FALSE,134.21120616846,0.92590192259997,NA,NA
"CMR","Cameroon",2023,90,TRUE,1469,NA,NA,NA,NA,NA,NA,NA,NA,90,NA,NA,NA,FALSE,139.73579356326,0.889295510169921,NA,NA
"CMR","Cameroon",2024,111,TRUE,760,NA,NA,NA,NA,NA,NA,NA,NA,111,NA,NA,NA,FALSE,143.857336014608,0.863817009743732,NA,NA
"CMR","Cameroon",2025,40,FALSE,134,NA,NA,NA,NA,NA,NA,NA,NA,NA,NA,NA,NA,FALSE,143.857336014608,0.863817009743732,NA,NA
"COD","Democratic Republic of the Congo",2016,1,TRUE,80,NA,NA,NA,NA,NA,NA,NA,NA,1,NA,NA,80,FALSE,110.06700893427,1.12900691159917,NA,NA
"COD","Democratic Republic of the Congo",2017,1,TRUE,2,NA,NA,NA,NA,NA,NA,NA,NA,1,NA,NA,2,FALSE,112.411557302308,1.10545941011785,NA,NA
"COD","Democratic Republic of the Congo",2018,4,TRUE,29,NA,NA,NA,NA,NA,NA,NA,NA,4,NA,NA,29,FALSE,115.157303224791,1.07910145814431,NA,NA
"COD","Democratic Republic of the Congo",2019,4,TRUE,46,NA,NA,NA,NA,NA,NA,NA,NA,4,NA,NA,46,FALSE,117.244195476228,1.05989395313846,NA,NA
"COD","Democratic Republic of the Congo",2020,4,TRUE,88,NA,NA,NA,NA,NA,NA,NA,NA,4,NA,NA,88,FALSE,118.690501577198,1.04697858863637,NA,NA
"COD","Democratic Republic of the Congo",2021,15,TRUE,65,NA,NA,NA,NA,NA,NA,NA,NA,15,NA,NA,NA,FALSE,124.266413825838,1,NA,NA
"COD","Democratic Republic of the Congo",2022,16,TRUE,397,NA,NA,NA,NA,NA,NA,NA,NA,16,NA,NA,NA,FALSE,134.21120616846,0.92590192259997,NA,NA
"COD","Democratic Republic of the Congo",2023,35,TRUE,199,NA,NA,NA,NA,NA,NA,NA,NA,35,NA,NA,NA,FALSE,139.73579356326,0.889295510169921,NA,NA
"COD","Democratic Republic of the Congo",2024,34,TRUE,534,NA,NA,NA,NA,NA,NA,NA,NA,34,NA,NA,NA,FALSE,143.857336014608,0.863817009743732,NA,NA
"COD","Democratic Republic of the Congo",2025,22,FALSE,62,NA,NA,NA,NA,NA,NA,NA,NA,NA,NA,NA,NA,FALSE,143.857336014608,0.863817009743732,NA,NA
"COG","Republic of the Congo",2016,1,TRUE,5,NA,NA,NA,NA,NA,NA,NA,NA,1,NA,NA,5,FALSE,110.06700893427,1.12900691159917,NA,NA
"COG","Republic of the Congo",2017,2,TRUE,96,NA,NA,NA,NA,NA,NA,NA,NA,2,NA,NA,96,FALSE,112.411557302308,1.10545941011785,NA,NA
"COG","Republic of the Congo",2018,2,TRUE,3,NA,NA,NA,NA,NA,NA,NA,NA,2,NA,NA,3,FALSE,115.157303224791,1.07910145814431,NA,NA
"COG","Republic of the Congo",2020,3,TRUE,12,NA,NA,NA,NA,NA,NA,NA,NA,3,NA,NA,12,FALSE,118.690501577198,1.04697858863637,NA,NA
"COG","Republic of the Congo",2021,1,TRUE,43,NA,NA,NA,NA,NA,NA,NA,NA,1,NA,NA,NA,FALSE,124.266413825838,1,NA,NA
"COG","Republic of the Congo",2022,2,TRUE,NA,NA,NA,NA,NA,NA,NA,NA,NA,2,NA,NA,NA,FALSE,134.21120616846,0.92590192259997,NA,NA
"COG","Republic of the Congo",2023,4,TRUE,37,NA,NA,NA,NA,NA,NA,NA,NA,4,NA,NA,NA,FALSE,139.73579356326,0.889295510169921,NA,NA
"COG","Republic of the Congo",2024,5,TRUE,70,NA,NA,NA,NA,NA,NA,NA,NA,5,NA,NA,NA,FALSE,143.857336014608,0.863817009743732,NA,NA
"COG","Republic of the Congo",2025,4,FALSE,17,NA,NA,NA,NA,NA,NA,NA,NA,NA,NA,NA,NA,FALSE,143.857336014608,0.863817009743732,NA,NA
"COL","Colombia",2016,409,TRUE,10804,NA,NA,NA,NA,2,TRUE,2,TRUE,409,NA,NA,10804,FALSE,110.06700893427,1.12900691159917,2258013.82319833,2258013.82319833
"COL","Colombia",2017,492,TRUE,8163,2,TRUE,NA,NA,3,TRUE,3,TRUE,492,2,NA,8163,FALSE,112.411557302308,1.10545941011785,3316378.23035354,3316378.23035354
"COL","Colombia",2018,579,TRUE,9802,NA,NA,NA,NA,0,TRUE,0,TRUE,579,NA,NA,9802,FALSE,115.157303224791,1.07910145814431,0,0
"COL","Colombia",2019,669,TRUE,8402,2,TRUE,1,TRUE,10,TRUE,4,TRUE,669,2,1,8402,FALSE,117.244195476228,1.05989395313846,10598939.5313846,4239575.81255385
"COL","Colombia",2020,759,TRUE,11855,NA,NA,NA,NA,9,TRUE,4,TRUE,759,NA,NA,11855,FALSE,118.690501577198,1.04697858863637,9422807.29772736,4187914.35454549
"COL","Colombia",2021,775,TRUE,12918,3,TRUE,NA,NA,23,TRUE,20,TRUE,775,3,NA,NA,FALSE,124.266413825838,1,23000000,20000000
"COL","Colombia",2022,603,TRUE,7720,9,FALSE,1,FALSE,56,TRUE,49,TRUE,603,NA,NA,NA,FALSE,134.21120616846,0.92590192259997,51850507.6655983,45369194.2073985
"COL","Colombia",2023,722,TRUE,8207,3,FALSE,NA,NA,39,TRUE,35,TRUE,722,NA,NA,NA,FALSE,139.73579356326,0.889295510169921,34682524.8966269,31125342.8559472
"COL","Colombia",2024,678,TRUE,5580,1,FALSE,1,FALSE,61,TRUE,44,TRUE,678,NA,NA,NA,FALSE,143.857336014608,0.863817009743732,52692837.5943677,38007948.4287242
"COL","Colombia",2025,404,FALSE,2304,NA,NA,NA,NA,823,TRUE,822,TRUE,NA,NA,NA,NA,FALSE,143.857336014608,0.863817009743732,710921399.019092,710057582.009348
"COL","Colombia",2026,1,FALSE,NA,NA,NA,NA,NA,18,FALSE,8,FALSE,NA,NA,NA,NA,FALSE,143.857336014608,0.863817009743732,NA,NA
"COM","Comoros",2023,6,TRUE,142,NA,NA,NA,NA,NA,NA,NA,NA,6,NA,NA,NA,FALSE,139.73579356326,0.889295510169921,NA,NA
"COM","Comoros",2024,7,TRUE,94,NA,NA,NA,NA,NA,NA,NA,NA,7,NA,NA,NA,FALSE,143.857336014608,0.863817009743732,NA,NA
"COM","Comoros",2025,2,FALSE,1,NA,NA,NA,NA,NA,NA,NA,NA,NA,NA,NA,NA,FALSE,143.857336014608,0.863817009743732,NA,NA
"CPV","Cape Verde",2017,3,TRUE,9,NA,NA,NA,NA,NA,NA,NA,NA,3,NA,NA,9,FALSE,112.411557302308,1.10545941011785,NA,NA
"CPV","Cape Verde",2018,2,TRUE,4,NA,NA,NA,NA,NA,NA,NA,NA,2,NA,NA,4,FALSE,115.157303224791,1.07910145814431,NA,NA
"CPV","Cape Verde",2019,1,TRUE,7,NA,NA,NA,NA,NA,NA,NA,NA,1,NA,NA,7,FALSE,117.244195476228,1.05989395313846,NA,NA
"CPV","Cape Verde",2024,3,TRUE,39,NA,NA,NA,NA,NA,NA,NA,NA,3,NA,NA,NA,FALSE,143.857336014608,0.863817009743732,NA,NA
"CRI","Costa Rica",2016,21,TRUE,297,NA,NA,NA,NA,NA,NA,NA,NA,21,NA,NA,297,FALSE,110.06700893427,1.12900691159917,NA,NA
"CRI","Costa Rica",2017,22,TRUE,423,NA,NA,NA,NA,NA,NA,NA,NA,22,NA,NA,423,FALSE,112.411557302308,1.10545941011785,NA,NA
"CRI","Costa Rica",2018,48,TRUE,645,NA,NA,NA,NA,NA,NA,NA,NA,48,NA,NA,645,FALSE,115.157303224791,1.07910145814431,NA,NA
"CRI","Costa Rica",2019,59,TRUE,1080,1,TRUE,NA,NA,NA,NA,NA,NA,59,1,NA,1080,FALSE,117.244195476228,1.05989395313846,NA,NA
"CRI","Costa Rica",2020,55,TRUE,954,2,TRUE,2,FALSE,NA,NA,NA,NA,55,2,NA,954,FALSE,118.690501577198,1.04697858863637,NA,NA
"CRI","Costa Rica",2021,53,TRUE,636,1,TRUE,NA,NA,NA,NA,NA,NA,53,1,NA,NA,FALSE,124.266413825838,1,NA,NA
"CRI","Costa Rica",2022,58,TRUE,840,NA,NA,NA,NA,0,TRUE,0,TRUE,58,NA,NA,NA,FALSE,134.21120616846,0.92590192259997,0,0
"CRI","Costa Rica",2023,46,TRUE,465,1,FALSE,1,FALSE,NA,NA,NA,NA,46,NA,NA,NA,FALSE,139.73579356326,0.889295510169921,NA,NA
"CRI","Costa Rica",2024,70,TRUE,295,NA,NA,NA,NA,NA,NA,NA,NA,70,NA,NA,NA,FALSE,143.857336014608,0.863817009743732,NA,NA
"CRI","Costa Rica",2025,31,FALSE,153,1,FALSE,NA,NA,2,TRUE,2,TRUE,NA,NA,NA,NA,FALSE,143.857336014608,0.863817009743732,1727634.01948746,1727634.01948746
"CRI","Costa Rica",2026,NA,NA,NA,NA,NA,NA,NA,0,FALSE,0,FALSE,NA,NA,NA,NA,FALSE,143.857336014608,0.863817009743732,NA,NA
"CUB","Cuba",2016,80,TRUE,2015,NA,NA,NA,NA,NA,NA,NA,NA,80,NA,NA,2015,FALSE,110.06700893427,1.12900691159917,NA,NA
"CUB","Cuba",2017,75,TRUE,1895,NA,NA,NA,NA,NA,NA,NA,NA,75,NA,NA,1895,FALSE,112.411557302308,1.10545941011785,NA,NA
"CUB","Cuba",2018,102,TRUE,916,NA,NA,NA,NA,NA,NA,NA,NA,102,NA,NA,916,FALSE,115.157303224791,1.07910145814431,NA,NA
"CUB","Cuba",2019,103,TRUE,1269,NA,NA,NA,NA,NA,NA,NA,NA,103,NA,NA,1269,FALSE,117.244195476228,1.05989395313846,NA,NA
"CUB","Cuba",2020,84,TRUE,906,1,TRUE,1,FALSE,NA,NA,NA,NA,84,1,NA,906,FALSE,118.690501577198,1.04697858863637,NA,NA
"CUB","Cuba",2021,103,TRUE,943,NA,NA,NA,NA,NA,NA,NA,NA,103,NA,NA,NA,FALSE,124.266413825838,1,NA,NA
"CUB","Cuba",2022,42,TRUE,316,NA,NA,NA,NA,NA,NA,NA,NA,42,NA,NA,NA,FALSE,134.21120616846,0.92590192259997,NA,NA
"CUB","Cuba",2023,28,TRUE,200,NA,NA,NA,NA,NA,NA,NA,NA,28,NA,NA,NA,FALSE,139.73579356326,0.889295510169921,NA,NA
"CUB","Cuba",2024,47,TRUE,279,NA,NA,NA,NA,NA,NA,NA,NA,47,NA,NA,NA,FALSE,143.857336014608,0.863817009743732,NA,NA
"CUB","Cuba",2025,14,FALSE,17,NA,NA,NA,NA,NA,NA,NA,NA,NA,NA,NA,NA,FALSE,143.857336014608,0.863817009743732,NA,NA
"CYP","Cyprus",2016,136,TRUE,3787,NA,NA,NA,NA,1,TRUE,1,TRUE,136,NA,NA,3787,FALSE,110.06700893427,1.12900691159917,1129006.91159917,1129006.91159917
"CYP","Cyprus",2017,158,TRUE,5275,NA,NA,NA,NA,3,TRUE,3,TRUE,158,NA,NA,5275,FALSE,112.411557302308,1.10545941011785,3316378.23035354,3316378.23035354
"CYP","Cyprus",2018,180,TRUE,8575,NA,NA,NA,NA,12,TRUE,10,TRUE,180,NA,NA,8575,FALSE,115.157303224791,1.07910145814431,12949217.4977317,10791014.5814431
"CYP","Cyprus",2019,205,TRUE,6730,NA,NA,NA,NA,8,TRUE,3,TRUE,205,NA,NA,6730,FALSE,117.244195476228,1.05989395313846,8479151.6251077,3179681.85941539
"CYP","Cyprus",2020,270,TRUE,10123,NA,NA,NA,NA,30,TRUE,27,TRUE,270,NA,NA,10123,FALSE,118.690501577198,1.04697858863637,31409357.6590912,28268421.8931821
"CYP","Cyprus",2021,340,TRUE,10224,NA,NA,NA,NA,64,TRUE,60,TRUE,340,NA,NA,NA,FALSE,124.266413825838,1,64000000,60000000
"CYP","Cyprus",2022,328,TRUE,6662,NA,NA,NA,NA,9,TRUE,5,TRUE,328,NA,NA,NA,FALSE,134.21120616846,0.92590192259997,8333117.30339973,4629509.61299985
"CYP","Cyprus",2023,430,TRUE,9770,NA,NA,NA,NA,3,TRUE,2,TRUE,430,NA,NA,NA,FALSE,139.73579356326,0.889295510169921,2667886.53050976,1778591.02033984
"CYP","Cyprus",2024,424,TRUE,4483,NA,NA,NA,NA,37,TRUE,37,TRUE,424,NA,NA,NA,FALSE,143.857336014608,0.863817009743732,31961229.3605181,31961229.3605181
"CYP","Cyprus",2025,253,FALSE,1221,NA,NA,NA,NA,70,TRUE,37,TRUE,NA,NA,NA,NA,FALSE,143.857336014608,0.863817009743732,60467190.6820613,31961229.3605181
"CYP","Cyprus",2026,NA,NA,NA,NA,NA,NA,NA,69,FALSE,68,FALSE,NA,NA,NA,NA,FALSE,143.857336014608,0.863817009743732,NA,NA
"CZE","Czechia",2016,749,TRUE,18729,NA,NA,NA,NA,4,TRUE,2,TRUE,749,NA,NA,18729,FALSE,110.06700893427,1.12900691159917,4516027.64639666,2258013.82319833
"CZE","Czechia",2017,751,TRUE,20249,1,TRUE,1,TRUE,49,TRUE,8,TRUE,751,1,1,20249,FALSE,112.411557302308,1.10545941011785,54167511.0957745,8843675.28094278
"CZE","Czechia",2018,815,TRUE,19232,3,TRUE,3,TRUE,7,TRUE,3,TRUE,815,3,3,19232,FALSE,115.157303224791,1.07910145814431,7553710.20701014,3237304.37443292
"CZE","Czechia",2019,882,TRUE,21459,1,TRUE,1,TRUE,35,TRUE,26,TRUE,882,1,1,21459,FALSE,117.244195476228,1.05989395313846,37096288.3598462,27557242.7816
"CZE","Czechia",2020,918,TRUE,22783,4,TRUE,2,FALSE,57,TRUE,18,TRUE,918,4,NA,22783,FALSE,118.690501577198,1.04697858863637,59677779.5522733,18845614.5954547
"CZE","Czechia",2021,1070,TRUE,19494,2,TRUE,2,FALSE,163,TRUE,142,TRUE,1070,2,NA,NA,FALSE,124.266413825838,1,163000000,142000000
"CZE","Czechia",2022,1026,TRUE,20205,3,FALSE,2,FALSE,216,TRUE,164,TRUE,1026,NA,NA,NA,FALSE,134.21120616846,0.92590192259997,199994815.281593,151847915.306395
"CZE","Czechia",2023,1118,TRUE,18859,6,FALSE,4,FALSE,127,TRUE,63,TRUE,1118,NA,NA,NA,FALSE,139.73579356326,0.889295510169921,112940529.79158,56025617.140705
"CZE","Czechia",2024,825,TRUE,7388,6,FALSE,3,FALSE,227,TRUE,27,TRUE,825,NA,NA,NA,FALSE,143.857336014608,0.863817009743732,196086461.211827,23323059.2630808
"CZE","Czechia",2025,459,FALSE,1827,2,FALSE,1,FALSE,648,TRUE,104,TRUE,NA,NA,NA,NA,FALSE,143.857336014608,0.863817009743732,559753422.313938,89836969.0133481
"CZE","Czechia",2026,3,FALSE,3,NA,NA,NA,NA,76,FALSE,29,FALSE,NA,NA,NA,NA,FALSE,143.857336014608,0.863817009743732,NA,NA
"DEU","Germany",2016,5930,TRUE,263540,275,TRUE,221,TRUE,1375,TRUE,200,TRUE,5930,275,221,263540,FALSE,110.06700893427,1.12900691159917,1552384503.44885,225801382.319833
"DEU","Germany",2017,6300,TRUE,335995,489,TRUE,364,TRUE,1147,TRUE,562,TRUE,6300,489,364,335995,FALSE,112.411557302308,1.10545941011785,1267961943.40517,621268188.48623
"DEU","Germany",2018,7256,TRUE,340082,736,TRUE,503,TRUE,3923,TRUE,585,TRUE,7256,736,503,340082,FALSE,115.157303224791,1.07910145814431,4233315020.30011,631274353.014419
"DEU","Germany",2019,8550,TRUE,370698,987,TRUE,608,TRUE,1507,TRUE,948,TRUE,8550,987,608,370698,FALSE,117.244195476228,1.05989395313846,1597260187.37966,1004779467.57526
"DEU","Germany",2020,10050,TRUE,428839,1186,TRUE,647,FALSE,4359,TRUE,1169,TRUE,10050,1186,NA,428839,FALSE,118.690501577198,1.04697858863637,4563779667.86595,1223917970.11592
"DEU","Germany",2021,11870,TRUE,371138,1174,TRUE,497,FALSE,5853,TRUE,4007,TRUE,11870,1174,NA,NA,FALSE,124.266413825838,1,5853000000,4007000000
"DEU","Germany",2022,12257,TRUE,284101,1379,FALSE,457,FALSE,5927,TRUE,3638,TRUE,12257,NA,NA,NA,FALSE,134.21120616846,0.92590192259997,5487820695.25002,3368431194.41869
"DEU","Germany",2023,13936,TRUE,254193,1503,FALSE,303,FALSE,5160,TRUE,2415,TRUE,13936,NA,NA,NA,FALSE,139.73579356326,0.889295510169921,4588764832.47679,2147648657.06036
"DEU","Germany",2024,12207,TRUE,123615,972,FALSE,220,FALSE,7394,TRUE,2670,TRUE,12207,NA,NA,NA,FALSE,143.857336014608,0.863817009743732,6387062970.04516,2306391416.01577
"DEU","Germany",2025,7211,FALSE,29714,172,FALSE,151,FALSE,28389,TRUE,6762,TRUE,NA,NA,NA,NA,FALSE,143.857336014608,0.863817009743732,24522901089.6148,5841130619.88712
"DEU","Germany",2026,189,FALSE,208,NA,NA,NA,NA,14022,FALSE,7300,FALSE,NA,NA,NA,NA,FALSE,143.857336014608,0.863817009743732,NA,NA
"DJI","Djibouti",2017,1,TRUE,20,NA,NA,NA,NA,NA,NA,NA,NA,1,NA,NA,20,FALSE,112.411557302308,1.10545941011785,NA,NA
"DJI","Djibouti",2022,1,TRUE,1,NA,NA,NA,NA,NA,NA,NA,NA,1,NA,NA,NA,FALSE,134.21120616846,0.92590192259997,NA,NA
"DJI","Djibouti",2023,2,TRUE,43,NA,NA,NA,NA,NA,NA,NA,NA,2,NA,NA,NA,FALSE,139.73579356326,0.889295510169921,NA,NA
"DJI","Djibouti",2024,1,TRUE,5,NA,NA,NA,NA,NA,NA,NA,NA,1,NA,NA,NA,FALSE,143.857336014608,0.863817009743732,NA,NA
"DJI","Djibouti",2025,1,FALSE,1,NA,NA,NA,NA,NA,NA,NA,NA,NA,NA,NA,NA,FALSE,143.857336014608,0.863817009743732,NA,NA
"DMA","Dominica",2017,1,TRUE,NA,NA,NA,NA,NA,NA,NA,NA,NA,1,NA,NA,NA,FALSE,112.411557302308,1.10545941011785,NA,NA
"DMA","Dominica",2019,2,TRUE,NA,NA,NA,NA,NA,NA,NA,NA,NA,2,NA,NA,NA,FALSE,117.244195476228,1.05989395313846,NA,NA
"DMA","Dominica",2023,2,TRUE,74,NA,NA,NA,NA,NA,NA,NA,NA,2,NA,NA,NA,FALSE,139.73579356326,0.889295510169921,NA,NA
"DMA","Dominica",2024,3,TRUE,25,NA,NA,NA,NA,NA,NA,NA,NA,3,NA,NA,NA,FALSE,143.857336014608,0.863817009743732,NA,NA
"DMA","Dominica",2025,2,FALSE,19,NA,NA,NA,NA,NA,NA,NA,NA,NA,NA,NA,NA,FALSE,143.857336014608,0.863817009743732,NA,NA
"DNK","Denmark",2016,659,TRUE,28939,26,TRUE,24,TRUE,30,TRUE,25,TRUE,659,26,24,28939,FALSE,110.06700893427,1.12900691159917,33870207.347975,28225172.7899792
"DNK","Denmark",2017,696,TRUE,28824,37,TRUE,36,TRUE,83,TRUE,45,TRUE,696,37,36,28824,FALSE,112.411557302308,1.10545941011785,91753131.0397813,49745673.4553031
"DNK","Denmark",2018,905,TRUE,31294,37,TRUE,34,TRUE,1681,TRUE,195,TRUE,905,37,34,31294,FALSE,115.157303224791,1.07910145814431,1813969551.14058,210424784.33814
"DNK","Denmark",2019,1007,TRUE,50966,36,TRUE,36,TRUE,108,TRUE,104,TRUE,1007,36,36,50966,FALSE,117.244195476228,1.05989395313846,114468546.938954,110228971.1264
"DNK","Denmark",2020,1210,TRUE,48642,24,TRUE,24,FALSE,343,TRUE,153,TRUE,1210,24,NA,48642,FALSE,118.690501577198,1.04697858863637,359113655.902276,160187724.061365
"DNK","Denmark",2021,1622,TRUE,46105,15,TRUE,12,FALSE,646,TRUE,455,TRUE,1622,15,NA,NA,FALSE,124.266413825838,1,646000000,455000000
"DNK","Denmark",2022,1796,TRUE,43502,9,FALSE,7,FALSE,512,TRUE,315,TRUE,1796,NA,NA,NA,FALSE,134.21120616846,0.92590192259997,474061784.371184,291659105.61899
"DNK","Denmark",2023,2097,TRUE,41983,7,FALSE,7,FALSE,418,TRUE,217,TRUE,2097,NA,NA,NA,FALSE,139.73579356326,0.889295510169921,371725523.251027,192977125.706873
"DNK","Denmark",2024,2121,TRUE,22628,1,FALSE,1,FALSE,984,TRUE,161,TRUE,2121,NA,NA,NA,FALSE,143.857336014608,0.863817009743732,849995937.587832,139074538.568741
"DNK","Denmark",2025,1057,FALSE,4777,NA,NA,NA,NA,702,TRUE,216,TRUE,NA,NA,NA,NA,FALSE,143.857336014608,0.863817009743732,606399540.8401,186584474.104646
"DNK","Denmark",2026,50,FALSE,72,NA,NA,NA,NA,240,FALSE,136,FALSE,NA,NA,NA,NA,FALSE,143.857336014608,0.863817009743732,NA,NA
"DOM","Dominican Republic",2016,2,TRUE,78,NA,NA,NA,NA,NA,NA,NA,NA,2,NA,NA,78,FALSE,110.06700893427,1.12900691159917,NA,NA
"DOM","Dominican Republic",2017,1,TRUE,16,NA,NA,NA,NA,NA,NA,NA,NA,1,NA,NA,16,FALSE,112.411557302308,1.10545941011785,NA,NA
"DOM","Dominican Republic",2018,5,TRUE,35,NA,NA,NA,NA,NA,NA,NA,NA,5,NA,NA,35,FALSE,115.157303224791,1.07910145814431,NA,NA
"DOM","Dominican Republic",2019,5,TRUE,88,NA,NA,NA,NA,NA,NA,NA,NA,5,NA,NA,88,FALSE,117.244195476228,1.05989395313846,NA,NA
"DOM","Dominican Republic",2020,5,TRUE,117,NA,NA,NA,NA,0,TRUE,0,TRUE,5,NA,NA,117,FALSE,118.690501577198,1.04697858863637,0,0
"DOM","Dominican Republic",2021,3,TRUE,116,NA,NA,NA,NA,0,TRUE,0,TRUE,3,NA,NA,NA,FALSE,124.266413825838,1,0,0
"DOM","Dominican Republic",2022,6,TRUE,43,NA,NA,NA,NA,0,TRUE,0,TRUE,6,NA,NA,NA,FALSE,134.21120616846,0.92590192259997,0,0
"DOM","Dominican Republic",2023,6,TRUE,188,NA,NA,NA,NA,2,TRUE,2,TRUE,6,NA,NA,NA,FALSE,139.73579356326,0.889295510169921,1778591.02033984,1778591.02033984
"DOM","Dominican Republic",2024,16,TRUE,163,NA,NA,NA,NA,0,TRUE,0,TRUE,16,NA,NA,NA,FALSE,143.857336014608,0.863817009743732,0,0
"DOM","Dominican Republic",2025,14,FALSE,77,NA,NA,NA,NA,NA,NA,NA,NA,NA,NA,NA,NA,FALSE,143.857336014608,0.863817009743732,NA,NA
"DZA","Algeria",2016,515,TRUE,6283,NA,NA,NA,NA,NA,NA,NA,NA,515,NA,NA,6283,FALSE,110.06700893427,1.12900691159917,NA,NA
"DZA","Algeria",2017,514,TRUE,7032,NA,NA,NA,NA,NA,NA,NA,NA,514,NA,NA,7032,FALSE,112.411557302308,1.10545941011785,NA,NA
"DZA","Algeria",2018,712,TRUE,8832,NA,NA,NA,NA,NA,NA,NA,NA,712,NA,NA,8832,FALSE,115.157303224791,1.07910145814431,NA,NA
"DZA","Algeria",2019,640,TRUE,12517,NA,NA,NA,NA,NA,NA,NA,NA,640,NA,NA,12517,FALSE,117.244195476228,1.05989395313846,NA,NA
"DZA","Algeria",2020,698,TRUE,14641,NA,NA,NA,NA,NA,NA,NA,NA,698,NA,NA,14641,FALSE,118.690501577198,1.04697858863637,NA,NA
"DZA","Algeria",2021,812,TRUE,13063,NA,NA,NA,NA,0,TRUE,0,TRUE,812,NA,NA,NA,FALSE,124.266413825838,1,0,0
"DZA","Algeria",2022,973,TRUE,11840,NA,NA,NA,NA,0,TRUE,0,TRUE,973,NA,NA,NA,FALSE,134.21120616846,0.92590192259997,0,0
"DZA","Algeria",2023,929,TRUE,9675,NA,NA,NA,NA,NA,NA,NA,NA,929,NA,NA,NA,FALSE,139.73579356326,0.889295510169921,NA,NA
"DZA","Algeria",2024,1209,TRUE,8081,NA,NA,NA,NA,0,TRUE,NA,NA,1209,NA,NA,NA,FALSE,143.857336014608,0.863817009743732,0,NA
"DZA","Algeria",2025,400,FALSE,1501,NA,NA,NA,NA,NA,NA,NA,NA,NA,NA,NA,NA,FALSE,143.857336014608,0.863817009743732,NA,NA
"ECU","Ecuador",2016,150,TRUE,2147,NA,NA,NA,NA,NA,NA,NA,NA,150,NA,NA,2147,FALSE,110.06700893427,1.12900691159917,NA,NA
"ECU","Ecuador",2017,303,TRUE,4730,NA,NA,NA,NA,10,TRUE,NA,NA,303,NA,NA,4730,FALSE,112.411557302308,1.10545941011785,11054594.1011785,NA
"ECU","Ecuador",2018,331,TRUE,3488,NA,NA,NA,NA,NA,NA,NA,NA,331,NA,NA,3488,FALSE,115.157303224791,1.07910145814431,NA,NA
"ECU","Ecuador",2019,369,TRUE,5770,NA,NA,NA,NA,NA,NA,NA,NA,369,NA,NA,5770,FALSE,117.244195476228,1.05989395313846,NA,NA
"ECU","Ecuador",2020,368,TRUE,4985,NA,NA,NA,NA,NA,NA,NA,NA,368,NA,NA,4985,FALSE,118.690501577198,1.04697858863637,NA,NA
"ECU","Ecuador",2021,377,TRUE,4353,NA,NA,NA,NA,0,TRUE,0,TRUE,377,NA,NA,NA,FALSE,124.266413825838,1,0,0
"ECU","Ecuador",2022,292,TRUE,3205,NA,NA,NA,NA,NA,NA,NA,NA,292,NA,NA,NA,FALSE,134.21120616846,0.92590192259997,NA,NA
"ECU","Ecuador",2023,408,TRUE,5121,NA,NA,NA,NA,NA,NA,NA,NA,408,NA,NA,NA,FALSE,139.73579356326,0.889295510169921,NA,NA
"ECU","Ecuador",2024,452,TRUE,4106,NA,NA,NA,NA,0,TRUE,NA,NA,452,NA,NA,NA,FALSE,143.857336014608,0.863817009743732,0,NA
"ECU","Ecuador",2025,239,FALSE,1526,NA,NA,NA,NA,NA,NA,NA,NA,NA,NA,NA,NA,FALSE,143.857336014608,0.863817009743732,NA,NA
"ECU","Ecuador",2026,NA,NA,NA,NA,NA,NA,NA,10,FALSE,10,FALSE,NA,NA,NA,NA,FALSE,143.857336014608,0.863817009743732,NA,NA
"EGY","Egypt",2016,685,TRUE,11939,NA,NA,NA,NA,0,TRUE,0,TRUE,685,NA,NA,11939,FALSE,110.06700893427,1.12900691159917,0,0
"EGY","Egypt",2017,734,TRUE,20586,NA,NA,NA,NA,0,TRUE,0,TRUE,734,NA,NA,20586,FALSE,112.411557302308,1.10545941011785,0,0
"EGY","Egypt",2018,900,TRUE,21594,NA,NA,NA,NA,0,TRUE,0,TRUE,900,NA,NA,21594,FALSE,115.157303224791,1.07910145814431,0,0
"EGY","Egypt",2019,1087,TRUE,32904,NA,NA,NA,NA,3,TRUE,3,TRUE,1087,NA,NA,32904,FALSE,117.244195476228,1.05989395313846,3179681.85941539,3179681.85941539
"EGY","Egypt",2020,1495,TRUE,47791,NA,NA,NA,NA,4,TRUE,1,TRUE,1495,NA,NA,47791,FALSE,118.690501577198,1.04697858863637,4187914.35454549,1046978.58863637
"EGY","Egypt",2021,1948,TRUE,47305,NA,NA,NA,NA,37,TRUE,35,TRUE,1948,NA,NA,NA,FALSE,124.266413825838,1,37000000,35000000
"EGY","Egypt",2022,2382,TRUE,52053,NA,NA,NA,NA,16,TRUE,13,TRUE,2382,NA,NA,NA,FALSE,134.21120616846,0.92590192259997,14814430.7615995,12036724.9937996
"EGY","Egypt",2023,2647,TRUE,47999,NA,NA,NA,NA,9,TRUE,9,TRUE,2647,NA,NA,NA,FALSE,139.73579356326,0.889295510169921,8003659.59152929,8003659.59152929
"EGY","Egypt",2024,2346,TRUE,25742,NA,NA,NA,NA,30,TRUE,4,TRUE,2346,NA,NA,NA,FALSE,143.857336014608,0.863817009743732,25914510.292312,3455268.03897493
"EGY","Egypt",2025,1291,FALSE,8158,NA,NA,NA,NA,54,TRUE,19,TRUE,NA,NA,NA,NA,FALSE,143.857336014608,0.863817009743732,46646118.5261615,16412523.1851309
"EGY","Egypt",2026,11,FALSE,7,NA,NA,NA,NA,24,FALSE,8,FALSE,NA,NA,NA,NA,FALSE,143.857336014608,0.863817009743732,NA,NA
"ERI","Eritrea",2021,1,TRUE,NA,NA,NA,NA,NA,NA,NA,NA,NA,1,NA,NA,NA,FALSE,124.266413825838,1,NA,NA
"ERI","Eritrea",2022,2,TRUE,68,NA,NA,NA,NA,NA,NA,NA,NA,2,NA,NA,NA,FALSE,134.21120616846,0.92590192259997,NA,NA
"ERI","Eritrea",2023,4,TRUE,44,NA,NA,NA,NA,NA,NA,NA,NA,4,NA,NA,NA,FALSE,139.73579356326,0.889295510169921,NA,NA
"ERI","Eritrea",2024,8,TRUE,54,NA,NA,NA,NA,NA,NA,NA,NA,8,NA,NA,NA,FALSE,143.857336014608,0.863817009743732,NA,NA
"ERI","Eritrea",2025,4,FALSE,46,NA,NA,NA,NA,NA,NA,NA,NA,NA,NA,NA,NA,FALSE,143.857336014608,0.863817009743732,NA,NA
"ESP","Spain",2016,3027,TRUE,109242,72,TRUE,69,TRUE,167,TRUE,51,TRUE,3027,72,69,109242,FALSE,110.06700893427,1.12900691159917,188544154.237061,57579352.4915575
"ESP","Spain",2017,3381,TRUE,124280,119,TRUE,112,TRUE,237,TRUE,120,TRUE,3381,119,112,124280,FALSE,112.411557302308,1.10545941011785,261993880.19793,132655129.214142
"ESP","Spain",2018,3665,TRUE,122442,154,TRUE,147,TRUE,164,TRUE,83,TRUE,3665,154,147,122442,FALSE,115.157303224791,1.07910145814431,176972639.135666,89565421.0259774
"ESP","Spain",2019,4217,TRUE,152231,154,TRUE,145,TRUE,335,TRUE,114,TRUE,4217,154,145,152231,FALSE,117.244195476228,1.05989395313846,355064474.301385,120827910.657785
"ESP","Spain",2020,4541,TRUE,146521,139,TRUE,130,FALSE,384,TRUE,160,TRUE,4541,139,NA,146521,FALSE,118.690501577198,1.04697858863637,402039778.036367,167516574.18182
"ESP","Spain",2021,5132,TRUE,134045,111,TRUE,101,FALSE,859,TRUE,364,TRUE,5132,111,NA,NA,FALSE,124.266413825838,1,859000000,364000000
"ESP","Spain",2022,5166,TRUE,104564,84,FALSE,71,FALSE,906,TRUE,673,TRUE,5166,NA,NA,NA,FALSE,134.21120616846,0.92590192259997,838867141.875572,623131993.909779
"ESP","Spain",2023,5849,TRUE,97634,42,FALSE,29,FALSE,828,TRUE,418,TRUE,5849,NA,NA,NA,FALSE,139.73579356326,0.889295510169921,736336682.420694,371725523.251027
"ESP","Spain",2024,5346,TRUE,53433,26,FALSE,9,FALSE,1016,TRUE,503,TRUE,5346,NA,NA,NA,FALSE,143.857336014608,0.863817009743732,877638081.899632,434499955.901097
"ESP","Spain",2025,3096,FALSE,12575,10,FALSE,3,FALSE,11486,TRUE,1874,TRUE,NA,NA,NA,NA,FALSE,143.857336014608,0.863817009743732,9921802173.91651,1618793076.25975
"ESP","Spain",2026,62,FALSE,48,NA,NA,NA,NA,2076,FALSE,1637,FALSE,NA,NA,NA,NA,FALSE,143.857336014608,0.863817009743732,NA,NA
"EST","Estonia",2016,71,TRUE,4173,NA,NA,NA,NA,27,TRUE,20,TRUE,71,NA,NA,4173,FALSE,110.06700893427,1.12900691159917,30483186.6131775,22580138.2319833
"EST","Estonia",2017,88,TRUE,3849,NA,NA,NA,NA,20,TRUE,20,TRUE,88,NA,NA,3849,FALSE,112.411557302308,1.10545941011785,22109188.202357,22109188.202357
"EST","Estonia",2018,118,TRUE,6003,NA,NA,NA,NA,42,TRUE,27,TRUE,118,NA,NA,6003,FALSE,115.157303224791,1.07910145814431,45322261.2420609,29135739.3698963
"EST","Estonia",2019,142,TRUE,5838,NA,NA,NA,NA,20,TRUE,18,TRUE,142,NA,NA,5838,FALSE,117.244195476228,1.05989395313846,21197879.0627693,19078091.1564923
"EST","Estonia",2020,204,TRUE,5112,NA,NA,NA,NA,79,TRUE,75,TRUE,204,NA,NA,5112,FALSE,118.690501577198,1.04697858863637,82711308.5022735,78523394.147728
"EST","Estonia",2021,238,TRUE,6412,NA,NA,NA,NA,201,TRUE,188,TRUE,238,NA,NA,NA,FALSE,124.266413825838,1,201000000,188000000
"EST","Estonia",2022,248,TRUE,4943,1,FALSE,1,FALSE,209,TRUE,186,TRUE,248,NA,NA,NA,FALSE,134.21120616846,0.92590192259997,193513501.823394,172217757.603594
"EST","Estonia",2023,296,TRUE,5282,NA,NA,NA,NA,163,TRUE,148,TRUE,296,NA,NA,NA,FALSE,139.73579356326,0.889295510169921,144955168.157697,131615735.505148
"EST","Estonia",2024,248,TRUE,2435,NA,NA,NA,NA,92,TRUE,59,TRUE,248,NA,NA,NA,FALSE,143.857336014608,0.863817009743732,79471164.8964234,50965203.5748802
"EST","Estonia",2025,120,FALSE,521,NA,NA,NA,NA,138,TRUE,123,TRUE,NA,NA,NA,NA,FALSE,143.857336014608,0.863817009743732,119206747.344635,106249492.198479
"EST","Estonia",2026,NA,NA,NA,NA,NA,NA,NA,105,FALSE,101,FALSE,NA,NA,NA,NA,FALSE,143.857336014608,0.863817009743732,NA,NA
"ETH","Ethiopia",2016,25,TRUE,224,NA,NA,NA,NA,NA,NA,NA,NA,25,NA,NA,224,FALSE,110.06700893427,1.12900691159917,NA,NA
"ETH","Ethiopia",2017,39,TRUE,462,NA,NA,NA,NA,NA,NA,NA,NA,39,NA,NA,462,FALSE,112.411557302308,1.10545941011785,NA,NA
"ETH","Ethiopia",2018,47,TRUE,734,NA,NA,NA,NA,NA,NA,NA,NA,47,NA,NA,734,FALSE,115.157303224791,1.07910145814431,NA,NA
"ETH","Ethiopia",2019,65,TRUE,1093,NA,NA,NA,NA,NA,NA,NA,NA,65,NA,NA,1093,FALSE,117.244195476228,1.05989395313846,NA,NA
"ETH","Ethiopia",2020,129,TRUE,2383,NA,NA,NA,NA,NA,NA,NA,NA,129,NA,NA,2383,FALSE,118.690501577198,1.04697858863637,NA,NA
"ETH","Ethiopia",2021,268,TRUE,9204,NA,NA,NA,NA,NA,NA,NA,NA,268,NA,NA,NA,FALSE,124.266413825838,1,NA,NA
"ETH","Ethiopia",2022,588,TRUE,14940,NA,NA,NA,NA,NA,NA,NA,NA,588,NA,NA,NA,FALSE,134.21120616846,0.92590192259997,NA,NA
"ETH","Ethiopia",2023,413,TRUE,7765,NA,NA,NA,NA,0,TRUE,NA,NA,413,NA,NA,NA,FALSE,139.73579356326,0.889295510169921,0,NA
"ETH","Ethiopia",2024,463,TRUE,7201,NA,NA,NA,NA,NA,NA,NA,NA,463,NA,NA,NA,FALSE,143.857336014608,0.863817009743732,NA,NA
"ETH","Ethiopia",2025,307,FALSE,2493,NA,NA,NA,NA,NA,NA,NA,NA,NA,NA,NA,NA,FALSE,143.857336014608,0.863817009743732,NA,NA
"FIN","Finland",2016,639,TRUE,28674,8,TRUE,8,TRUE,514,TRUE,13,TRUE,639,8,8,28674,FALSE,110.06700893427,1.12900691159917,580309552.561971,14677089.8507892
"FIN","Finland",2017,625,TRUE,30678,28,TRUE,21,TRUE,73,TRUE,39,TRUE,625,28,21,30678,FALSE,112.411557302308,1.10545941011785,80698536.9386029,43112916.994596
"FIN","Finland",2018,768,TRUE,34035,47,TRUE,29,TRUE,448,TRUE,15,TRUE,768,47,29,34035,FALSE,115.157303224791,1.07910145814431,483437453.248649,16186521.8721646
"FIN","Finland",2019,1019,TRUE,48916,39,TRUE,32,TRUE,1278,TRUE,276,TRUE,1019,39,32,48916,FALSE,117.244195476228,1.05989395313846,1354544472.11096,292530731.066216
"FIN","Finland",2020,1147,TRUE,55517,41,TRUE,28,FALSE,1328,TRUE,214,TRUE,1147,41,NA,55517,FALSE,118.690501577198,1.04697858863637,1390387565.7091,224053417.968184
"FIN","Finland",2021,1397,TRUE,47756,46,TRUE,27,FALSE,1849,TRUE,242,TRUE,1397,46,NA,NA,FALSE,124.266413825838,1,1849000000,242000000
"FIN","Finland",2022,1412,TRUE,41543,29,FALSE,20,FALSE,2919,TRUE,840,TRUE,1412,NA,NA,NA,FALSE,134.21120616846,0.92590192259997,2702707712.06931,777757614.983974
"FIN","Finland",2023,1570,TRUE,33675,25,FALSE,7,FALSE,1145,TRUE,79,TRUE,1570,NA,NA,NA,FALSE,139.73579356326,0.889295510169921,1018243359.14456,70254345.3034237
"FIN","Finland",2024,1408,TRUE,17831,20,FALSE,3,FALSE,1568,TRUE,724,TRUE,1408,NA,NA,NA,FALSE,143.857336014608,0.863817009743732,1354465071.27817,625403515.054462
"FIN","Finland",2025,788,FALSE,3349,NA,NA,NA,NA,638,TRUE,621,TRUE,NA,NA,NA,NA,FALSE,143.857336014608,0.863817009743732,551115252.216501,536430363.050858
"FIN","Finland",2026,19,FALSE,16,NA,NA,NA,NA,802,FALSE,283,FALSE,NA,NA,NA,NA,FALSE,143.857336014608,0.863817009743732,NA,NA
"FJI","Fiji",2016,28,TRUE,448,NA,NA,NA,NA,NA,NA,NA,NA,28,NA,NA,448,FALSE,110.06700893427,1.12900691159917,NA,NA
"FJI","Fiji",2017,24,TRUE,500,NA,NA,NA,NA,NA,NA,NA,NA,24,NA,NA,500,FALSE,112.411557302308,1.10545941011785,NA,NA
"FJI","Fiji",2018,18,TRUE,491,NA,NA,NA,NA,NA,NA,NA,NA,18,NA,NA,491,FALSE,115.157303224791,1.07910145814431,NA,NA
"FJI","Fiji",2019,27,TRUE,1318,NA,NA,NA,NA,NA,NA,NA,NA,27,NA,NA,1318,FALSE,117.244195476228,1.05989395313846,NA,NA
"FJI","Fiji",2020,40,TRUE,683,NA,NA,NA,NA,NA,NA,NA,NA,40,NA,NA,683,FALSE,118.690501577198,1.04697858863637,NA,NA
"FJI","Fiji",2021,39,TRUE,1472,NA,NA,NA,NA,NA,NA,NA,NA,39,NA,NA,NA,FALSE,124.266413825838,1,NA,NA
"FJI","Fiji",2022,34,TRUE,521,NA,NA,NA,NA,NA,NA,NA,NA,34,NA,NA,NA,FALSE,134.21120616846,0.92590192259997,NA,NA
"FJI","Fiji",2023,37,TRUE,377,NA,NA,NA,NA,NA,NA,NA,NA,37,NA,NA,NA,FALSE,139.73579356326,0.889295510169921,NA,NA
"FJI","Fiji",2024,34,TRUE,557,NA,NA,NA,NA,NA,NA,NA,NA,34,NA,NA,NA,FALSE,143.857336014608,0.863817009743732,NA,NA
"FJI","Fiji",2025,8,FALSE,24,NA,NA,NA,NA,NA,NA,NA,NA,NA,NA,NA,NA,FALSE,143.857336014608,0.863817009743732,NA,NA
"FRA","France",2016,5228,TRUE,164015,77,TRUE,62,TRUE,837,TRUE,188,TRUE,5228,77,62,164015,FALSE,110.06700893427,1.12900691159917,944978785.008502,212253299.380643
"FRA","France",2017,5186,TRUE,217457,112,TRUE,97,TRUE,1155,TRUE,439,TRUE,5186,112,97,217457,FALSE,112.411557302308,1.10545941011785,1276805618.68611,485296681.041735
"FRA","France",2018,5844,TRUE,193247,189,TRUE,160,TRUE,1262,TRUE,574,TRUE,5844,189,160,193247,FALSE,115.157303224791,1.07910145814431,1361826040.17811,619404236.974832
"FRA","France",2019,6507,TRUE,218407,255,TRUE,215,TRUE,2383,TRUE,1076,TRUE,6507,255,215,218407,FALSE,117.244195476228,1.05989395313846,2525727290.32896,1140445893.57699
"FRA","France",2020,6806,TRUE,195365,298,TRUE,241,FALSE,3184,TRUE,1605,TRUE,6806,298,NA,195365,FALSE,118.690501577198,1.04697858863637,3333579826.21821,1680400634.76138
"FRA","France",2021,7166,TRUE,180659,316,TRUE,204,FALSE,4396,TRUE,2315,TRUE,7166,316,NA,NA,FALSE,124.266413825838,1,4396000000,2315000000
"FRA","France",2022,7257,TRUE,129424,320,FALSE,192,FALSE,5353,TRUE,2095,TRUE,7257,NA,NA,NA,FALSE,134.21120616846,0.92590192259997,4956352991.67764,1939764527.84694
"FRA","France",2023,7844,TRUE,129045,343,FALSE,118,FALSE,5011,TRUE,2143,TRUE,7844,NA,NA,NA,FALSE,139.73579356326,0.889295510169921,4456259801.46147,1905760278.29414
"FRA","France",2024,7342,TRUE,53178,236,FALSE,43,FALSE,7944,TRUE,3418,TRUE,7342,NA,NA,NA,FALSE,143.857336014608,0.863817009743732,6862162325.40421,2952526539.30408
"FRA","France",2025,3486,FALSE,11668,NA,NA,NA,NA,9712,TRUE,4783,TRUE,NA,NA,NA,NA,FALSE,143.857336014608,0.863817009743732,8389390798.63113,4131636757.60427
"FRA","France",2026,77,FALSE,72,NA,NA,NA,NA,10034,FALSE,4725,FALSE,NA,NA,NA,NA,FALSE,143.857336014608,0.863817009743732,NA,NA
"GAB","Gabon",2017,1,TRUE,1,NA,NA,NA,NA,NA,NA,NA,NA,1,NA,NA,1,FALSE,112.411557302308,1.10545941011785,NA,NA
"GAB","Gabon",2019,2,TRUE,2,NA,NA,NA,NA,NA,NA,NA,NA,2,NA,NA,2,FALSE,117.244195476228,1.05989395313846,NA,NA
"GAB","Gabon",2020,3,TRUE,98,NA,NA,NA,NA,NA,NA,NA,NA,3,NA,NA,98,FALSE,118.690501577198,1.04697858863637,NA,NA
"GAB","Gabon",2021,2,TRUE,4,NA,NA,NA,NA,NA,NA,NA,NA,2,NA,NA,NA,FALSE,124.266413825838,1,NA,NA
"GAB","Gabon",2022,18,TRUE,1130,NA,NA,NA,NA,NA,NA,NA,NA,18,NA,NA,NA,FALSE,134.21120616846,0.92590192259997,NA,NA
"GAB","Gabon",2023,10,TRUE,137,NA,NA,NA,NA,NA,NA,NA,NA,10,NA,NA,NA,FALSE,139.73579356326,0.889295510169921,NA,NA
"GAB","Gabon",2024,6,TRUE,137,NA,NA,NA,NA,NA,NA,NA,NA,6,NA,NA,NA,FALSE,143.857336014608,0.863817009743732,NA,NA
"GAB","Gabon",2025,10,FALSE,228,NA,NA,NA,NA,NA,NA,NA,NA,NA,NA,NA,NA,FALSE,143.857336014608,0.863817009743732,NA,NA
"GBR","United Kingdom",2016,6512,TRUE,454420,208,TRUE,145,TRUE,3328,TRUE,967,TRUE,6512,208,145,454420,FALSE,110.06700893427,1.12900691159917,3757335001.80202,1091749683.51639
"GBR","United Kingdom",2017,7151,TRUE,498829,311,TRUE,227,TRUE,1506,TRUE,1007,TRUE,7151,311,227,498829,FALSE,112.411557302308,1.10545941011785,1664821871.63748,1113197625.98867
"GBR","United Kingdom",2018,8305,TRUE,501128,428,TRUE,287,TRUE,15438,TRUE,2749,TRUE,8305,428,287,501128,FALSE,115.157303224791,1.07910145814431,16659168310.8318,2966449908.4387
"GBR","United Kingdom",2019,9836,TRUE,526347,447,TRUE,330,TRUE,5125,TRUE,3975,TRUE,9836,447,330,526347,FALSE,117.244195476228,1.05989395313846,5431956509.83462,4213078463.72539
"GBR","United Kingdom",2020,11612,TRUE,660554,458,TRUE,291,FALSE,4898,TRUE,3315,TRUE,11612,458,NA,660554,FALSE,118.690501577198,1.04697858863637,5128101127.14096,3470734021.32958
"GBR","United Kingdom",2021,13484,TRUE,518043,479,TRUE,256,FALSE,7941,TRUE,5410,TRUE,13484,479,NA,NA,FALSE,124.266413825838,1,7941000000,5410000000
"GBR","United Kingdom",2022,13570,TRUE,406499,521,FALSE,224,FALSE,8712,TRUE,6215,TRUE,13570,NA,NA,NA,FALSE,134.21120616846,0.92590192259997,8066457549.69093,5754480448.95881
"GBR","United Kingdom",2023,16454,TRUE,382176,624,FALSE,130,FALSE,6363,TRUE,4395,TRUE,16454,NA,NA,NA,FALSE,139.73579356326,0.889295510169921,5658587331.2112,3908453767.1968
"GBR","United Kingdom",2024,14636,TRUE,190330,598,FALSE,25,FALSE,7491,TRUE,4645,TRUE,14636,NA,NA,NA,FALSE,143.857336014608,0.863817009743732,6470853219.9903,4012430010.25964
"GBR","United Kingdom",2025,9734,FALSE,48158,136,FALSE,1,FALSE,15448,TRUE,12266,TRUE,NA,NA,NA,NA,FALSE,143.857336014608,0.863817009743732,13344245166.5212,10595579441.5166
"GBR","United Kingdom",2026,413,FALSE,437,NA,NA,NA,NA,26384,FALSE,19848,FALSE,NA,NA,NA,NA,FALSE,143.857336014608,0.863817009743732,NA,NA
"GEO","Georgia",2016,13,TRUE,264,NA,NA,NA,NA,NA,NA,NA,NA,13,NA,NA,264,FALSE,110.06700893427,1.12900691159917,NA,NA
"GEO","Georgia",2017,11,TRUE,345,NA,NA,NA,NA,NA,NA,NA,NA,11,NA,NA,345,FALSE,112.411557302308,1.10545941011785,NA,NA
"GEO","Georgia",2018,20,TRUE,711,NA,NA,NA,NA,NA,NA,NA,NA,20,NA,NA,711,FALSE,115.157303224791,1.07910145814431,NA,NA
"GEO","Georgia",2019,17,TRUE,687,NA,NA,NA,NA,NA,NA,NA,NA,17,NA,NA,687,FALSE,117.244195476228,1.05989395313846,NA,NA
"GEO","Georgia",2020,33,TRUE,1181,NA,NA,NA,NA,NA,NA,NA,NA,33,NA,NA,1181,FALSE,118.690501577198,1.04697858863637,NA,NA
"GEO","Georgia",2021,42,TRUE,885,NA,NA,NA,NA,NA,NA,NA,NA,42,NA,NA,NA,FALSE,124.266413825838,1,NA,NA
"GEO","Georgia",2022,39,TRUE,667,NA,NA,NA,NA,2,TRUE,0,TRUE,39,NA,NA,NA,FALSE,134.21120616846,0.92590192259997,1851803.84519994,0
"GEO","Georgia",2023,47,TRUE,840,1,FALSE,1,FALSE,0,TRUE,0,TRUE,47,NA,NA,NA,FALSE,139.73579356326,0.889295510169921,0,0
"GEO","Georgia",2024,69,TRUE,505,NA,NA,NA,NA,0,TRUE,0,TRUE,69,NA,NA,NA,FALSE,143.857336014608,0.863817009743732,0,0
"GEO","Georgia",2025,38,FALSE,119,NA,NA,NA,NA,4,TRUE,2,TRUE,NA,NA,NA,NA,FALSE,143.857336014608,0.863817009743732,3455268.03897493,1727634.01948746
"GEO","Georgia",2026,NA,NA,NA,NA,NA,NA,NA,3,FALSE,NA,NA,NA,NA,NA,NA,FALSE,143.857336014608,0.863817009743732,NA,NA
"GHA","Ghana",2016,17,TRUE,342,NA,NA,NA,NA,3,TRUE,NA,NA,17,NA,NA,342,FALSE,110.06700893427,1.12900691159917,3387020.7347975,NA
"GHA","Ghana",2017,26,TRUE,544,NA,NA,NA,NA,0,TRUE,0,TRUE,26,NA,NA,544,FALSE,112.411557302308,1.10545941011785,0,0
"GHA","Ghana",2018,53,TRUE,914,NA,NA,NA,NA,1,TRUE,1,TRUE,53,NA,NA,914,FALSE,115.157303224791,1.07910145814431,1079101.45814431,1079101.45814431
"GHA","Ghana",2019,72,TRUE,2769,NA,NA,NA,NA,0,TRUE,0,TRUE,72,NA,NA,2769,FALSE,117.244195476228,1.05989395313846,0,0
"GHA","Ghana",2020,79,TRUE,3345,NA,NA,NA,NA,NA,NA,NA,NA,79,NA,NA,3345,FALSE,118.690501577198,1.04697858863637,NA,NA
"GHA","Ghana",2021,164,TRUE,5858,NA,NA,NA,NA,3,TRUE,2,TRUE,164,NA,NA,NA,FALSE,124.266413825838,1,3000000,2000000
"GHA","Ghana",2022,230,TRUE,5723,NA,NA,NA,NA,38,TRUE,38,TRUE,230,NA,NA,NA,FALSE,134.21120616846,0.92590192259997,35184273.0587988,35184273.0587988
"GHA","Ghana",2023,209,TRUE,6877,NA,NA,NA,NA,20,TRUE,0,TRUE,209,NA,NA,NA,FALSE,139.73579356326,0.889295510169921,17785910.2033984,0
"GHA","Ghana",2024,268,TRUE,2646,NA,NA,NA,NA,33,TRUE,30,TRUE,268,NA,NA,NA,FALSE,143.857336014608,0.863817009743732,28505961.3215432,25914510.292312
"GHA","Ghana",2025,105,FALSE,411,NA,NA,NA,NA,1,TRUE,0,TRUE,NA,NA,NA,NA,FALSE,143.857336014608,0.863817009743732,863817.009743732,0
"GHA","Ghana",2026,1,FALSE,4,NA,NA,NA,NA,9,FALSE,6,FALSE,NA,NA,NA,NA,FALSE,143.857336014608,0.863817009743732,NA,NA
"GIN","Guinea",2021,1,TRUE,7,NA,NA,NA,NA,NA,NA,NA,NA,1,NA,NA,NA,FALSE,124.266413825838,1,NA,NA
"GIN","Guinea",2022,1,TRUE,10,NA,NA,NA,NA,NA,NA,NA,NA,1,NA,NA,NA,FALSE,134.21120616846,0.92590192259997,NA,NA
"GIN","Guinea",2023,4,TRUE,33,NA,NA,NA,NA,NA,NA,NA,NA,4,NA,NA,NA,FALSE,139.73579356326,0.889295510169921,NA,NA
"GIN","Guinea",2024,1,TRUE,12,NA,NA,NA,NA,NA,NA,NA,NA,1,NA,NA,NA,FALSE,143.857336014608,0.863817009743732,NA,NA
"GIN","Guinea",2025,2,FALSE,3,NA,NA,NA,NA,NA,NA,NA,NA,NA,NA,NA,NA,FALSE,143.857336014608,0.863817009743732,NA,NA
"GMB","Gambia",2016,1,TRUE,54,NA,NA,NA,NA,NA,NA,NA,NA,1,NA,NA,54,FALSE,110.06700893427,1.12900691159917,NA,NA
"GMB","Gambia",2019,1,TRUE,2,NA,NA,NA,NA,NA,NA,NA,NA,1,NA,NA,2,FALSE,117.244195476228,1.05989395313846,NA,NA
"GMB","Gambia",2020,1,TRUE,20,NA,NA,NA,NA,NA,NA,NA,NA,1,NA,NA,20,FALSE,118.690501577198,1.04697858863637,NA,NA
"GMB","Gambia",2021,4,TRUE,133,NA,NA,NA,NA,NA,NA,NA,NA,4,NA,NA,NA,FALSE,124.266413825838,1,NA,NA
"GMB","Gambia",2022,2,TRUE,15,NA,NA,NA,NA,NA,NA,NA,NA,2,NA,NA,NA,FALSE,134.21120616846,0.92590192259997,NA,NA
"GMB","Gambia",2023,7,TRUE,62,NA,NA,NA,NA,NA,NA,NA,NA,7,NA,NA,NA,FALSE,139.73579356326,0.889295510169921,NA,NA
"GMB","Gambia",2024,5,TRUE,23,NA,NA,NA,NA,NA,NA,NA,NA,5,NA,NA,NA,FALSE,143.857336014608,0.863817009743732,NA,NA
"GMB","Gambia",2025,7,FALSE,17,NA,NA,NA,NA,NA,NA,NA,NA,NA,NA,NA,NA,FALSE,143.857336014608,0.863817009743732,NA,NA
"GNB","Guinea-Bissau",2018,1,TRUE,41,NA,NA,NA,NA,NA,NA,NA,NA,1,NA,NA,41,FALSE,115.157303224791,1.07910145814431,NA,NA
"GNQ","Equatorial Guinea",2020,1,TRUE,10,NA,NA,NA,NA,NA,NA,NA,NA,1,NA,NA,10,FALSE,118.690501577198,1.04697858863637,NA,NA
"GNQ","Equatorial Guinea",2022,1,TRUE,1,NA,NA,NA,NA,NA,NA,NA,NA,1,NA,NA,NA,FALSE,134.21120616846,0.92590192259997,NA,NA
"GNQ","Equatorial Guinea",2023,1,TRUE,NA,NA,NA,NA,NA,NA,NA,NA,NA,1,NA,NA,NA,FALSE,139.73579356326,0.889295510169921,NA,NA
"GRC","Greece",2016,885,TRUE,33486,5,TRUE,4,TRUE,13,TRUE,13,TRUE,885,5,4,33486,FALSE,110.06700893427,1.12900691159917,14677089.8507892,14677089.8507892
"GRC","Greece",2017,781,TRUE,26690,13,TRUE,10,TRUE,58,TRUE,0,TRUE,781,13,10,26690,FALSE,112.411557302308,1.10545941011785,64116645.7868351,0
"GRC","Greece",2018,1031,TRUE,44132,9,TRUE,5,TRUE,2,TRUE,2,TRUE,1031,9,5,44132,FALSE,115.157303224791,1.07910145814431,2158202.91628861,2158202.91628861
"GRC","Greece",2019,1083,TRUE,34967,3,TRUE,3,TRUE,12,TRUE,6,TRUE,1083,3,3,34967,FALSE,117.244195476228,1.05989395313846,12718727.4376616,6359363.71883078
"GRC","Greece",2020,1409,TRUE,47005,6,TRUE,3,FALSE,227,TRUE,24,TRUE,1409,6,NA,47005,FALSE,118.690501577198,1.04697858863637,237664139.620457,25127486.127273
"GRC","Greece",2021,1805,TRUE,44114,8,TRUE,6,FALSE,68,TRUE,14,TRUE,1805,8,NA,NA,FALSE,124.266413825838,1,68000000,14000000
"GRC","Greece",2022,1852,TRUE,35002,13,FALSE,13,FALSE,116,TRUE,113,TRUE,1852,NA,NA,NA,FALSE,134.21120616846,0.92590192259997,107404623.021596,104626917.253797
"GRC","Greece",2023,2210,TRUE,36648,23,FALSE,21,FALSE,443,TRUE,110,TRUE,2210,NA,NA,NA,FALSE,139.73579356326,0.889295510169921,393957911.005275,97822506.1186913
"GRC","Greece",2024,1977,TRUE,20561,11,FALSE,11,FALSE,62,TRUE,2,TRUE,1977,NA,NA,NA,FALSE,143.857336014608,0.863817009743732,53556654.6041114,1727634.01948746
"GRC","Greece",2025,1387,FALSE,7993,1,FALSE,1,FALSE,108,TRUE,6,TRUE,NA,NA,NA,NA,FALSE,143.857336014608,0.863817009743732,93292237.0523231,5182902.05846239
"GRC","Greece",2026,21,FALSE,16,NA,NA,NA,NA,58,FALSE,NA,NA,NA,NA,NA,NA,FALSE,143.857336014608,0.863817009743732,NA,NA
"GRD","Grenada",2017,1,TRUE,1,NA,NA,NA,NA,NA,NA,NA,NA,1,NA,NA,1,FALSE,112.411557302308,1.10545941011785,NA,NA
"GRD","Grenada",2018,3,TRUE,65,NA,NA,NA,NA,NA,NA,NA,NA,3,NA,NA,65,FALSE,115.157303224791,1.07910145814431,NA,NA
"GRD","Grenada",2019,1,TRUE,1,NA,NA,NA,NA,NA,NA,NA,NA,1,NA,NA,1,FALSE,117.244195476228,1.05989395313846,NA,NA
"GRD","Grenada",2020,4,TRUE,110,NA,NA,NA,NA,NA,NA,NA,NA,4,NA,NA,110,FALSE,118.690501577198,1.04697858863637,NA,NA
"GRD","Grenada",2021,3,TRUE,115,NA,NA,NA,NA,NA,NA,NA,NA,3,NA,NA,NA,FALSE,124.266413825838,1,NA,NA
"GRD","Grenada",2022,1,TRUE,10,NA,NA,NA,NA,NA,NA,NA,NA,1,NA,NA,NA,FALSE,134.21120616846,0.92590192259997,NA,NA
"GRD","Grenada",2023,6,TRUE,161,NA,NA,NA,NA,NA,NA,NA,NA,6,NA,NA,NA,FALSE,139.73579356326,0.889295510169921,NA,NA
"GRD","Grenada",2024,12,TRUE,53,NA,NA,NA,NA,NA,NA,NA,NA,12,NA,NA,NA,FALSE,143.857336014608,0.863817009743732,NA,NA
"GRD","Grenada",2025,9,FALSE,33,NA,NA,NA,NA,6,TRUE,NA,NA,NA,NA,NA,NA,FALSE,143.857336014608,0.863817009743732,5182902.05846239,NA
"GTM","Guatemala",2016,2,TRUE,20,NA,NA,NA,NA,NA,NA,NA,NA,2,NA,NA,20,FALSE,110.06700893427,1.12900691159917,NA,NA
"GTM","Guatemala",2017,9,TRUE,142,NA,NA,NA,NA,NA,NA,NA,NA,9,NA,NA,142,FALSE,112.411557302308,1.10545941011785,NA,NA
"GTM","Guatemala",2018,6,TRUE,186,NA,NA,NA,NA,NA,NA,NA,NA,6,NA,NA,186,FALSE,115.157303224791,1.07910145814431,NA,NA
"GTM","Guatemala",2019,15,TRUE,168,NA,NA,NA,NA,6,TRUE,NA,NA,15,NA,NA,168,FALSE,117.244195476228,1.05989395313846,6359363.71883078,NA
"GTM","Guatemala",2020,12,TRUE,203,NA,NA,NA,NA,NA,NA,NA,NA,12,NA,NA,203,FALSE,118.690501577198,1.04697858863637,NA,NA
"GTM","Guatemala",2021,10,TRUE,60,NA,NA,NA,NA,NA,NA,NA,NA,10,NA,NA,NA,FALSE,124.266413825838,1,NA,NA
"GTM","Guatemala",2022,4,TRUE,52,NA,NA,NA,NA,NA,NA,NA,NA,4,NA,NA,NA,FALSE,134.21120616846,0.92590192259997,NA,NA
"GTM","Guatemala",2023,31,TRUE,92,NA,NA,NA,NA,NA,NA,NA,NA,31,NA,NA,NA,FALSE,139.73579356326,0.889295510169921,NA,NA
"GTM","Guatemala",2024,20,TRUE,135,NA,NA,NA,NA,NA,NA,NA,NA,20,NA,NA,NA,FALSE,143.857336014608,0.863817009743732,NA,NA
"GTM","Guatemala",2025,6,FALSE,21,NA,NA,NA,NA,NA,NA,NA,NA,NA,NA,NA,NA,FALSE,143.857336014608,0.863817009743732,NA,NA
"GUY","Guyana",2017,2,TRUE,2,NA,NA,NA,NA,NA,NA,NA,NA,2,NA,NA,2,FALSE,112.411557302308,1.10545941011785,NA,NA
"GUY","Guyana",2020,1,TRUE,6,NA,NA,NA,NA,NA,NA,NA,NA,1,NA,NA,6,FALSE,118.690501577198,1.04697858863637,NA,NA
"GUY","Guyana",2023,5,TRUE,17,NA,NA,NA,NA,NA,NA,NA,NA,5,NA,NA,NA,FALSE,139.73579356326,0.889295510169921,NA,NA
"GUY","Guyana",2024,11,TRUE,50,NA,NA,NA,NA,NA,NA,NA,NA,11,NA,NA,NA,FALSE,143.857336014608,0.863817009743732,NA,NA
"GUY","Guyana",2025,3,FALSE,4,NA,NA,NA,NA,NA,NA,NA,NA,NA,NA,NA,NA,FALSE,143.857336014608,0.863817009743732,NA,NA
"HND","Honduras",2016,1,TRUE,6,NA,NA,NA,NA,NA,NA,NA,NA,1,NA,NA,6,FALSE,110.06700893427,1.12900691159917,NA,NA
"HND","Honduras",2017,2,TRUE,11,NA,NA,NA,NA,NA,NA,NA,NA,2,NA,NA,11,FALSE,112.411557302308,1.10545941011785,NA,NA
"HND","Honduras",2018,6,TRUE,225,NA,NA,NA,NA,NA,NA,NA,NA,6,NA,NA,225,FALSE,115.157303224791,1.07910145814431,NA,NA
"HND","Honduras",2019,13,TRUE,156,NA,NA,NA,NA,NA,NA,NA,NA,13,NA,NA,156,FALSE,117.244195476228,1.05989395313846,NA,NA
"HND","Honduras",2020,66,TRUE,327,NA,NA,NA,NA,NA,NA,NA,NA,66,NA,NA,327,FALSE,118.690501577198,1.04697858863637,NA,NA
"HND","Honduras",2021,20,TRUE,134,NA,NA,NA,NA,NA,NA,NA,NA,20,NA,NA,NA,FALSE,124.266413825838,1,NA,NA
"HND","Honduras",2022,35,TRUE,274,NA,NA,NA,NA,NA,NA,NA,NA,35,NA,NA,NA,FALSE,134.21120616846,0.92590192259997,NA,NA
"HND","Honduras",2023,38,TRUE,121,NA,NA,NA,NA,NA,NA,NA,NA,38,NA,NA,NA,FALSE,139.73579356326,0.889295510169921,NA,NA
"HND","Honduras",2024,32,TRUE,131,NA,NA,NA,NA,1,TRUE,1,TRUE,32,NA,NA,NA,FALSE,143.857336014608,0.863817009743732,863817.009743732,863817.009743732
"HND","Honduras",2025,10,FALSE,11,NA,NA,NA,NA,NA,NA,NA,NA,NA,NA,NA,NA,FALSE,143.857336014608,0.863817009743732,NA,NA
"HRV","Croatia",2016,234,TRUE,6179,NA,NA,NA,NA,NA,NA,NA,NA,234,NA,NA,6179,FALSE,110.06700893427,1.12900691159917,NA,NA
"HRV","Croatia",2017,221,TRUE,5364,1,TRUE,1,TRUE,NA,NA,NA,NA,221,1,1,5364,FALSE,112.411557302308,1.10545941011785,NA,NA
"HRV","Croatia",2018,260,TRUE,8114,3,TRUE,2,TRUE,NA,NA,NA,NA,260,3,2,8114,FALSE,115.157303224791,1.07910145814431,NA,NA
"HRV","Croatia",2019,276,TRUE,5634,2,TRUE,2,TRUE,2,TRUE,2,TRUE,276,2,2,5634,FALSE,117.244195476228,1.05989395313846,2119787.90627693,2119787.90627693
"HRV","Croatia",2020,360,TRUE,7999,1,TRUE,1,FALSE,1,TRUE,1,TRUE,360,1,NA,7999,FALSE,118.690501577198,1.04697858863637,1046978.58863637,1046978.58863637
"HRV","Croatia",2021,417,TRUE,8008,1,TRUE,1,FALSE,175,TRUE,6,TRUE,417,1,NA,NA,FALSE,124.266413825838,1,175000000,6000000
"HRV","Croatia",2022,423,TRUE,6105,2,FALSE,1,FALSE,367,TRUE,6,TRUE,423,NA,NA,NA,FALSE,134.21120616846,0.92590192259997,339806005.594189,5555411.53559982
"HRV","Croatia",2023,468,TRUE,6070,5,FALSE,NA,NA,197,TRUE,197,TRUE,468,NA,NA,NA,FALSE,139.73579356326,0.889295510169921,175191215.503474,175191215.503474
"HRV","Croatia",2024,429,TRUE,3393,2,FALSE,1,FALSE,125,TRUE,125,TRUE,429,NA,NA,NA,FALSE,143.857336014608,0.863817009743732,107977126.217967,107977126.217967
"HRV","Croatia",2025,333,FALSE,870,3,FALSE,NA,NA,8,TRUE,3,TRUE,NA,NA,NA,NA,FALSE,143.857336014608,0.863817009743732,6910536.07794986,2591451.0292312
"HRV","Croatia",2026,12,FALSE,23,NA,NA,NA,NA,22,FALSE,22,FALSE,NA,NA,NA,NA,FALSE,143.857336014608,0.863817009743732,NA,NA
"HTI","Haiti",2016,1,TRUE,1,NA,NA,NA,NA,NA,NA,NA,NA,1,NA,NA,1,FALSE,110.06700893427,1.12900691159917,NA,NA
"HTI","Haiti",2018,1,TRUE,2,NA,NA,NA,NA,NA,NA,NA,NA,1,NA,NA,2,FALSE,115.157303224791,1.07910145814431,NA,NA
"HTI","Haiti",2019,1,TRUE,NA,NA,NA,NA,NA,NA,NA,NA,NA,1,NA,NA,NA,FALSE,117.244195476228,1.05989395313846,NA,NA
"HTI","Haiti",2020,1,TRUE,110,NA,NA,NA,NA,NA,NA,NA,NA,1,NA,NA,110,FALSE,118.690501577198,1.04697858863637,NA,NA
"HTI","Haiti",2021,2,TRUE,109,NA,NA,NA,NA,NA,NA,NA,NA,2,NA,NA,NA,FALSE,124.266413825838,1,NA,NA
"HTI","Haiti",2022,3,TRUE,2,NA,NA,NA,NA,NA,NA,NA,NA,3,NA,NA,NA,FALSE,134.21120616846,0.92590192259997,NA,NA
"HTI","Haiti",2023,1,TRUE,1,NA,NA,NA,NA,NA,NA,NA,NA,1,NA,NA,NA,FALSE,139.73579356326,0.889295510169921,NA,NA
"HTI","Haiti",2024,2,TRUE,9,NA,NA,NA,NA,NA,NA,NA,NA,2,NA,NA,NA,FALSE,143.857336014608,0.863817009743732,NA,NA
"HTI","Haiti",2025,2,FALSE,NA,NA,NA,NA,NA,NA,NA,NA,NA,NA,NA,NA,NA,FALSE,143.857336014608,0.863817009743732,NA,NA
"HUN","Hungary",2016,338,TRUE,5725,8,TRUE,8,TRUE,14,TRUE,11,TRUE,338,8,8,5725,FALSE,110.06700893427,1.12900691159917,15806096.7623883,12419076.0275908
"HUN","Hungary",2017,297,TRUE,8027,11,TRUE,7,TRUE,4,TRUE,4,TRUE,297,11,7,8027,FALSE,112.411557302308,1.10545941011785,4421837.64047139,4421837.64047139
"HUN","Hungary",2018,429,TRUE,9590,7,TRUE,6,TRUE,41,TRUE,41,TRUE,429,7,6,9590,FALSE,115.157303224791,1.07910145814431,44243159.7839166,44243159.7839166
"HUN","Hungary",2019,552,TRUE,14520,11,TRUE,10,TRUE,12,TRUE,11,TRUE,552,11,10,14520,FALSE,117.244195476228,1.05989395313846,12718727.4376616,11658833.4845231
"HUN","Hungary",2020,616,TRUE,15760,10,TRUE,8,FALSE,14,TRUE,11,TRUE,616,10,NA,15760,FALSE,118.690501577198,1.04697858863637,14657700.2409092,11516764.4750001
"HUN","Hungary",2021,688,TRUE,11155,9,TRUE,8,FALSE,16,TRUE,13,TRUE,688,9,NA,NA,FALSE,124.266413825838,1,16000000,13000000
"HUN","Hungary",2022,848,TRUE,14067,13,FALSE,8,FALSE,40,TRUE,33,TRUE,848,NA,NA,NA,FALSE,134.21120616846,0.92590192259997,37036076.9039988,30554763.445799
"HUN","Hungary",2023,857,TRUE,11899,8,FALSE,1,FALSE,21,TRUE,21,TRUE,857,NA,NA,NA,FALSE,139.73579356326,0.889295510169921,18675205.7135683,18675205.7135683
"HUN","Hungary",2024,903,TRUE,9128,3,FALSE,NA,NA,32,TRUE,11,TRUE,903,NA,NA,NA,FALSE,143.857336014608,0.863817009743732,27642144.3117994,9501987.10718105
"HUN","Hungary",2025,506,FALSE,2611,NA,NA,NA,NA,24,TRUE,23,TRUE,NA,NA,NA,NA,FALSE,143.857336014608,0.863817009743732,20731608.2338496,19867791.2241058
"HUN","Hungary",2026,3,FALSE,2,NA,NA,NA,NA,51,FALSE,48,FALSE,NA,NA,NA,NA,FALSE,143.857336014608,0.863817009743732,NA,NA
"IDN","Indonesia",2016,1178,TRUE,13875,2,TRUE,1,TRUE,2,TRUE,2,TRUE,1178,2,1,13875,FALSE,110.06700893427,1.12900691159917,2258013.82319833,2258013.82319833
"IDN","Indonesia",2017,1791,TRUE,22277,NA,NA,NA,NA,27,TRUE,5,TRUE,1791,NA,NA,22277,FALSE,112.411557302308,1.10545941011785,29847404.0731819,5527297.05058924
"IDN","Indonesia",2018,2626,TRUE,33068,NA,NA,NA,NA,35,TRUE,1,TRUE,2626,NA,NA,33068,FALSE,115.157303224791,1.07910145814431,37768551.0350507,1079101.45814431
"IDN","Indonesia",2019,3280,TRUE,36019,NA,NA,NA,NA,23,TRUE,11,TRUE,3280,NA,NA,36019,FALSE,117.244195476228,1.05989395313846,24377560.9221846,11658833.4845231
"IDN","Indonesia",2020,3832,TRUE,45142,NA,NA,NA,NA,310,TRUE,37,TRUE,3832,NA,NA,45142,FALSE,118.690501577198,1.04697858863637,324563362.477276,38738207.7795458
"IDN","Indonesia",2021,4563,TRUE,46785,NA,NA,NA,NA,162,TRUE,80,TRUE,4563,NA,NA,NA,FALSE,124.266413825838,1,162000000,80000000
"IDN","Indonesia",2022,5065,TRUE,35745,NA,NA,NA,NA,124,TRUE,77,TRUE,5065,NA,NA,NA,FALSE,134.21120616846,0.92590192259997,114811838.402396,71294448.0401977
"IDN","Indonesia",2023,7148,TRUE,43232,NA,NA,NA,NA,39,TRUE,28,TRUE,7148,NA,NA,NA,FALSE,139.73579356326,0.889295510169921,34682524.8966269,24900274.2847578
"IDN","Indonesia",2024,6703,TRUE,23171,NA,NA,NA,NA,108,TRUE,71,TRUE,6703,NA,NA,NA,FALSE,143.857336014608,0.863817009743732,93292237.0523231,61331007.691805
"IDN","Indonesia",2025,2000,FALSE,3601,NA,NA,NA,NA,21,TRUE,14,TRUE,NA,NA,NA,NA,FALSE,143.857336014608,0.863817009743732,18140157.2046184,12093438.1364123
"IDN","Indonesia",2026,1,FALSE,1,NA,NA,NA,NA,6,FALSE,0,FALSE,NA,NA,NA,NA,FALSE,143.857336014608,0.863817009743732,NA,NA
"IND","India",2016,10234,TRUE,166957,156,TRUE,113,TRUE,233,TRUE,96,TRUE,10234,156,113,166957,FALSE,110.06700893427,1.12900691159917,263058610.402606,108384663.51352
"IND","India",2017,11381,TRUE,196587,267,TRUE,196,TRUE,227,TRUE,142,TRUE,11381,267,196,196587,FALSE,112.411557302308,1.10545941011785,250939286.096751,156975236.236734
"IND","India",2018,14100,TRUE,256742,270,TRUE,203,TRUE,2541,TRUE,1902,TRUE,14100,270,203,256742,FALSE,115.157303224791,1.07910145814431,2741996805.14468,2052450973.39047
"IND","India",2019,16142,TRUE,315417,12,TRUE,8,TRUE,892,TRUE,503,TRUE,16142,NA,NA,315417,TRUE,117.244195476228,1.05989395313846,945425406.199509,533126658.428647
"IND","India",2020,20777,TRUE,421461,12,TRUE,4,FALSE,25214,TRUE,20513,TRUE,20777,NA,NA,421461,TRUE,118.690501577198,1.04697858863637,26398518133.8775,21476671788.6979
"IND","India",2021,29077,TRUE,438782,6,TRUE,NA,NA,2080,TRUE,1425,TRUE,29077,NA,NA,NA,TRUE,124.266413825838,1,2080000000,1425000000
"IND","India",2022,31239,TRUE,390905,6,FALSE,NA,NA,4373,TRUE,3130,TRUE,31239,NA,NA,NA,TRUE,134.21120616846,0.92590192259997,4048969107.52967,2898073017.7379
"IND","India",2023,43664,TRUE,372532,11,FALSE,NA,NA,8338,TRUE,4355,TRUE,43664,NA,NA,NA,TRUE,139.73579356326,0.889295510169921,7414945963.7968,3872881946.79
"IND","India",2024,51154,TRUE,242043,2,FALSE,NA,NA,1716,TRUE,1074,TRUE,51154,NA,NA,NA,TRUE,143.857336014608,0.863817009743732,1482309988.72024,927739468.464768
"IND","India",2025,24726,FALSE,52959,NA,NA,NA,NA,5677,TRUE,4862,TRUE,NA,NA,NA,NA,TRUE,143.857336014608,0.863817009743732,4903889164.31517,4199878301.37403
"IND","India",2026,37,FALSE,22,NA,NA,NA,NA,4368,FALSE,2493,FALSE,NA,NA,NA,NA,TRUE,143.857336014608,0.863817009743732,NA,NA
"IRL","Ireland",2016,472,TRUE,15676,2,TRUE,2,TRUE,200,TRUE,30,TRUE,472,2,2,15676,FALSE,110.06700893427,1.12900691159917,225801382.319833,33870207.347975
"IRL","Ireland",2017,428,TRUE,18655,NA,NA,NA,NA,139,TRUE,52,TRUE,428,NA,NA,18655,FALSE,112.411557302308,1.10545941011785,153658858.006381,57483889.3261281
"IRL","Ireland",2018,597,TRUE,23179,2,TRUE,1,TRUE,205,TRUE,82,TRUE,597,2,1,23179,FALSE,115.157303224791,1.07910145814431,221215798.919583,88486319.5678331
"IRL","Ireland",2019,744,TRUE,29038,NA,NA,NA,NA,184,TRUE,140,TRUE,744,NA,NA,29038,FALSE,117.244195476228,1.05989395313846,195020487.377477,148385153.439385
"IRL","Ireland",2020,888,TRUE,30446,NA,NA,NA,NA,188,TRUE,138,TRUE,888,NA,NA,30446,FALSE,118.690501577198,1.04697858863637,196831974.663638,144483045.23182
"IRL","Ireland",2021,1047,TRUE,33153,1,TRUE,NA,NA,845,TRUE,605,TRUE,1047,1,NA,NA,FALSE,124.266413825838,1,845000000,605000000
"IRL","Ireland",2022,1091,TRUE,28070,1,FALSE,1,FALSE,692,TRUE,376,TRUE,1091,NA,NA,NA,FALSE,134.21120616846,0.92590192259997,640724130.439179,348139122.897589
"IRL","Ireland",2023,1444,TRUE,25426,6,FALSE,3,FALSE,515,TRUE,225,TRUE,1444,NA,NA,NA,FALSE,139.73579356326,0.889295510169921,457987187.737509,200091489.788232
"IRL","Ireland",2024,1375,TRUE,16987,NA,NA,NA,NA,613,TRUE,378,TRUE,1375,NA,NA,NA,FALSE,143.857336014608,0.863817009743732,529519826.972908,326522829.683131
"IRL","Ireland",2025,784,FALSE,3783,NA,NA,NA,NA,716,TRUE,411,TRUE,NA,NA,NA,NA,FALSE,143.857336014608,0.863817009743732,618492978.976512,355028791.004674
"IRL","Ireland",2026,15,FALSE,10,NA,NA,NA,NA,432,FALSE,189,FALSE,NA,NA,NA,NA,FALSE,143.857336014608,0.863817009743732,NA,NA
"IRN","Iran",2016,1480,TRUE,31321,NA,NA,NA,NA,NA,NA,NA,NA,1480,NA,NA,31321,FALSE,110.06700893427,1.12900691159917,NA,NA
"IRN","Iran",2017,1750,TRUE,36500,NA,NA,NA,NA,NA,NA,NA,NA,1750,NA,NA,36500,FALSE,112.411557302308,1.10545941011785,NA,NA
"IRN","Iran",2018,1743,TRUE,48438,1,TRUE,1,TRUE,0,TRUE,NA,NA,1743,1,1,48438,FALSE,115.157303224791,1.07910145814431,0,NA
"IRN","Iran",2019,2220,TRUE,57997,NA,NA,NA,NA,NA,NA,NA,NA,2220,NA,NA,57997,FALSE,117.244195476228,1.05989395313846,NA,NA
"IRN","Iran",2020,2583,TRUE,88845,NA,NA,NA,NA,0,TRUE,0,TRUE,2583,NA,NA,88845,FALSE,118.690501577198,1.04697858863637,0,0
"IRN","Iran",2021,2940,TRUE,69955,NA,NA,NA,NA,NA,NA,NA,NA,2940,NA,NA,NA,FALSE,124.266413825838,1,NA,NA
"IRN","Iran",2022,2776,TRUE,62773,NA,NA,NA,NA,0,TRUE,NA,NA,2776,NA,NA,NA,FALSE,134.21120616846,0.92590192259997,0,NA
"IRN","Iran",2023,3093,TRUE,49771,NA,NA,NA,NA,NA,NA,NA,NA,3093,NA,NA,NA,FALSE,139.73579356326,0.889295510169921,NA,NA
"IRN","Iran",2024,2950,TRUE,29000,NA,NA,NA,NA,NA,NA,NA,NA,2950,NA,NA,NA,FALSE,143.857336014608,0.863817009743732,NA,NA
"IRN","Iran",2025,1662,FALSE,7971,NA,NA,NA,NA,NA,NA,NA,NA,NA,NA,NA,NA,FALSE,143.857336014608,0.863817009743732,NA,NA
"IRN","Iran",2026,31,FALSE,19,NA,NA,NA,NA,NA,NA,NA,NA,NA,NA,NA,NA,FALSE,143.857336014608,0.863817009743732,NA,NA
"IRQ","Iraq",2016,277,TRUE,3289,NA,NA,NA,NA,NA,NA,NA,NA,277,NA,NA,3289,FALSE,110.06700893427,1.12900691159917,NA,NA
"IRQ","Iraq",2017,380,TRUE,9108,NA,NA,NA,NA,NA,NA,NA,NA,380,NA,NA,9108,FALSE,112.411557302308,1.10545941011785,NA,NA
"IRQ","Iraq",2018,498,TRUE,8561,NA,NA,NA,NA,NA,NA,NA,NA,498,NA,NA,8561,FALSE,115.157303224791,1.07910145814431,NA,NA
"IRQ","Iraq",2019,754,TRUE,15599,NA,NA,NA,NA,NA,NA,NA,NA,754,NA,NA,15599,FALSE,117.244195476228,1.05989395313846,NA,NA
"IRQ","Iraq",2020,1063,TRUE,23886,NA,NA,NA,NA,2,TRUE,NA,NA,1063,NA,NA,23886,FALSE,118.690501577198,1.04697858863637,2093957.17727275,NA
"IRQ","Iraq",2021,1447,TRUE,39059,NA,NA,NA,NA,NA,NA,NA,NA,1447,NA,NA,NA,FALSE,124.266413825838,1,NA,NA
"IRQ","Iraq",2022,1925,TRUE,25705,NA,NA,NA,NA,2,TRUE,0,TRUE,1925,NA,NA,NA,FALSE,134.21120616846,0.92590192259997,1851803.84519994,0
"IRQ","Iraq",2023,2440,TRUE,25472,NA,NA,NA,NA,NA,NA,NA,NA,2440,NA,NA,NA,FALSE,139.73579356326,0.889295510169921,NA,NA
"IRQ","Iraq",2024,2754,TRUE,17405,NA,NA,NA,NA,NA,NA,NA,NA,2754,NA,NA,NA,FALSE,143.857336014608,0.863817009743732,NA,NA
"IRQ","Iraq",2025,1103,FALSE,3217,NA,NA,NA,NA,15,TRUE,15,TRUE,NA,NA,NA,NA,FALSE,143.857336014608,0.863817009743732,12957255.146156,12957255.146156
"IRQ","Iraq",2026,NA,NA,NA,NA,NA,NA,NA,5,FALSE,2,FALSE,NA,NA,NA,NA,FALSE,143.857336014608,0.863817009743732,NA,NA
"ISL","Iceland",2016,69,TRUE,2593,NA,NA,NA,NA,4,TRUE,4,TRUE,69,NA,NA,2593,FALSE,110.06700893427,1.12900691159917,4516027.64639666,4516027.64639666
"ISL","Iceland",2017,81,TRUE,5258,NA,NA,NA,NA,3,TRUE,3,TRUE,81,NA,NA,5258,FALSE,112.411557302308,1.10545941011785,3316378.23035354,3316378.23035354
"ISL","Iceland",2018,57,TRUE,4438,NA,NA,NA,NA,6,TRUE,6,TRUE,57,NA,NA,4438,FALSE,115.157303224791,1.07910145814431,6474608.74886584,6474608.74886584
"ISL","Iceland",2019,82,TRUE,7094,NA,NA,NA,NA,16,TRUE,14,TRUE,82,NA,NA,7094,FALSE,117.244195476228,1.05989395313846,16958303.2502154,14838515.3439385
"ISL","Iceland",2020,69,TRUE,2899,NA,NA,NA,NA,27,TRUE,26,TRUE,69,NA,NA,2899,FALSE,118.690501577198,1.04697858863637,28268421.8931821,27221443.3045457
"ISL","Iceland",2021,63,TRUE,2201,NA,NA,NA,NA,1607,TRUE,6,TRUE,63,NA,NA,NA,FALSE,124.266413825838,1,1607000000,6000000
"ISL","Iceland",2022,96,TRUE,1732,NA,NA,NA,NA,1632,TRUE,30,TRUE,96,NA,NA,NA,FALSE,134.21120616846,0.92590192259997,1511071937.68315,27777057.6779991
"ISL","Iceland",2023,97,TRUE,2728,NA,NA,NA,NA,21,TRUE,19,TRUE,97,NA,NA,NA,FALSE,139.73579356326,0.889295510169921,18675205.7135683,16896614.6932285
"ISL","Iceland",2024,87,TRUE,940,NA,NA,NA,NA,34,TRUE,34,TRUE,87,NA,NA,NA,FALSE,143.857336014608,0.863817009743732,29369778.3312869,29369778.3312869
"ISL","Iceland",2025,52,FALSE,158,NA,NA,NA,NA,49,TRUE,5,TRUE,NA,NA,NA,NA,FALSE,143.857336014608,0.863817009743732,42327033.4774429,4319085.04871866
"ISL","Iceland",2026,NA,NA,NA,NA,NA,NA,NA,1603,FALSE,1601,FALSE,NA,NA,NA,NA,FALSE,143.857336014608,0.863817009743732,NA,NA
"ISR","Israel",2016,728,TRUE,47633,6,TRUE,3,TRUE,795,TRUE,302,TRUE,728,6,3,47633,FALSE,110.06700893427,1.12900691159917,897560494.721337,340960087.302948
"ISR","Israel",2017,798,TRUE,59374,23,TRUE,15,TRUE,591,TRUE,519,TRUE,798,23,15,59374,FALSE,112.411557302308,1.10545941011785,653326511.379648,573733433.851163
"ISR","Israel",2018,891,TRUE,63077,19,TRUE,11,TRUE,1351,TRUE,757,TRUE,891,19,11,63077,FALSE,115.157303224791,1.07910145814431,1457866069.95296,816879803.81524
"ISR","Israel",2019,1062,TRUE,62554,22,TRUE,11,TRUE,13311,TRUE,2972,TRUE,1062,22,11,62554,FALSE,117.244195476228,1.05989395313846,14108248410.2261,3150004828.72751
"ISR","Israel",2020,1295,TRUE,82456,24,TRUE,13,FALSE,2758,TRUE,1884,TRUE,1295,24,NA,82456,FALSE,118.690501577198,1.04697858863637,2887566947.45912,1972507660.99093
"ISR","Israel",2021,1505,TRUE,61382,27,TRUE,11,FALSE,6847,TRUE,3621,TRUE,1505,27,NA,NA,FALSE,124.266413825838,1,6847000000,3621000000
"ISR","Israel",2022,1462,TRUE,41186,30,FALSE,8,FALSE,5829,TRUE,4104,TRUE,1462,NA,NA,NA,FALSE,134.21120616846,0.92590192259997,5397082306.83522,3799901490.35028
"ISR","Israel",2023,1622,TRUE,35597,58,FALSE,4,FALSE,2896,TRUE,1408,TRUE,1622,NA,NA,NA,FALSE,139.73579356326,0.889295510169921,2575399797.45209,1252128078.31925
"ISR","Israel",2024,1407,TRUE,15938,20,FALSE,2,FALSE,6698,TRUE,3482,TRUE,1407,NA,NA,NA,FALSE,143.857336014608,0.863817009743732,5785846331.26352,3007810827.92768
"ISR","Israel",2025,899,FALSE,3872,NA,NA,NA,NA,6082,TRUE,4191,TRUE,NA,NA,NA,NA,FALSE,143.857336014608,0.863817009743732,5253735053.26138,3620257087.83598
"ISR","Israel",2026,36,FALSE,46,NA,NA,NA,NA,14320,FALSE,7746,FALSE,NA,NA,NA,NA,FALSE,143.857336014608,0.863817009743732,NA,NA
"ITA","Italy",2016,3878,TRUE,128462,23,TRUE,13,TRUE,20,TRUE,12,TRUE,3878,23,13,128462,FALSE,110.06700893427,1.12900691159917,22580138.2319833,13548082.93919
"ITA","Italy",2017,4044,TRUE,140291,31,TRUE,20,TRUE,14,TRUE,10,TRUE,4044,31,20,140291,FALSE,112.411557302308,1.10545941011785,15476431.7416499,11054594.1011785
"ITA","Italy",2018,4583,TRUE,153074,48,TRUE,20,TRUE,229,TRUE,18,TRUE,4583,48,20,153074,FALSE,115.157303224791,1.07910145814431,247114233.915046,19423826.2465975
"ITA","Italy",2019,5173,TRUE,165205,64,TRUE,44,TRUE,200,TRUE,12,TRUE,5173,64,44,165205,FALSE,117.244195476228,1.05989395313846,211978790.627693,12718727.4376616
"ITA","Italy",2020,6210,TRUE,211982,65,TRUE,28,FALSE,304,TRUE,43,TRUE,6210,65,NA,211982,FALSE,118.690501577198,1.04697858863637,318281490.945457,45020079.311364
"ITA","Italy",2021,7278,TRUE,190892,108,TRUE,34,FALSE,2830,TRUE,109,TRUE,7278,108,NA,NA,FALSE,124.266413825838,1,2830000000,109000000
"ITA","Italy",2022,7629,TRUE,157080,82,FALSE,18,FALSE,85,TRUE,56,TRUE,7629,NA,NA,NA,FALSE,134.21120616846,0.92590192259997,78701663.4209974,51850507.6655983
"ITA","Italy",2023,9074,TRUE,153688,101,FALSE,11,FALSE,260,TRUE,156,TRUE,9074,NA,NA,NA,FALSE,139.73579356326,0.889295510169921,231216832.644179,138730099.586508
"ITA","Italy",2024,8772,TRUE,86536,46,FALSE,1,FALSE,459,TRUE,228,TRUE,8772,NA,NA,NA,FALSE,143.857336014608,0.863817009743732,396492007.472373,196950278.221571
"ITA","Italy",2025,5980,FALSE,22410,NA,NA,NA,NA,1212,TRUE,582,TRUE,NA,NA,NA,NA,FALSE,143.857336014608,0.863817009743732,1046946215.8094,502741499.670852
"ITA","Italy",2026,220,FALSE,154,NA,NA,NA,NA,782,FALSE,288,FALSE,NA,NA,NA,NA,FALSE,143.857336014608,0.863817009743732,NA,NA
"JAM","Jamaica",2016,9,TRUE,137,NA,NA,NA,NA,NA,NA,NA,NA,9,NA,NA,137,FALSE,110.06700893427,1.12900691159917,NA,NA
"JAM","Jamaica",2017,7,TRUE,70,NA,NA,NA,NA,NA,NA,NA,NA,7,NA,NA,70,FALSE,112.411557302308,1.10545941011785,NA,NA
"JAM","Jamaica",2018,5,TRUE,7,NA,NA,NA,NA,0,TRUE,0,TRUE,5,NA,NA,7,FALSE,115.157303224791,1.07910145814431,0,0
"JAM","Jamaica",2019,4,TRUE,93,NA,NA,NA,NA,NA,NA,NA,NA,4,NA,NA,93,FALSE,117.244195476228,1.05989395313846,NA,NA
"JAM","Jamaica",2020,4,TRUE,10,NA,NA,NA,NA,NA,NA,NA,NA,4,NA,NA,10,FALSE,118.690501577198,1.04697858863637,NA,NA
"JAM","Jamaica",2021,4,TRUE,3,NA,NA,NA,NA,NA,NA,NA,NA,4,NA,NA,NA,FALSE,124.266413825838,1,NA,NA
"JAM","Jamaica",2022,8,TRUE,52,NA,NA,NA,NA,NA,NA,NA,NA,8,NA,NA,NA,FALSE,134.21120616846,0.92590192259997,NA,NA
"JAM","Jamaica",2023,8,TRUE,16,NA,NA,NA,NA,NA,NA,NA,NA,8,NA,NA,NA,FALSE,139.73579356326,0.889295510169921,NA,NA
"JAM","Jamaica",2024,7,TRUE,15,NA,NA,NA,NA,1,TRUE,NA,NA,7,NA,NA,NA,FALSE,143.857336014608,0.863817009743732,863817.009743732,NA
"JAM","Jamaica",2025,8,FALSE,45,NA,NA,NA,NA,50,TRUE,50,TRUE,NA,NA,NA,NA,FALSE,143.857336014608,0.863817009743732,43190850.4871866,43190850.4871866
"JAM","Jamaica",2026,NA,NA,NA,NA,NA,NA,NA,6,FALSE,6,FALSE,NA,NA,NA,NA,FALSE,143.857336014608,0.863817009743732,NA,NA
"JOR","Jordan",2016,204,TRUE,7367,NA,NA,NA,NA,0,TRUE,0,TRUE,204,NA,NA,7367,FALSE,110.06700893427,1.12900691159917,0,0
"JOR","Jordan",2017,201,TRUE,5970,2,TRUE,NA,NA,NA,NA,NA,NA,201,2,NA,5970,FALSE,112.411557302308,1.10545941011785,NA,NA
"JOR","Jordan",2018,282,TRUE,12100,NA,NA,NA,NA,0,TRUE,0,TRUE,282,NA,NA,12100,FALSE,115.157303224791,1.07910145814431,0,0
"JOR","Jordan",2019,374,TRUE,11877,NA,NA,NA,NA,0,TRUE,0,TRUE,374,NA,NA,11877,FALSE,117.244195476228,1.05989395313846,0,0
"JOR","Jordan",2020,421,TRUE,13680,NA,NA,NA,NA,0,TRUE,0,TRUE,421,NA,NA,13680,FALSE,118.690501577198,1.04697858863637,0,0
"JOR","Jordan",2021,583,TRUE,17715,2,TRUE,2,FALSE,0,TRUE,0,TRUE,583,2,NA,NA,FALSE,124.266413825838,1,0,0
"JOR","Jordan",2022,713,TRUE,19586,NA,NA,NA,NA,1,TRUE,0,TRUE,713,NA,NA,NA,FALSE,134.21120616846,0.92590192259997,925901.92259997,0
"JOR","Jordan",2023,1041,TRUE,23334,1,FALSE,NA,NA,3,TRUE,0,TRUE,1041,NA,NA,NA,FALSE,139.73579356326,0.889295510169921,2667886.53050976,0
"JOR","Jordan",2024,1152,TRUE,15526,NA,NA,NA,NA,1,TRUE,1,TRUE,1152,NA,NA,NA,FALSE,143.857336014608,0.863817009743732,863817.009743732,863817.009743732
"JOR","Jordan",2025,832,FALSE,5955,NA,NA,NA,NA,0,TRUE,0,TRUE,NA,NA,NA,NA,FALSE,143.857336014608,0.863817009743732,0,0
"JOR","Jordan",2026,NA,NA,NA,NA,NA,NA,NA,7,FALSE,2,FALSE,NA,NA,NA,NA,FALSE,143.857336014608,0.863817009743732,NA,NA
"JPN","Japan",2016,6688,TRUE,101519,1530,TRUE,1353,TRUE,292,TRUE,195,TRUE,6688,1530,1353,101519,FALSE,110.06700893427,1.12900691159917,329670018.186957,220156347.761837
"JPN","Japan",2017,7084,TRUE,146152,2618,TRUE,2290,TRUE,947,TRUE,401,TRUE,7084,2618,2290,146152,FALSE,112.411557302308,1.10545941011785,1046870061.3816,443289223.457257
"JPN","Japan",2018,8185,TRUE,180632,3886,TRUE,3342,TRUE,999,TRUE,562,TRUE,8185,3886,3342,180632,FALSE,115.157303224791,1.07910145814431,1078022356.68616,606455019.4771
"JPN","Japan",2019,9226,TRUE,199816,4559,TRUE,3901,TRUE,1255,TRUE,685,TRUE,9226,4559,3901,199816,FALSE,117.244195476228,1.05989395313846,1330166911.18877,726027357.899847
"JPN","Japan",2020,9668,TRUE,189295,4589,TRUE,3745,FALSE,1104,TRUE,694,TRUE,9668,4589,NA,189295,FALSE,118.690501577198,1.04697858863637,1155864361.85456,726603140.513643
"JPN","Japan",2021,10165,TRUE,152292,4597,TRUE,3357,FALSE,1320,TRUE,952,TRUE,10165,4597,NA,NA,FALSE,124.266413825838,1,1320000000,952000000
"JPN","Japan",2022,9888,TRUE,111890,4300,FALSE,2269,FALSE,722,TRUE,513,TRUE,9888,NA,NA,NA,FALSE,134.21120616846,0.92590192259997,668501188.117178,474987686.293784
"JPN","Japan",2023,10956,TRUE,102188,3731,FALSE,837,FALSE,2856,TRUE,1239,TRUE,10956,NA,NA,NA,FALSE,139.73579356326,0.889295510169921,2539827977.04529,1101837137.10053
"JPN","Japan",2024,10515,TRUE,54716,1782,FALSE,254,FALSE,1807,TRUE,1157,TRUE,10515,NA,NA,NA,FALSE,143.857336014608,0.863817009743732,1560917336.60692,999436280.273498
"JPN","Japan",2025,5902,FALSE,13026,29,FALSE,6,FALSE,1765,TRUE,1292,TRUE,NA,NA,NA,NA,FALSE,143.857336014608,0.863817009743732,1524637022.19769,1116051576.5889
"JPN","Japan",2026,174,FALSE,91,NA,NA,NA,NA,11648,FALSE,2183,FALSE,NA,NA,NA,NA,FALSE,143.857336014608,0.863817009743732,NA,NA
"KAZ","Kazakhstan",2016,89,TRUE,1010,NA,NA,NA,NA,NA,NA,NA,NA,89,NA,NA,1010,FALSE,110.06700893427,1.12900691159917,NA,NA
"KAZ","Kazakhstan",2017,108,TRUE,1706,NA,NA,NA,NA,NA,NA,NA,NA,108,NA,NA,1706,FALSE,112.411557302308,1.10545941011785,NA,NA
"KAZ","Kazakhstan",2018,138,TRUE,2694,NA,NA,NA,NA,NA,NA,NA,NA,138,NA,NA,2694,FALSE,115.157303224791,1.07910145814431,NA,NA
"KAZ","Kazakhstan",2019,199,TRUE,2858,NA,NA,NA,NA,0,TRUE,0,TRUE,199,NA,NA,2858,FALSE,117.244195476228,1.05989395313846,0,0
"KAZ","Kazakhstan",2020,249,TRUE,4130,NA,NA,NA,NA,1,TRUE,0,TRUE,249,NA,NA,4130,FALSE,118.690501577198,1.04697858863637,1046978.58863637,0
"KAZ","Kazakhstan",2021,332,TRUE,3806,NA,NA,NA,NA,2,TRUE,1,TRUE,332,NA,NA,NA,FALSE,124.266413825838,1,2000000,1000000
"KAZ","Kazakhstan",2022,307,TRUE,4336,NA,NA,NA,NA,3,TRUE,3,TRUE,307,NA,NA,NA,FALSE,134.21120616846,0.92590192259997,2777705.76779991,2777705.76779991
"KAZ","Kazakhstan",2023,490,TRUE,4580,NA,NA,NA,NA,5,TRUE,5,TRUE,490,NA,NA,NA,FALSE,139.73579356326,0.889295510169921,4446477.5508496,4446477.5508496
"KAZ","Kazakhstan",2024,617,TRUE,3780,NA,NA,NA,NA,4,TRUE,3,TRUE,617,NA,NA,NA,FALSE,143.857336014608,0.863817009743732,3455268.03897493,2591451.0292312
"KAZ","Kazakhstan",2025,399,FALSE,1331,NA,NA,NA,NA,10,TRUE,10,TRUE,NA,NA,NA,NA,FALSE,143.857336014608,0.863817009743732,8638170.09743732,8638170.09743732
"KAZ","Kazakhstan",2026,NA,NA,NA,NA,NA,NA,NA,0,FALSE,0,FALSE,NA,NA,NA,NA,FALSE,143.857336014608,0.863817009743732,NA,NA
"KEN","Kenya",2016,35,TRUE,499,1,TRUE,1,TRUE,8,TRUE,NA,NA,35,1,1,499,FALSE,110.06700893427,1.12900691159917,9032055.29279333,NA
"KEN","Kenya",2017,29,TRUE,1038,NA,NA,NA,NA,3,TRUE,0,TRUE,29,NA,NA,1038,FALSE,112.411557302308,1.10545941011785,3316378.23035354,0
"KEN","Kenya",2018,42,TRUE,613,NA,NA,NA,NA,44,TRUE,2,TRUE,42,NA,NA,613,FALSE,115.157303224791,1.07910145814431,47480464.1583495,2158202.91628861
"KEN","Kenya",2019,78,TRUE,1200,NA,NA,NA,NA,25,TRUE,3,TRUE,78,NA,NA,1200,FALSE,117.244195476228,1.05989395313846,26497348.8284616,3179681.85941539
"KEN","Kenya",2020,98,TRUE,1855,NA,NA,NA,NA,20,TRUE,16,TRUE,98,NA,NA,1855,FALSE,118.690501577198,1.04697858863637,20939571.7727275,16751657.418182
"KEN","Kenya",2021,118,TRUE,1954,NA,NA,NA,NA,29,TRUE,12,TRUE,118,NA,NA,NA,FALSE,124.266413825838,1,29000000,12000000
"KEN","Kenya",2022,161,TRUE,3175,NA,NA,NA,NA,46,TRUE,41,TRUE,161,NA,NA,NA,FALSE,134.21120616846,0.92590192259997,42591488.4395986,37961978.8265987
"KEN","Kenya",2023,218,TRUE,2653,NA,NA,NA,NA,14,TRUE,9,TRUE,218,NA,NA,NA,FALSE,139.73579356326,0.889295510169921,12450137.1423789,8003659.59152929
"KEN","Kenya",2024,223,TRUE,1890,NA,NA,NA,NA,20,TRUE,18,TRUE,223,NA,NA,NA,FALSE,143.857336014608,0.863817009743732,17276340.1948746,15548706.1753872
"KEN","Kenya",2025,124,FALSE,378,NA,NA,NA,NA,2,TRUE,2,TRUE,NA,NA,NA,NA,FALSE,143.857336014608,0.863817009743732,1727634.01948746,1727634.01948746
"KEN","Kenya",2026,NA,NA,NA,NA,NA,NA,NA,5,FALSE,3,FALSE,NA,NA,NA,NA,FALSE,143.857336014608,0.863817009743732,NA,NA
"KGZ","Kyrgyzstan",2016,1,TRUE,1,NA,NA,NA,NA,NA,NA,NA,NA,1,NA,NA,1,FALSE,110.06700893427,1.12900691159917,NA,NA
"KGZ","Kyrgyzstan",2017,1,TRUE,1,NA,NA,NA,NA,NA,NA,NA,NA,1,NA,NA,1,FALSE,112.411557302308,1.10545941011785,NA,NA
"KGZ","Kyrgyzstan",2018,2,TRUE,5,NA,NA,NA,NA,NA,NA,NA,NA,2,NA,NA,5,FALSE,115.157303224791,1.07910145814431,NA,NA
"KGZ","Kyrgyzstan",2019,13,TRUE,310,NA,NA,NA,NA,NA,NA,NA,NA,13,NA,NA,310,FALSE,117.244195476228,1.05989395313846,NA,NA
"KGZ","Kyrgyzstan",2020,13,TRUE,201,NA,NA,NA,NA,NA,NA,NA,NA,13,NA,NA,201,FALSE,118.690501577198,1.04697858863637,NA,NA
"KGZ","Kyrgyzstan",2021,25,TRUE,375,NA,NA,NA,NA,NA,NA,NA,NA,25,NA,NA,NA,FALSE,124.266413825838,1,NA,NA
"KGZ","Kyrgyzstan",2022,29,TRUE,308,NA,NA,NA,NA,NA,NA,NA,NA,29,NA,NA,NA,FALSE,134.21120616846,0.92590192259997,NA,NA
"KGZ","Kyrgyzstan",2023,21,TRUE,288,NA,NA,NA,NA,NA,NA,NA,NA,21,NA,NA,NA,FALSE,139.73579356326,0.889295510169921,NA,NA
"KGZ","Kyrgyzstan",2024,34,TRUE,139,NA,NA,NA,NA,NA,NA,NA,NA,34,NA,NA,NA,FALSE,143.857336014608,0.863817009743732,NA,NA
"KGZ","Kyrgyzstan",2025,24,FALSE,46,NA,NA,NA,NA,1,TRUE,NA,NA,NA,NA,NA,NA,FALSE,143.857336014608,0.863817009743732,863817.009743732,NA
"KHM","Cambodia",2016,5,TRUE,200,NA,NA,NA,NA,NA,NA,NA,NA,5,NA,NA,200,FALSE,110.06700893427,1.12900691159917,NA,NA
"KHM","Cambodia",2017,4,TRUE,52,NA,NA,NA,NA,NA,NA,NA,NA,4,NA,NA,52,FALSE,112.411557302308,1.10545941011785,NA,NA
"KHM","Cambodia",2018,11,TRUE,230,NA,NA,NA,NA,0,TRUE,0,TRUE,11,NA,NA,230,FALSE,115.157303224791,1.07910145814431,0,0
"KHM","Cambodia",2019,10,TRUE,99,NA,NA,NA,NA,NA,NA,NA,NA,10,NA,NA,99,FALSE,117.244195476228,1.05989395313846,NA,NA
"KHM","Cambodia",2020,10,TRUE,142,NA,NA,NA,NA,NA,NA,NA,NA,10,NA,NA,142,FALSE,118.690501577198,1.04697858863637,NA,NA
"KHM","Cambodia",2021,19,TRUE,334,NA,NA,NA,NA,NA,NA,NA,NA,19,NA,NA,NA,FALSE,124.266413825838,1,NA,NA
"KHM","Cambodia",2022,30,TRUE,771,NA,NA,NA,NA,NA,NA,NA,NA,30,NA,NA,NA,FALSE,134.21120616846,0.92590192259997,NA,NA
"KHM","Cambodia",2023,35,TRUE,1032,NA,NA,NA,NA,NA,NA,NA,NA,35,NA,NA,NA,FALSE,139.73579356326,0.889295510169921,NA,NA
"KHM","Cambodia",2024,44,TRUE,253,NA,NA,NA,NA,NA,NA,NA,NA,44,NA,NA,NA,FALSE,143.857336014608,0.863817009743732,NA,NA
"KHM","Cambodia",2025,24,FALSE,122,NA,NA,NA,NA,NA,NA,NA,NA,NA,NA,NA,NA,FALSE,143.857336014608,0.863817009743732,NA,NA
"KIR","Kiribati",2024,1,TRUE,17,NA,NA,NA,NA,NA,NA,NA,NA,1,NA,NA,NA,FALSE,143.857336014608,0.863817009743732,NA,NA
"KNA","Saint Kitts and Nevis",2020,1,TRUE,69,NA,NA,NA,NA,NA,NA,NA,NA,1,NA,NA,69,FALSE,118.690501577198,1.04697858863637,NA,NA
"KNA","Saint Kitts and Nevis",2021,2,TRUE,4,NA,NA,NA,NA,3,TRUE,3,TRUE,2,NA,NA,NA,FALSE,124.266413825838,1,3000000,3000000
"KNA","Saint Kitts and Nevis",2022,NA,NA,NA,NA,NA,NA,NA,4,TRUE,NA,NA,NA,NA,NA,NA,FALSE,134.21120616846,0.92590192259997,3703607.69039988,NA
"KNA","Saint Kitts and Nevis",2023,4,TRUE,37,NA,NA,NA,NA,1,TRUE,1,TRUE,4,NA,NA,NA,FALSE,139.73579356326,0.889295510169921,889295.510169921,889295.510169921
"KNA","Saint Kitts and Nevis",2024,11,TRUE,88,NA,NA,NA,NA,NA,NA,NA,NA,11,NA,NA,NA,FALSE,143.857336014608,0.863817009743732,NA,NA
"KNA","Saint Kitts and Nevis",2025,2,FALSE,10,NA,NA,NA,NA,NA,NA,NA,NA,NA,NA,NA,NA,FALSE,143.857336014608,0.863817009743732,NA,NA
"KOR","South Korea",2016,3079,TRUE,78247,1293,TRUE,1012,TRUE,169,TRUE,72,TRUE,3079,1293,1012,78247,FALSE,110.06700893427,1.12900691159917,190802168.060259,81288497.63514
"KOR","South Korea",2017,3352,TRUE,122709,2547,TRUE,2018,TRUE,172,TRUE,126,TRUE,3352,2547,2018,122709,FALSE,112.411557302308,1.10545941011785,190139018.54027,139287885.674849
"KOR","South Korea",2018,4272,TRUE,169830,4415,TRUE,3527,TRUE,350,TRUE,285,TRUE,4272,4415,3527,169830,FALSE,115.157303224791,1.07910145814431,377685510.350507,307543915.571127
"KOR","South Korea",2019,5171,TRUE,233171,7022,TRUE,5495,TRUE,814,TRUE,558,TRUE,5171,7022,5495,233171,FALSE,117.244195476228,1.05989395313846,862753677.854709,591420825.851262
"KOR","South Korea",2020,6689,TRUE,252292,8731,TRUE,6584,FALSE,1268,TRUE,646,TRUE,6689,8731,NA,252292,FALSE,118.690501577198,1.04697858863637,1327568850.39092,676348168.259097
"KOR","South Korea",2021,8199,TRUE,252465,10153,TRUE,6939,FALSE,5776,TRUE,3619,TRUE,8199,10153,NA,NA,FALSE,124.266413825838,1,5776000000,3619000000
"KOR","South Korea",2022,8880,TRUE,195685,11279,FALSE,6460,FALSE,3249,TRUE,2386,TRUE,8880,NA,NA,NA,FALSE,134.21120616846,0.92590192259997,3008255346.5273,2209201987.32353
"KOR","South Korea",2023,10326,TRUE,172408,12103,FALSE,4539,FALSE,3252,TRUE,2626,TRUE,10326,NA,NA,NA,FALSE,139.73579356326,0.889295510169921,2891988999.07258,2335290009.70621
"KOR","South Korea",2024,9773,TRUE,90112,6583,FALSE,2245,FALSE,2526,TRUE,1897,TRUE,9773,NA,NA,NA,FALSE,143.857336014608,0.863817009743732,2182001766.61267,1638660867.48386
"KOR","South Korea",2025,6532,FALSE,26111,458,FALSE,338,FALSE,2641,TRUE,2149,TRUE,NA,NA,NA,NA,FALSE,143.857336014608,0.863817009743732,2281340722.7332,1856342753.93928
"KOR","South Korea",2026,272,FALSE,155,1,FALSE,NA,NA,3247,FALSE,2432,FALSE,NA,NA,NA,NA,FALSE,143.857336014608,0.863817009743732,NA,NA
"KWT","Kuwait",2016,47,TRUE,910,NA,NA,NA,NA,NA,NA,NA,NA,47,NA,NA,910,FALSE,110.06700893427,1.12900691159917,NA,NA
"KWT","Kuwait",2017,48,TRUE,626,NA,NA,NA,NA,NA,NA,NA,NA,48,NA,NA,626,FALSE,112.411557302308,1.10545941011785,NA,NA
"KWT","Kuwait",2018,66,TRUE,1699,NA,NA,NA,NA,NA,NA,NA,NA,66,NA,NA,1699,FALSE,115.157303224791,1.07910145814431,NA,NA
"KWT","Kuwait",2019,73,TRUE,1434,NA,NA,NA,NA,NA,NA,NA,NA,73,NA,NA,1434,FALSE,117.244195476228,1.05989395313846,NA,NA
"KWT","Kuwait",2020,115,TRUE,3981,NA,NA,NA,NA,NA,NA,NA,NA,115,NA,NA,3981,FALSE,118.690501577198,1.04697858863637,NA,NA
"KWT","Kuwait",2021,127,TRUE,3419,NA,NA,NA,NA,NA,NA,NA,NA,127,NA,NA,NA,FALSE,124.266413825838,1,NA,NA
"KWT","Kuwait",2022,192,TRUE,3871,NA,NA,NA,NA,NA,NA,NA,NA,192,NA,NA,NA,FALSE,134.21120616846,0.92590192259997,NA,NA
"KWT","Kuwait",2023,254,TRUE,6436,NA,NA,NA,NA,7,TRUE,7,TRUE,254,NA,NA,NA,FALSE,139.73579356326,0.889295510169921,6225068.57118944,6225068.57118944
"KWT","Kuwait",2024,329,TRUE,3565,NA,NA,NA,NA,NA,NA,NA,NA,329,NA,NA,NA,FALSE,143.857336014608,0.863817009743732,NA,NA
"KWT","Kuwait",2025,175,FALSE,824,NA,NA,NA,NA,9,TRUE,NA,NA,NA,NA,NA,NA,FALSE,143.857336014608,0.863817009743732,7774353.08769359,NA
"LAO","Laos",2016,2,TRUE,155,NA,NA,NA,NA,NA,NA,NA,NA,2,NA,NA,155,FALSE,110.06700893427,1.12900691159917,NA,NA
"LAO","Laos",2017,1,TRUE,NA,NA,NA,NA,NA,NA,NA,NA,NA,1,NA,NA,NA,FALSE,112.411557302308,1.10545941011785,NA,NA
"LAO","Laos",2019,4,TRUE,34,NA,NA,NA,NA,NA,NA,NA,NA,4,NA,NA,34,FALSE,117.244195476228,1.05989395313846,NA,NA
"LAO","Laos",2020,3,TRUE,154,NA,NA,NA,NA,NA,NA,NA,NA,3,NA,NA,154,FALSE,118.690501577198,1.04697858863637,NA,NA
"LAO","Laos",2021,1,TRUE,18,NA,NA,NA,NA,NA,NA,NA,NA,1,NA,NA,NA,FALSE,124.266413825838,1,NA,NA
"LAO","Laos",2022,2,TRUE,11,NA,NA,NA,NA,NA,NA,NA,NA,2,NA,NA,NA,FALSE,134.21120616846,0.92590192259997,NA,NA
"LAO","Laos",2024,5,TRUE,23,NA,NA,NA,NA,NA,NA,NA,NA,5,NA,NA,NA,FALSE,143.857336014608,0.863817009743732,NA,NA
"LAO","Laos",2025,6,FALSE,5,NA,NA,NA,NA,NA,NA,NA,NA,NA,NA,NA,NA,FALSE,143.857336014608,0.863817009743732,NA,NA
"LBN","Lebanon",2016,116,TRUE,1888,NA,NA,NA,NA,1,TRUE,1,TRUE,116,NA,NA,1888,FALSE,110.06700893427,1.12900691159917,1129006.91159917,1129006.91159917
"LBN","Lebanon",2017,135,TRUE,2888,NA,NA,NA,NA,3,TRUE,2,TRUE,135,NA,NA,2888,FALSE,112.411557302308,1.10545941011785,3316378.23035354,2210918.82023569
"LBN","Lebanon",2018,199,TRUE,3443,NA,NA,NA,NA,4,TRUE,0,TRUE,199,NA,NA,3443,FALSE,115.157303224791,1.07910145814431,4316405.83257723,0
"LBN","Lebanon",2019,191,TRUE,4322,NA,NA,NA,NA,1,TRUE,0,TRUE,191,NA,NA,4322,FALSE,117.244195476228,1.05989395313846,1059893.95313846,0
"LBN","Lebanon",2020,188,TRUE,8233,NA,NA,NA,NA,2,TRUE,2,TRUE,188,NA,NA,8233,FALSE,118.690501577198,1.04697858863637,2093957.17727275,2093957.17727275
"LBN","Lebanon",2021,222,TRUE,4381,NA,NA,NA,NA,4,TRUE,0,TRUE,222,NA,NA,NA,FALSE,124.266413825838,1,4000000,0
"LBN","Lebanon",2022,304,TRUE,8199,NA,NA,NA,NA,0,TRUE,0,TRUE,304,NA,NA,NA,FALSE,134.21120616846,0.92590192259997,0,0
"LBN","Lebanon",2023,591,TRUE,12611,NA,NA,NA,NA,0,TRUE,0,TRUE,591,NA,NA,NA,FALSE,139.73579356326,0.889295510169921,0,0
"LBN","Lebanon",2024,407,TRUE,7585,NA,NA,NA,NA,NA,NA,NA,NA,407,NA,NA,NA,FALSE,143.857336014608,0.863817009743732,NA,NA
"LBN","Lebanon",2025,198,FALSE,1013,NA,NA,NA,NA,0,TRUE,0,TRUE,NA,NA,NA,NA,FALSE,143.857336014608,0.863817009743732,0,0
"LBR","Liberia",2019,1,TRUE,31,NA,NA,NA,NA,NA,NA,NA,NA,1,NA,NA,31,FALSE,117.244195476228,1.05989395313846,NA,NA
"LBR","Liberia",2021,1,TRUE,9,NA,NA,NA,NA,NA,NA,NA,NA,1,NA,NA,NA,FALSE,124.266413825838,1,NA,NA
"LBR","Liberia",2022,11,TRUE,79,NA,NA,NA,NA,NA,NA,NA,NA,11,NA,NA,NA,FALSE,134.21120616846,0.92590192259997,NA,NA
"LBR","Liberia",2023,3,TRUE,35,NA,NA,NA,NA,NA,NA,NA,NA,3,NA,NA,NA,FALSE,139.73579356326,0.889295510169921,NA,NA
"LBR","Liberia",2024,6,TRUE,54,NA,NA,NA,NA,NA,NA,NA,NA,6,NA,NA,NA,FALSE,143.857336014608,0.863817009743732,NA,NA
"LBR","Liberia",2025,6,FALSE,45,NA,NA,NA,NA,NA,NA,NA,NA,NA,NA,NA,NA,FALSE,143.857336014608,0.863817009743732,NA,NA
"LBY","Libya",2016,17,TRUE,179,NA,NA,NA,NA,NA,NA,NA,NA,17,NA,NA,179,FALSE,110.06700893427,1.12900691159917,NA,NA
"LBY","Libya",2017,22,TRUE,295,NA,NA,NA,NA,NA,NA,NA,NA,22,NA,NA,295,FALSE,112.411557302308,1.10545941011785,NA,NA
"LBY","Libya",2018,27,TRUE,321,NA,NA,NA,NA,NA,NA,NA,NA,27,NA,NA,321,FALSE,115.157303224791,1.07910145814431,NA,NA
"LBY","Libya",2019,27,TRUE,651,NA,NA,NA,NA,NA,NA,NA,NA,27,NA,NA,651,FALSE,117.244195476228,1.05989395313846,NA,NA
"LBY","Libya",2020,55,TRUE,767,NA,NA,NA,NA,NA,NA,NA,NA,55,NA,NA,767,FALSE,118.690501577198,1.04697858863637,NA,NA
"LBY","Libya",2021,80,TRUE,1499,NA,NA,NA,NA,NA,NA,NA,NA,80,NA,NA,NA,FALSE,124.266413825838,1,NA,NA
"LBY","Libya",2022,100,TRUE,954,NA,NA,NA,NA,NA,NA,NA,NA,100,NA,NA,NA,FALSE,134.21120616846,0.92590192259997,NA,NA
"LBY","Libya",2023,125,TRUE,1256,NA,NA,NA,NA,NA,NA,NA,NA,125,NA,NA,NA,FALSE,139.73579356326,0.889295510169921,NA,NA
"LBY","Libya",2024,106,TRUE,703,NA,NA,NA,NA,NA,NA,NA,NA,106,NA,NA,NA,FALSE,143.857336014608,0.863817009743732,NA,NA
"LBY","Libya",2025,42,FALSE,151,NA,NA,NA,NA,NA,NA,NA,NA,NA,NA,NA,NA,FALSE,143.857336014608,0.863817009743732,NA,NA
"LCA","Saint Lucia",2017,1,TRUE,2,NA,NA,NA,NA,NA,NA,NA,NA,1,NA,NA,2,FALSE,112.411557302308,1.10545941011785,NA,NA
"LCA","Saint Lucia",2023,5,TRUE,124,NA,NA,NA,NA,NA,NA,NA,NA,5,NA,NA,NA,FALSE,139.73579356326,0.889295510169921,NA,NA
"LCA","Saint Lucia",2024,76,TRUE,1070,NA,NA,NA,NA,NA,NA,NA,NA,76,NA,NA,NA,FALSE,143.857336014608,0.863817009743732,NA,NA
"LCA","Saint Lucia",2025,40,FALSE,418,NA,NA,NA,NA,NA,NA,NA,NA,NA,NA,NA,NA,FALSE,143.857336014608,0.863817009743732,NA,NA
"LIE","Liechtenstein",2016,2,TRUE,304,NA,NA,NA,NA,NA,NA,NA,NA,2,NA,NA,304,FALSE,110.06700893427,1.12900691159917,NA,NA
"LIE","Liechtenstein",2017,4,TRUE,365,NA,NA,NA,NA,NA,NA,NA,NA,4,NA,NA,365,FALSE,112.411557302308,1.10545941011785,NA,NA
"LIE","Liechtenstein",2018,11,TRUE,441,NA,NA,NA,NA,NA,NA,NA,NA,11,NA,NA,441,FALSE,115.157303224791,1.07910145814431,NA,NA
"LIE","Liechtenstein",2019,3,TRUE,138,NA,NA,NA,NA,NA,NA,NA,NA,3,NA,NA,138,FALSE,117.244195476228,1.05989395313846,NA,NA
"LIE","Liechtenstein",2020,10,TRUE,384,NA,NA,NA,NA,NA,NA,NA,NA,10,NA,NA,384,FALSE,118.690501577198,1.04697858863637,NA,NA
"LIE","Liechtenstein",2021,10,TRUE,355,NA,NA,NA,NA,NA,NA,NA,NA,10,NA,NA,NA,FALSE,124.266413825838,1,NA,NA
"LIE","Liechtenstein",2022,21,TRUE,1049,NA,NA,NA,NA,NA,NA,NA,NA,21,NA,NA,NA,FALSE,134.21120616846,0.92590192259997,NA,NA
"LIE","Liechtenstein",2023,16,TRUE,799,NA,NA,NA,NA,NA,NA,NA,NA,16,NA,NA,NA,FALSE,139.73579356326,0.889295510169921,NA,NA
"LIE","Liechtenstein",2024,11,TRUE,116,NA,NA,NA,NA,NA,NA,NA,NA,11,NA,NA,NA,FALSE,143.857336014608,0.863817009743732,NA,NA
"LIE","Liechtenstein",2025,6,FALSE,13,NA,NA,NA,NA,NA,NA,NA,NA,NA,NA,NA,NA,FALSE,143.857336014608,0.863817009743732,NA,NA
"LKA","Sri Lanka",2016,124,TRUE,1586,NA,NA,NA,NA,NA,NA,NA,NA,124,NA,NA,1586,FALSE,110.06700893427,1.12900691159917,NA,NA
"LKA","Sri Lanka",2017,178,TRUE,2482,NA,NA,NA,NA,9,TRUE,2,TRUE,178,NA,NA,2482,FALSE,112.411557302308,1.10545941011785,9949134.69106063,2210918.82023569
"LKA","Sri Lanka",2018,240,TRUE,2319,NA,NA,NA,NA,2,TRUE,2,TRUE,240,NA,NA,2319,FALSE,115.157303224791,1.07910145814431,2158202.91628861,2158202.91628861
"LKA","Sri Lanka",2019,275,TRUE,4016,NA,NA,NA,NA,1,TRUE,1,TRUE,275,NA,NA,4016,FALSE,117.244195476228,1.05989395313846,1059893.95313846,1059893.95313846
"LKA","Sri Lanka",2020,409,TRUE,5271,NA,NA,NA,NA,0,TRUE,0,TRUE,409,NA,NA,5271,FALSE,118.690501577198,1.04697858863637,0,0
"LKA","Sri Lanka",2021,552,TRUE,6266,NA,NA,NA,NA,0,TRUE,0,TRUE,552,NA,NA,NA,FALSE,124.266413825838,1,0,0
"LKA","Sri Lanka",2022,556,TRUE,6741,NA,NA,NA,NA,0,TRUE,0,TRUE,556,NA,NA,NA,FALSE,134.21120616846,0.92590192259997,0,0
"LKA","Sri Lanka",2023,591,TRUE,4117,NA,NA,NA,NA,5,TRUE,5,TRUE,591,NA,NA,NA,FALSE,139.73579356326,0.889295510169921,4446477.5508496,4446477.5508496
"LKA","Sri Lanka",2024,628,TRUE,3350,NA,NA,NA,NA,11,TRUE,11,TRUE,628,NA,NA,NA,FALSE,143.857336014608,0.863817009743732,9501987.10718105,9501987.10718105
"LKA","Sri Lanka",2025,291,FALSE,616,NA,NA,NA,NA,5,TRUE,5,TRUE,NA,NA,NA,NA,FALSE,143.857336014608,0.863817009743732,4319085.04871866,4319085.04871866
"LSO","Lesotho",2017,1,TRUE,28,NA,NA,NA,NA,NA,NA,NA,NA,1,NA,NA,28,FALSE,112.411557302308,1.10545941011785,NA,NA
"LSO","Lesotho",2019,1,TRUE,39,NA,NA,NA,NA,NA,NA,NA,NA,1,NA,NA,39,FALSE,117.244195476228,1.05989395313846,NA,NA
"LSO","Lesotho",2021,2,TRUE,8,NA,NA,NA,NA,NA,NA,NA,NA,2,NA,NA,NA,FALSE,124.266413825838,1,NA,NA
"LSO","Lesotho",2022,1,TRUE,3,NA,NA,NA,NA,NA,NA,NA,NA,1,NA,NA,NA,FALSE,134.21120616846,0.92590192259997,NA,NA
"LSO","Lesotho",2023,2,TRUE,3,NA,NA,NA,NA,NA,NA,NA,NA,2,NA,NA,NA,FALSE,139.73579356326,0.889295510169921,NA,NA
"LSO","Lesotho",2024,4,TRUE,32,NA,NA,NA,NA,NA,NA,NA,NA,4,NA,NA,NA,FALSE,143.857336014608,0.863817009743732,NA,NA
"LTU","Lithuania",2016,92,TRUE,1867,3,TRUE,3,TRUE,0,TRUE,0,TRUE,92,3,3,1867,FALSE,110.06700893427,1.12900691159917,0,0
"LTU","Lithuania",2017,106,TRUE,3171,4,TRUE,4,TRUE,1,TRUE,0,TRUE,106,4,4,3171,FALSE,112.411557302308,1.10545941011785,1105459.41011785,0
"LTU","Lithuania",2018,113,TRUE,2811,11,TRUE,10,TRUE,5,TRUE,2,TRUE,113,11,10,2811,FALSE,115.157303224791,1.07910145814431,5395507.29072153,2158202.91628861
"LTU","Lithuania",2019,142,TRUE,3493,3,TRUE,3,TRUE,8,TRUE,5,TRUE,142,3,3,3493,FALSE,117.244195476228,1.05989395313846,8479151.6251077,5299469.76569232
"LTU","Lithuania",2020,180,TRUE,6229,5,TRUE,4,FALSE,7,TRUE,2,TRUE,180,5,NA,6229,FALSE,118.690501577198,1.04697858863637,7328850.12045461,2093957.17727275
"LTU","Lithuania",2021,245,TRUE,7509,1,TRUE,1,FALSE,9,TRUE,7,TRUE,245,1,NA,NA,FALSE,124.266413825838,1,9000000,7000000
"LTU","Lithuania",2022,245,TRUE,5686,1,FALSE,1,FALSE,4,TRUE,1,TRUE,245,NA,NA,NA,FALSE,134.21120616846,0.92590192259997,3703607.69039988,925901.92259997
"LTU","Lithuania",2023,275,TRUE,4684,NA,NA,NA,NA,10,TRUE,8,TRUE,275,NA,NA,NA,FALSE,139.73579356326,0.889295510169921,8892955.1016992,7114364.08135937
"LTU","Lithuania",2024,298,TRUE,3486,NA,NA,NA,NA,330,TRUE,325,TRUE,298,NA,NA,NA,FALSE,143.857336014608,0.863817009743732,285059613.215432,280740528.166713
"LTU","Lithuania",2025,164,FALSE,810,NA,NA,NA,NA,86,TRUE,76,TRUE,NA,NA,NA,NA,FALSE,143.857336014608,0.863817009743732,74288262.837961,65650092.7405237
"LTU","Lithuania",2026,NA,NA,NA,NA,NA,NA,NA,148,FALSE,146,FALSE,NA,NA,NA,NA,FALSE,143.857336014608,0.863817009743732,NA,NA
"LUX","Luxembourg",2016,128,TRUE,3333,4,TRUE,3,TRUE,0,TRUE,0,TRUE,128,4,3,3333,FALSE,110.06700893427,1.12900691159917,0,0
"LUX","Luxembourg",2017,139,TRUE,3391,3,TRUE,3,TRUE,2,TRUE,2,TRUE,139,3,3,3391,FALSE,112.411557302308,1.10545941011785,2210918.82023569,2210918.82023569
"LUX","Luxembourg",2018,169,TRUE,4510,9,TRUE,9,TRUE,8,TRUE,8,TRUE,169,9,9,4510,FALSE,115.157303224791,1.07910145814431,8632811.66515445,8632811.66515445
"LUX","Luxembourg",2019,160,TRUE,4845,10,TRUE,10,TRUE,2,TRUE,2,TRUE,160,10,10,4845,FALSE,117.244195476228,1.05989395313846,2119787.90627693,2119787.90627693
"LUX","Luxembourg",2020,220,TRUE,5108,14,TRUE,13,FALSE,14,TRUE,13,TRUE,220,14,NA,5108,FALSE,118.690501577198,1.04697858863637,14657700.2409092,13610721.6522729
"LUX","Luxembourg",2021,236,TRUE,7031,37,TRUE,36,FALSE,394,TRUE,114,TRUE,236,37,NA,NA,FALSE,124.266413825838,1,394000000,114000000
"LUX","Luxembourg",2022,236,TRUE,5407,77,FALSE,77,FALSE,7,TRUE,7,TRUE,236,NA,NA,NA,FALSE,134.21120616846,0.92590192259997,6481313.45819979,6481313.45819979
"LUX","Luxembourg",2023,327,TRUE,4159,95,FALSE,94,FALSE,5,TRUE,5,TRUE,327,NA,NA,NA,FALSE,139.73579356326,0.889295510169921,4446477.5508496,4446477.5508496
"LUX","Luxembourg",2024,296,TRUE,3318,184,FALSE,184,FALSE,64,TRUE,64,TRUE,296,NA,NA,NA,FALSE,143.857336014608,0.863817009743732,55284288.6235989,55284288.6235989
"LUX","Luxembourg",2025,138,FALSE,548,184,FALSE,184,FALSE,9,TRUE,7,TRUE,NA,NA,NA,NA,FALSE,143.857336014608,0.863817009743732,7774353.08769359,6046719.06820613
"LUX","Luxembourg",2026,NA,NA,NA,NA,NA,NA,NA,36,FALSE,29,FALSE,NA,NA,NA,NA,FALSE,143.857336014608,0.863817009743732,NA,NA
"LVA","Latvia",2016,42,TRUE,284,NA,NA,NA,NA,0,TRUE,0,TRUE,42,NA,NA,284,FALSE,110.06700893427,1.12900691159917,0,0
"LVA","Latvia",2017,71,TRUE,792,1,TRUE,NA,NA,4,TRUE,1,TRUE,71,1,NA,792,FALSE,112.411557302308,1.10545941011785,4421837.64047139,1105459.41011785
"LVA","Latvia",2018,64,TRUE,505,NA,NA,NA,NA,10,TRUE,10,TRUE,64,NA,NA,505,FALSE,115.157303224791,1.07910145814431,10791014.5814431,10791014.5814431
"LVA","Latvia",2019,87,TRUE,597,NA,NA,NA,NA,2,TRUE,2,TRUE,87,NA,NA,597,FALSE,117.244195476228,1.05989395313846,2119787.90627693,2119787.90627693
"LVA","Latvia",2020,128,TRUE,1300,1,TRUE,1,FALSE,4,TRUE,4,TRUE,128,1,NA,1300,FALSE,118.690501577198,1.04697858863637,4187914.35454549,4187914.35454549
"LVA","Latvia",2021,109,TRUE,1971,NA,NA,NA,NA,1,TRUE,1,TRUE,109,NA,NA,NA,FALSE,124.266413825838,1,1000000,1000000
"LVA","Latvia",2022,115,TRUE,2014,NA,NA,NA,NA,1,TRUE,1,TRUE,115,NA,NA,NA,FALSE,134.21120616846,0.92590192259997,925901.92259997,925901.92259997
"LVA","Latvia",2023,126,TRUE,1479,NA,NA,NA,NA,1,TRUE,1,TRUE,126,NA,NA,NA,FALSE,139.73579356326,0.889295510169921,889295.510169921,889295.510169921
"LVA","Latvia",2024,116,TRUE,1014,NA,NA,NA,NA,4,TRUE,2,TRUE,116,NA,NA,NA,FALSE,143.857336014608,0.863817009743732,3455268.03897493,1727634.01948746
"LVA","Latvia",2025,90,FALSE,381,NA,NA,NA,NA,2,TRUE,2,TRUE,NA,NA,NA,NA,FALSE,143.857336014608,0.863817009743732,1727634.01948746,1727634.01948746
"LVA","Latvia",2026,1,FALSE,NA,NA,NA,NA,NA,1,FALSE,0,FALSE,NA,NA,NA,NA,FALSE,143.857336014608,0.863817009743732,NA,NA
"MAR","Morocco",2016,485,TRUE,6908,3,TRUE,1,TRUE,NA,NA,NA,NA,485,3,1,6908,FALSE,110.06700893427,1.12900691159917,NA,NA
"MAR","Morocco",2017,602,TRUE,6998,5,TRUE,2,TRUE,NA,NA,NA,NA,602,5,2,6998,FALSE,112.411557302308,1.10545941011785,NA,NA
"MAR","Morocco",2018,671,TRUE,17634,7,TRUE,4,TRUE,NA,NA,NA,NA,671,7,4,17634,FALSE,115.157303224791,1.07910145814431,NA,NA
"MAR","Morocco",2019,722,TRUE,12055,7,TRUE,5,TRUE,NA,NA,NA,NA,722,7,5,12055,FALSE,117.244195476228,1.05989395313846,NA,NA
"MAR","Morocco",2020,920,TRUE,13916,2,TRUE,2,FALSE,1,TRUE,NA,NA,920,2,NA,13916,FALSE,118.690501577198,1.04697858863637,1046978.58863637,NA
"MAR","Morocco",2021,1025,TRUE,18800,2,TRUE,1,FALSE,NA,NA,NA,NA,1025,2,NA,NA,FALSE,124.266413825838,1,NA,NA
"MAR","Morocco",2022,1046,TRUE,14803,6,FALSE,4,FALSE,1,TRUE,0,TRUE,1046,NA,NA,NA,FALSE,134.21120616846,0.92590192259997,925901.92259997,0
"MAR","Morocco",2023,1320,TRUE,15618,13,FALSE,11,FALSE,NA,NA,NA,NA,1320,NA,NA,NA,FALSE,139.73579356326,0.889295510169921,NA,NA
"MAR","Morocco",2024,1517,TRUE,12890,12,FALSE,10,FALSE,4,TRUE,1,TRUE,1517,NA,NA,NA,FALSE,143.857336014608,0.863817009743732,3455268.03897493,863817.009743732
"MAR","Morocco",2025,738,FALSE,2242,NA,NA,NA,NA,NA,NA,NA,NA,NA,NA,NA,NA,FALSE,143.857336014608,0.863817009743732,NA,NA
"MAR","Morocco",2026,NA,NA,NA,NA,NA,NA,NA,0,FALSE,0,FALSE,NA,NA,NA,NA,FALSE,143.857336014608,0.863817009743732,NA,NA
"MCO","Monaco",2017,2,TRUE,17,NA,NA,NA,NA,NA,NA,NA,NA,2,NA,NA,17,FALSE,112.411557302308,1.10545941011785,NA,NA
"MCO","Monaco",2018,1,TRUE,12,NA,NA,NA,NA,NA,NA,NA,NA,1,NA,NA,12,FALSE,115.157303224791,1.07910145814431,NA,NA
"MCO","Monaco",2019,1,TRUE,97,NA,NA,NA,NA,NA,NA,NA,NA,1,NA,NA,97,FALSE,117.244195476228,1.05989395313846,NA,NA
"MCO","Monaco",2020,2,TRUE,220,NA,NA,NA,NA,NA,NA,NA,NA,2,NA,NA,220,FALSE,118.690501577198,1.04697858863637,NA,NA
"MCO","Monaco",2021,2,TRUE,65,NA,NA,NA,NA,NA,NA,NA,NA,2,NA,NA,NA,FALSE,124.266413825838,1,NA,NA
"MCO","Monaco",2022,1,TRUE,29,NA,NA,NA,NA,NA,NA,NA,NA,1,NA,NA,NA,FALSE,134.21120616846,0.92590192259997,NA,NA
"MCO","Monaco",2023,1,TRUE,NA,NA,NA,NA,NA,NA,NA,NA,NA,1,NA,NA,NA,FALSE,139.73579356326,0.889295510169921,NA,NA
"MCO","Monaco",2024,1,TRUE,19,NA,NA,NA,NA,NA,NA,NA,NA,1,NA,NA,NA,FALSE,143.857336014608,0.863817009743732,NA,NA
"MCO","Monaco",2025,2,FALSE,7,NA,NA,NA,NA,NA,NA,NA,NA,NA,NA,NA,NA,FALSE,143.857336014608,0.863817009743732,NA,NA
"MDA","Moldova",2016,6,TRUE,102,NA,NA,NA,NA,NA,NA,NA,NA,6,NA,NA,102,FALSE,110.06700893427,1.12900691159917,NA,NA
"MDA","Moldova",2017,8,TRUE,147,NA,NA,NA,NA,NA,NA,NA,NA,8,NA,NA,147,FALSE,112.411557302308,1.10545941011785,NA,NA
"MDA","Moldova",2018,6,TRUE,161,NA,NA,NA,NA,NA,NA,NA,NA,6,NA,NA,161,FALSE,115.157303224791,1.07910145814431,NA,NA
"MDA","Moldova",2019,5,TRUE,5,NA,NA,NA,NA,NA,NA,NA,NA,5,NA,NA,5,FALSE,117.244195476228,1.05989395313846,NA,NA
"MDA","Moldova",2020,16,TRUE,62,NA,NA,NA,NA,NA,NA,NA,NA,16,NA,NA,62,FALSE,118.690501577198,1.04697858863637,NA,NA
"MDA","Moldova",2021,13,TRUE,32,1,TRUE,NA,NA,NA,NA,NA,NA,13,1,NA,NA,FALSE,124.266413825838,1,NA,NA
"MDA","Moldova",2022,26,TRUE,26,NA,NA,NA,NA,NA,NA,NA,NA,26,NA,NA,NA,FALSE,134.21120616846,0.92590192259997,NA,NA
"MDA","Moldova",2023,16,TRUE,71,NA,NA,NA,NA,NA,NA,NA,NA,16,NA,NA,NA,FALSE,139.73579356326,0.889295510169921,NA,NA
"MDA","Moldova",2024,17,TRUE,115,NA,NA,NA,NA,NA,NA,NA,NA,17,NA,NA,NA,FALSE,143.857336014608,0.863817009743732,NA,NA
"MDA","Moldova",2025,9,FALSE,19,NA,NA,NA,NA,0,TRUE,0,TRUE,NA,NA,NA,NA,FALSE,143.857336014608,0.863817009743732,0,0
"MDG","Madagascar",2016,1,TRUE,10,NA,NA,NA,NA,NA,NA,NA,NA,1,NA,NA,10,FALSE,110.06700893427,1.12900691159917,NA,NA
"MDG","Madagascar",2017,2,TRUE,215,NA,NA,NA,NA,NA,NA,NA,NA,2,NA,NA,215,FALSE,112.411557302308,1.10545941011785,NA,NA
"MDG","Madagascar",2018,3,TRUE,130,NA,NA,NA,NA,NA,NA,NA,NA,3,NA,NA,130,FALSE,115.157303224791,1.07910145814431,NA,NA
"MDG","Madagascar",2019,11,TRUE,87,NA,NA,NA,NA,6,TRUE,NA,NA,11,NA,NA,87,FALSE,117.244195476228,1.05989395313846,6359363.71883078,NA
"MDG","Madagascar",2020,10,TRUE,343,NA,NA,NA,NA,NA,NA,NA,NA,10,NA,NA,343,FALSE,118.690501577198,1.04697858863637,NA,NA
"MDG","Madagascar",2021,15,TRUE,67,NA,NA,NA,NA,NA,NA,NA,NA,15,NA,NA,NA,FALSE,124.266413825838,1,NA,NA
"MDG","Madagascar",2022,6,TRUE,64,NA,NA,NA,NA,NA,NA,NA,NA,6,NA,NA,NA,FALSE,134.21120616846,0.92590192259997,NA,NA
"MDG","Madagascar",2023,14,TRUE,76,NA,NA,NA,NA,NA,NA,NA,NA,14,NA,NA,NA,FALSE,139.73579356326,0.889295510169921,NA,NA
"MDG","Madagascar",2024,13,TRUE,53,NA,NA,NA,NA,NA,NA,NA,NA,13,NA,NA,NA,FALSE,143.857336014608,0.863817009743732,NA,NA
"MDG","Madagascar",2025,8,FALSE,14,NA,NA,NA,NA,NA,NA,NA,NA,NA,NA,NA,NA,FALSE,143.857336014608,0.863817009743732,NA,NA
"MDV","Maldives",2017,1,TRUE,4,NA,NA,NA,NA,NA,NA,NA,NA,1,NA,NA,4,FALSE,112.411557302308,1.10545941011785,NA,NA
"MDV","Maldives",2018,1,TRUE,25,NA,NA,NA,NA,NA,NA,NA,NA,1,NA,NA,25,FALSE,115.157303224791,1.07910145814431,NA,NA
"MDV","Maldives",2019,2,TRUE,196,NA,NA,NA,NA,NA,NA,NA,NA,2,NA,NA,196,FALSE,117.244195476228,1.05989395313846,NA,NA
"MDV","Maldives",2020,4,TRUE,80,NA,NA,NA,NA,NA,NA,NA,NA,4,NA,NA,80,FALSE,118.690501577198,1.04697858863637,NA,NA
"MDV","Maldives",2021,1,TRUE,5,NA,NA,NA,NA,NA,NA,NA,NA,1,NA,NA,NA,FALSE,124.266413825838,1,NA,NA
"MDV","Maldives",2022,6,TRUE,115,NA,NA,NA,NA,NA,NA,NA,NA,6,NA,NA,NA,FALSE,134.21120616846,0.92590192259997,NA,NA
"MDV","Maldives",2023,5,TRUE,165,NA,NA,NA,NA,NA,NA,NA,NA,5,NA,NA,NA,FALSE,139.73579356326,0.889295510169921,NA,NA
"MDV","Maldives",2024,4,TRUE,270,NA,NA,NA,NA,NA,NA,NA,NA,4,NA,NA,NA,FALSE,143.857336014608,0.863817009743732,NA,NA
"MDV","Maldives",2025,27,FALSE,10,NA,NA,NA,NA,NA,NA,NA,NA,NA,NA,NA,NA,FALSE,143.857336014608,0.863817009743732,NA,NA
"MEX","Mexico",2016,945,TRUE,13272,46,TRUE,34,TRUE,17,TRUE,10,TRUE,945,46,34,13272,FALSE,110.06700893427,1.12900691159917,19193117.4971858,11290069.1159917
"MEX","Mexico",2017,907,TRUE,19291,68,TRUE,55,TRUE,23,TRUE,6,TRUE,907,68,55,19291,FALSE,112.411557302308,1.10545941011785,25425566.4327105,6632756.46070708
"MEX","Mexico",2018,1174,TRUE,15989,93,TRUE,76,TRUE,8,TRUE,0,TRUE,1174,93,76,15989,FALSE,115.157303224791,1.07910145814431,8632811.66515445,0
"MEX","Mexico",2019,1330,TRUE,20554,111,TRUE,88,TRUE,140,TRUE,130,TRUE,1330,111,88,20554,FALSE,117.244195476228,1.05989395313846,148385153.439385,137786213.908
"MEX","Mexico",2020,1361,TRUE,25022,139,TRUE,95,FALSE,59,TRUE,34,TRUE,1361,139,NA,25022,FALSE,118.690501577198,1.04697858863637,61771736.729546,35597272.0136367
"MEX","Mexico",2021,1460,TRUE,20863,145,TRUE,73,FALSE,224,TRUE,162,TRUE,1460,145,NA,NA,FALSE,124.266413825838,1,224000000,162000000
"MEX","Mexico",2022,1241,TRUE,15890,32,FALSE,7,FALSE,351,TRUE,298,TRUE,1241,NA,NA,NA,FALSE,134.21120616846,0.92590192259997,324991574.832589,275918772.934791
"MEX","Mexico",2023,1356,TRUE,17649,17,FALSE,NA,NA,229,TRUE,133,TRUE,1356,NA,NA,NA,FALSE,139.73579356326,0.889295510169921,203648671.828912,118276302.852599
"MEX","Mexico",2024,1406,TRUE,8626,17,FALSE,NA,NA,205,TRUE,62,TRUE,1406,NA,NA,NA,FALSE,143.857336014608,0.863817009743732,177082486.997465,53556654.6041114
"MEX","Mexico",2025,845,FALSE,2788,16,FALSE,NA,NA,295,TRUE,170,TRUE,NA,NA,NA,NA,FALSE,143.857336014608,0.863817009743732,254826017.874401,146848891.656434
"MEX","Mexico",2026,24,FALSE,15,NA,NA,NA,NA,580,FALSE,192,FALSE,NA,NA,NA,NA,FALSE,143.857336014608,0.863817009743732,NA,NA
"MHL","Marshall Islands",2017,1,TRUE,8,NA,NA,NA,NA,NA,NA,NA,NA,1,NA,NA,8,FALSE,112.411557302308,1.10545941011785,NA,NA
"MKD","North Macedonia",2016,48,TRUE,646,NA,NA,NA,NA,NA,NA,NA,NA,48,NA,NA,646,FALSE,110.06700893427,1.12900691159917,NA,NA
"MKD","North Macedonia",2017,71,TRUE,1129,NA,NA,NA,NA,NA,NA,NA,NA,71,NA,NA,1129,FALSE,112.411557302308,1.10545941011785,NA,NA
"MKD","North Macedonia",2018,69,TRUE,1534,NA,NA,NA,NA,NA,NA,NA,NA,69,NA,NA,1534,FALSE,115.157303224791,1.07910145814431,NA,NA
"MKD","North Macedonia",2019,68,TRUE,1146,NA,NA,NA,NA,NA,NA,NA,NA,68,NA,NA,1146,FALSE,117.244195476228,1.05989395313846,NA,NA
"MKD","North Macedonia",2020,91,TRUE,1930,NA,NA,NA,NA,NA,NA,NA,NA,91,NA,NA,1930,FALSE,118.690501577198,1.04697858863637,NA,NA
"MKD","North Macedonia",2021,84,TRUE,1577,NA,NA,NA,NA,NA,NA,NA,NA,84,NA,NA,NA,FALSE,124.266413825838,1,NA,NA
"MKD","North Macedonia",2022,104,TRUE,1368,NA,NA,NA,NA,1,TRUE,1,TRUE,104,NA,NA,NA,FALSE,134.21120616846,0.92590192259997,925901.92259997,925901.92259997
"MKD","North Macedonia",2023,116,TRUE,1373,NA,NA,NA,NA,NA,NA,NA,NA,116,NA,NA,NA,FALSE,139.73579356326,0.889295510169921,NA,NA
"MKD","North Macedonia",2024,102,TRUE,778,NA,NA,NA,NA,0,TRUE,0,TRUE,102,NA,NA,NA,FALSE,143.857336014608,0.863817009743732,0,0
"MKD","North Macedonia",2025,59,FALSE,157,NA,NA,NA,NA,NA,NA,NA,NA,NA,NA,NA,NA,FALSE,143.857336014608,0.863817009743732,NA,NA
"MLI","Mali",2016,3,TRUE,59,NA,NA,NA,NA,NA,NA,NA,NA,3,NA,NA,59,FALSE,110.06700893427,1.12900691159917,NA,NA
"MLI","Mali",2017,5,TRUE,19,NA,NA,NA,NA,NA,NA,NA,NA,5,NA,NA,19,FALSE,112.411557302308,1.10545941011785,NA,NA
"MLI","Mali",2018,3,TRUE,457,NA,NA,NA,NA,NA,NA,NA,NA,3,NA,NA,457,FALSE,115.157303224791,1.07910145814431,NA,NA
"MLI","Mali",2019,2,TRUE,10,NA,NA,NA,NA,NA,NA,NA,NA,2,NA,NA,10,FALSE,117.244195476228,1.05989395313846,NA,NA
"MLI","Mali",2020,4,TRUE,37,NA,NA,NA,NA,NA,NA,NA,NA,4,NA,NA,37,FALSE,118.690501577198,1.04697858863637,NA,NA
"MLI","Mali",2021,3,TRUE,8,NA,NA,NA,NA,NA,NA,NA,NA,3,NA,NA,NA,FALSE,124.266413825838,1,NA,NA
"MLI","Mali",2022,10,TRUE,267,NA,NA,NA,NA,NA,NA,NA,NA,10,NA,NA,NA,FALSE,134.21120616846,0.92590192259997,NA,NA
"MLI","Mali",2023,5,TRUE,62,NA,NA,NA,NA,NA,NA,NA,NA,5,NA,NA,NA,FALSE,139.73579356326,0.889295510169921,NA,NA
"MLI","Mali",2024,3,TRUE,9,NA,NA,NA,NA,NA,NA,NA,NA,3,NA,NA,NA,FALSE,143.857336014608,0.863817009743732,NA,NA
"MLI","Mali",2025,2,FALSE,8,NA,NA,NA,NA,NA,NA,NA,NA,NA,NA,NA,NA,FALSE,143.857336014608,0.863817009743732,NA,NA
"MLT","Malta",2016,60,TRUE,1309,NA,NA,NA,NA,NA,NA,NA,NA,60,NA,NA,1309,FALSE,110.06700893427,1.12900691159917,NA,NA
"MLT","Malta",2017,62,TRUE,2107,NA,NA,NA,NA,1,TRUE,1,TRUE,62,NA,NA,2107,FALSE,112.411557302308,1.10545941011785,1105459.41011785,1105459.41011785
"MLT","Malta",2018,54,TRUE,1887,NA,NA,NA,NA,0,TRUE,0,TRUE,54,NA,NA,1887,FALSE,115.157303224791,1.07910145814431,0,0
"MLT","Malta",2019,63,TRUE,1175,NA,NA,NA,NA,NA,NA,NA,NA,63,NA,NA,1175,FALSE,117.244195476228,1.05989395313846,NA,NA
"MLT","Malta",2020,73,TRUE,2431,NA,NA,NA,NA,38,TRUE,2,TRUE,73,NA,NA,2431,FALSE,118.690501577198,1.04697858863637,39785186.3681822,2093957.17727275
"MLT","Malta",2021,98,TRUE,1895,NA,NA,NA,NA,5,TRUE,NA,NA,98,NA,NA,NA,FALSE,124.266413825838,1,5000000,NA
"MLT","Malta",2022,84,TRUE,841,NA,NA,NA,NA,2,TRUE,2,TRUE,84,NA,NA,NA,FALSE,134.21120616846,0.92590192259997,1851803.84519994,1851803.84519994
"MLT","Malta",2023,91,TRUE,788,NA,NA,NA,NA,0,TRUE,0,TRUE,91,NA,NA,NA,FALSE,139.73579356326,0.889295510169921,0,0
"MLT","Malta",2024,86,TRUE,954,NA,NA,NA,NA,NA,NA,NA,NA,86,NA,NA,NA,FALSE,143.857336014608,0.863817009743732,NA,NA
"MLT","Malta",2025,49,FALSE,352,NA,NA,NA,NA,2693,TRUE,0,TRUE,NA,NA,NA,NA,FALSE,143.857336014608,0.863817009743732,2326259207.23987,0
"MMR","Myanmar",2016,19,TRUE,346,NA,NA,NA,NA,NA,NA,NA,NA,19,NA,NA,346,FALSE,110.06700893427,1.12900691159917,NA,NA
"MMR","Myanmar",2017,46,TRUE,600,NA,NA,NA,NA,NA,NA,NA,NA,46,NA,NA,600,FALSE,112.411557302308,1.10545941011785,NA,NA
"MMR","Myanmar",2018,105,TRUE,1128,NA,NA,NA,NA,NA,NA,NA,NA,105,NA,NA,1128,FALSE,115.157303224791,1.07910145814431,NA,NA
"MMR","Myanmar",2019,132,TRUE,824,NA,NA,NA,NA,NA,NA,NA,NA,132,NA,NA,824,FALSE,117.244195476228,1.05989395313846,NA,NA
"MMR","Myanmar",2020,138,TRUE,2011,NA,NA,NA,NA,NA,NA,NA,NA,138,NA,NA,2011,FALSE,118.690501577198,1.04697858863637,NA,NA
"MMR","Myanmar",2021,54,TRUE,858,NA,NA,NA,NA,NA,NA,NA,NA,54,NA,NA,NA,FALSE,124.266413825838,1,NA,NA
"MMR","Myanmar",2022,27,TRUE,428,NA,NA,NA,NA,NA,NA,NA,NA,27,NA,NA,NA,FALSE,134.21120616846,0.92590192259997,NA,NA
"MMR","Myanmar",2023,72,TRUE,292,NA,NA,NA,NA,NA,NA,NA,NA,72,NA,NA,NA,FALSE,139.73579356326,0.889295510169921,NA,NA
"MMR","Myanmar",2024,102,TRUE,298,NA,NA,NA,NA,NA,NA,NA,NA,102,NA,NA,NA,FALSE,143.857336014608,0.863817009743732,NA,NA
"MMR","Myanmar",2025,25,FALSE,26,NA,NA,NA,NA,NA,NA,NA,NA,NA,NA,NA,NA,FALSE,143.857336014608,0.863817009743732,NA,NA
"MNE","Montenegro",2016,13,TRUE,191,NA,NA,NA,NA,NA,NA,NA,NA,13,NA,NA,191,FALSE,110.06700893427,1.12900691159917,NA,NA
"MNE","Montenegro",2017,10,TRUE,168,NA,NA,NA,NA,NA,NA,NA,NA,10,NA,NA,168,FALSE,112.411557302308,1.10545941011785,NA,NA
"MNE","Montenegro",2018,16,TRUE,153,NA,NA,NA,NA,NA,NA,NA,NA,16,NA,NA,153,FALSE,115.157303224791,1.07910145814431,NA,NA
"MNE","Montenegro",2019,14,TRUE,71,NA,NA,NA,NA,NA,NA,NA,NA,14,NA,NA,71,FALSE,117.244195476228,1.05989395313846,NA,NA
"MNE","Montenegro",2020,32,TRUE,545,NA,NA,NA,NA,NA,NA,NA,NA,32,NA,NA,545,FALSE,118.690501577198,1.04697858863637,NA,NA
"MNE","Montenegro",2021,32,TRUE,421,NA,NA,NA,NA,NA,NA,NA,NA,32,NA,NA,NA,FALSE,124.266413825838,1,NA,NA
"MNE","Montenegro",2022,33,TRUE,352,NA,NA,NA,NA,NA,NA,NA,NA,33,NA,NA,NA,FALSE,134.21120616846,0.92590192259997,NA,NA
"MNE","Montenegro",2023,35,TRUE,210,NA,NA,NA,NA,NA,NA,NA,NA,35,NA,NA,NA,FALSE,139.73579356326,0.889295510169921,NA,NA
"MNE","Montenegro",2024,43,TRUE,385,NA,NA,NA,NA,NA,NA,NA,NA,43,NA,NA,NA,FALSE,143.857336014608,0.863817009743732,NA,NA
"MNE","Montenegro",2025,27,FALSE,144,NA,NA,NA,NA,NA,NA,NA,NA,NA,NA,NA,NA,FALSE,143.857336014608,0.863817009743732,NA,NA
"MNG","Mongolia",2016,7,TRUE,49,NA,NA,NA,NA,NA,NA,NA,NA,7,NA,NA,49,FALSE,110.06700893427,1.12900691159917,NA,NA
"MNG","Mongolia",2017,12,TRUE,111,NA,NA,NA,NA,NA,NA,NA,NA,12,NA,NA,111,FALSE,112.411557302308,1.10545941011785,NA,NA
"MNG","Mongolia",2018,9,TRUE,40,NA,NA,NA,NA,0,TRUE,0,TRUE,9,NA,NA,40,FALSE,115.157303224791,1.07910145814431,0,0
"MNG","Mongolia",2019,15,TRUE,320,NA,NA,NA,NA,0,TRUE,0,TRUE,15,NA,NA,320,FALSE,117.244195476228,1.05989395313846,0,0
"MNG","Mongolia",2020,15,TRUE,200,NA,NA,NA,NA,NA,NA,NA,NA,15,NA,NA,200,FALSE,118.690501577198,1.04697858863637,NA,NA
"MNG","Mongolia",2021,36,TRUE,389,NA,NA,NA,NA,0,TRUE,0,TRUE,36,NA,NA,NA,FALSE,124.266413825838,1,0,0
"MNG","Mongolia",2022,46,TRUE,603,NA,NA,NA,NA,0,TRUE,0,TRUE,46,NA,NA,NA,FALSE,134.21120616846,0.92590192259997,0,0
"MNG","Mongolia",2023,30,TRUE,282,NA,NA,NA,NA,NA,NA,NA,NA,30,NA,NA,NA,FALSE,139.73579356326,0.889295510169921,NA,NA
"MNG","Mongolia",2024,42,TRUE,248,NA,NA,NA,NA,NA,NA,NA,NA,42,NA,NA,NA,FALSE,143.857336014608,0.863817009743732,NA,NA
"MNG","Mongolia",2025,32,FALSE,96,NA,NA,NA,NA,4,TRUE,4,TRUE,NA,NA,NA,NA,FALSE,143.857336014608,0.863817009743732,3455268.03897493,3455268.03897493
"MOZ","Mozambique",2016,2,TRUE,1,NA,NA,NA,NA,NA,NA,NA,NA,2,NA,NA,1,FALSE,110.06700893427,1.12900691159917,NA,NA
"MOZ","Mozambique",2018,1,TRUE,28,NA,NA,NA,NA,NA,NA,NA,NA,1,NA,NA,28,FALSE,115.157303224791,1.07910145814431,NA,NA
"MOZ","Mozambique",2019,5,TRUE,246,NA,NA,NA,NA,NA,NA,NA,NA,5,NA,NA,246,FALSE,117.244195476228,1.05989395313846,NA,NA
"MOZ","Mozambique",2020,5,TRUE,134,NA,NA,NA,NA,NA,NA,NA,NA,5,NA,NA,134,FALSE,118.690501577198,1.04697858863637,NA,NA
"MOZ","Mozambique",2021,9,TRUE,99,NA,NA,NA,NA,NA,NA,NA,NA,9,NA,NA,NA,FALSE,124.266413825838,1,NA,NA
"MOZ","Mozambique",2022,6,TRUE,150,NA,NA,NA,NA,NA,NA,NA,NA,6,NA,NA,NA,FALSE,134.21120616846,0.92590192259997,NA,NA
"MOZ","Mozambique",2023,16,TRUE,151,NA,NA,NA,NA,NA,NA,NA,NA,16,NA,NA,NA,FALSE,139.73579356326,0.889295510169921,NA,NA
"MOZ","Mozambique",2024,14,TRUE,117,NA,NA,NA,NA,NA,NA,NA,NA,14,NA,NA,NA,FALSE,143.857336014608,0.863817009743732,NA,NA
"MOZ","Mozambique",2025,8,FALSE,29,NA,NA,NA,NA,NA,NA,NA,NA,NA,NA,NA,NA,FALSE,143.857336014608,0.863817009743732,NA,NA
"MRT","Mauritania",2016,2,TRUE,5,NA,NA,NA,NA,NA,NA,NA,NA,2,NA,NA,5,FALSE,110.06700893427,1.12900691159917,NA,NA
"MRT","Mauritania",2017,1,TRUE,NA,NA,NA,NA,NA,NA,NA,NA,NA,1,NA,NA,NA,FALSE,112.411557302308,1.10545941011785,NA,NA
"MRT","Mauritania",2018,1,TRUE,NA,NA,NA,NA,NA,NA,NA,NA,NA,1,NA,NA,NA,FALSE,115.157303224791,1.07910145814431,NA,NA
"MRT","Mauritania",2019,1,TRUE,11,NA,NA,NA,NA,NA,NA,NA,NA,1,NA,NA,11,FALSE,117.244195476228,1.05989395313846,NA,NA
"MRT","Mauritania",2020,2,TRUE,39,NA,NA,NA,NA,NA,NA,NA,NA,2,NA,NA,39,FALSE,118.690501577198,1.04697858863637,NA,NA
"MRT","Mauritania",2021,5,TRUE,22,NA,NA,NA,NA,NA,NA,NA,NA,5,NA,NA,NA,FALSE,124.266413825838,1,NA,NA
"MRT","Mauritania",2022,4,TRUE,13,NA,NA,NA,NA,NA,NA,NA,NA,4,NA,NA,NA,FALSE,134.21120616846,0.92590192259997,NA,NA
"MRT","Mauritania",2023,8,TRUE,66,NA,NA,NA,NA,NA,NA,NA,NA,8,NA,NA,NA,FALSE,139.73579356326,0.889295510169921,NA,NA
"MRT","Mauritania",2024,7,TRUE,18,NA,NA,NA,NA,NA,NA,NA,NA,7,NA,NA,NA,FALSE,143.857336014608,0.863817009743732,NA,NA
"MRT","Mauritania",2025,1,FALSE,NA,NA,NA,NA,NA,NA,NA,NA,NA,NA,NA,NA,NA,FALSE,143.857336014608,0.863817009743732,NA,NA
"MUS","Mauritius",2016,7,TRUE,226,NA,NA,NA,NA,1,TRUE,NA,NA,7,NA,NA,226,FALSE,110.06700893427,1.12900691159917,1129006.91159917,NA
"MUS","Mauritius",2017,9,TRUE,247,NA,NA,NA,NA,NA,NA,NA,NA,9,NA,NA,247,FALSE,112.411557302308,1.10545941011785,NA,NA
"MUS","Mauritius",2018,21,TRUE,212,NA,NA,NA,NA,NA,NA,NA,NA,21,NA,NA,212,FALSE,115.157303224791,1.07910145814431,NA,NA
"MUS","Mauritius",2019,28,TRUE,260,NA,NA,NA,NA,52,TRUE,2,TRUE,28,NA,NA,260,FALSE,117.244195476228,1.05989395313846,55114485.5632001,2119787.90627693
"MUS","Mauritius",2020,26,TRUE,374,NA,NA,NA,NA,4,TRUE,3,TRUE,26,NA,NA,374,FALSE,118.690501577198,1.04697858863637,4187914.35454549,3140935.76590912
"MUS","Mauritius",2021,33,TRUE,409,NA,NA,NA,NA,25,TRUE,21,TRUE,33,NA,NA,NA,FALSE,124.266413825838,1,25000000,21000000
"MUS","Mauritius",2022,42,TRUE,469,NA,NA,NA,NA,60,TRUE,41,TRUE,42,NA,NA,NA,FALSE,134.21120616846,0.92590192259997,55554115.3559982,37961978.8265987
"MUS","Mauritius",2023,49,TRUE,501,NA,NA,NA,NA,NA,NA,NA,NA,49,NA,NA,NA,FALSE,139.73579356326,0.889295510169921,NA,NA
"MUS","Mauritius",2024,47,TRUE,237,NA,NA,NA,NA,NA,NA,NA,NA,47,NA,NA,NA,FALSE,143.857336014608,0.863817009743732,NA,NA
"MUS","Mauritius",2025,16,FALSE,65,NA,NA,NA,NA,0,TRUE,0,TRUE,NA,NA,NA,NA,FALSE,143.857336014608,0.863817009743732,0,0
"MUS","Mauritius",2026,NA,NA,NA,NA,NA,NA,NA,2,FALSE,2,FALSE,NA,NA,NA,NA,FALSE,143.857336014608,0.863817009743732,NA,NA
"MWI","Malawi",2017,1,TRUE,19,NA,NA,NA,NA,NA,NA,NA,NA,1,NA,NA,19,FALSE,112.411557302308,1.10545941011785,NA,NA
"MWI","Malawi",2018,2,TRUE,8,NA,NA,NA,NA,NA,NA,NA,NA,2,NA,NA,8,FALSE,115.157303224791,1.07910145814431,NA,NA
"MWI","Malawi",2019,4,TRUE,89,NA,NA,NA,NA,NA,NA,NA,NA,4,NA,NA,89,FALSE,117.244195476228,1.05989395313846,NA,NA
"MWI","Malawi",2020,4,TRUE,55,NA,NA,NA,NA,NA,NA,NA,NA,4,NA,NA,55,FALSE,118.690501577198,1.04697858863637,NA,NA
"MWI","Malawi",2021,8,TRUE,142,NA,NA,NA,NA,NA,NA,NA,NA,8,NA,NA,NA,FALSE,124.266413825838,1,NA,NA
"MWI","Malawi",2022,15,TRUE,536,NA,NA,NA,NA,NA,NA,NA,NA,15,NA,NA,NA,FALSE,134.21120616846,0.92590192259997,NA,NA
"MWI","Malawi",2023,29,TRUE,537,NA,NA,NA,NA,NA,NA,NA,NA,29,NA,NA,NA,FALSE,139.73579356326,0.889295510169921,NA,NA
"MWI","Malawi",2024,34,TRUE,73,NA,NA,NA,NA,NA,NA,NA,NA,34,NA,NA,NA,FALSE,143.857336014608,0.863817009743732,NA,NA
"MWI","Malawi",2025,18,FALSE,82,NA,NA,NA,NA,NA,NA,NA,NA,NA,NA,NA,NA,FALSE,143.857336014608,0.863817009743732,NA,NA
"MYS","Malaysia",2016,1537,TRUE,26729,14,TRUE,14,TRUE,5,TRUE,0,TRUE,1537,14,14,26729,FALSE,110.06700893427,1.12900691159917,5645034.55799583,0
"MYS","Malaysia",2017,1639,TRUE,35297,32,TRUE,30,TRUE,3,TRUE,1,TRUE,1639,32,30,35297,FALSE,112.411557302308,1.10545941011785,3316378.23035354,1105459.41011785
"MYS","Malaysia",2018,2017,TRUE,54481,26,TRUE,24,TRUE,28,TRUE,23,TRUE,2017,26,24,54481,FALSE,115.157303224791,1.07910145814431,30214840.8280406,24819333.537319
"MYS","Malaysia",2019,2235,TRUE,50698,27,TRUE,26,TRUE,77,TRUE,52,TRUE,2235,27,26,50698,FALSE,117.244195476228,1.05989395313846,81611834.3916617,55114485.5632001
"MYS","Malaysia",2020,2318,TRUE,64448,27,TRUE,27,FALSE,49,TRUE,24,TRUE,2318,27,NA,64448,FALSE,118.690501577198,1.04697858863637,51301950.8431823,25127486.127273
"MYS","Malaysia",2021,3269,TRUE,75038,14,TRUE,14,FALSE,171,TRUE,151,TRUE,3269,14,NA,NA,FALSE,124.266413825838,1,171000000,151000000
"MYS","Malaysia",2022,3357,TRUE,66417,6,FALSE,6,FALSE,91,TRUE,49,TRUE,3357,NA,NA,NA,FALSE,134.21120616846,0.92590192259997,84257074.9565972,45369194.2073985
"MYS","Malaysia",2023,3902,TRUE,54352,NA,NA,NA,NA,85,TRUE,67,TRUE,3902,NA,NA,NA,FALSE,139.73579356326,0.889295510169921,75590118.3644433,59582799.1813847
"MYS","Malaysia",2024,4157,TRUE,34734,NA,NA,NA,NA,46,TRUE,20,TRUE,4157,NA,NA,NA,FALSE,143.857336014608,0.863817009743732,39735582.4482117,17276340.1948746
"MYS","Malaysia",2025,2144,FALSE,9152,NA,NA,NA,NA,59,TRUE,6,TRUE,NA,NA,NA,NA,FALSE,143.857336014608,0.863817009743732,50965203.5748802,5182902.05846239
"MYS","Malaysia",2026,27,FALSE,11,NA,NA,NA,NA,168,FALSE,78,FALSE,NA,NA,NA,NA,FALSE,143.857336014608,0.863817009743732,NA,NA
"NAM","Namibia",2016,7,TRUE,197,NA,NA,NA,NA,NA,NA,NA,NA,7,NA,NA,197,FALSE,110.06700893427,1.12900691159917,NA,NA
"NAM","Namibia",2017,5,TRUE,53,NA,NA,NA,NA,NA,NA,NA,NA,5,NA,NA,53,FALSE,112.411557302308,1.10545941011785,NA,NA
"NAM","Namibia",2018,7,TRUE,35,NA,NA,NA,NA,NA,NA,NA,NA,7,NA,NA,35,FALSE,115.157303224791,1.07910145814431,NA,NA
"NAM","Namibia",2019,2,TRUE,8,NA,NA,NA,NA,NA,NA,NA,NA,2,NA,NA,8,FALSE,117.244195476228,1.05989395313846,NA,NA
"NAM","Namibia",2020,8,TRUE,65,NA,NA,NA,NA,NA,NA,NA,NA,8,NA,NA,65,FALSE,118.690501577198,1.04697858863637,NA,NA
"NAM","Namibia",2021,21,TRUE,513,NA,NA,NA,NA,NA,NA,NA,NA,21,NA,NA,NA,FALSE,124.266413825838,1,NA,NA
"NAM","Namibia",2022,9,TRUE,319,NA,NA,NA,NA,NA,NA,NA,NA,9,NA,NA,NA,FALSE,134.21120616846,0.92590192259997,NA,NA
"NAM","Namibia",2023,26,TRUE,663,NA,NA,NA,NA,NA,NA,NA,NA,26,NA,NA,NA,FALSE,139.73579356326,0.889295510169921,NA,NA
"NAM","Namibia",2024,42,TRUE,333,NA,NA,NA,NA,NA,NA,NA,NA,42,NA,NA,NA,FALSE,143.857336014608,0.863817009743732,NA,NA
"NAM","Namibia",2025,16,FALSE,17,NA,NA,NA,NA,NA,NA,NA,NA,NA,NA,NA,NA,FALSE,143.857336014608,0.863817009743732,NA,NA
"NER","Niger",2016,1,TRUE,1,NA,NA,NA,NA,NA,NA,NA,NA,1,NA,NA,1,FALSE,110.06700893427,1.12900691159917,NA,NA
"NER","Niger",2019,2,TRUE,25,NA,NA,NA,NA,NA,NA,NA,NA,2,NA,NA,25,FALSE,117.244195476228,1.05989395313846,NA,NA
"NER","Niger",2022,5,TRUE,71,NA,NA,NA,NA,NA,NA,NA,NA,5,NA,NA,NA,FALSE,134.21120616846,0.92590192259997,NA,NA
"NER","Niger",2023,3,TRUE,29,NA,NA,NA,NA,NA,NA,NA,NA,3,NA,NA,NA,FALSE,139.73579356326,0.889295510169921,NA,NA
"NER","Niger",2024,5,TRUE,18,NA,NA,NA,NA,NA,NA,NA,NA,5,NA,NA,NA,FALSE,143.857336014608,0.863817009743732,NA,NA
"NER","Niger",2025,5,FALSE,2,NA,NA,NA,NA,NA,NA,NA,NA,NA,NA,NA,NA,FALSE,143.857336014608,0.863817009743732,NA,NA
"NGA","Nigeria",2016,158,TRUE,1192,NA,NA,NA,NA,50,TRUE,NA,NA,158,NA,NA,1192,FALSE,110.06700893427,1.12900691159917,56450345.5799583,NA
"NGA","Nigeria",2017,223,TRUE,3369,NA,NA,NA,NA,0,TRUE,0,TRUE,223,NA,NA,3369,FALSE,112.411557302308,1.10545941011785,0,0
"NGA","Nigeria",2018,214,TRUE,5827,NA,NA,NA,NA,6,TRUE,6,TRUE,214,NA,NA,5827,FALSE,115.157303224791,1.07910145814431,6474608.74886584,6474608.74886584
"NGA","Nigeria",2019,431,TRUE,9179,NA,NA,NA,NA,18,TRUE,18,TRUE,431,NA,NA,9179,FALSE,117.244195476228,1.05989395313846,19078091.1564923,19078091.1564923
"NGA","Nigeria",2020,545,TRUE,11369,NA,NA,NA,NA,6,TRUE,4,TRUE,545,NA,NA,11369,FALSE,118.690501577198,1.04697858863637,6281871.53181824,4187914.35454549
"NGA","Nigeria",2021,764,TRUE,12827,NA,NA,NA,NA,51,TRUE,50,TRUE,764,NA,NA,NA,FALSE,124.266413825838,1,51000000,50000000
"NGA","Nigeria",2022,842,TRUE,13974,NA,NA,NA,NA,223,TRUE,218,TRUE,842,NA,NA,NA,FALSE,134.21120616846,0.92590192259997,206476128.739793,201846619.126793
"NGA","Nigeria",2023,1077,TRUE,14887,NA,NA,NA,NA,109,TRUE,100,TRUE,1077,NA,NA,NA,FALSE,139.73579356326,0.889295510169921,96933210.6085213,88929551.0169921
"NGA","Nigeria",2024,1350,TRUE,13987,NA,NA,NA,NA,129,TRUE,125,TRUE,1350,NA,NA,NA,FALSE,143.857336014608,0.863817009743732,111432394.256941,107977126.217967
"NGA","Nigeria",2025,466,FALSE,2167,NA,NA,NA,NA,41,TRUE,15,TRUE,NA,NA,NA,NA,FALSE,143.857336014608,0.863817009743732,35416497.399493,12957255.146156
"NGA","Nigeria",2026,NA,NA,NA,NA,NA,NA,NA,293,FALSE,289,FALSE,NA,NA,NA,NA,FALSE,143.857336014608,0.863817009743732,NA,NA
"NIC","Nicaragua",2016,2,TRUE,10,NA,NA,NA,NA,NA,NA,NA,NA,2,NA,NA,10,FALSE,110.06700893427,1.12900691159917,NA,NA
"NIC","Nicaragua",2017,1,TRUE,2,NA,NA,NA,NA,NA,NA,NA,NA,1,NA,NA,2,FALSE,112.411557302308,1.10545941011785,NA,NA
"NIC","Nicaragua",2019,3,TRUE,17,NA,NA,NA,NA,NA,NA,NA,NA,3,NA,NA,17,FALSE,117.244195476228,1.05989395313846,NA,NA
"NIC","Nicaragua",2020,3,TRUE,8,NA,NA,NA,NA,NA,NA,NA,NA,3,NA,NA,8,FALSE,118.690501577198,1.04697858863637,NA,NA
"NIC","Nicaragua",2021,3,TRUE,41,NA,NA,NA,NA,NA,NA,NA,NA,3,NA,NA,NA,FALSE,124.266413825838,1,NA,NA
"NIC","Nicaragua",2022,2,TRUE,75,NA,NA,NA,NA,NA,NA,NA,NA,2,NA,NA,NA,FALSE,134.21120616846,0.92590192259997,NA,NA
"NIC","Nicaragua",2023,1,TRUE,338,NA,NA,NA,NA,NA,NA,NA,NA,1,NA,NA,NA,FALSE,139.73579356326,0.889295510169921,NA,NA
"NIC","Nicaragua",2024,1,TRUE,14,NA,NA,NA,NA,NA,NA,NA,NA,1,NA,NA,NA,FALSE,143.857336014608,0.863817009743732,NA,NA
"NIC","Nicaragua",2025,1,FALSE,NA,NA,NA,NA,NA,NA,NA,NA,NA,NA,NA,NA,NA,FALSE,143.857336014608,0.863817009743732,NA,NA
"NLD","Netherlands",2016,1855,TRUE,128418,6,TRUE,6,TRUE,665,TRUE,65,TRUE,1855,6,6,128418,FALSE,110.06700893427,1.12900691159917,750789596.213445,73385449.2539458
"NLD","Netherlands",2017,1821,TRUE,118179,5,TRUE,5,TRUE,619,TRUE,158,TRUE,1821,5,5,118179,FALSE,112.411557302308,1.10545941011785,684279374.862948,174662586.79862
"NLD","Netherlands",2018,2279,TRUE,119652,13,TRUE,10,TRUE,1710,TRUE,117,TRUE,2279,13,10,119652,FALSE,115.157303224791,1.07910145814431,1845263493.42676,126254870.602884
"NLD","Netherlands",2019,2749,TRUE,141140,26,TRUE,26,TRUE,474,TRUE,257,TRUE,2749,26,26,141140,FALSE,117.244195476228,1.05989395313846,502389733.787631,272392745.956585
"NLD","Netherlands",2020,3232,TRUE,134775,19,TRUE,19,FALSE,663,TRUE,177,TRUE,3232,19,NA,134775,FALSE,118.690501577198,1.04697858863637,694146804.265915,185315210.188638
"NLD","Netherlands",2021,3804,TRUE,141033,46,TRUE,45,FALSE,1088,TRUE,390,TRUE,3804,46,NA,NA,FALSE,124.266413825838,1,1088000000,390000000
"NLD","Netherlands",2022,3868,TRUE,91143,69,FALSE,69,FALSE,2168,TRUE,783,TRUE,3868,NA,NA,NA,FALSE,134.21120616846,0.92590192259997,2007355368.19673,724981205.395776
"NLD","Netherlands",2023,4470,TRUE,84150,41,FALSE,41,FALSE,1373,TRUE,656,TRUE,4470,NA,NA,NA,FALSE,139.73579356326,0.889295510169921,1221002735.4633,583377854.671468
"NLD","Netherlands",2024,3795,TRUE,44650,57,FALSE,49,FALSE,2666,TRUE,887,TRUE,3795,NA,NA,NA,FALSE,143.857336014608,0.863817009743732,2302936147.97679,766205687.64269
"NLD","Netherlands",2025,2537,FALSE,11606,13,FALSE,11,FALSE,1896,TRUE,1047,TRUE,NA,NA,NA,NA,FALSE,143.857336014608,0.863817009743732,1637797050.47412,904416409.201688
"NLD","Netherlands",2026,81,FALSE,66,NA,NA,NA,NA,2238,FALSE,1293,FALSE,NA,NA,NA,NA,FALSE,143.857336014608,0.863817009743732,NA,NA
"NOR","Norway",2016,532,TRUE,20927,3,TRUE,2,TRUE,16,TRUE,8,TRUE,532,3,2,20927,FALSE,110.06700893427,1.12900691159917,18064110.5855867,9032055.29279333
"NOR","Norway",2017,651,TRUE,18783,2,TRUE,2,TRUE,52,TRUE,31,TRUE,651,2,2,18783,FALSE,112.411557302308,1.10545941011785,57483889.3261281,34269241.7136533
"NOR","Norway",2018,797,TRUE,30026,7,TRUE,5,TRUE,299,TRUE,29,TRUE,797,7,5,30026,FALSE,115.157303224791,1.07910145814431,322651335.985148,31293942.2861849
"NOR","Norway",2019,955,TRUE,38653,7,TRUE,7,TRUE,573,TRUE,92,TRUE,955,7,7,38653,FALSE,117.244195476228,1.05989395313846,607319235.148339,97510243.6887386
"NOR","Norway",2020,1180,TRUE,47261,8,TRUE,7,FALSE,420,TRUE,361,TRUE,1180,8,NA,47261,FALSE,118.690501577198,1.04697858863637,439731007.227277,377959270.497731
"NOR","Norway",2021,1575,TRUE,46466,6,TRUE,6,FALSE,505,TRUE,373,TRUE,1575,6,NA,NA,FALSE,124.266413825838,1,505000000,373000000
"NOR","Norway",2022,1714,TRUE,40358,10,FALSE,5,FALSE,277,TRUE,264,TRUE,1714,NA,NA,NA,FALSE,134.21120616846,0.92590192259997,256474832.560192,244438107.566392
"NOR","Norway",2023,2002,TRUE,40510,12,FALSE,5,FALSE,186,TRUE,136,TRUE,2002,NA,NA,NA,FALSE,139.73579356326,0.889295510169921,165408964.891605,120944189.383109
"NOR","Norway",2024,1697,TRUE,20875,7,FALSE,5,FALSE,872,TRUE,214,TRUE,1697,NA,NA,NA,FALSE,143.857336014608,0.863817009743732,753248432.496534,184856840.085159
"NOR","Norway",2025,840,FALSE,3650,1,FALSE,1,FALSE,847,TRUE,546,TRUE,NA,NA,NA,NA,FALSE,143.857336014608,0.863817009743732,731653007.252941,471644087.320078
"NOR","Norway",2026,25,FALSE,26,NA,NA,NA,NA,9470,FALSE,3223,FALSE,NA,NA,NA,NA,FALSE,143.857336014608,0.863817009743732,NA,NA
"NPL","Nepal",2016,16,TRUE,237,NA,NA,NA,NA,NA,NA,NA,NA,16,NA,NA,237,FALSE,110.06700893427,1.12900691159917,NA,NA
"NPL","Nepal",2017,15,TRUE,112,NA,NA,NA,NA,NA,NA,NA,NA,15,NA,NA,112,FALSE,112.411557302308,1.10545941011785,NA,NA
"NPL","Nepal",2018,32,TRUE,477,NA,NA,NA,NA,NA,NA,NA,NA,32,NA,NA,477,FALSE,115.157303224791,1.07910145814431,NA,NA
"NPL","Nepal",2019,54,TRUE,873,NA,NA,NA,NA,NA,NA,NA,NA,54,NA,NA,873,FALSE,117.244195476228,1.05989395313846,NA,NA
"NPL","Nepal",2020,78,TRUE,3368,NA,NA,NA,NA,NA,NA,NA,NA,78,NA,NA,3368,FALSE,118.690501577198,1.04697858863637,NA,NA
"NPL","Nepal",2021,87,TRUE,2457,NA,NA,NA,NA,NA,NA,NA,NA,87,NA,NA,NA,FALSE,124.266413825838,1,NA,NA
"NPL","Nepal",2022,130,TRUE,4047,NA,NA,NA,NA,NA,NA,NA,NA,130,NA,NA,NA,FALSE,134.21120616846,0.92590192259997,NA,NA
"NPL","Nepal",2023,174,TRUE,2334,NA,NA,NA,NA,NA,NA,NA,NA,174,NA,NA,NA,FALSE,139.73579356326,0.889295510169921,NA,NA
"NPL","Nepal",2024,174,TRUE,1393,NA,NA,NA,NA,NA,NA,NA,NA,174,NA,NA,NA,FALSE,143.857336014608,0.863817009743732,NA,NA
"NPL","Nepal",2025,89,FALSE,333,NA,NA,NA,NA,NA,NA,NA,NA,NA,NA,NA,NA,FALSE,143.857336014608,0.863817009743732,NA,NA
"NZL","New Zealand",2016,484,TRUE,12571,8,TRUE,6,TRUE,153,TRUE,5,TRUE,484,8,6,12571,FALSE,110.06700893427,1.12900691159917,172738057.474672,5645034.55799583
"NZL","New Zealand",2017,546,TRUE,24231,26,TRUE,20,TRUE,2,TRUE,2,TRUE,546,26,20,24231,FALSE,112.411557302308,1.10545941011785,2210918.82023569,2210918.82023569
"NZL","New Zealand",2018,556,TRUE,18026,15,TRUE,14,TRUE,101,TRUE,3,TRUE,556,15,14,18026,FALSE,115.157303224791,1.07910145814431,108989247.272575,3237304.37443292
"NZL","New Zealand",2019,671,TRUE,26894,14,TRUE,13,TRUE,228,TRUE,7,TRUE,671,14,13,26894,FALSE,117.244195476228,1.05989395313846,241655821.31557,7419257.67196924
"NZL","New Zealand",2020,739,TRUE,25351,8,TRUE,7,FALSE,150,TRUE,21,TRUE,739,8,NA,25351,FALSE,118.690501577198,1.04697858863637,157046788.295456,21986550.3613638
"NZL","New Zealand",2021,759,TRUE,18382,6,TRUE,5,FALSE,1264,TRUE,1108,TRUE,759,6,NA,NA,FALSE,124.266413825838,1,1264000000,1108000000
"NZL","New Zealand",2022,775,TRUE,22286,1,FALSE,1,FALSE,222,TRUE,57,TRUE,775,NA,NA,NA,FALSE,134.21120616846,0.92590192259997,205550226.817193,52776409.5881983
"NZL","New Zealand",2023,903,TRUE,21848,1,FALSE,NA,NA,47,TRUE,35,TRUE,903,NA,NA,NA,FALSE,139.73579356326,0.889295510169921,41796888.9779863,31125342.8559472
"NZL","New Zealand",2024,872,TRUE,10262,NA,NA,NA,NA,170,TRUE,73,TRUE,872,NA,NA,NA,FALSE,143.857336014608,0.863817009743732,146848891.656434,63058641.7112925
"NZL","New Zealand",2025,550,FALSE,2176,NA,NA,NA,NA,162,TRUE,73,TRUE,NA,NA,NA,NA,FALSE,143.857336014608,0.863817009743732,139938355.578485,63058641.7112925
"NZL","New Zealand",2026,20,FALSE,18,NA,NA,NA,NA,161,FALSE,109,FALSE,NA,NA,NA,NA,FALSE,143.857336014608,0.863817009743732,NA,NA
"OMN","Oman",2016,52,TRUE,672,1,TRUE,NA,NA,NA,NA,NA,NA,52,1,NA,672,FALSE,110.06700893427,1.12900691159917,NA,NA
"OMN","Oman",2017,47,TRUE,997,NA,NA,NA,NA,NA,NA,NA,NA,47,NA,NA,997,FALSE,112.411557302308,1.10545941011785,NA,NA
"OMN","Oman",2018,75,TRUE,1052,NA,NA,NA,NA,NA,NA,NA,NA,75,NA,NA,1052,FALSE,115.157303224791,1.07910145814431,NA,NA
"OMN","Oman",2019,96,TRUE,1631,NA,NA,NA,NA,0,TRUE,NA,NA,96,NA,NA,1631,FALSE,117.244195476228,1.05989395313846,0,NA
"OMN","Oman",2020,117,TRUE,2300,NA,NA,NA,NA,NA,NA,NA,NA,117,NA,NA,2300,FALSE,118.690501577198,1.04697858863637,NA,NA
"OMN","Oman",2021,190,TRUE,4420,NA,NA,NA,NA,NA,NA,NA,NA,190,NA,NA,NA,FALSE,124.266413825838,1,NA,NA
"OMN","Oman",2022,252,TRUE,4808,NA,NA,NA,NA,NA,NA,NA,NA,252,NA,NA,NA,FALSE,134.21120616846,0.92590192259997,NA,NA
"OMN","Oman",2023,404,TRUE,8468,NA,NA,NA,NA,NA,NA,NA,NA,404,NA,NA,NA,FALSE,139.73579356326,0.889295510169921,NA,NA
"OMN","Oman",2024,600,TRUE,5694,NA,NA,NA,NA,3,TRUE,3,TRUE,600,NA,NA,NA,FALSE,143.857336014608,0.863817009743732,2591451.0292312,2591451.0292312
"OMN","Oman",2025,325,FALSE,1584,NA,NA,NA,NA,1,TRUE,1,TRUE,NA,NA,NA,NA,FALSE,143.857336014608,0.863817009743732,863817.009743732,863817.009743732
"OMN","Oman",2026,NA,NA,NA,NA,NA,NA,NA,20,FALSE,NA,NA,NA,NA,NA,NA,FALSE,143.857336014608,0.863817009743732,NA,NA
"PAK","Pakistan",2016,650,TRUE,16808,NA,NA,NA,NA,0,TRUE,NA,NA,650,NA,NA,16808,FALSE,110.06700893427,1.12900691159917,0,NA
"PAK","Pakistan",2017,849,TRUE,26450,NA,NA,NA,NA,1,TRUE,1,TRUE,849,NA,NA,26450,FALSE,112.411557302308,1.10545941011785,1105459.41011785,1105459.41011785
"PAK","Pakistan",2018,1176,TRUE,44051,NA,NA,NA,NA,0,TRUE,0,TRUE,1176,NA,NA,44051,FALSE,115.157303224791,1.07910145814431,0,0
"PAK","Pakistan",2019,1690,TRUE,69671,NA,NA,NA,NA,0,TRUE,0,TRUE,1690,NA,NA,69671,FALSE,117.244195476228,1.05989395313846,0,0
"PAK","Pakistan",2020,1951,TRUE,78249,NA,NA,NA,NA,0,TRUE,0,TRUE,1951,NA,NA,78249,FALSE,118.690501577198,1.04697858863637,0,0
"PAK","Pakistan",2021,2755,TRUE,101362,NA,NA,NA,NA,7,TRUE,3,TRUE,2755,NA,NA,NA,FALSE,124.266413825838,1,7000000,3000000
"PAK","Pakistan",2022,3237,TRUE,87751,NA,NA,NA,NA,3,TRUE,1,TRUE,3237,NA,NA,NA,FALSE,134.21120616846,0.92590192259997,2777705.76779991,925901.92259997
"PAK","Pakistan",2023,3474,TRUE,73462,NA,NA,NA,NA,0,TRUE,0,TRUE,3474,NA,NA,NA,FALSE,139.73579356326,0.889295510169921,0,0
"PAK","Pakistan",2024,3350,TRUE,43384,NA,NA,NA,NA,3,TRUE,0,TRUE,3350,NA,NA,NA,FALSE,143.857336014608,0.863817009743732,2591451.0292312,0
"PAK","Pakistan",2025,1664,FALSE,10623,NA,NA,NA,NA,1,TRUE,1,TRUE,NA,NA,NA,NA,FALSE,143.857336014608,0.863817009743732,863817.009743732,863817.009743732
"PAK","Pakistan",2026,1,FALSE,2,NA,NA,NA,NA,7,FALSE,7,FALSE,NA,NA,NA,NA,FALSE,143.857336014608,0.863817009743732,NA,NA
"PAN","Panama",2016,8,TRUE,37,2,TRUE,NA,NA,NA,NA,NA,NA,8,2,NA,37,FALSE,110.06700893427,1.12900691159917,NA,NA
"PAN","Panama",2017,13,TRUE,232,NA,NA,NA,NA,NA,NA,NA,NA,13,NA,NA,232,FALSE,112.411557302308,1.10545941011785,NA,NA
"PAN","Panama",2018,19,TRUE,137,NA,NA,NA,NA,NA,NA,NA,NA,19,NA,NA,137,FALSE,115.157303224791,1.07910145814431,NA,NA
"PAN","Panama",2019,19,TRUE,171,NA,NA,NA,NA,NA,NA,NA,NA,19,NA,NA,171,FALSE,117.244195476228,1.05989395313846,NA,NA
"PAN","Panama",2020,18,TRUE,218,NA,NA,NA,NA,NA,NA,NA,NA,18,NA,NA,218,FALSE,118.690501577198,1.04697858863637,NA,NA
"PAN","Panama",2021,20,TRUE,195,NA,NA,NA,NA,1,TRUE,NA,NA,20,NA,NA,NA,FALSE,124.266413825838,1,1000000,NA
"PAN","Panama",2022,39,TRUE,507,NA,NA,NA,NA,NA,NA,NA,NA,39,NA,NA,NA,FALSE,134.21120616846,0.92590192259997,NA,NA
"PAN","Panama",2023,25,TRUE,158,NA,NA,NA,NA,0,TRUE,0,TRUE,25,NA,NA,NA,FALSE,139.73579356326,0.889295510169921,0,0
"PAN","Panama",2024,29,TRUE,130,NA,NA,NA,NA,0,TRUE,0,TRUE,29,NA,NA,NA,FALSE,143.857336014608,0.863817009743732,0,0
"PAN","Panama",2025,15,FALSE,73,NA,NA,NA,NA,15,TRUE,15,TRUE,NA,NA,NA,NA,FALSE,143.857336014608,0.863817009743732,12957255.146156,12957255.146156
"PAN","Panama",2026,NA,NA,NA,NA,NA,NA,NA,1,FALSE,1,FALSE,NA,NA,NA,NA,FALSE,143.857336014608,0.863817009743732,NA,NA
"PER","Peru",2016,87,TRUE,874,3,TRUE,2,TRUE,NA,NA,NA,NA,87,3,2,874,FALSE,110.06700893427,1.12900691159917,NA,NA
"PER","Peru",2017,122,TRUE,5724,1,TRUE,1,TRUE,0,TRUE,0,TRUE,122,1,1,5724,FALSE,112.411557302308,1.10545941011785,0,0
"PER","Peru",2018,158,TRUE,1630,4,TRUE,4,TRUE,0,TRUE,0,TRUE,158,4,4,1630,FALSE,115.157303224791,1.07910145814431,0,0
"PER","Peru",2019,215,TRUE,2159,2,TRUE,2,TRUE,1,TRUE,1,TRUE,215,2,2,2159,FALSE,117.244195476228,1.05989395313846,1059893.95313846,1059893.95313846
"PER","Peru",2020,285,TRUE,2409,15,TRUE,11,FALSE,3,TRUE,3,TRUE,285,15,NA,2409,FALSE,118.690501577198,1.04697858863637,3140935.76590912,3140935.76590912
"PER","Peru",2021,354,TRUE,3736,4,TRUE,2,FALSE,2,TRUE,1,TRUE,354,4,NA,NA,FALSE,124.266413825838,1,2000000,1000000
"PER","Peru",2022,368,TRUE,4208,10,FALSE,4,FALSE,3,TRUE,0,TRUE,368,NA,NA,NA,FALSE,134.21120616846,0.92590192259997,2777705.76779991,0
"PER","Peru",2023,533,TRUE,4003,3,FALSE,2,FALSE,1,TRUE,1,TRUE,533,NA,NA,NA,FALSE,139.73579356326,0.889295510169921,889295.510169921,889295.510169921
"PER","Peru",2024,469,TRUE,2834,NA,NA,NA,NA,0,TRUE,0,TRUE,469,NA,NA,NA,FALSE,143.857336014608,0.863817009743732,0,0
"PER","Peru",2025,211,FALSE,670,NA,NA,NA,NA,0,TRUE,0,TRUE,NA,NA,NA,NA,FALSE,143.857336014608,0.863817009743732,0,0
"PER","Peru",2026,NA,NA,NA,NA,NA,NA,NA,0,FALSE,NA,NA,NA,NA,NA,NA,FALSE,143.857336014608,0.863817009743732,NA,NA
"PHL","Philippines",2016,109,TRUE,1646,4,TRUE,2,TRUE,1,TRUE,1,TRUE,109,4,2,1646,FALSE,110.06700893427,1.12900691159917,1129006.91159917,1129006.91159917
"PHL","Philippines",2017,187,TRUE,2840,1,TRUE,1,TRUE,NA,NA,NA,NA,187,1,1,2840,FALSE,112.411557302308,1.10545941011785,NA,NA
"PHL","Philippines",2018,320,TRUE,4677,6,TRUE,5,TRUE,7,TRUE,1,TRUE,320,6,5,4677,FALSE,115.157303224791,1.07910145814431,7553710.20701014,1079101.45814431
"PHL","Philippines",2019,454,TRUE,6241,21,TRUE,12,TRUE,1,TRUE,NA,NA,454,21,12,6241,FALSE,117.244195476228,1.05989395313846,1059893.95313846,NA
"PHL","Philippines",2020,430,TRUE,5499,27,TRUE,20,FALSE,10,TRUE,1,TRUE,430,27,NA,5499,FALSE,118.690501577198,1.04697858863637,10469785.8863637,1046978.58863637
"PHL","Philippines",2021,526,TRUE,7255,56,TRUE,25,FALSE,5,TRUE,5,TRUE,526,56,NA,NA,FALSE,124.266413825838,1,5000000,5000000
"PHL","Philippines",2022,741,TRUE,6564,15,FALSE,7,FALSE,69,TRUE,62,TRUE,741,NA,NA,NA,FALSE,134.21120616846,0.92590192259997,63887232.6593979,57405919.2011981
"PHL","Philippines",2023,989,TRUE,6518,3,FALSE,2,FALSE,9,TRUE,7,TRUE,989,NA,NA,NA,FALSE,139.73579356326,0.889295510169921,8003659.59152929,6225068.57118944
"PHL","Philippines",2024,1118,TRUE,4461,NA,NA,NA,NA,75,TRUE,37,TRUE,1118,NA,NA,NA,FALSE,143.857336014608,0.863817009743732,64786275.7307799,31961229.3605181
"PHL","Philippines",2025,472,FALSE,1076,NA,NA,NA,NA,151,TRUE,112,TRUE,NA,NA,NA,NA,FALSE,143.857336014608,0.863817009743732,130436368.471304,96747505.091298
"PHL","Philippines",2026,1,FALSE,3,NA,NA,NA,NA,18,FALSE,6,FALSE,NA,NA,NA,NA,FALSE,143.857336014608,0.863817009743732,NA,NA
"PLW","Palau",2019,1,TRUE,2,NA,NA,NA,NA,NA,NA,NA,NA,1,NA,NA,2,FALSE,117.244195476228,1.05989395313846,NA,NA
"PNG","Papua New Guinea",2016,1,TRUE,2,NA,NA,NA,NA,NA,NA,NA,NA,1,NA,NA,2,FALSE,110.06700893427,1.12900691159917,NA,NA
"PNG","Papua New Guinea",2017,1,TRUE,4,NA,NA,NA,NA,NA,NA,NA,NA,1,NA,NA,4,FALSE,112.411557302308,1.10545941011785,NA,NA
"PNG","Papua New Guinea",2018,5,TRUE,36,NA,NA,NA,NA,NA,NA,NA,NA,5,NA,NA,36,FALSE,115.157303224791,1.07910145814431,NA,NA
"PNG","Papua New Guinea",2019,9,TRUE,320,NA,NA,NA,NA,NA,NA,NA,NA,9,NA,NA,320,FALSE,117.244195476228,1.05989395313846,NA,NA
"PNG","Papua New Guinea",2020,6,TRUE,275,NA,NA,NA,NA,NA,NA,NA,NA,6,NA,NA,275,FALSE,118.690501577198,1.04697858863637,NA,NA
"PNG","Papua New Guinea",2021,15,TRUE,372,NA,NA,NA,NA,NA,NA,NA,NA,15,NA,NA,NA,FALSE,124.266413825838,1,NA,NA
"PNG","Papua New Guinea",2022,13,TRUE,200,NA,NA,NA,NA,NA,NA,NA,NA,13,NA,NA,NA,FALSE,134.21120616846,0.92590192259997,NA,NA
"PNG","Papua New Guinea",2023,16,TRUE,172,NA,NA,NA,NA,NA,NA,NA,NA,16,NA,NA,NA,FALSE,139.73579356326,0.889295510169921,NA,NA
"PNG","Papua New Guinea",2024,19,TRUE,63,NA,NA,NA,NA,NA,NA,NA,NA,19,NA,NA,NA,FALSE,143.857336014608,0.863817009743732,NA,NA
"PNG","Papua New Guinea",2025,16,FALSE,43,NA,NA,NA,NA,NA,NA,NA,NA,NA,NA,NA,NA,FALSE,143.857336014608,0.863817009743732,NA,NA
"POL","Poland",2016,1811,TRUE,29469,23,TRUE,19,TRUE,19,TRUE,11,TRUE,1811,23,19,29469,FALSE,110.06700893427,1.12900691159917,21451131.3203842,12419076.0275908
"POL","Poland",2017,1842,TRUE,28156,23,TRUE,22,TRUE,59,TRUE,42,TRUE,1842,23,22,28156,FALSE,112.411557302308,1.10545941011785,65222105.196953,46429295.2249496
"POL","Poland",2018,1964,TRUE,31478,35,TRUE,31,TRUE,26,TRUE,17,TRUE,1964,35,31,31478,FALSE,115.157303224791,1.07910145814431,28056637.911752,18344724.7884532
"POL","Poland",2019,1876,TRUE,33371,38,TRUE,37,TRUE,112,TRUE,30,TRUE,1876,38,37,33371,FALSE,117.244195476228,1.05989395313846,118708122.751508,31796818.5941539
"POL","Poland",2020,1903,TRUE,40027,33,TRUE,30,FALSE,143,TRUE,99,TRUE,1903,33,NA,40027,FALSE,118.690501577198,1.04697858863637,149717938.175001,103650880.275001
"POL","Poland",2021,2210,TRUE,45997,28,TRUE,25,FALSE,154,TRUE,56,TRUE,2210,28,NA,NA,FALSE,124.266413825838,1,154000000,56000000
"POL","Poland",2022,2114,TRUE,35949,22,FALSE,17,FALSE,211,TRUE,118,TRUE,2114,NA,NA,NA,FALSE,134.21120616846,0.92590192259997,195365305.668594,109256426.866796
"POL","Poland",2023,2558,TRUE,41717,26,FALSE,7,FALSE,141,TRUE,28,TRUE,2558,NA,NA,NA,FALSE,139.73579356326,0.889295510169921,125390666.933959,24900274.2847578
"POL","Poland",2024,2277,TRUE,19990,9,FALSE,NA,NA,120,TRUE,46,TRUE,2277,NA,NA,NA,FALSE,143.857336014608,0.863817009743732,103658041.169248,39735582.4482117
"POL","Poland",2025,1451,FALSE,6313,NA,NA,NA,NA,667,TRUE,126,TRUE,NA,NA,NA,NA,FALSE,143.857336014608,0.863817009743732,576165945.499069,108840943.22771
"POL","Poland",2026,23,FALSE,19,NA,NA,NA,NA,91,FALSE,54,FALSE,NA,NA,NA,NA,FALSE,143.857336014608,0.863817009743732,NA,NA
"PRK","North Korea",2016,3,TRUE,22,NA,NA,NA,NA,NA,NA,NA,NA,3,NA,NA,22,FALSE,110.06700893427,1.12900691159917,NA,NA
"PRK","North Korea",2017,3,TRUE,11,NA,NA,NA,NA,NA,NA,NA,NA,3,NA,NA,11,FALSE,112.411557302308,1.10545941011785,NA,NA
"PRK","North Korea",2018,10,TRUE,177,NA,NA,NA,NA,NA,NA,NA,NA,10,NA,NA,177,FALSE,115.157303224791,1.07910145814431,NA,NA
"PRK","North Korea",2019,7,TRUE,388,NA,NA,NA,NA,NA,NA,NA,NA,7,NA,NA,388,FALSE,117.244195476228,1.05989395313846,NA,NA
"PRK","North Korea",2020,6,TRUE,65,NA,NA,NA,NA,NA,NA,NA,NA,6,NA,NA,65,FALSE,118.690501577198,1.04697858863637,NA,NA
"PRK","North Korea",2021,9,TRUE,92,NA,NA,NA,NA,NA,NA,NA,NA,9,NA,NA,NA,FALSE,124.266413825838,1,NA,NA
"PRK","North Korea",2022,16,TRUE,80,NA,NA,NA,NA,NA,NA,NA,NA,16,NA,NA,NA,FALSE,134.21120616846,0.92590192259997,NA,NA
"PRK","North Korea",2023,15,TRUE,71,NA,NA,NA,NA,NA,NA,NA,NA,15,NA,NA,NA,FALSE,139.73579356326,0.889295510169921,NA,NA
"PRK","North Korea",2024,8,TRUE,35,NA,NA,NA,NA,NA,NA,NA,NA,8,NA,NA,NA,FALSE,143.857336014608,0.863817009743732,NA,NA
"PRK","North Korea",2025,2,FALSE,1,NA,NA,NA,NA,NA,NA,NA,NA,NA,NA,NA,NA,FALSE,143.857336014608,0.863817009743732,NA,NA
"PRT","Portugal",2016,1066,TRUE,37142,10,TRUE,6,TRUE,21,TRUE,16,TRUE,1066,10,6,37142,FALSE,110.06700893427,1.12900691159917,23709145.1435825,18064110.5855867
"PRT","Portugal",2017,1125,TRUE,29513,9,TRUE,8,TRUE,193,TRUE,53,TRUE,1125,9,8,29513,FALSE,112.411557302308,1.10545941011785,213353666.152745,58589348.7362459
"PRT","Portugal",2018,1232,TRUE,36040,16,TRUE,14,TRUE,155,TRUE,34,TRUE,1232,16,14,36040,FALSE,115.157303224791,1.07910145814431,167260726.012367,36689449.5769064
"PRT","Portugal",2019,1446,TRUE,41843,11,TRUE,11,TRUE,123,TRUE,114,TRUE,1446,11,11,41843,FALSE,117.244195476228,1.05989395313846,130366956.236031,120827910.657785
"PRT","Portugal",2020,1417,TRUE,35815,11,TRUE,9,FALSE,66,TRUE,56,TRUE,1417,11,NA,35815,FALSE,118.690501577198,1.04697858863637,69100586.8500006,58630800.9636369
"PRT","Portugal",2021,1748,TRUE,37637,4,TRUE,3,FALSE,299,TRUE,281,TRUE,1748,4,NA,NA,FALSE,124.266413825838,1,299000000,281000000
"PRT","Portugal",2022,1794,TRUE,36529,5,FALSE,1,FALSE,171,TRUE,100,TRUE,1794,NA,NA,NA,FALSE,134.21120616846,0.92590192259997,158329228.764595,92590192.259997
"PRT","Portugal",2023,2004,TRUE,29610,7,FALSE,NA,NA,103,TRUE,85,TRUE,2004,NA,NA,NA,FALSE,139.73579356326,0.889295510169921,91597437.5475018,75590118.3644433
"PRT","Portugal",2024,1868,TRUE,17455,2,FALSE,1,FALSE,153,TRUE,131,TRUE,1868,NA,NA,NA,FALSE,143.857336014608,0.863817009743732,132164002.490791,113160028.276429
"PRT","Portugal",2025,1186,FALSE,4911,NA,NA,NA,NA,742,TRUE,648,TRUE,NA,NA,NA,NA,FALSE,143.857336014608,0.863817009743732,640952221.229849,559753422.313938
"PRT","Portugal",2026,24,FALSE,9,NA,NA,NA,NA,92,FALSE,86,FALSE,NA,NA,NA,NA,FALSE,143.857336014608,0.863817009743732,NA,NA
"PRY","Paraguay",2016,21,TRUE,306,NA,NA,NA,NA,NA,NA,NA,NA,21,NA,NA,306,FALSE,110.06700893427,1.12900691159917,NA,NA
"PRY","Paraguay",2017,13,TRUE,160,NA,NA,NA,NA,NA,NA,NA,NA,13,NA,NA,160,FALSE,112.411557302308,1.10545941011785,NA,NA
"PRY","Paraguay",2018,22,TRUE,162,NA,NA,NA,NA,NA,NA,NA,NA,22,NA,NA,162,FALSE,115.157303224791,1.07910145814431,NA,NA
"PRY","Paraguay",2019,20,TRUE,429,NA,NA,NA,NA,NA,NA,NA,NA,20,NA,NA,429,FALSE,117.244195476228,1.05989395313846,NA,NA
"PRY","Paraguay",2020,26,TRUE,486,NA,NA,NA,NA,NA,NA,NA,NA,26,NA,NA,486,FALSE,118.690501577198,1.04697858863637,NA,NA
"PRY","Paraguay",2021,41,TRUE,409,1,TRUE,1,FALSE,0,TRUE,NA,NA,41,1,NA,NA,FALSE,124.266413825838,1,0,NA
"PRY","Paraguay",2022,21,TRUE,271,NA,NA,NA,NA,NA,NA,NA,NA,21,NA,NA,NA,FALSE,134.21120616846,0.92590192259997,NA,NA
"PRY","Paraguay",2023,25,TRUE,154,NA,NA,NA,NA,NA,NA,NA,NA,25,NA,NA,NA,FALSE,139.73579356326,0.889295510169921,NA,NA
"PRY","Paraguay",2024,15,TRUE,81,NA,NA,NA,NA,0,TRUE,0,TRUE,15,NA,NA,NA,FALSE,143.857336014608,0.863817009743732,0,0
"PRY","Paraguay",2025,6,FALSE,16,NA,NA,NA,NA,NA,NA,NA,NA,NA,NA,NA,NA,FALSE,143.857336014608,0.863817009743732,NA,NA
"QAT","Qatar",2016,209,TRUE,10311,NA,NA,NA,NA,NA,NA,NA,NA,209,NA,NA,10311,FALSE,110.06700893427,1.12900691159917,NA,NA
"QAT","Qatar",2017,189,TRUE,12881,NA,NA,NA,NA,NA,NA,NA,NA,189,NA,NA,12881,FALSE,112.411557302308,1.10545941011785,NA,NA
"QAT","Qatar",2018,245,TRUE,11062,NA,NA,NA,NA,0,TRUE,0,TRUE,245,NA,NA,11062,FALSE,115.157303224791,1.07910145814431,0,0
"QAT","Qatar",2019,264,TRUE,12234,NA,NA,NA,NA,1,TRUE,1,TRUE,264,NA,NA,12234,FALSE,117.244195476228,1.05989395313846,1059893.95313846,1059893.95313846
"QAT","Qatar",2020,363,TRUE,23796,NA,NA,NA,NA,0,TRUE,0,TRUE,363,NA,NA,23796,FALSE,118.690501577198,1.04697858863637,0,0
"QAT","Qatar",2021,437,TRUE,23963,NA,NA,NA,NA,13,TRUE,13,TRUE,437,NA,NA,NA,FALSE,124.266413825838,1,13000000,13000000
"QAT","Qatar",2022,555,TRUE,20141,NA,NA,NA,NA,4,TRUE,4,TRUE,555,NA,NA,NA,FALSE,134.21120616846,0.92590192259997,3703607.69039988,3703607.69039988
"QAT","Qatar",2023,687,TRUE,22661,NA,NA,NA,NA,3,TRUE,2,TRUE,687,NA,NA,NA,FALSE,139.73579356326,0.889295510169921,2667886.53050976,1778591.02033984
"QAT","Qatar",2024,598,TRUE,12280,NA,NA,NA,NA,5,TRUE,4,TRUE,598,NA,NA,NA,FALSE,143.857336014608,0.863817009743732,4319085.04871866,3455268.03897493
"QAT","Qatar",2025,351,FALSE,2023,NA,NA,NA,NA,3,TRUE,0,TRUE,NA,NA,NA,NA,FALSE,143.857336014608,0.863817009743732,2591451.0292312,0
"QAT","Qatar",2026,1,FALSE,NA,NA,NA,NA,NA,28,FALSE,1,FALSE,NA,NA,NA,NA,FALSE,143.857336014608,0.863817009743732,NA,NA
"ROU","Romania",2016,823,TRUE,14718,2,TRUE,1,TRUE,1,TRUE,1,TRUE,823,2,1,14718,FALSE,110.06700893427,1.12900691159917,1129006.91159917,1129006.91159917
"ROU","Romania",2017,802,TRUE,15802,5,TRUE,1,TRUE,0,TRUE,0,TRUE,802,5,1,15802,FALSE,112.411557302308,1.10545941011785,0,0
"ROU","Romania",2018,900,TRUE,17686,5,TRUE,1,TRUE,1,TRUE,0,TRUE,900,5,1,17686,FALSE,115.157303224791,1.07910145814431,1079101.45814431,0
"ROU","Romania",2019,1096,TRUE,18460,6,TRUE,1,TRUE,5,TRUE,5,TRUE,1096,6,1,18460,FALSE,117.244195476228,1.05989395313846,5299469.76569232,5299469.76569232
"ROU","Romania",2020,1228,TRUE,21131,9,TRUE,NA,NA,6,TRUE,4,TRUE,1228,9,NA,21131,FALSE,118.690501577198,1.04697858863637,6281871.53181824,4187914.35454549
"ROU","Romania",2021,1271,TRUE,22035,12,TRUE,2,FALSE,39,TRUE,27,TRUE,1271,12,NA,NA,FALSE,124.266413825838,1,39000000,27000000
"ROU","Romania",2022,1219,TRUE,17186,11,FALSE,2,FALSE,35,TRUE,28,TRUE,1219,NA,NA,NA,FALSE,134.21120616846,0.92590192259997,32406567.2909989,25925253.8327991
"ROU","Romania",2023,1327,TRUE,13553,17,FALSE,1,FALSE,78,TRUE,76,TRUE,1327,NA,NA,NA,FALSE,139.73579356326,0.889295510169921,69365049.7932538,67586458.772914
"ROU","Romania",2024,1311,TRUE,9390,5,FALSE,1,FALSE,17,TRUE,11,TRUE,1311,NA,NA,NA,FALSE,143.857336014608,0.863817009743732,14684889.1656434,9501987.10718105
"ROU","Romania",2025,757,FALSE,3833,NA,NA,NA,NA,77,TRUE,77,TRUE,NA,NA,NA,NA,FALSE,143.857336014608,0.863817009743732,66513909.7502674,66513909.7502674
"ROU","Romania",2026,2,FALSE,2,NA,NA,NA,NA,10,FALSE,10,FALSE,NA,NA,NA,NA,FALSE,143.857336014608,0.863817009743732,NA,NA
"RUS","Russia",2016,1660,TRUE,27523,140,TRUE,128,TRUE,8,TRUE,6,TRUE,1660,140,128,27523,FALSE,110.06700893427,1.12900691159917,9032055.29279333,6774041.469595
"RUS","Russia",2017,2135,TRUE,26012,192,TRUE,183,TRUE,14,TRUE,11,TRUE,2135,192,183,26012,FALSE,112.411557302308,1.10545941011785,15476431.7416499,12160053.5112963
"RUS","Russia",2018,2775,TRUE,43516,215,TRUE,200,TRUE,48,TRUE,20,TRUE,2775,215,200,43516,FALSE,115.157303224791,1.07910145814431,51796869.9909267,21582029.1628861
"RUS","Russia",2019,3735,TRUE,38642,176,TRUE,172,TRUE,28,TRUE,25,TRUE,3735,176,172,38642,FALSE,117.244195476228,1.05989395313846,29677030.687877,26497348.8284616
"RUS","Russia",2020,4177,TRUE,38055,194,TRUE,183,FALSE,29,TRUE,28,TRUE,4177,194,NA,38055,FALSE,118.690501577198,1.04697858863637,30362379.0704548,29315400.4818184
"RUS","Russia",2021,4718,TRUE,41314,60,TRUE,59,FALSE,22,TRUE,6,TRUE,4718,60,NA,NA,FALSE,124.266413825838,1,22000000,6000000
"RUS","Russia",2022,3665,TRUE,30829,NA,NA,NA,NA,1,TRUE,NA,NA,3665,NA,NA,NA,FALSE,134.21120616846,0.92590192259997,925901.92259997,NA
"RUS","Russia",2023,3638,TRUE,21172,NA,NA,NA,NA,117,TRUE,1,TRUE,3638,NA,NA,NA,FALSE,139.73579356326,0.889295510169921,104047574.689881,889295.510169921
"RUS","Russia",2024,3371,TRUE,12615,NA,NA,NA,NA,131,TRUE,4,TRUE,3371,NA,NA,NA,FALSE,143.857336014608,0.863817009743732,113160028.276429,3455268.03897493
"RUS","Russia",2025,1943,FALSE,3084,NA,NA,NA,NA,1,TRUE,NA,NA,NA,NA,NA,NA,FALSE,143.857336014608,0.863817009743732,863817.009743732,NA
"RUS","Russia",2026,25,FALSE,7,NA,NA,NA,NA,NA,NA,NA,NA,NA,NA,NA,NA,FALSE,143.857336014608,0.863817009743732,NA,NA
"RWA","Rwanda",2016,4,TRUE,207,NA,NA,NA,NA,NA,NA,NA,NA,4,NA,NA,207,FALSE,110.06700893427,1.12900691159917,NA,NA
"RWA","Rwanda",2017,2,TRUE,144,NA,NA,NA,NA,NA,NA,NA,NA,2,NA,NA,144,FALSE,112.411557302308,1.10545941011785,NA,NA
"RWA","Rwanda",2018,4,TRUE,208,NA,NA,NA,NA,NA,NA,NA,NA,4,NA,NA,208,FALSE,115.157303224791,1.07910145814431,NA,NA
"RWA","Rwanda",2019,15,TRUE,475,NA,NA,NA,NA,NA,NA,NA,NA,15,NA,NA,475,FALSE,117.244195476228,1.05989395313846,NA,NA
"RWA","Rwanda",2020,32,TRUE,1661,NA,NA,NA,NA,NA,NA,NA,NA,32,NA,NA,1661,FALSE,118.690501577198,1.04697858863637,NA,NA
"RWA","Rwanda",2021,41,TRUE,945,NA,NA,NA,NA,NA,NA,NA,NA,41,NA,NA,NA,FALSE,124.266413825838,1,NA,NA
"RWA","Rwanda",2022,52,TRUE,1437,NA,NA,NA,NA,NA,NA,NA,NA,52,NA,NA,NA,FALSE,134.21120616846,0.92590192259997,NA,NA
"RWA","Rwanda",2023,112,TRUE,2071,NA,NA,NA,NA,0,TRUE,0,TRUE,112,NA,NA,NA,FALSE,139.73579356326,0.889295510169921,0,0
"RWA","Rwanda",2024,89,TRUE,804,NA,NA,NA,NA,1,TRUE,1,TRUE,89,NA,NA,NA,FALSE,143.857336014608,0.863817009743732,863817.009743732,863817.009743732
"RWA","Rwanda",2025,71,FALSE,345,NA,NA,NA,NA,NA,NA,NA,NA,NA,NA,NA,NA,FALSE,143.857336014608,0.863817009743732,NA,NA
"RWA","Rwanda",2026,2,FALSE,1,NA,NA,NA,NA,0,FALSE,0,FALSE,NA,NA,NA,NA,FALSE,143.857336014608,0.863817009743732,NA,NA
"SAU","Saudi Arabia",2016,653,TRUE,23825,NA,NA,NA,NA,1063,TRUE,1002,TRUE,653,NA,NA,23825,FALSE,110.06700893427,1.12900691159917,1200134347.02991,1131264925.42236
"SAU","Saudi Arabia",2017,757,TRUE,32747,NA,NA,NA,NA,22,TRUE,20,TRUE,757,NA,NA,32747,FALSE,112.411557302308,1.10545941011785,24320107.0225926,22109188.202357
"SAU","Saudi Arabia",2018,1013,TRUE,39283,2,TRUE,NA,NA,791,TRUE,24,TRUE,1013,2,NA,39283,FALSE,115.157303224791,1.07910145814431,853569253.392146,25898434.9954634
"SAU","Saudi Arabia",2019,1539,TRUE,61778,1,TRUE,1,TRUE,205,TRUE,39,TRUE,1539,1,1,61778,FALSE,117.244195476228,1.05989395313846,217278260.393385,41335864.1724001
"SAU","Saudi Arabia",2020,2312,TRUE,103958,NA,NA,NA,NA,29722,TRUE,91,TRUE,2312,NA,NA,103958,FALSE,118.690501577198,1.04697858863637,31118297611.4503,95275051.56591
"SAU","Saudi Arabia",2021,3247,TRUE,129847,1,TRUE,1,FALSE,2345,TRUE,2263,TRUE,3247,1,NA,NA,FALSE,124.266413825838,1,2345000000,2263000000
"SAU","Saudi Arabia",2022,4803,TRUE,148255,2,FALSE,2,FALSE,1928,TRUE,1810,TRUE,4803,NA,NA,NA,FALSE,134.21120616846,0.92590192259997,1785138906.77274,1675882479.90594
"SAU","Saudi Arabia",2023,5240,TRUE,134707,1,FALSE,1,FALSE,2553,TRUE,2172,TRUE,5240,NA,NA,NA,FALSE,139.73579356326,0.889295510169921,2270371437.46381,1931549848.08907
"SAU","Saudi Arabia",2024,5259,TRUE,81858,NA,NA,NA,NA,1902,TRUE,288,TRUE,5259,NA,NA,NA,FALSE,143.857336014608,0.863817009743732,1642979952.53258,248779298.806195
"SAU","Saudi Arabia",2025,3433,FALSE,24600,NA,NA,NA,NA,3245,TRUE,2526,TRUE,NA,NA,NA,NA,FALSE,143.857336014608,0.863817009743732,2803086196.61841,2182001766.61267
"SAU","Saudi Arabia",2026,32,FALSE,24,NA,NA,NA,NA,1339,FALSE,1240,FALSE,NA,NA,NA,NA,FALSE,143.857336014608,0.863817009743732,NA,NA
"SDN","Sudan",2016,43,TRUE,598,NA,NA,NA,NA,NA,NA,NA,NA,43,NA,NA,598,FALSE,110.06700893427,1.12900691159917,NA,NA
"SDN","Sudan",2017,62,TRUE,830,NA,NA,NA,NA,NA,NA,NA,NA,62,NA,NA,830,FALSE,112.411557302308,1.10545941011785,NA,NA
"SDN","Sudan",2018,65,TRUE,936,NA,NA,NA,NA,NA,NA,NA,NA,65,NA,NA,936,FALSE,115.157303224791,1.07910145814431,NA,NA
"SDN","Sudan",2019,66,TRUE,1281,NA,NA,NA,NA,NA,NA,NA,NA,66,NA,NA,1281,FALSE,117.244195476228,1.05989395313846,NA,NA
"SDN","Sudan",2020,56,TRUE,911,NA,NA,NA,NA,NA,NA,NA,NA,56,NA,NA,911,FALSE,118.690501577198,1.04697858863637,NA,NA
"SDN","Sudan",2021,97,TRUE,1638,NA,NA,NA,NA,NA,NA,NA,NA,97,NA,NA,NA,FALSE,124.266413825838,1,NA,NA
"SDN","Sudan",2022,79,TRUE,2230,NA,NA,NA,NA,NA,NA,NA,NA,79,NA,NA,NA,FALSE,134.21120616846,0.92590192259997,NA,NA
"SDN","Sudan",2023,88,TRUE,1140,NA,NA,NA,NA,NA,NA,NA,NA,88,NA,NA,NA,FALSE,139.73579356326,0.889295510169921,NA,NA
"SDN","Sudan",2024,79,TRUE,777,NA,NA,NA,NA,NA,NA,NA,NA,79,NA,NA,NA,FALSE,143.857336014608,0.863817009743732,NA,NA
"SDN","Sudan",2025,57,FALSE,188,NA,NA,NA,NA,NA,NA,NA,NA,NA,NA,NA,NA,FALSE,143.857336014608,0.863817009743732,NA,NA
"SEN","Senegal",2016,9,TRUE,21,NA,NA,NA,NA,NA,NA,NA,NA,9,NA,NA,21,FALSE,110.06700893427,1.12900691159917,NA,NA
"SEN","Senegal",2017,18,TRUE,65,NA,NA,NA,NA,NA,NA,NA,NA,18,NA,NA,65,FALSE,112.411557302308,1.10545941011785,NA,NA
"SEN","Senegal",2018,28,TRUE,286,NA,NA,NA,NA,NA,NA,NA,NA,28,NA,NA,286,FALSE,115.157303224791,1.07910145814431,NA,NA
"SEN","Senegal",2019,24,TRUE,879,NA,NA,NA,NA,NA,NA,NA,NA,24,NA,NA,879,FALSE,117.244195476228,1.05989395313846,NA,NA
"SEN","Senegal",2020,45,TRUE,809,NA,NA,NA,NA,NA,NA,NA,NA,45,NA,NA,809,FALSE,118.690501577198,1.04697858863637,NA,NA
"SEN","Senegal",2021,39,TRUE,471,NA,NA,NA,NA,0,TRUE,NA,NA,39,NA,NA,NA,FALSE,124.266413825838,1,0,NA
"SEN","Senegal",2022,41,TRUE,532,NA,NA,NA,NA,NA,NA,NA,NA,41,NA,NA,NA,FALSE,134.21120616846,0.92590192259997,NA,NA
"SEN","Senegal",2023,71,TRUE,521,NA,NA,NA,NA,0,TRUE,NA,NA,71,NA,NA,NA,FALSE,139.73579356326,0.889295510169921,0,NA
"SEN","Senegal",2024,62,TRUE,262,NA,NA,NA,NA,5,TRUE,NA,NA,62,NA,NA,NA,FALSE,143.857336014608,0.863817009743732,4319085.04871866,NA
"SEN","Senegal",2025,24,FALSE,33,NA,NA,NA,NA,NA,NA,NA,NA,NA,NA,NA,NA,FALSE,143.857336014608,0.863817009743732,NA,NA
"SGP","Singapore",2016,1606,TRUE,104551,60,TRUE,50,TRUE,174,TRUE,96,TRUE,1606,60,50,104551,FALSE,110.06700893427,1.12900691159917,196447202.618255,108384663.51352
"SGP","Singapore",2017,1637,TRUE,128365,115,TRUE,84,TRUE,660,TRUE,566,TRUE,1637,115,84,128365,FALSE,112.411557302308,1.10545941011785,729603210.677779,625690026.126702
"SGP","Singapore",2018,2013,TRUE,159508,220,TRUE,160,TRUE,1132,TRUE,769,TRUE,2013,220,160,159508,FALSE,115.157303224791,1.07910145814431,1221542850.61935,829829021.312972
"SGP","Singapore",2019,2369,TRUE,199108,157,TRUE,117,TRUE,2059,TRUE,1947,TRUE,2369,157,117,199108,FALSE,117.244195476228,1.05989395313846,2182321649.5121,2063613526.76059
"SGP","Singapore",2020,2838,TRUE,205281,53,TRUE,31,FALSE,1232,TRUE,921,TRUE,2838,53,NA,205281,FALSE,118.690501577198,1.04697858863637,1289877621.20001,964267280.1341
"SGP","Singapore",2021,3357,TRUE,200738,6,TRUE,4,FALSE,3471,TRUE,2545,TRUE,3357,6,NA,NA,FALSE,124.266413825838,1,3471000000,2545000000
"SGP","Singapore",2022,3409,TRUE,136753,NA,NA,NA,NA,4114,TRUE,1453,TRUE,3409,NA,NA,NA,FALSE,134.21120616846,0.92590192259997,3809160509.57627,1345335493.53776
"SGP","Singapore",2023,4477,TRUE,158290,NA,NA,NA,NA,2123,TRUE,1642,TRUE,4477,NA,NA,NA,FALSE,139.73579356326,0.889295510169921,1887974368.09074,1460223227.69901
"SGP","Singapore",2024,3992,TRUE,67056,NA,NA,NA,NA,6288,TRUE,5822,TRUE,3992,NA,NA,NA,FALSE,143.857336014608,0.863817009743732,5431681357.26859,5029142630.72801
"SGP","Singapore",2025,2707,FALSE,16542,NA,NA,NA,NA,11474,TRUE,4098,TRUE,NA,NA,NA,NA,FALSE,143.857336014608,0.863817009743732,9911436369.79958,3539922105.92981
"SGP","Singapore",2026,187,FALSE,205,NA,NA,NA,NA,13890,FALSE,11300,FALSE,NA,NA,NA,NA,FALSE,143.857336014608,0.863817009743732,NA,NA
"SLE","Sierra Leone",2017,1,TRUE,1,NA,NA,NA,NA,NA,NA,NA,NA,1,NA,NA,1,FALSE,112.411557302308,1.10545941011785,NA,NA
"SLE","Sierra Leone",2019,4,TRUE,225,NA,NA,NA,NA,NA,NA,NA,NA,4,NA,NA,225,FALSE,117.244195476228,1.05989395313846,NA,NA
"SLE","Sierra Leone",2020,3,TRUE,32,NA,NA,NA,NA,NA,NA,NA,NA,3,NA,NA,32,FALSE,118.690501577198,1.04697858863637,NA,NA
"SLE","Sierra Leone",2021,3,TRUE,16,NA,NA,NA,NA,NA,NA,NA,NA,3,NA,NA,NA,FALSE,124.266413825838,1,NA,NA
"SLE","Sierra Leone",2022,2,TRUE,5,NA,NA,NA,NA,NA,NA,NA,NA,2,NA,NA,NA,FALSE,134.21120616846,0.92590192259997,NA,NA
"SLE","Sierra Leone",2023,3,TRUE,99,NA,NA,NA,NA,NA,NA,NA,NA,3,NA,NA,NA,FALSE,139.73579356326,0.889295510169921,NA,NA
"SLE","Sierra Leone",2024,6,TRUE,32,NA,NA,NA,NA,NA,NA,NA,NA,6,NA,NA,NA,FALSE,143.857336014608,0.863817009743732,NA,NA
"SLE","Sierra Leone",2025,3,FALSE,3,NA,NA,NA,NA,NA,NA,NA,NA,NA,NA,NA,NA,FALSE,143.857336014608,0.863817009743732,NA,NA
"SLV","El Salvador",2016,2,TRUE,25,NA,NA,NA,NA,NA,NA,NA,NA,2,NA,NA,25,FALSE,110.06700893427,1.12900691159917,NA,NA
"SLV","El Salvador",2017,3,TRUE,28,NA,NA,NA,NA,NA,NA,NA,NA,3,NA,NA,28,FALSE,112.411557302308,1.10545941011785,NA,NA
"SLV","El Salvador",2018,7,TRUE,36,NA,NA,NA,NA,NA,NA,NA,NA,7,NA,NA,36,FALSE,115.157303224791,1.07910145814431,NA,NA
"SLV","El Salvador",2019,4,TRUE,46,NA,NA,NA,NA,NA,NA,NA,NA,4,NA,NA,46,FALSE,117.244195476228,1.05989395313846,NA,NA
"SLV","El Salvador",2020,8,TRUE,196,NA,NA,NA,NA,0,TRUE,NA,NA,8,NA,NA,196,FALSE,118.690501577198,1.04697858863637,0,NA
"SLV","El Salvador",2021,7,TRUE,118,NA,NA,NA,NA,1,TRUE,0,TRUE,7,NA,NA,NA,FALSE,124.266413825838,1,1000000,0
"SLV","El Salvador",2022,19,TRUE,114,NA,NA,NA,NA,NA,NA,NA,NA,19,NA,NA,NA,FALSE,134.21120616846,0.92590192259997,NA,NA
"SLV","El Salvador",2023,14,TRUE,108,NA,NA,NA,NA,NA,NA,NA,NA,14,NA,NA,NA,FALSE,139.73579356326,0.889295510169921,NA,NA
"SLV","El Salvador",2024,20,TRUE,30,NA,NA,NA,NA,NA,NA,NA,NA,20,NA,NA,NA,FALSE,143.857336014608,0.863817009743732,NA,NA
"SLV","El Salvador",2025,4,FALSE,6,NA,NA,NA,NA,1,TRUE,1,TRUE,NA,NA,NA,NA,FALSE,143.857336014608,0.863817009743732,863817.009743732,863817.009743732
"SMR","San Marino",2017,1,TRUE,NA,1,TRUE,1,TRUE,NA,NA,NA,NA,1,1,1,NA,FALSE,112.411557302308,1.10545941011785,NA,NA
"SMR","San Marino",2018,1,TRUE,NA,2,TRUE,1,TRUE,NA,NA,NA,NA,1,2,1,NA,FALSE,115.157303224791,1.07910145814431,NA,NA
"SMR","San Marino",2020,2,TRUE,35,1,TRUE,1,FALSE,NA,NA,NA,NA,2,1,NA,35,FALSE,118.690501577198,1.04697858863637,NA,NA
"SMR","San Marino",2021,1,TRUE,NA,NA,NA,NA,NA,NA,NA,NA,NA,1,NA,NA,NA,FALSE,124.266413825838,1,NA,NA
"SMR","San Marino",2022,1,TRUE,16,NA,NA,NA,NA,NA,NA,NA,NA,1,NA,NA,NA,FALSE,134.21120616846,0.92590192259997,NA,NA
"SMR","San Marino",2023,NA,NA,NA,1,FALSE,NA,NA,NA,NA,NA,NA,NA,NA,NA,NA,FALSE,139.73579356326,0.889295510169921,NA,NA
"SMR","San Marino",2024,1,TRUE,6,NA,NA,NA,NA,NA,NA,NA,NA,1,NA,NA,NA,FALSE,143.857336014608,0.863817009743732,NA,NA
"SMR","San Marino",2025,1,FALSE,5,NA,NA,NA,NA,NA,NA,NA,NA,NA,NA,NA,NA,FALSE,143.857336014608,0.863817009743732,NA,NA
"SOM","Somalia",2018,2,TRUE,8,NA,NA,NA,NA,NA,NA,NA,NA,2,NA,NA,8,FALSE,115.157303224791,1.07910145814431,NA,NA
"SOM","Somalia",2019,4,TRUE,147,NA,NA,NA,NA,NA,NA,NA,NA,4,NA,NA,147,FALSE,117.244195476228,1.05989395313846,NA,NA
"SOM","Somalia",2020,2,TRUE,394,NA,NA,NA,NA,NA,NA,NA,NA,2,NA,NA,394,FALSE,118.690501577198,1.04697858863637,NA,NA
"SOM","Somalia",2021,7,TRUE,66,NA,NA,NA,NA,NA,NA,NA,NA,7,NA,NA,NA,FALSE,124.266413825838,1,NA,NA
"SOM","Somalia",2022,4,TRUE,40,NA,NA,NA,NA,NA,NA,NA,NA,4,NA,NA,NA,FALSE,134.21120616846,0.92590192259997,NA,NA
"SOM","Somalia",2023,10,TRUE,121,NA,NA,NA,NA,NA,NA,NA,NA,10,NA,NA,NA,FALSE,139.73579356326,0.889295510169921,NA,NA
"SOM","Somalia",2024,28,TRUE,345,NA,NA,NA,NA,NA,NA,NA,NA,28,NA,NA,NA,FALSE,143.857336014608,0.863817009743732,NA,NA
"SOM","Somalia",2025,15,FALSE,137,NA,NA,NA,NA,NA,NA,NA,NA,NA,NA,NA,NA,FALSE,143.857336014608,0.863817009743732,NA,NA
"SRB","Serbia",2016,244,TRUE,6247,2,TRUE,NA,NA,NA,NA,NA,NA,244,2,NA,6247,FALSE,110.06700893427,1.12900691159917,NA,NA
"SRB","Serbia",2017,256,TRUE,9229,3,TRUE,2,TRUE,0,TRUE,0,TRUE,256,3,2,9229,FALSE,112.411557302308,1.10545941011785,0,0
"SRB","Serbia",2018,269,TRUE,6001,6,TRUE,3,TRUE,1,TRUE,1,TRUE,269,6,3,6001,FALSE,115.157303224791,1.07910145814431,1079101.45814431,1079101.45814431
"SRB","Serbia",2019,345,TRUE,6475,6,TRUE,2,TRUE,0,TRUE,0,TRUE,345,6,2,6475,FALSE,117.244195476228,1.05989395313846,0,0
"SRB","Serbia",2020,346,TRUE,9088,6,TRUE,1,FALSE,0,TRUE,0,TRUE,346,6,NA,9088,FALSE,118.690501577198,1.04697858863637,0,0
"SRB","Serbia",2021,458,TRUE,8374,6,TRUE,1,FALSE,0,TRUE,0,TRUE,458,6,NA,NA,FALSE,124.266413825838,1,0,0
"SRB","Serbia",2022,537,TRUE,8998,3,FALSE,NA,NA,8,TRUE,8,TRUE,537,NA,NA,NA,FALSE,134.21120616846,0.92590192259997,7407215.38079976,7407215.38079976
"SRB","Serbia",2023,539,TRUE,6432,7,FALSE,3,FALSE,44,TRUE,43,TRUE,539,NA,NA,NA,FALSE,139.73579356326,0.889295510169921,39129002.4474765,38239706.9373066
"SRB","Serbia",2024,532,TRUE,4134,9,FALSE,NA,NA,50,TRUE,6,TRUE,532,NA,NA,NA,FALSE,143.857336014608,0.863817009743732,43190850.4871866,5182902.05846239
"SRB","Serbia",2025,331,FALSE,998,1,FALSE,NA,NA,NA,NA,NA,NA,NA,NA,NA,NA,FALSE,143.857336014608,0.863817009743732,NA,NA
"SRB","Serbia",2026,5,FALSE,1,NA,NA,NA,NA,55043,FALSE,NA,NA,NA,NA,NA,NA,FALSE,143.857336014608,0.863817009743732,NA,NA
"SSD","South Sudan",2022,1,TRUE,NA,NA,NA,NA,NA,NA,NA,NA,NA,1,NA,NA,NA,FALSE,134.21120616846,0.92590192259997,NA,NA
"SSD","South Sudan",2024,1,TRUE,5,NA,NA,NA,NA,NA,NA,NA,NA,1,NA,NA,NA,FALSE,143.857336014608,0.863817009743732,NA,NA
"SSD","South Sudan",2025,2,FALSE,22,NA,NA,NA,NA,NA,NA,NA,NA,NA,NA,NA,NA,FALSE,143.857336014608,0.863817009743732,NA,NA
"STP","Sao Tome and Principe",2022,1,TRUE,20,NA,NA,NA,NA,NA,NA,NA,NA,1,NA,NA,NA,FALSE,134.21120616846,0.92590192259997,NA,NA
"SUR","Suriname",2021,1,TRUE,6,NA,NA,NA,NA,NA,NA,NA,NA,1,NA,NA,NA,FALSE,124.266413825838,1,NA,NA
"SVK","Slovakia",2016,276,TRUE,2937,NA,NA,NA,NA,2,TRUE,1,TRUE,276,NA,NA,2937,FALSE,110.06700893427,1.12900691159917,2258013.82319833,1129006.91159917
"SVK","Slovakia",2017,221,TRUE,3048,NA,NA,NA,NA,25,TRUE,25,TRUE,221,NA,NA,3048,FALSE,112.411557302308,1.10545941011785,27636485.2529462,27636485.2529462
"SVK","Slovakia",2018,291,TRUE,3636,NA,NA,NA,NA,4,TRUE,4,TRUE,291,NA,NA,3636,FALSE,115.157303224791,1.07910145814431,4316405.83257723,4316405.83257723
"SVK","Slovakia",2019,366,TRUE,6930,NA,NA,NA,NA,15,TRUE,15,TRUE,366,NA,NA,6930,FALSE,117.244195476228,1.05989395313846,15898409.2970769,15898409.2970769
"SVK","Slovakia",2020,355,TRUE,9922,4,TRUE,NA,NA,16,TRUE,7,TRUE,355,4,NA,9922,FALSE,118.690501577198,1.04697858863637,16751657.418182,7328850.12045461
"SVK","Slovakia",2021,419,TRUE,7865,9,TRUE,1,FALSE,9,TRUE,9,TRUE,419,9,NA,NA,FALSE,124.266413825838,1,9000000,9000000
"SVK","Slovakia",2022,443,TRUE,7875,NA,NA,NA,NA,28,TRUE,4,TRUE,443,NA,NA,NA,FALSE,134.21120616846,0.92590192259997,25925253.8327991,3703607.69039988
"SVK","Slovakia",2023,468,TRUE,4766,9,FALSE,4,FALSE,23,TRUE,23,TRUE,468,NA,NA,NA,FALSE,139.73579356326,0.889295510169921,20453796.7339082,20453796.7339082
"SVK","Slovakia",2024,390,TRUE,2812,7,FALSE,1,FALSE,30,TRUE,29,TRUE,390,NA,NA,NA,FALSE,143.857336014608,0.863817009743732,25914510.292312,25050693.2825682
"SVK","Slovakia",2025,216,FALSE,682,1,FALSE,NA,NA,14,TRUE,13,TRUE,NA,NA,NA,NA,FALSE,143.857336014608,0.863817009743732,12093438.1364123,11229621.1266685
"SVK","Slovakia",2026,NA,NA,NA,NA,NA,NA,NA,7,FALSE,4,FALSE,NA,NA,NA,NA,FALSE,143.857336014608,0.863817009743732,NA,NA
"SVN","Slovenia",2016,191,TRUE,7283,3,TRUE,3,TRUE,1,TRUE,1,TRUE,191,3,3,7283,FALSE,110.06700893427,1.12900691159917,1129006.91159917,1129006.91159917
"SVN","Slovenia",2017,226,TRUE,6626,NA,NA,NA,NA,1,TRUE,0,TRUE,226,NA,NA,6626,FALSE,112.411557302308,1.10545941011785,1105459.41011785,0
"SVN","Slovenia",2018,259,TRUE,8457,9,TRUE,8,TRUE,0,TRUE,NA,NA,259,9,8,8457,FALSE,115.157303224791,1.07910145814431,0,NA
"SVN","Slovenia",2019,281,TRUE,9095,1,TRUE,1,TRUE,0,TRUE,0,TRUE,281,1,1,9095,FALSE,117.244195476228,1.05989395313846,0,0
"SVN","Slovenia",2020,325,TRUE,10518,NA,NA,NA,NA,5,TRUE,4,TRUE,325,NA,NA,10518,FALSE,118.690501577198,1.04697858863637,5234892.94318187,4187914.35454549
"SVN","Slovenia",2021,410,TRUE,9659,NA,NA,NA,NA,0,TRUE,NA,NA,410,NA,NA,NA,FALSE,124.266413825838,1,0,NA
"SVN","Slovenia",2022,356,TRUE,6292,1,FALSE,1,FALSE,10,TRUE,10,TRUE,356,NA,NA,NA,FALSE,134.21120616846,0.92590192259997,9259019.22599969,9259019.22599969
"SVN","Slovenia",2023,426,TRUE,7457,1,FALSE,NA,NA,20,TRUE,20,TRUE,426,NA,NA,NA,FALSE,139.73579356326,0.889295510169921,17785910.2033984,17785910.2033984
"SVN","Slovenia",2024,379,TRUE,3371,NA,NA,NA,NA,NA,NA,NA,NA,379,NA,NA,NA,FALSE,143.857336014608,0.863817009743732,NA,NA
"SVN","Slovenia",2025,253,FALSE,757,NA,NA,NA,NA,17,TRUE,9,TRUE,NA,NA,NA,NA,FALSE,143.857336014608,0.863817009743732,14684889.1656434,7774353.08769359
"SVN","Slovenia",2026,8,FALSE,2,NA,NA,NA,NA,2,FALSE,2,FALSE,NA,NA,NA,NA,FALSE,143.857336014608,0.863817009743732,NA,NA
"SWE","Sweden",2016,1060,TRUE,39778,12,TRUE,11,TRUE,65,TRUE,46,TRUE,1060,12,11,39778,FALSE,110.06700893427,1.12900691159917,73385449.2539458,51934317.9335616
"SWE","Sweden",2017,1063,TRUE,47639,13,TRUE,11,TRUE,398,TRUE,40,TRUE,1063,13,11,47639,FALSE,112.411557302308,1.10545941011785,439972845.226903,44218376.4047139
"SWE","Sweden",2018,1208,TRUE,55530,33,TRUE,21,TRUE,130,TRUE,103,TRUE,1208,33,21,55530,FALSE,115.157303224791,1.07910145814431,140283189.55876,111147450.188864
"SWE","Sweden",2019,1459,TRUE,70948,20,TRUE,9,TRUE,181,TRUE,68,TRUE,1459,20,9,70948,FALSE,117.244195476228,1.05989395313846,191840805.518062,72072788.8134155
"SWE","Sweden",2020,1885,TRUE,77885,31,TRUE,22,FALSE,3600,TRUE,3539,TRUE,1885,31,NA,77885,FALSE,118.690501577198,1.04697858863637,3769122919.09094,3705257225.18412
"SWE","Sweden",2021,2115,TRUE,72326,26,TRUE,19,FALSE,18369,TRUE,5059,TRUE,2115,26,NA,NA,FALSE,124.266413825838,1,18369000000,5059000000
"SWE","Sweden",2022,2333,TRUE,57608,36,FALSE,24,FALSE,4145,TRUE,601,TRUE,2333,NA,NA,NA,FALSE,134.21120616846,0.92590192259997,3837863469.17687,556467055.482582
"SWE","Sweden",2023,2650,TRUE,52582,34,FALSE,21,FALSE,289,TRUE,228,TRUE,2650,NA,NA,NA,FALSE,139.73579356326,0.889295510169921,257006402.439107,202759376.318742
"SWE","Sweden",2024,2385,TRUE,28688,20,FALSE,9,FALSE,5469,TRUE,5449,TRUE,2385,NA,NA,NA,FALSE,143.857336014608,0.863817009743732,4724215226.28847,4706938886.0936
"SWE","Sweden",2025,1581,FALSE,7401,3,FALSE,NA,NA,7124,TRUE,2498,TRUE,NA,NA,NA,NA,FALSE,143.857336014608,0.863817009743732,6153832377.41435,2157814890.33984
"SWE","Sweden",2026,73,FALSE,63,NA,NA,NA,NA,5248,FALSE,3554,FALSE,NA,NA,NA,NA,FALSE,143.857336014608,0.863817009743732,NA,NA
"SWZ","Swaziland",2016,1,TRUE,38,NA,NA,NA,NA,NA,NA,NA,NA,1,NA,NA,38,FALSE,110.06700893427,1.12900691159917,NA,NA
"SWZ","Swaziland",2017,1,TRUE,1,NA,NA,NA,NA,NA,NA,NA,NA,1,NA,NA,1,FALSE,112.411557302308,1.10545941011785,NA,NA
"SWZ","Swaziland",2018,2,TRUE,31,NA,NA,NA,NA,NA,NA,NA,NA,2,NA,NA,31,FALSE,115.157303224791,1.07910145814431,NA,NA
"SWZ","Swaziland",2019,1,TRUE,83,NA,NA,NA,NA,NA,NA,NA,NA,1,NA,NA,83,FALSE,117.244195476228,1.05989395313846,NA,NA
"SWZ","Swaziland",2020,6,TRUE,288,NA,NA,NA,NA,NA,NA,NA,NA,6,NA,NA,288,FALSE,118.690501577198,1.04697858863637,NA,NA
"SWZ","Swaziland",2021,5,TRUE,157,NA,NA,NA,NA,NA,NA,NA,NA,5,NA,NA,NA,FALSE,124.266413825838,1,NA,NA
"SWZ","Swaziland",2022,8,TRUE,159,NA,NA,NA,NA,NA,NA,NA,NA,8,NA,NA,NA,FALSE,134.21120616846,0.92590192259997,NA,NA
"SWZ","Swaziland",2023,4,TRUE,132,NA,NA,NA,NA,NA,NA,NA,NA,4,NA,NA,NA,FALSE,139.73579356326,0.889295510169921,NA,NA
"SWZ","Swaziland",2024,8,TRUE,33,NA,NA,NA,NA,NA,NA,NA,NA,8,NA,NA,NA,FALSE,143.857336014608,0.863817009743732,NA,NA
"SWZ","Swaziland",2025,2,FALSE,NA,NA,NA,NA,NA,NA,NA,NA,NA,NA,NA,NA,NA,FALSE,143.857336014608,0.863817009743732,NA,NA
"SWZ","Swaziland",2026,NA,NA,NA,NA,NA,NA,NA,4,FALSE,NA,NA,NA,NA,NA,NA,FALSE,143.857336014608,0.863817009743732,NA,NA
"SYC","Seychelles",2016,NA,NA,NA,NA,NA,NA,NA,1,TRUE,1,TRUE,NA,NA,NA,NA,FALSE,110.06700893427,1.12900691159917,1129006.91159917,1129006.91159917
"SYC","Seychelles",2017,NA,NA,NA,NA,NA,NA,NA,1,TRUE,1,TRUE,NA,NA,NA,NA,FALSE,112.411557302308,1.10545941011785,1105459.41011785,1105459.41011785
"SYC","Seychelles",2018,1,TRUE,NA,NA,NA,NA,NA,NA,NA,NA,NA,1,NA,NA,NA,FALSE,115.157303224791,1.07910145814431,NA,NA
"SYC","Seychelles",2021,NA,NA,NA,NA,NA,NA,NA,1,TRUE,1,TRUE,NA,NA,NA,NA,FALSE,124.266413825838,1,1000000,1000000
"SYC","Seychelles",2022,1,TRUE,17,NA,NA,NA,NA,10,TRUE,NA,NA,1,NA,NA,NA,FALSE,134.21120616846,0.92590192259997,9259019.22599969,NA
"SYC","Seychelles",2023,NA,NA,NA,NA,NA,NA,NA,50,TRUE,NA,NA,NA,NA,NA,NA,FALSE,139.73579356326,0.889295510169921,44464775.508496,NA
"SYC","Seychelles",2024,NA,NA,NA,NA,NA,NA,NA,2,TRUE,2,TRUE,NA,NA,NA,NA,FALSE,143.857336014608,0.863817009743732,1727634.01948746,1727634.01948746
"SYR","Syria",2016,13,TRUE,144,NA,NA,NA,NA,NA,NA,NA,NA,13,NA,NA,144,FALSE,110.06700893427,1.12900691159917,NA,NA
"SYR","Syria",2017,10,TRUE,122,NA,NA,NA,NA,NA,NA,NA,NA,10,NA,NA,122,FALSE,112.411557302308,1.10545941011785,NA,NA
"SYR","Syria",2018,21,TRUE,422,NA,NA,NA,NA,NA,NA,NA,NA,21,NA,NA,422,FALSE,115.157303224791,1.07910145814431,NA,NA
"SYR","Syria",2019,29,TRUE,1525,NA,NA,NA,NA,NA,NA,NA,NA,29,NA,NA,1525,FALSE,117.244195476228,1.05989395313846,NA,NA
"SYR","Syria",2020,47,TRUE,1361,NA,NA,NA,NA,NA,NA,NA,NA,47,NA,NA,1361,FALSE,118.690501577198,1.04697858863637,NA,NA
"SYR","Syria",2021,47,TRUE,969,NA,NA,NA,NA,NA,NA,NA,NA,47,NA,NA,NA,FALSE,124.266413825838,1,NA,NA
"SYR","Syria",2022,63,TRUE,1438,NA,NA,NA,NA,NA,NA,NA,NA,63,NA,NA,NA,FALSE,134.21120616846,0.92590192259997,NA,NA
"SYR","Syria",2023,68,TRUE,945,NA,NA,NA,NA,NA,NA,NA,NA,68,NA,NA,NA,FALSE,139.73579356326,0.889295510169921,NA,NA
"SYR","Syria",2024,78,TRUE,786,NA,NA,NA,NA,NA,NA,NA,NA,78,NA,NA,NA,FALSE,143.857336014608,0.863817009743732,NA,NA
"SYR","Syria",2025,56,FALSE,113,NA,NA,NA,NA,NA,NA,NA,NA,NA,NA,NA,NA,FALSE,143.857336014608,0.863817009743732,NA,NA
"TCD","Chad",2017,1,TRUE,NA,NA,NA,NA,NA,NA,NA,NA,NA,1,NA,NA,NA,FALSE,112.411557302308,1.10545941011785,NA,NA
"TCD","Chad",2021,3,TRUE,37,NA,NA,NA,NA,NA,NA,NA,NA,3,NA,NA,NA,FALSE,124.266413825838,1,NA,NA
"TCD","Chad",2022,1,TRUE,30,NA,NA,NA,NA,NA,NA,NA,NA,1,NA,NA,NA,FALSE,134.21120616846,0.92590192259997,NA,NA
"TCD","Chad",2023,5,TRUE,10,NA,NA,NA,NA,NA,NA,NA,NA,5,NA,NA,NA,FALSE,139.73579356326,0.889295510169921,NA,NA
"TCD","Chad",2024,5,TRUE,45,NA,NA,NA,NA,NA,NA,NA,NA,5,NA,NA,NA,FALSE,143.857336014608,0.863817009743732,NA,NA
"TCD","Chad",2025,7,FALSE,17,NA,NA,NA,NA,NA,NA,NA,NA,NA,NA,NA,NA,FALSE,143.857336014608,0.863817009743732,NA,NA
"TGO","Togo",2019,1,TRUE,6,NA,NA,NA,NA,NA,NA,NA,NA,1,NA,NA,6,FALSE,117.244195476228,1.05989395313846,NA,NA
"TGO","Togo",2020,3,TRUE,21,NA,NA,NA,NA,NA,NA,NA,NA,3,NA,NA,21,FALSE,118.690501577198,1.04697858863637,NA,NA
"TGO","Togo",2021,3,TRUE,105,NA,NA,NA,NA,NA,NA,NA,NA,3,NA,NA,NA,FALSE,124.266413825838,1,NA,NA
"TGO","Togo",2022,5,TRUE,265,NA,NA,NA,NA,NA,NA,NA,NA,5,NA,NA,NA,FALSE,134.21120616846,0.92590192259997,NA,NA
"TGO","Togo",2023,7,TRUE,201,NA,NA,NA,NA,NA,NA,NA,NA,7,NA,NA,NA,FALSE,139.73579356326,0.889295510169921,NA,NA
"TGO","Togo",2024,8,TRUE,89,NA,NA,NA,NA,NA,NA,NA,NA,8,NA,NA,NA,FALSE,143.857336014608,0.863817009743732,NA,NA
"TGO","Togo",2025,2,FALSE,9,NA,NA,NA,NA,NA,NA,NA,NA,NA,NA,NA,NA,FALSE,143.857336014608,0.863817009743732,NA,NA
"THA","Thailand",2016,583,TRUE,7802,NA,NA,NA,NA,1,TRUE,1,TRUE,583,NA,NA,7802,FALSE,110.06700893427,1.12900691159917,1129006.91159917,1129006.91159917
"THA","Thailand",2017,652,TRUE,8282,1,TRUE,NA,NA,3,TRUE,3,TRUE,652,1,NA,8282,FALSE,112.411557302308,1.10545941011785,3316378.23035354,3316378.23035354
"THA","Thailand",2018,794,TRUE,11846,NA,NA,NA,NA,10,TRUE,1,TRUE,794,NA,NA,11846,FALSE,115.157303224791,1.07910145814431,10791014.5814431,1079101.45814431
"THA","Thailand",2019,888,TRUE,12356,NA,NA,NA,NA,16,TRUE,14,TRUE,888,NA,NA,12356,FALSE,117.244195476228,1.05989395313846,16958303.2502154,14838515.3439385
"THA","Thailand",2020,866,TRUE,15340,NA,NA,NA,NA,14,TRUE,11,TRUE,866,NA,NA,15340,FALSE,118.690501577198,1.04697858863637,14657700.2409092,11516764.4750001
"THA","Thailand",2021,1179,TRUE,20971,NA,NA,NA,NA,31,TRUE,23,TRUE,1179,NA,NA,NA,FALSE,124.266413825838,1,31000000,23000000
"THA","Thailand",2022,1358,TRUE,16589,NA,NA,NA,NA,75,TRUE,26,TRUE,1358,NA,NA,NA,FALSE,134.21120616846,0.92590192259997,69442644.1949977,24073449.9875992
"THA","Thailand",2023,1595,TRUE,18044,NA,NA,NA,NA,68,TRUE,28,TRUE,1595,NA,NA,NA,FALSE,139.73579356326,0.889295510169921,60472094.6915546,24900274.2847578
"THA","Thailand",2024,1768,TRUE,12112,NA,NA,NA,NA,194,TRUE,191,TRUE,1768,NA,NA,NA,FALSE,143.857336014608,0.863817009743732,167580499.890284,164989048.861053
"THA","Thailand",2025,927,FALSE,3161,NA,NA,NA,NA,9,TRUE,9,TRUE,NA,NA,NA,NA,FALSE,143.857336014608,0.863817009743732,7774353.08769359,7774353.08769359
"THA","Thailand",2026,1,FALSE,2,NA,NA,NA,NA,10,FALSE,7,FALSE,NA,NA,NA,NA,FALSE,143.857336014608,0.863817009743732,NA,NA
"TJK","Tajikistan",2018,3,TRUE,2,NA,NA,NA,NA,NA,NA,NA,NA,3,NA,NA,2,FALSE,115.157303224791,1.07910145814431,NA,NA
"TJK","Tajikistan",2019,4,TRUE,8,NA,NA,NA,NA,NA,NA,NA,NA,4,NA,NA,8,FALSE,117.244195476228,1.05989395313846,NA,NA
"TJK","Tajikistan",2020,5,TRUE,37,NA,NA,NA,NA,NA,NA,NA,NA,5,NA,NA,37,FALSE,118.690501577198,1.04697858863637,NA,NA
"TJK","Tajikistan",2021,8,TRUE,80,NA,NA,NA,NA,NA,NA,NA,NA,8,NA,NA,NA,FALSE,124.266413825838,1,NA,NA
"TJK","Tajikistan",2022,3,TRUE,22,NA,NA,NA,NA,1,TRUE,1,TRUE,3,NA,NA,NA,FALSE,134.21120616846,0.92590192259997,925901.92259997,925901.92259997
"TJK","Tajikistan",2023,5,TRUE,77,NA,NA,NA,NA,1,TRUE,1,TRUE,5,NA,NA,NA,FALSE,139.73579356326,0.889295510169921,889295.510169921,889295.510169921
"TJK","Tajikistan",2024,6,TRUE,110,NA,NA,NA,NA,3,TRUE,1,TRUE,6,NA,NA,NA,FALSE,143.857336014608,0.863817009743732,2591451.0292312,863817.009743732
"TJK","Tajikistan",2025,6,FALSE,31,NA,NA,NA,NA,3,TRUE,3,TRUE,NA,NA,NA,NA,FALSE,143.857336014608,0.863817009743732,2591451.0292312,2591451.0292312
"TJK","Tajikistan",2026,NA,NA,NA,NA,NA,NA,NA,7,FALSE,6,FALSE,NA,NA,NA,NA,FALSE,143.857336014608,0.863817009743732,NA,NA
"TKM","Turkmenistan",2018,1,TRUE,14,NA,NA,NA,NA,NA,NA,NA,NA,1,NA,NA,14,FALSE,115.157303224791,1.07910145814431,NA,NA
"TKM","Turkmenistan",2023,1,TRUE,NA,NA,NA,NA,NA,NA,NA,NA,NA,1,NA,NA,NA,FALSE,139.73579356326,0.889295510169921,NA,NA
"TKM","Turkmenistan",2024,3,TRUE,NA,NA,NA,NA,NA,NA,NA,NA,NA,3,NA,NA,NA,FALSE,143.857336014608,0.863817009743732,NA,NA
"TKM","Turkmenistan",2025,2,FALSE,2,NA,NA,NA,NA,NA,NA,NA,NA,NA,NA,NA,NA,FALSE,143.857336014608,0.863817009743732,NA,NA
"TLS","Timor-Leste",2017,1,TRUE,92,NA,NA,NA,NA,NA,NA,NA,NA,1,NA,NA,92,FALSE,112.411557302308,1.10545941011785,NA,NA
"TLS","Timor-Leste",2018,3,TRUE,78,NA,NA,NA,NA,NA,NA,NA,NA,3,NA,NA,78,FALSE,115.157303224791,1.07910145814431,NA,NA
"TLS","Timor-Leste",2019,2,TRUE,64,NA,NA,NA,NA,NA,NA,NA,NA,2,NA,NA,64,FALSE,117.244195476228,1.05989395313846,NA,NA
"TLS","Timor-Leste",2021,4,TRUE,20,NA,NA,NA,NA,NA,NA,NA,NA,4,NA,NA,NA,FALSE,124.266413825838,1,NA,NA
"TLS","Timor-Leste",2022,3,TRUE,3,NA,NA,NA,NA,NA,NA,NA,NA,3,NA,NA,NA,FALSE,134.21120616846,0.92590192259997,NA,NA
"TLS","Timor-Leste",2023,6,TRUE,19,NA,NA,NA,NA,NA,NA,NA,NA,6,NA,NA,NA,FALSE,139.73579356326,0.889295510169921,NA,NA
"TLS","Timor-Leste",2024,3,TRUE,6,NA,NA,NA,NA,NA,NA,NA,NA,3,NA,NA,NA,FALSE,143.857336014608,0.863817009743732,NA,NA
"TLS","Timor-Leste",2025,1,FALSE,2,NA,NA,NA,NA,NA,NA,NA,NA,NA,NA,NA,NA,FALSE,143.857336014608,0.863817009743732,NA,NA
"TON","Tonga",2020,1,TRUE,15,NA,NA,NA,NA,NA,NA,NA,NA,1,NA,NA,15,FALSE,118.690501577198,1.04697858863637,NA,NA
"TON","Tonga",2023,1,TRUE,41,NA,NA,NA,NA,NA,NA,NA,NA,1,NA,NA,NA,FALSE,139.73579356326,0.889295510169921,NA,NA
"TON","Tonga",2024,2,TRUE,51,NA,NA,NA,NA,NA,NA,NA,NA,2,NA,NA,NA,FALSE,143.857336014608,0.863817009743732,NA,NA
"TTO","Trinidad and Tobago",2016,8,TRUE,65,NA,NA,NA,NA,NA,NA,NA,NA,8,NA,NA,65,FALSE,110.06700893427,1.12900691159917,NA,NA
"TTO","Trinidad and Tobago",2017,5,TRUE,140,NA,NA,NA,NA,NA,NA,NA,NA,5,NA,NA,140,FALSE,112.411557302308,1.10545941011785,NA,NA
"TTO","Trinidad and Tobago",2018,5,TRUE,54,NA,NA,NA,NA,NA,NA,NA,NA,5,NA,NA,54,FALSE,115.157303224791,1.07910145814431,NA,NA
"TTO","Trinidad and Tobago",2019,13,TRUE,254,NA,NA,NA,NA,NA,NA,NA,NA,13,NA,NA,254,FALSE,117.244195476228,1.05989395313846,NA,NA
"TTO","Trinidad and Tobago",2020,21,TRUE,233,NA,NA,NA,NA,NA,NA,NA,NA,21,NA,NA,233,FALSE,118.690501577198,1.04697858863637,NA,NA
"TTO","Trinidad and Tobago",2021,19,TRUE,217,NA,NA,NA,NA,NA,NA,NA,NA,19,NA,NA,NA,FALSE,124.266413825838,1,NA,NA
"TTO","Trinidad and Tobago",2022,26,TRUE,182,NA,NA,NA,NA,NA,NA,NA,NA,26,NA,NA,NA,FALSE,134.21120616846,0.92590192259997,NA,NA
"TTO","Trinidad and Tobago",2023,33,TRUE,419,NA,NA,NA,NA,NA,NA,NA,NA,33,NA,NA,NA,FALSE,139.73579356326,0.889295510169921,NA,NA
"TTO","Trinidad and Tobago",2024,33,TRUE,162,NA,NA,NA,NA,NA,NA,NA,NA,33,NA,NA,NA,FALSE,143.857336014608,0.863817009743732,NA,NA
"TTO","Trinidad and Tobago",2025,14,FALSE,36,NA,NA,NA,NA,NA,NA,NA,NA,NA,NA,NA,NA,FALSE,143.857336014608,0.863817009743732,NA,NA
"TTO","Trinidad and Tobago",2026,NA,NA,NA,NA,NA,NA,NA,45,FALSE,40,FALSE,NA,NA,NA,NA,FALSE,143.857336014608,0.863817009743732,NA,NA
"TUN","Tunisia",2016,765,TRUE,8013,NA,NA,NA,NA,NA,NA,NA,NA,765,NA,NA,8013,FALSE,110.06700893427,1.12900691159917,NA,NA
"TUN","Tunisia",2017,687,TRUE,7896,NA,NA,NA,NA,NA,NA,NA,NA,687,NA,NA,7896,FALSE,112.411557302308,1.10545941011785,NA,NA
"TUN","Tunisia",2018,672,TRUE,9053,NA,NA,NA,NA,1,TRUE,1,TRUE,672,NA,NA,9053,FALSE,115.157303224791,1.07910145814431,1079101.45814431,1079101.45814431
"TUN","Tunisia",2019,610,TRUE,9105,NA,NA,NA,NA,1,TRUE,0,TRUE,610,NA,NA,9105,FALSE,117.244195476228,1.05989395313846,1059893.95313846,0
"TUN","Tunisia",2020,771,TRUE,13517,1,TRUE,NA,NA,1,TRUE,0,TRUE,771,1,NA,13517,FALSE,118.690501577198,1.04697858863637,1046978.58863637,0
"TUN","Tunisia",2021,783,TRUE,14957,4,TRUE,2,FALSE,0,TRUE,0,TRUE,783,4,NA,NA,FALSE,124.266413825838,1,0,0
"TUN","Tunisia",2022,799,TRUE,10709,3,FALSE,NA,NA,2,TRUE,2,TRUE,799,NA,NA,NA,FALSE,134.21120616846,0.92590192259997,1851803.84519994,1851803.84519994
"TUN","Tunisia",2023,927,TRUE,11107,1,FALSE,NA,NA,2,TRUE,2,TRUE,927,NA,NA,NA,FALSE,139.73579356326,0.889295510169921,1778591.02033984,1778591.02033984
"TUN","Tunisia",2024,918,TRUE,6673,NA,NA,NA,NA,5,TRUE,5,TRUE,918,NA,NA,NA,FALSE,143.857336014608,0.863817009743732,4319085.04871866,4319085.04871866
"TUN","Tunisia",2025,403,FALSE,1453,NA,NA,NA,NA,1,TRUE,1,TRUE,NA,NA,NA,NA,FALSE,143.857336014608,0.863817009743732,863817.009743732,863817.009743732
"TUN","Tunisia",2026,NA,NA,NA,NA,NA,NA,NA,0,FALSE,NA,NA,NA,NA,NA,NA,FALSE,143.857336014608,0.863817009743732,NA,NA
"TUR","Turkey",2016,1482,TRUE,50211,8,TRUE,1,TRUE,106,TRUE,105,TRUE,1482,8,1,50211,FALSE,110.06700893427,1.12900691159917,119674732.629512,118545725.717912
"TUR","Turkey",2017,1763,TRUE,45347,11,TRUE,3,TRUE,180,TRUE,180,TRUE,1763,11,3,45347,FALSE,112.411557302308,1.10545941011785,198982693.821213,198982693.821213
"TUR","Turkey",2018,2118,TRUE,48144,19,TRUE,5,TRUE,511,TRUE,508,TRUE,2118,19,5,48144,FALSE,115.157303224791,1.07910145814431,551420845.111741,548183540.737308
"TUR","Turkey",2019,2357,TRUE,60119,25,TRUE,4,TRUE,17,TRUE,10,TRUE,2357,25,4,60119,FALSE,117.244195476228,1.05989395313846,18018197.2033539,10598939.5313846
"TUR","Turkey",2020,2779,TRUE,78331,45,TRUE,4,FALSE,13,TRUE,8,TRUE,2779,45,NA,78331,FALSE,118.690501577198,1.04697858863637,13610721.6522729,8375828.70909099
"TUR","Turkey",2021,3568,TRUE,67295,60,TRUE,6,FALSE,104,TRUE,36,TRUE,3568,60,NA,NA,FALSE,124.266413825838,1,104000000,36000000
"TUR","Turkey",2022,3942,TRUE,60981,56,FALSE,NA,NA,62,TRUE,54,TRUE,3942,NA,NA,NA,FALSE,134.21120616846,0.92590192259997,57405919.2011981,49998703.8203984
"TUR","Turkey",2023,4596,TRUE,58140,112,FALSE,1,FALSE,68,TRUE,61,TRUE,4596,NA,NA,NA,FALSE,139.73579356326,0.889295510169921,60472094.6915546,54247026.1203652
"TUR","Turkey",2024,4906,TRUE,42186,105,FALSE,NA,NA,109,TRUE,92,TRUE,4906,NA,NA,NA,FALSE,143.857336014608,0.863817009743732,94156054.0620668,79471164.8964234
"TUR","Turkey",2025,3188,FALSE,12736,3,FALSE,NA,NA,109,TRUE,70,TRUE,NA,NA,NA,NA,FALSE,143.857336014608,0.863817009743732,94156054.0620668,60467190.6820613
"TUR","Turkey",2026,NA,NA,NA,NA,NA,NA,NA,376,FALSE,24,FALSE,NA,NA,NA,NA,FALSE,143.857336014608,0.863817009743732,NA,NA
"TWN","Taiwan",2016,1580,TRUE,29529,102,TRUE,94,TRUE,31,TRUE,16,TRUE,1580,102,94,29529,FALSE,110.06700893427,1.12900691159917,34999214.2595742,18064110.5855867
"TWN","Taiwan",2017,1634,TRUE,37661,198,TRUE,163,TRUE,26,TRUE,23,TRUE,1634,198,163,37661,FALSE,112.411557302308,1.10545941011785,28741944.663064,25425566.4327105
"TWN","Taiwan",2018,2000,TRUE,60093,372,TRUE,325,TRUE,30,TRUE,28,TRUE,2000,372,325,60093,FALSE,115.157303224791,1.07910145814431,32373043.7443292,30214840.8280406
"TWN","Taiwan",2019,2616,TRUE,76483,514,TRUE,438,TRUE,153,TRUE,40,TRUE,2616,514,438,76483,FALSE,117.244195476228,1.05989395313846,162163774.830185,42395758.1255385
"TWN","Taiwan",2020,3104,TRUE,123498,656,TRUE,576,FALSE,160,TRUE,104,TRUE,3104,656,NA,123498,FALSE,118.690501577198,1.04697858863637,167516574.18182,108885773.218183
"TWN","Taiwan",2021,3701,TRUE,90919,690,TRUE,571,FALSE,277,TRUE,146,TRUE,3701,690,NA,NA,FALSE,124.266413825838,1,277000000,146000000
"TWN","Taiwan",2022,3810,TRUE,83197,638,FALSE,515,FALSE,427,TRUE,340,TRUE,3810,NA,NA,NA,FALSE,134.21120616846,0.92590192259997,395360120.950187,314806653.68399
"TWN","Taiwan",2023,4123,TRUE,54270,652,FALSE,486,FALSE,166,TRUE,122,TRUE,4123,NA,NA,NA,FALSE,139.73579356326,0.889295510169921,147623054.688207,108494052.24073
"TWN","Taiwan",2024,3909,TRUE,33812,568,FALSE,424,FALSE,6787,TRUE,149,TRUE,3909,NA,NA,NA,FALSE,143.857336014608,0.863817009743732,5862726045.13071,128708734.451816
"TWN","Taiwan",2025,2470,FALSE,7731,60,FALSE,60,FALSE,105,TRUE,76,TRUE,NA,NA,NA,NA,FALSE,143.857336014608,0.863817009743732,90700786.0230919,65650092.7405237
"TWN","Taiwan",2026,73,FALSE,31,NA,NA,NA,NA,658,FALSE,58,FALSE,NA,NA,NA,NA,FALSE,143.857336014608,0.863817009743732,NA,NA
"TZA","Tanzania",2016,10,TRUE,313,NA,NA,NA,NA,NA,NA,NA,NA,10,NA,NA,313,FALSE,110.06700893427,1.12900691159917,NA,NA
"TZA","Tanzania",2017,15,TRUE,1169,NA,NA,NA,NA,0,TRUE,0,TRUE,15,NA,NA,1169,FALSE,112.411557302308,1.10545941011785,0,0
"TZA","Tanzania",2018,4,TRUE,206,NA,NA,NA,NA,NA,NA,NA,NA,4,NA,NA,206,FALSE,115.157303224791,1.07910145814431,NA,NA
"TZA","Tanzania",2019,21,TRUE,890,NA,NA,NA,NA,NA,NA,NA,NA,21,NA,NA,890,FALSE,117.244195476228,1.05989395313846,NA,NA
"TZA","Tanzania",2020,35,TRUE,755,NA,NA,NA,NA,NA,NA,NA,NA,35,NA,NA,755,FALSE,118.690501577198,1.04697858863637,NA,NA
"TZA","Tanzania",2021,52,TRUE,1232,NA,NA,NA,NA,NA,NA,NA,NA,52,NA,NA,NA,FALSE,124.266413825838,1,NA,NA
"TZA","Tanzania",2022,80,TRUE,1722,NA,NA,NA,NA,NA,NA,NA,NA,80,NA,NA,NA,FALSE,134.21120616846,0.92590192259997,NA,NA
"TZA","Tanzania",2023,96,TRUE,776,NA,NA,NA,NA,0,TRUE,0,TRUE,96,NA,NA,NA,FALSE,139.73579356326,0.889295510169921,0,0
"TZA","Tanzania",2024,79,TRUE,586,NA,NA,NA,NA,0,TRUE,0,TRUE,79,NA,NA,NA,FALSE,143.857336014608,0.863817009743732,0,0
"TZA","Tanzania",2025,43,FALSE,146,NA,NA,NA,NA,2,TRUE,2,TRUE,NA,NA,NA,NA,FALSE,143.857336014608,0.863817009743732,1727634.01948746,1727634.01948746
"UGA","Uganda",2016,8,TRUE,195,NA,NA,NA,NA,NA,NA,NA,NA,8,NA,NA,195,FALSE,110.06700893427,1.12900691159917,NA,NA
"UGA","Uganda",2017,12,TRUE,275,NA,NA,NA,NA,NA,NA,NA,NA,12,NA,NA,275,FALSE,112.411557302308,1.10545941011785,NA,NA
"UGA","Uganda",2018,20,TRUE,956,NA,NA,NA,NA,NA,NA,NA,NA,20,NA,NA,956,FALSE,115.157303224791,1.07910145814431,NA,NA
"UGA","Uganda",2019,21,TRUE,520,NA,NA,NA,NA,0,TRUE,0,TRUE,21,NA,NA,520,FALSE,117.244195476228,1.05989395313846,0,0
"UGA","Uganda",2020,33,TRUE,1347,NA,NA,NA,NA,0,TRUE,0,TRUE,33,NA,NA,1347,FALSE,118.690501577198,1.04697858863637,0,0
"UGA","Uganda",2021,46,TRUE,1405,NA,NA,NA,NA,NA,NA,NA,NA,46,NA,NA,NA,FALSE,124.266413825838,1,NA,NA
"UGA","Uganda",2022,55,TRUE,1200,NA,NA,NA,NA,0,TRUE,0,TRUE,55,NA,NA,NA,FALSE,134.21120616846,0.92590192259997,0,0
"UGA","Uganda",2023,98,TRUE,1501,NA,NA,NA,NA,0,TRUE,0,TRUE,98,NA,NA,NA,FALSE,139.73579356326,0.889295510169921,0,0
"UGA","Uganda",2024,137,TRUE,1972,NA,NA,NA,NA,NA,NA,NA,NA,137,NA,NA,NA,FALSE,143.857336014608,0.863817009743732,NA,NA
"UGA","Uganda",2025,84,FALSE,527,NA,NA,NA,NA,NA,NA,NA,NA,NA,NA,NA,NA,FALSE,143.857336014608,0.863817009743732,NA,NA
"UKR","Ukraine",2016,420,TRUE,4177,4,TRUE,4,TRUE,0,TRUE,0,TRUE,420,4,4,4177,FALSE,110.06700893427,1.12900691159917,0,0
"UKR","Ukraine",2017,520,TRUE,7830,3,TRUE,2,TRUE,0,TRUE,0,TRUE,520,3,2,7830,FALSE,112.411557302308,1.10545941011785,0,0
"UKR","Ukraine",2018,737,TRUE,10076,7,TRUE,7,TRUE,0,TRUE,0,TRUE,737,7,7,10076,FALSE,115.157303224791,1.07910145814431,0,0
"UKR","Ukraine",2019,901,TRUE,7792,4,TRUE,2,TRUE,31,TRUE,7,TRUE,901,4,2,7792,FALSE,117.244195476228,1.05989395313846,32856712.5472924,7419257.67196924
"UKR","Ukraine",2020,1139,TRUE,7721,NA,NA,NA,NA,10,TRUE,7,TRUE,1139,NA,NA,7721,FALSE,118.690501577198,1.04697858863637,10469785.8863637,7328850.12045461
"UKR","Ukraine",2021,1077,TRUE,6037,8,TRUE,8,FALSE,22,TRUE,1,TRUE,1077,8,NA,NA,FALSE,124.266413825838,1,22000000,1000000
"UKR","Ukraine",2022,991,TRUE,5790,4,FALSE,4,FALSE,0,TRUE,0,TRUE,991,NA,NA,NA,FALSE,134.21120616846,0.92590192259997,0,0
"UKR","Ukraine",2023,1425,TRUE,8360,9,FALSE,9,FALSE,6,TRUE,3,TRUE,1425,NA,NA,NA,FALSE,139.73579356326,0.889295510169921,5335773.06101952,2667886.53050976
"UKR","Ukraine",2024,1239,TRUE,4703,14,FALSE,14,FALSE,285,TRUE,4,TRUE,1239,NA,NA,NA,FALSE,143.857336014608,0.863817009743732,246187847.776964,3455268.03897493
"UKR","Ukraine",2025,422,FALSE,1534,10,FALSE,10,FALSE,50,TRUE,20,TRUE,NA,NA,NA,NA,FALSE,143.857336014608,0.863817009743732,43190850.4871866,17276340.1948746
"UKR","Ukraine",2026,2,FALSE,1,NA,NA,NA,NA,211,FALSE,33,FALSE,NA,NA,NA,NA,FALSE,143.857336014608,0.863817009743732,NA,NA
"URY","Uruguay",2016,31,TRUE,290,NA,NA,NA,NA,NA,NA,NA,NA,31,NA,NA,290,FALSE,110.06700893427,1.12900691159917,NA,NA
"URY","Uruguay",2017,36,TRUE,1014,1,TRUE,1,TRUE,0,TRUE,0,TRUE,36,1,1,1014,FALSE,112.411557302308,1.10545941011785,0,0
"URY","Uruguay",2018,36,TRUE,909,NA,NA,NA,NA,NA,NA,NA,NA,36,NA,NA,909,FALSE,115.157303224791,1.07910145814431,NA,NA
"URY","Uruguay",2019,48,TRUE,545,NA,NA,NA,NA,NA,NA,NA,NA,48,NA,NA,545,FALSE,117.244195476228,1.05989395313846,NA,NA
"URY","Uruguay",2020,54,TRUE,1043,1,TRUE,1,FALSE,2,TRUE,2,TRUE,54,1,NA,1043,FALSE,118.690501577198,1.04697858863637,2093957.17727275,2093957.17727275
"URY","Uruguay",2021,77,TRUE,1189,NA,NA,NA,NA,109,TRUE,9,TRUE,77,NA,NA,NA,FALSE,124.266413825838,1,109000000,9000000
"URY","Uruguay",2022,64,TRUE,653,2,FALSE,1,FALSE,6,TRUE,6,TRUE,64,NA,NA,NA,FALSE,134.21120616846,0.92590192259997,5555411.53559982,5555411.53559982
"URY","Uruguay",2023,71,TRUE,535,NA,NA,NA,NA,171,TRUE,0,TRUE,71,NA,NA,NA,FALSE,139.73579356326,0.889295510169921,152069532.239056,0
"URY","Uruguay",2024,78,TRUE,460,NA,NA,NA,NA,5,TRUE,2,TRUE,78,NA,NA,NA,FALSE,143.857336014608,0.863817009743732,4319085.04871866,1727634.01948746
"URY","Uruguay",2025,37,FALSE,110,NA,NA,NA,NA,5,TRUE,5,TRUE,NA,NA,NA,NA,FALSE,143.857336014608,0.863817009743732,4319085.04871866,4319085.04871866
"URY","Uruguay",2026,NA,NA,NA,NA,NA,NA,NA,3,FALSE,1,FALSE,NA,NA,NA,NA,FALSE,143.857336014608,0.863817009743732,NA,NA
"USA","United States",2016,21143,TRUE,1830096,6870,TRUE,5688,TRUE,21263,TRUE,13688,TRUE,21143,6870,5688,1830096,FALSE,110.06700893427,1.12900691159917,24006073961.3331,15453846605.9694
"USA","United States",2017,23637,TRUE,1962550,10911,TRUE,9054,TRUE,26733,TRUE,15239,TRUE,23637,10911,9054,1962550,FALSE,112.411557302308,1.10545941011785,29552246410.6804,16846095950.7859
"USA","United States",2018,29526,TRUE,2313570,14638,TRUE,12642,TRUE,57431,TRUE,38571,TRUE,29526,14638,12642,2313570,FALSE,115.157303224791,1.07910145814431,61973875842.6857,41622022342.084
"USA","United States",2019,36330,TRUE,2220861,16515,TRUE,15199,TRUE,103086,TRUE,35690,TRUE,36330,16515,15199,2220861,FALSE,117.244195476228,1.05989395313846,109260228053.232,37827615187.5117
"USA","United States",2020,42988,TRUE,2267545,16913,TRUE,14944,FALSE,81290,TRUE,41506,TRUE,42988,16913,NA,2267545,FALSE,118.690501577198,1.04697858863637,85108889470.2508,43455893299.9413
"USA","United States",2021,46801,TRUE,1755131,15629,TRUE,12264,FALSE,177302,TRUE,109209,TRUE,46801,15629,NA,NA,FALSE,124.266413825838,1,177302000000,109209000000
"USA","United States",2022,43440,TRUE,1152542,12135,FALSE,7779,FALSE,108067,TRUE,69782,TRUE,43440,NA,NA,NA,FALSE,134.21120616846,0.92590192259997,100059443069.611,64611287962.8711
"USA","United States",2023,50230,TRUE,1093113,8057,FALSE,4385,FALSE,92996,TRUE,59585,TRUE,50230,NA,NA,NA,FALSE,139.73579356326,0.889295510169921,82700925263.7619,52988672973.4747
"USA","United States",2024,48876,TRUE,563732,5277,FALSE,1531,FALSE,184951,TRUE,128834,TRUE,48876,NA,NA,NA,FALSE,143.857336014608,0.863817009743732,159763819769.113,111289000633.324
"USA","United States",2025,32838,FALSE,142248,242,FALSE,212,FALSE,455141,TRUE,275032,TRUE,NA,NA,NA,NA,FALSE,143.857336014608,0.863817009743732,393158537631.772,237577319823.838
"USA","United States",2026,1147,FALSE,1168,NA,NA,NA,NA,636732,FALSE,476574,FALSE,NA,NA,NA,NA,FALSE,143.857336014608,0.863817009743732,NA,NA
"UZB","Uzbekistan",2016,5,TRUE,24,NA,NA,NA,NA,NA,NA,NA,NA,5,NA,NA,24,FALSE,110.06700893427,1.12900691159917,NA,NA
"UZB","Uzbekistan",2017,11,TRUE,59,NA,NA,NA,NA,NA,NA,NA,NA,11,NA,NA,59,FALSE,112.411557302308,1.10545941011785,NA,NA
"UZB","Uzbekistan",2018,13,TRUE,319,NA,NA,NA,NA,NA,NA,NA,NA,13,NA,NA,319,FALSE,115.157303224791,1.07910145814431,NA,NA
"UZB","Uzbekistan",2019,66,TRUE,442,NA,NA,NA,NA,NA,NA,NA,NA,66,NA,NA,442,FALSE,117.244195476228,1.05989395313846,NA,NA
"UZB","Uzbekistan",2020,105,TRUE,1008,NA,NA,NA,NA,NA,NA,NA,NA,105,NA,NA,1008,FALSE,118.690501577198,1.04697858863637,NA,NA
"UZB","Uzbekistan",2021,216,TRUE,1362,NA,NA,NA,NA,1,TRUE,1,TRUE,216,NA,NA,NA,FALSE,124.266413825838,1,1000000,1000000
"UZB","Uzbekistan",2022,174,TRUE,1636,NA,NA,NA,NA,1,TRUE,1,TRUE,174,NA,NA,NA,FALSE,134.21120616846,0.92590192259997,925901.92259997,925901.92259997
"UZB","Uzbekistan",2023,309,TRUE,3267,NA,NA,NA,NA,NA,NA,NA,NA,309,NA,NA,NA,FALSE,139.73579356326,0.889295510169921,NA,NA
"UZB","Uzbekistan",2024,477,TRUE,3763,NA,NA,NA,NA,0,TRUE,0,TRUE,477,NA,NA,NA,FALSE,143.857336014608,0.863817009743732,0,0
"UZB","Uzbekistan",2025,295,FALSE,1629,NA,NA,NA,NA,0,TRUE,0,TRUE,NA,NA,NA,NA,FALSE,143.857336014608,0.863817009743732,0,0
"UZB","Uzbekistan",2026,NA,NA,NA,NA,NA,NA,NA,1,FALSE,NA,NA,NA,NA,NA,NA,FALSE,143.857336014608,0.863817009743732,NA,NA
"VAT","Vatican City",2018,1,TRUE,25,NA,NA,NA,NA,NA,NA,NA,NA,1,NA,NA,25,FALSE,115.157303224791,1.07910145814431,NA,NA
"VAT","Vatican City",2019,1,TRUE,6,NA,NA,NA,NA,NA,NA,NA,NA,1,NA,NA,6,FALSE,117.244195476228,1.05989395313846,NA,NA
"VAT","Vatican City",2021,4,TRUE,55,NA,NA,NA,NA,NA,NA,NA,NA,4,NA,NA,NA,FALSE,124.266413825838,1,NA,NA
"VAT","Vatican City",2022,1,TRUE,25,NA,NA,NA,NA,NA,NA,NA,NA,1,NA,NA,NA,FALSE,134.21120616846,0.92590192259997,NA,NA
"VAT","Vatican City",2024,1,TRUE,6,NA,NA,NA,NA,NA,NA,NA,NA,1,NA,NA,NA,FALSE,143.857336014608,0.863817009743732,NA,NA
"VCT","Saint Vincent and the Grenadines",2023,1,TRUE,4,NA,NA,NA,NA,NA,NA,NA,NA,1,NA,NA,NA,FALSE,139.73579356326,0.889295510169921,NA,NA
"VCT","Saint Vincent and the Grenadines",2024,1,TRUE,NA,NA,NA,NA,NA,NA,NA,NA,NA,1,NA,NA,NA,FALSE,143.857336014608,0.863817009743732,NA,NA
"VCT","Saint Vincent and the Grenadines",2025,2,FALSE,5,NA,NA,NA,NA,NA,NA,NA,NA,NA,NA,NA,NA,FALSE,143.857336014608,0.863817009743732,NA,NA
"VEN","Venezuela",2016,48,TRUE,602,NA,NA,NA,NA,NA,NA,NA,NA,48,NA,NA,602,FALSE,110.06700893427,1.12900691159917,NA,NA
"VEN","Venezuela",2017,57,TRUE,1222,NA,NA,NA,NA,NA,NA,NA,NA,57,NA,NA,1222,FALSE,112.411557302308,1.10545941011785,NA,NA
"VEN","Venezuela",2018,38,TRUE,850,NA,NA,NA,NA,NA,NA,NA,NA,38,NA,NA,850,FALSE,115.157303224791,1.07910145814431,NA,NA
"VEN","Venezuela",2019,62,TRUE,489,NA,NA,NA,NA,1,TRUE,1,TRUE,62,NA,NA,489,FALSE,117.244195476228,1.05989395313846,1059893.95313846,1059893.95313846
"VEN","Venezuela",2020,40,TRUE,640,NA,NA,NA,NA,NA,NA,NA,NA,40,NA,NA,640,FALSE,118.690501577198,1.04697858863637,NA,NA
"VEN","Venezuela",2021,50,TRUE,527,NA,NA,NA,NA,0,TRUE,NA,NA,50,NA,NA,NA,FALSE,124.266413825838,1,0,NA
"VEN","Venezuela",2022,45,TRUE,479,NA,NA,NA,NA,NA,NA,NA,NA,45,NA,NA,NA,FALSE,134.21120616846,0.92590192259997,NA,NA
"VEN","Venezuela",2023,34,TRUE,486,NA,NA,NA,NA,NA,NA,NA,NA,34,NA,NA,NA,FALSE,139.73579356326,0.889295510169921,NA,NA
"VEN","Venezuela",2024,44,TRUE,892,NA,NA,NA,NA,NA,NA,NA,NA,44,NA,NA,NA,FALSE,143.857336014608,0.863817009743732,NA,NA
"VEN","Venezuela",2025,10,FALSE,91,NA,NA,NA,NA,NA,NA,NA,NA,NA,NA,NA,NA,FALSE,143.857336014608,0.863817009743732,NA,NA
"VNM","Vietnam",2016,559,TRUE,8869,NA,NA,NA,NA,2,TRUE,NA,NA,559,NA,NA,8869,FALSE,110.06700893427,1.12900691159917,2258013.82319833,NA
"VNM","Vietnam",2017,516,TRUE,9752,NA,NA,NA,NA,250,TRUE,NA,NA,516,NA,NA,9752,FALSE,112.411557302308,1.10545941011785,276364852.529462,NA
"VNM","Vietnam",2018,701,TRUE,22214,NA,NA,NA,NA,0,TRUE,0,TRUE,701,NA,NA,22214,FALSE,115.157303224791,1.07910145814431,0,0
"VNM","Vietnam",2019,1098,TRUE,43597,NA,NA,NA,NA,17,TRUE,1,TRUE,1098,NA,NA,43597,FALSE,117.244195476228,1.05989395313846,18018197.2033539,1059893.95313846
"VNM","Vietnam",2020,1445,TRUE,50391,NA,NA,NA,NA,11,TRUE,7,TRUE,1445,NA,NA,50391,FALSE,118.690501577198,1.04697858863637,11516764.4750001,7328850.12045461
"VNM","Vietnam",2021,1751,TRUE,35776,NA,NA,NA,NA,35,TRUE,12,TRUE,1751,NA,NA,NA,FALSE,124.266413825838,1,35000000,12000000
"VNM","Vietnam",2022,1736,TRUE,26332,NA,NA,NA,NA,36,TRUE,29,TRUE,1736,NA,NA,NA,FALSE,134.21120616846,0.92590192259997,33332469.2135989,26851155.7553991
"VNM","Vietnam",2023,1980,TRUE,21296,NA,NA,NA,NA,40,TRUE,10,TRUE,1980,NA,NA,NA,FALSE,139.73579356326,0.889295510169921,35571820.4067968,8892955.1016992
"VNM","Vietnam",2024,1794,TRUE,12034,NA,NA,NA,NA,16,TRUE,11,TRUE,1794,NA,NA,NA,FALSE,143.857336014608,0.863817009743732,13821072.1558997,9501987.10718105
"VNM","Vietnam",2025,751,FALSE,2048,NA,NA,NA,NA,304,TRUE,109,TRUE,NA,NA,NA,NA,FALSE,143.857336014608,0.863817009743732,262600370.962095,94156054.0620668
"VNM","Vietnam",2026,2,FALSE,NA,NA,NA,NA,NA,4,FALSE,4,FALSE,NA,NA,NA,NA,FALSE,143.857336014608,0.863817009743732,NA,NA
"VUT","Vanuatu",2024,1,TRUE,17,NA,NA,NA,NA,NA,NA,NA,NA,1,NA,NA,NA,FALSE,143.857336014608,0.863817009743732,NA,NA
"WSM","Samoa",2023,3,TRUE,30,NA,NA,NA,NA,NA,NA,NA,NA,3,NA,NA,NA,FALSE,139.73579356326,0.889295510169921,NA,NA
"WSM","Samoa",2024,1,TRUE,17,NA,NA,NA,NA,NA,NA,NA,NA,1,NA,NA,NA,FALSE,143.857336014608,0.863817009743732,NA,NA
"YEM","Yemen",2016,38,TRUE,477,NA,NA,NA,NA,NA,NA,NA,NA,38,NA,NA,477,FALSE,110.06700893427,1.12900691159917,NA,NA
"YEM","Yemen",2017,30,TRUE,879,NA,NA,NA,NA,NA,NA,NA,NA,30,NA,NA,879,FALSE,112.411557302308,1.10545941011785,NA,NA
"YEM","Yemen",2018,33,TRUE,917,NA,NA,NA,NA,NA,NA,NA,NA,33,NA,NA,917,FALSE,115.157303224791,1.07910145814431,NA,NA
"YEM","Yemen",2019,71,TRUE,1352,NA,NA,NA,NA,NA,NA,NA,NA,71,NA,NA,1352,FALSE,117.244195476228,1.05989395313846,NA,NA
"YEM","Yemen",2020,86,TRUE,3843,NA,NA,NA,NA,NA,NA,NA,NA,86,NA,NA,3843,FALSE,118.690501577198,1.04697858863637,NA,NA
"YEM","Yemen",2021,176,TRUE,4747,NA,NA,NA,NA,NA,NA,NA,NA,176,NA,NA,NA,FALSE,124.266413825838,1,NA,NA
"YEM","Yemen",2022,207,TRUE,5851,NA,NA,NA,NA,NA,NA,NA,NA,207,NA,NA,NA,FALSE,134.21120616846,0.92590192259997,NA,NA
"YEM","Yemen",2023,203,TRUE,4797,NA,NA,NA,NA,NA,NA,NA,NA,203,NA,NA,NA,FALSE,139.73579356326,0.889295510169921,NA,NA
"YEM","Yemen",2024,186,TRUE,2513,NA,NA,NA,NA,NA,NA,NA,NA,186,NA,NA,NA,FALSE,143.857336014608,0.863817009743732,NA,NA
"YEM","Yemen",2025,105,FALSE,547,NA,NA,NA,NA,NA,NA,NA,NA,NA,NA,NA,NA,FALSE,143.857336014608,0.863817009743732,NA,NA
"ZAF","South Africa",2016,346,TRUE,6276,3,TRUE,2,TRUE,53,TRUE,1,TRUE,346,3,2,6276,FALSE,110.06700893427,1.12900691159917,59837366.3147558,1129006.91159917
"ZAF","South Africa",2017,311,TRUE,10799,4,TRUE,3,TRUE,80,TRUE,74,TRUE,311,4,3,10799,FALSE,112.411557302308,1.10545941011785,88436752.8094278,81803996.3487207
"ZAF","South Africa",2018,383,TRUE,10025,7,TRUE,6,TRUE,70,TRUE,59,TRUE,383,7,6,10025,FALSE,115.157303224791,1.07910145814431,75537102.0701014,63666986.0305141
"ZAF","South Africa",2019,469,TRUE,17744,5,TRUE,4,TRUE,166,TRUE,15,TRUE,469,5,4,17744,FALSE,117.244195476228,1.05989395313846,175942396.220985,15898409.2970769
"ZAF","South Africa",2020,692,TRUE,18366,6,TRUE,3,FALSE,150,TRUE,91,TRUE,692,6,NA,18366,FALSE,118.690501577198,1.04697858863637,157046788.295456,95275051.56591
"ZAF","South Africa",2021,804,TRUE,21195,23,TRUE,22,FALSE,143,TRUE,140,TRUE,804,23,NA,NA,FALSE,124.266413825838,1,143000000,140000000
"ZAF","South Africa",2022,841,TRUE,21838,71,FALSE,71,FALSE,200,TRUE,141,TRUE,841,NA,NA,NA,FALSE,134.21120616846,0.92590192259997,185180384.519994,130552171.086596
"ZAF","South Africa",2023,1113,TRUE,20948,99,FALSE,99,FALSE,80,TRUE,51,TRUE,1113,NA,NA,NA,FALSE,139.73579356326,0.889295510169921,71143640.8135936,45354071.018666
"ZAF","South Africa",2024,1087,TRUE,16585,134,FALSE,132,FALSE,242,TRUE,9,TRUE,1087,NA,NA,NA,FALSE,143.857336014608,0.863817009743732,209043716.357983,7774353.08769359
"ZAF","South Africa",2025,628,FALSE,3641,125,FALSE,125,FALSE,218,TRUE,22,TRUE,NA,NA,NA,NA,FALSE,143.857336014608,0.863817009743732,188312108.124134,19003974.2143621
"ZAF","South Africa",2026,7,FALSE,2,NA,NA,NA,NA,100,FALSE,85,FALSE,NA,NA,NA,NA,FALSE,143.857336014608,0.863817009743732,NA,NA
"ZMB","Zambia",2017,3,TRUE,50,NA,NA,NA,NA,NA,NA,NA,NA,3,NA,NA,50,FALSE,112.411557302308,1.10545941011785,NA,NA
"ZMB","Zambia",2018,4,TRUE,68,NA,NA,NA,NA,NA,NA,NA,NA,4,NA,NA,68,FALSE,115.157303224791,1.07910145814431,NA,NA
"ZMB","Zambia",2019,14,TRUE,621,NA,NA,NA,NA,1,TRUE,NA,NA,14,NA,NA,621,FALSE,117.244195476228,1.05989395313846,1059893.95313846,NA
"ZMB","Zambia",2020,9,TRUE,233,NA,NA,NA,NA,NA,NA,NA,NA,9,NA,NA,233,FALSE,118.690501577198,1.04697858863637,NA,NA
"ZMB","Zambia",2021,15,TRUE,696,NA,NA,NA,NA,0,TRUE,0,TRUE,15,NA,NA,NA,FALSE,124.266413825838,1,0,0
"ZMB","Zambia",2022,18,TRUE,380,NA,NA,NA,NA,0,TRUE,0,TRUE,18,NA,NA,NA,FALSE,134.21120616846,0.92590192259997,0,0
"ZMB","Zambia",2023,41,TRUE,424,NA,NA,NA,NA,0,TRUE,0,TRUE,41,NA,NA,NA,FALSE,139.73579356326,0.889295510169921,0,0
"ZMB","Zambia",2024,25,TRUE,155,NA,NA,NA,NA,NA,NA,NA,NA,25,NA,NA,NA,FALSE,143.857336014608,0.863817009743732,NA,NA
"ZMB","Zambia",2025,13,FALSE,29,NA,NA,NA,NA,0,TRUE,0,TRUE,NA,NA,NA,NA,FALSE,143.857336014608,0.863817009743732,0,0
"ZMB","Zambia",2026,NA,NA,NA,NA,NA,NA,NA,0,FALSE,0,FALSE,NA,NA,NA,NA,FALSE,143.857336014608,0.863817009743732,NA,NA
"ZWE","Zimbabwe",2016,8,TRUE,195,NA,NA,NA,NA,NA,NA,NA,NA,8,NA,NA,195,FALSE,110.06700893427,1.12900691159917,NA,NA
"ZWE","Zimbabwe",2017,6,TRUE,211,NA,NA,NA,NA,NA,NA,NA,NA,6,NA,NA,211,FALSE,112.411557302308,1.10545941011785,NA,NA
"ZWE","Zimbabwe",2018,11,TRUE,145,NA,NA,NA,NA,NA,NA,NA,NA,11,NA,NA,145,FALSE,115.157303224791,1.07910145814431,NA,NA
"ZWE","Zimbabwe",2019,12,TRUE,58,NA,NA,NA,NA,0,TRUE,0,TRUE,12,NA,NA,58,FALSE,117.244195476228,1.05989395313846,0,0
"ZWE","Zimbabwe",2020,12,TRUE,122,NA,NA,NA,NA,0,TRUE,NA,NA,12,NA,NA,122,FALSE,118.690501577198,1.04697858863637,0,NA
"ZWE","Zimbabwe",2021,18,TRUE,163,NA,NA,NA,NA,0,TRUE,NA,NA,18,NA,NA,NA,FALSE,124.266413825838,1,0,NA
"ZWE","Zimbabwe",2022,26,TRUE,213,NA,NA,NA,NA,NA,NA,NA,NA,26,NA,NA,NA,FALSE,134.21120616846,0.92590192259997,NA,NA
"ZWE","Zimbabwe",2023,55,TRUE,564,NA,NA,NA,NA,0,TRUE,0,TRUE,55,NA,NA,NA,FALSE,139.73579356326,0.889295510169921,0,0
"ZWE","Zimbabwe",2024,49,TRUE,155,NA,NA,NA,NA,NA,NA,NA,NA,49,NA,NA,NA,FALSE,143.857336014608,0.863817009743732,NA,NA
"ZWE","Zimbabwe",2025,27,FALSE,68,NA,NA,NA,NA,0,TRUE,NA,NA,NA,NA,NA,NA,FALSE,143.857336014608,0.863817009743732,0,NA
