"id","iso3c","pais_cset","ano","grupo_renda","regiao_wb","subamostra_original","artigos","artigos_completo","citacoes","patentes_pedidos","patentes_pedidos_completo","patentes_concedidas","patentes_concedidas_completo","inv_estimado_mi","inv_estimado_mi_completo","inv_divulgado_mi","inv_divulgado_mi_completo","publicacoes","patentes","patentes_concedidas_ok","citacoes_ok","patentes_suspeitas","cpi_eua","fator_2021","investimento","investimento_divulgado","populacao","pesquisadores_pm","pd_pct_pib","pib","pib_pc","pib_ppc","artigos_ct","matricula_terciaria","internet_pct","banda_larga_p100","alta_tec_export","credito_privado","market_cap","npl","zscore","patentes_residentes","patentes_nao_resid","comercio","efetividade_governo","controle_corrupcao","estado_direito","qualidade_regulatoria","pais_wb","renda_wb","pd_pct_pib_imputado","gerd","investimento_l1","investimento_mm3","gerd_l1","patentes_pm","publicacoes_pm","investimento_pib","inv_zero","inv_piso","pais","log_pib_pc","log_comercio","obs_modelo_conjunto","talento_ia_pct","talento_ia_fem_pct","talento_ia_masc_pct","contratacao_ia_rel_pct","meses_contratacao","migracao_talento_10k","vagas_ia_pct","patentes_inventor","patentes_triadicas","patentes_inventor_pm","investimento_preqin","investimento_preqin_l1","herd_pct_pib","goverd_pct_pib","pd_publico_pct_pib","pd_publico_pct_pib_imputado","pd_publico","pd_publico_l1","investimento_quid_acum_bi","empresas_quid_acum","penetracao_habilidades_ia","talento_ia_2024_pct"
"ARG-2016","ARG","Argentina",2016,"Renda média-alta","Latin America & Caribbean ",TRUE,224,TRUE,5284,1,TRUE,NA,NA,1,TRUE,0,TRUE,224,1,NA,5284,FALSE,110.06700893427,1.12900691159917,1129006.91159917,0,43900313,1254.06674,0.55815,582376550428.09,13265.8860639123,1220521143173.66,8320.39,86.6743832906399,70.9689808206024,16.5184995378051,8.9823994804111,13.6676334273514,11.4076106061133,1.70027750562074,7.426713,884,2925,26.0938878488799,0.3509353,-0.2198226,-0.1925067,-0.2294909,"Argentina","Upper middle income",FALSE,3250534716.21438,NA,NA,NA,0.0227788808703938,5.10246931496821,0.00000193862014322051,FALSE,TRUE,"Argentina",9.49295106146972,3.2617011048685,FALSE,0.115,0.07,0.16,NA,NA,NA,NA,1.5,1,0.0341683213055907,0,NA,0.136823513,0.262611254,0.399434767,FALSE,2326214417.26508,NA,1.566448147,10,0.76,0.3
"ARG-2017","ARG","Argentina",2017,"Renda média-alta","Latin America & Caribbean ",TRUE,220,TRUE,8125,1,TRUE,1,TRUE,5,TRUE,5,TRUE,220,1,1,8125,FALSE,112.411557302308,1.10545941011785,5527297.05058924,5527297.05058924,44288894,1206.01905,0.55632,598790850843.677,13520.1129846159,1254921567938.2,8535.98,89.3297346952415,74.2949068657957,17.7082272589602,9.20544177021613,15.9584973420583,16.8948497510525,1.73479928371252,7.50613,393,3050,25.2896011376779,0.3104807,-0.1768645,-0.1238649,-0.0841939,"Argentina","Upper middle income",FALSE,3331193261.41354,1129006.91159917,NA,3250534716.21438,0.022579023987368,4.96738527722097,0.00000923076403522441,FALSE,FALSE,"Argentina",9.51193370641233,3.23039328901452,TRUE,0.13,0.07,0.19,NA,NA,NA,NA,2.997,1,0.067669334890142,29847404.0731819,0,0.140320632,0.260405957,0.400726589,FALSE,2399514151.82994,2326214417.26508,1.566448147,10,0.76,0.3
"ARG-2018","ARG","Argentina",2018,"Renda média-alta","Latin America & Caribbean ",TRUE,279,TRUE,7043,7,TRUE,6,TRUE,1,TRUE,1,TRUE,279,7,6,7043,FALSE,115.157303224791,1.07910145814431,1079101.45814431,1079101.45814431,44654882,1220.93622,0.4883,583118120294.002,13058.3285449954,1222075295207.81,9044.42,91.0846512732766,77.7,18.9758759187853,5.40298410146417,NA,8.76225361679707,2.95778551361675,7.21939,425,3242,30.7625359549926,0.2987842,-0.0094702,-0.1461431,-0.1348354,"Argentina","Upper middle income",FALSE,2847365781.39561,5527297.05058924,7735405.42033272,3331193261.41354,0.15675777622702,6.24791708104838,0.00000185057095739065,FALSE,TRUE,"Argentina",9.47718141186775,3.42629758450942,TRUE,0.155,0.09,0.22,26.9308333333333,12,NA,NA,1.9262,1,0.0431352612240695,7553710.20701015,29847404.0731819,0.130725314,0.203230822,0.333956136,FALSE,1947358742.84968,2399514151.82994,1.566448147,10,0.76,0.3
"ARG-2019","ARG","Argentina",2019,"Renda média-alta","Latin America & Caribbean ",TRUE,244,TRUE,3842,8,TRUE,7,TRUE,2,TRUE,2,TRUE,244,8,7,3842,FALSE,117.244195476228,1.05989395313846,2119787.90627693,2119787.90627693,44973465,1224.69939,0.47813,571450737224.442,12706.3978108968,1197623267200.44,9080.32,95.1928240640628,79.9469520347551,19.551931344405,5.21279058881723,14.4776292447323,8.79801852253825,5.7029147138395,9.317062,442,3260,32.6306150458499,0.3062953,-0.0824917,-0.3168528,-0.4039783,"Argentina","Upper middle income",FALSE,2732277409.89122,1079101.45814431,8726186.41501048,2847365781.39561,0.177882669258417,5.42542141238172,0.00000370948494453401,FALSE,TRUE,"Argentina",9.44986091023742,3.48525095951891,TRUE,0.18,0.1,0.26,42.2341666666667,12,-0.18,NA,4.0749998,0.66670001,0.0906089802064395,6359363.71883078,7553710.20701015,0.119037069,0.180605612,0.299642681,FALSE,1712310309.61358,1947358742.84968,1.566448147,10,0.76,0.3
"ARG-2020","ARG","Argentina",2020,"Renda média-alta","Latin America & Caribbean ",TRUE,317,TRUE,5603,11,TRUE,10,FALSE,3,TRUE,3,TRUE,317,11,NA,5603,FALSE,118.690501577198,1.04697858863637,3140935.76590912,3140935.76590912,45191965,1250.48347,0.54126,514874343768.066,11393.0505957877,1079052757506.56,9992.12,99.3697348717996,85.51438646,21.1797871590669,6.90388925607922,15.746489768328,8.36065160246713,4.15006400338997,9.249464,930,2562,30.203698807416,0.1889768,-0.1363057,-0.3082724,-0.4978994,"Argentina","Upper middle income",FALSE,2786808873.07903,2119787.90627693,6339825.13033036,2732277409.89122,0.243406101062434,7.01452127607197,0.00000610039285104485,FALSE,FALSE,"Argentina",9.34075885164215,3.40796439394788,TRUE,0.215,0.12,0.31,41.6191666666667,12,-0.22,NA,0.83329999,1.125,0.0184391183255696,15704678.8295456,6359363.71883078,0.124462291,0.196061774,0.320524065,FALSE,1650296176.28748,1712310309.61358,1.566448147,10,0.76,0.3
"ARG-2021","ARG","Argentina",2021,"Renda média-alta","Latin America & Caribbean ",TRUE,310,TRUE,4310,8,TRUE,3,FALSE,19,TRUE,16,TRUE,310,8,NA,NA,FALSE,124.266413825838,1,19000000,16000000,45312281,1288.13477,0.5236,568636554720.066,12549.2811699342,1191725417699.43,9943.87,107.219557633976,87.15070683,23.1500020932515,4.42289139264312,13.2644289814535,8.58081622666602,4.29211290587395,9.083421,406,3263,33.078689567466,0.1346725,-0.3247968,-0.3075701,-0.5223176,"Argentina","Upper middle income",FALSE,2977381000.51427,3140935.76590912,24260723.672186,2786808873.07903,0.176552577434802,6.84141237559857,0.0000334132581563517,FALSE,FALSE,"Argentina",9.43741866562344,3.49888925532809,TRUE,0.25,0.14,0.36,33.0208333333333,12,-0.52,NA,1.6429,0.5,0.0362572786834545,128000000,15704678.8295456,0.112305272,0.196905341,0.309210613,FALSE,1758284576.592,1650296176.28748,1.566448147,10,0.76,0.3
"ARG-2022","ARG","Argentina",2022,"Renda média-alta","Latin America & Caribbean ",TRUE,237,TRUE,3967,16,FALSE,5,FALSE,18,TRUE,10,TRUE,237,NA,NA,NA,FALSE,134.21120616846,0.92590192259997,16666234.6067995,9259019.22599969,45407904,1301.43112,0.54951,602872713790.916,13276.8232110189,1263476170672.42,9086.96,107.103901423423,88.37535691,24.6831785056628,4.75157524338594,12.8891009335255,8.35147499068672,3.09401335778846,NA,NA,NA,31.5801792606256,0.1192888,-0.3392719,-0.2948153,-0.5186581,"Argentina","Upper middle income",FALSE,3312845849.55246,19000000,38807170.3727086,2977381000.51427,NA,5.21935564345802,0.0000276446988320317,FALSE,FALSE,"Argentina",9.49377517837597,3.45252968520865,FALSE,0.275,0.15,0.4,1.34416666666667,12,-0.47,NA,NA,NA,NA,61109526.891598,128000000,NA,NA,0.309210613,TRUE,1864146413.92263,1758284576.592,1.566448147,10,0.76,0.3
"ARG-2023","ARG","Argentina",2023,"Renda média-alta","Latin America & Caribbean ",TRUE,284,TRUE,3184,14,FALSE,2,FALSE,352,TRUE,1,TRUE,284,NA,NA,NA,FALSE,139.73579356326,0.889295510169921,313032019.579812,889295.510169921,45538401,1312.75278,0.60111,591684674129.454,12993.0928872416,1240028731129.33,8589.35,107.822574129434,89.22897166,25.3580730689248,5.44959440578319,15.3570823376105,NA,3.54904853535679,NA,NA,NA,26.6769512482215,0.0347051,-0.3360465,-0.2727332,-0.487365,"Argentina","Upper middle income",FALSE,3556675744.65956,16666234.6067995,348698254.186611,3312845849.55246,NA,6.23649477723208,0.000529052100327554,FALSE,FALSE,"Argentina",9.47217317887909,3.28379994346182,FALSE,0.295,0.16,0.43,-4.765,12,-0.39,NA,NA,NA,NA,12450137.1423789,61109526.891598,NA,NA,0.309210613,TRUE,1829551807.90274,1864146413.92263,1.566448147,10,0.76,0.3
"ARG-2024","ARG","Argentina",2024,"Renda média-alta","Latin America & Caribbean ",TRUE,288,TRUE,1729,NA,NA,NA,NA,561,TRUE,6,TRUE,288,NA,NA,NA,FALSE,143.857336014608,0.863817009743732,484601342.466234,5182902.05846239,45696159,NA,0.60111,583738758865.705,12774.3506596628,1223376004342.6,NA,NA,89.66715228,26.0976420359532,3.85019697474113,15.1176778381075,NA,1.56400803016664,NA,NA,NA,27.929760849367,0.194177,-0.3250713,-0.256913,-0.2400427,"Argentina","Upper middle income",TRUE,3508912053.41764,313032019.579812,814299596.652846,3556675744.65956,NA,6.30249907875189,0.000830168179011943,FALSE,FALSE,"Argentina",9.45519458479085,3.32969281742014,FALSE,0.315,0.18,0.45,15.1458333333333,12,-0.22,NA,NA,NA,NA,1727634.01948746,12450137.1423789,NA,NA,0.309210613,TRUE,1804982194.60724,1829551807.90274,1.566448147,10,0.76,0.3
"AUS-2016","AUS","Australia",2016,"Alta renda","East Asia & Pacific",TRUE,2951,TRUE,148442,262,TRUE,229,TRUE,105,TRUE,59,TRUE,2951,262,229,148442,FALSE,110.06700893427,1.12900691159917,118545725.717912,66611407.7843508,24190907,NA,1.88102,1394194533274.64,57632.9995925594,1367510807305.48,54562.89,119.682777404785,86.54000092,30.3083074972206,20.6275044745549,142.104255731186,104.696759321256,0.947676353339702,12.99751,2620,25774,40.813402217321,1.6214797,1.7942056,1.7420541,1.8408229,"Australia","High income",TRUE,26225078009.8026,NA,NA,NA,10.8305157801648,121.987984989567,0.0000850281096996382,FALSE,FALSE,"Australia",10.961850592227,3.70901051318915,FALSE,0.345,0.23,0.46,NA,NA,NA,0.61,29.883301,4.3333001,1.23531130932792,150157919.242689,NA,0.618451605,0.186419593,0.804871198,FALSE,11221470242.4181,NA,3.985426167,178,0.95,0.8
"AUS-2017","AUS","Australia",2017,"Alta renda","East Asia & Pacific",TRUE,3086,TRUE,184714,300,TRUE,264,TRUE,165,TRUE,148,TRUE,3086,300,264,184714,FALSE,112.411557302308,1.10545941011785,182400802.669445,163607992.697441,24592588,NA,1.88102,1426167740135.16,57991.771347333,1398872073529.42,54671.54,109.993309020996,86.5450488476768,32.0326223266488,18.0967924595604,140.108067004121,113.342362733756,0.85701375017575,13.63942,2503,26403,42.0354135251854,1.6460668,1.7941666,1.6279039,1.8391528,"Australia","High income",FALSE,26826500425.4904,118545725.717912,NA,26225078009.8026,12.1987974588116,125.484963192975,0.00012789575695504,FALSE,FALSE,"Australia",10.9680564061417,3.73851244217859,TRUE,0.38,0.25,0.51,NA,NA,NA,0.52,35.946499,13,1.46168020218124,242095610.815809,150157919.242689,0.609724661,0.180665189,0.79038985,FALSE,11272285062.0027,11221470242.4181,3.985426167,178,0.95,0.8
"AUS-2018","AUS","Australia",2018,"Alta renda","East Asia & Pacific",TRUE,3879,TRUE,224608,492,TRUE,415,TRUE,314,TRUE,188,TRUE,3879,492,415,224608,FALSE,115.157303224791,1.07910145814431,338837857.857312,202871074.13113,24963258,NA,1.85464,1467158231105.1,58772.7063152213,1439078040530.65,55784.76,103.322090148926,90.0082016,33.5486251312018,18.1371018191307,139.498062822532,88.1139234839412,0.901855193874304,13.97005,2757,27200,43.5732253645218,1.7105969,1.7695878,1.6296272,1.8493385,"Australia","High income",TRUE,27210503417.3676,182400802.669445,639784386.244669,26826500425.4904,19.7089658729642,155.388371181358,0.000230948408067813,FALSE,FALSE,"Australia",10.9814328478101,3.77444286457611,TRUE,0.425,0.28,0.57,18.7683333333333,12,NA,0.71,71.354797,21.9167,2.85839280273432,393872032.222672,242095610.815809,0.624561739,0.171056086,0.795617825,FALSE,11672972407.6269,11272285062.0027,3.985426167,178,0.95,0.8
"AUS-2019","AUS","Australia",2019,"Alta renda","East Asia & Pacific",TRUE,4794,TRUE,339994,595,TRUE,491,TRUE,499,TRUE,312,TRUE,4794,595,491,339994,FALSE,117.244195476228,1.05989395313846,528887082.616093,330686913.3792,25334826,NA,1.82826,1499347932643.95,59181.2997904131,1470651657904.5,57313.1,109.759559631348,93.60990143,34.5434163723691,21.2199332352628,135.666714386567,106.382445195033,0.961493162441896,13.46988,2637,27121,46.0016827052171,1.6526364,1.7871395,1.6279069,1.8646069,"Australia","High income",FALSE,27411978513.3563,338837857.857312,1050125743.14285,27210503417.3676,23.4854583173376,189.225692728263,0.000352744730626636,FALSE,FALSE,"Australia",10.9883608890522,3.82867797636824,TRUE,0.485,0.32,0.65,22.8575,12,0.95,0.79,72.613701,20.6562,2.86616142538338,824597495.541724,393872032.222672,0.642292815,0.170954765,0.81324758,FALSE,12193410778.007,11672972407.6269,3.985426167,178,0.95,0.8
"AUS-2020","AUS","Australia",2020,"Alta renda","East Asia & Pacific",TRUE,5801,TRUE,335242,909,TRUE,737,FALSE,539,TRUE,254,TRUE,5801,909,NA,335242,FALSE,118.690501577198,1.04697858863637,564321459.275005,265932561.513639,25649248,NA,1.843045,1497345824797.34,58377.7670517802,1468687868740.01,57901.21,110.139221191406,94.6934967,35.346849265518,21.4757898705835,141.704749324425,129.041410738388,1.10778271314937,13.24647,2368,26926,44.499564103879,1.547489,1.6079057,1.5519803,1.7925436,"Australia","High income",TRUE,27596757356.6361,528887082.616093,1432046399.74841,27411978513.3563,35.4396355012046,226.166474744211,0.000376881178635793,FALSE,FALSE,"Australia",10.9746903951631,3.79547939370577,TRUE,0.54,0.36,0.72,15.7933333333333,12,0.36,0.82,89.131599,24.009501,3.47501802002148,795703727.363644,824597495.541724,0.608896573,0.173907275,0.782803848,FALSE,11721280734.3809,12193410778.007,3.985426167,178,0.95,0.8
"AUS-2021","AUS","Australia",2021,"Alta renda","East Asia & Pacific",TRUE,6602,TRUE,306584,1474,TRUE,1161,FALSE,3582,TRUE,1614,TRUE,6602,1474,NA,NA,FALSE,124.266413825838,1,3582000000,1614000000,25685412,NA,1.85783,1527396783519.68,59465.535671364,1498163677059.36,60308.46,112.688293457031,96.97219849,35.8359861455454,22.3940766008599,138.339567139855,120.939358825633,0.912575245358042,14.14526,2966,29443,40.2022359390595,1.6203436,1.6792737,1.5777446,1.8067867,"Australia","High income",FALSE,28376435663.2637,564321459.275005,4675208541.8911,27596757356.6361,57.3866597896113,257.033058297839,0.00234516665129133,FALSE,FALSE,"Australia",10.9931521912998,3.69392261445283,TRUE,0.605,0.41,0.8,9.90333333333333,12,0.25,1.17,80.936996,19.295799,3.15108809623143,2501000000,795703727.363644,NA,NA,0.782803848,TRUE,11956520795.6203,11721280734.3809,3.985426167,178,0.95,0.8
"AUS-2022","AUS","Australia",2022,"Alta renda","East Asia & Pacific",TRUE,6349,TRUE,220357,540,FALSE,159,FALSE,1182,TRUE,760,TRUE,6349,NA,NA,NA,FALSE,134.21120616846,0.92590192259997,1094416072.51316,703685461.175977,26018721,NA,1.85783,1592357665099.43,61200.4588964781,1561881261293.28,58183.41,106.240760803223,96.11940002,36.3933201898066,25.8318704116272,133.643883130746,99.0295271142089,0.72166697284902,NA,NA,NA,45.6946418805752,1.7057535,1.7303056,1.4862432,1.8354348,"Australia","High income",TRUE,29583298409.5167,3582000000,5240737531.78817,28376435663.2637,NA,244.016606350481,0.000687292871758697,FALSE,FALSE,"Australia",11.0219099667808,3.82198104552473,FALSE,0.655,0.45,0.86,10.3158333333333,12,1.2,1.11,NA,NA,NA,1047195074.46057,2501000000,NA,NA,0.782803848,TRUE,12465037076.3213,11956520795.6203,3.985426167,178,0.95,0.8
"AUS-2023","AUS","Australia",2023,"Alta renda","East Asia & Pacific",TRUE,7727,TRUE,203770,595,FALSE,90,FALSE,1070,TRUE,552,TRUE,7727,NA,NA,NA,FALSE,139.73579356326,0.889295510169921,951546195.881815,490891121.613796,26659922,NA,1.85783,1649424913623.6,61869.082498576,1617856290055.37,54589.08,104.64835357666,96.1160965,36.627426494239,25.2582777120781,126.962120898014,103.129214204538,0.853813554299551,NA,NA,NA,49.044339318428,1.7346316,1.8112229,1.4992023,1.8359557,"Australia","High income",TRUE,30643510872.7733,1094416072.51316,5627962268.39497,29583298409.5167,NA,289.835806721415,0.000576895733793286,FALSE,FALSE,"Australia",11.0327758589109,3.89272477299942,FALSE,0.705,0.48,0.93,-4.24583333333333,12,1.53,0.91,NA,NA,NA,900856351.80213,1047195074.46057,NA,NA,0.782803848,TRUE,12911761693.7162,12465037076.3213,3.985426167,178,0.95,0.8
"AUS-2024","AUS","Australia",2024,"Alta renda","East Asia & Pacific",TRUE,7071,TRUE,103704,78,FALSE,11,FALSE,2792,TRUE,2358,TRUE,7071,NA,NA,NA,FALSE,143.857336014608,0.863817009743732,2411777091.2045,2036880508.97572,27194286,NA,1.85783,1672078242948.22,61486.38147544,1640076053462.49,NA,108.421989440918,96.13140106,36.4788276060473,25.1586416457084,129.317349651589,98.8664833716782,0.994877225557668,NA,NA,NA,47.1453811065195,1.7151337,1.8176615,1.483607,1.694063,"Australia","High income",TRUE,31064371220.9649,951546195.881815,4457739359.59947,30643510872.7733,NA,260.017858163292,0.00144238291561766,FALSE,FALSE,"Australia",11.0265709898495,3.85323604259521,FALSE,0.76,0.52,1,10.0808333333333,12,1.48,1.14,NA,NA,NA,569255409.42112,900856351.80213,NA,NA,0.782803848,TRUE,13089092827.3695,12911761693.7162,3.985426167,178,0.95,0.8
"AUT-2016","AUT","Austria",2016,"Alta renda","Europe & Central Asia",TRUE,902,TRUE,37449,10,TRUE,9,TRUE,9,TRUE,7,TRUE,902,10,9,37449,FALSE,110.06700893427,1.12900691159917,10161062.2043925,7903048.38119416,8736668,5400.34772,3.13356,387581921834.297,44362.6702805116,537939588980.735,12789.07,82.8496932983398,84.3237425711653,28.8775983744406,14.4532591877111,83.5897539711459,30.7291374574845,2.69521741465076,32.52342,2078,237,101.573494597172,1.6456769,1.5179593,1.7859338,1.4096468,"Austria","High income",FALSE,12145112069.8308,NA,NA,NA,1.14460112253321,103.243021252496,0.0000262165535386778,FALSE,FALSE,"Austria",10.7001536353359,4.62078262116019,FALSE,0.31,0.17,0.45,NA,NA,NA,NA,24.955999,3,2.85646644693377,31612193.5247767,NA,0.692487401,0.220808849,0.91329625,FALSE,3539771157.79057,NA,2.221597133,51,0.55,0.8
"AUT-2017","AUT","Austria",2017,"Alta renda","Europe & Central Asia",TRUE,931,TRUE,46691,13,TRUE,11,TRUE,16,TRUE,14,TRUE,931,13,11,46691,FALSE,112.411557302308,1.10545941011785,17687350.5618856,15476431.7416499,8797566,5416.07999,3.07376,396388751744.592,45056.6385912412,550162920863.053,12859.58,83.8392562866211,87.9355865856062,28.5425998928488,12.8851997037889,84.7370865911526,36.3067004353975,2.36889544229069,34.54782,2073,232,105.556066755438,1.6296945,1.5722727,1.7871182,1.4300593,"Austria","High income",FALSE,12184038895.6246,10161062.2043925,NA,12145112069.8308,1.47768144052571,105.824724702264,0.0000446212221816078,FALSE,FALSE,"Austria",10.7156756126959,4.6592422501929,TRUE,0.345,0.19,0.5,NA,NA,NA,NA,17.342899,3.5,1.9713292290163,105018643.961196,31612193.5247767,0.685826612,0.218377712,0.904204324,FALSE,3584164233.12423,3539771157.79057,2.221597133,51,0.55,0.8
"AUT-2018","AUT","Austria",2018,"Alta renda","Europe & Central Asia",TRUE,1058,TRUE,38517,12,TRUE,10,TRUE,42,TRUE,13,TRUE,1058,12,10,38517,FALSE,115.157303224791,1.07910145814431,45322261.2420609,14028318.955876,8840521,5682.44087,3.10828,406235924915.185,45951.5819164034,563830184451.977,12801.87,85.8698883056641,87.4791372262556,28.5150396136468,11.6500759838374,84.8629638770058,25.8079030703192,2.90095686469682,35.68405,2039,168,108.377969971828,1.5919135,1.6374762,1.7995896,1.5233548,"Austria","High income",FALSE,12626950006.9537,17687350.5618856,73170674.008339,12184038895.6246,1.35738606355892,119.676204603778,0.000111566354579604,FALSE,FALSE,"Austria",10.7353435540988,4.68562483930955,TRUE,0.39,0.22,0.56,20.4133333333333,12,NA,NA,31.049999,8.7333002,3.51223632634321,25898434.9954634,105018643.961196,0.693737282,0.220897284,0.914634566,FALSE,3715574188.78409,3584164233.12423,2.221597133,51,0.55,0.8
"AUT-2019","AUT","Austria",2019,"Alta renda","Europe & Central Asia",TRUE,1256,TRUE,49294,7,TRUE,5,TRUE,146,TRUE,48,TRUE,1256,7,5,49294,FALSE,117.244195476228,1.05989395313846,154744517.158216,50874909.7506462,8879920,5958.85643,3.14405,413365268699.049,46550.5622459492,573725269977.751,13266.8,86.3234329223633,87.7522047870069,28.3631930003301,11.4825348767666,86.3027943646251,30.0458543542059,2.41057983492873,36.66615,2066,208,108.207284904426,1.727681,1.6107971,1.8076774,1.5390702,"Austria","High income",FALSE,12996410730.5325,45322261.2420609,217754128.962162,12626950006.9537,0.788295390048559,141.442715700141,0.00037435297272369,FALSE,FALSE,"Austria",10.7482943609556,4.68404869228297,TRUE,0.47,0.27,0.67,19.2633333333333,12,1.08,0.61,16.5417,2.8469,1.86282083622375,87971198.1104924,25898434.9954634,0.682683269,0.229950917,0.912634186,FALSE,3772512755.19828,3715574188.78409,2.221597133,51,0.55,0.8
"AUT-2020","AUT","Austria",2020,"Alta renda","Europe & Central Asia",TRUE,1411,TRUE,54809,19,TRUE,15,FALSE,111,TRUE,60,TRUE,1411,19,NA,54809,FALSE,118.690501577198,1.04697858863637,116214623.338637,62818715.3181824,8916864,5829.2859,3.20758,387247796560.501,43428.6983137234,537475843892.721,13440.62,88.7071990966797,87.52942813,29.2106456326106,12.2718957660446,93.0516337886918,30.406072576452,2.38904558369577,31.84211,2124,173,99.9482141095975,1.7434722,1.57796,1.7344236,1.4532431,"Austria","High income",FALSE,12421282872.9153,154744517.158216,316281401.738914,12996410730.5325,2.13079396523262,158.239488681222,0.000300104027371736,FALSE,FALSE,"Austria",10.6788757530264,4.60465219294883,TRUE,0.54,0.31,0.77,18.9783333333333,12,1.27,0.82,34.735699,9.4050999,3.89550620038614,146577002.409092,87971198.1104924,0.715589506,0.241668593,0.957258099,FALSE,3706960895.77444,3772512755.19828,2.221597133,51,0.55,0.8
"AUT-2021","AUT","Austria",2021,"Alta renda","Europe & Central Asia",TRUE,1667,TRUE,45114,20,TRUE,15,FALSE,623,TRUE,479,TRUE,1667,20,NA,NA,FALSE,124.266413825838,1,623000000,479000000,8955797,6323.00331,3.25565,406312360757.929,45368.6434337368,563936272645.242,14370.95,93.940071105957,92.52915104,29.2537339731419,11.017122140568,93.0624546800894,33.9022442534773,2.08460790714203,30.90653,1872,175,111.032932124165,1.6939123,1.3784124,1.7318132,1.4277058,"Austria","High income",FALSE,13228108373.0155,116214623.338637,893959140.496853,12421282872.9153,2.23319041286889,186.136420912622,0.00153330309429392,FALSE,FALSE,"Austria",10.7225764721391,4.70982684311309,TRUE,0.61,0.36,0.86,11.8316666666667,12,1.77,1.1,29.778601,6.7694001,3.3250643130924,672000000,146577002.409092,0.752022898,0.245528072,0.99755097,FALSE,4053172895.97062,3706960895.77444,2.221597133,51,0.55,0.8
"AUT-2022","AUT","Austria",2022,"Alta renda","Europe & Central Asia",TRUE,1859,TRUE,40649,11,FALSE,5,FALSE,439,TRUE,435,TRUE,1859,NA,NA,NA,FALSE,134.21120616846,0.92590192259997,406470944.021387,402767336.330987,9041851,6632.30683,3.17775,427972725600.496,47332.4240357971,593999511161.214,14103.32,94.5116882324219,93.61409139,29.2342573265435,14.9141702472602,89.1835529946886,26.0022108616596,1.99589852996514,NA,NA,NA,123.579578652902,1.6431032,1.3839065,1.6631005,1.388552,"Austria","High income",FALSE,13599903287.7698,623000000,1145685567.36002,13228108373.0155,NA,205.599495059142,0.000949758990952193,FALSE,FALSE,"Austria",10.7649508372194,4.81688531011822,FALSE,0.67,0.4,0.94,1.56583333333333,12,1.58,1.33,NA,NA,NA,437025707.467186,672000000,NA,NA,0.99755097,TRUE,4269246075.56319,4053172895.97062,2.221597133,51,0.55,0.8
"AUT-2023","AUT","Austria",2023,"Alta renda","Europe & Central Asia",TRUE,1953,TRUE,36435,20,FALSE,11,FALSE,524,TRUE,206,TRUE,1953,NA,NA,NA,FALSE,139.73579356326,0.889295510169921,465990847.329038,183194875.095004,9131761,6633.64894,3.25517,424607814488.72,46497.9114640341,589329223930.428,13845.8,91.6818237304688,95.33467117,29.3725409835617,15.9232697881169,84.1024713084051,26.8320888102517,2.52563805409574,NA,NA,NA,115.152914822732,1.6115643,1.3610455,1.6313882,1.2720541,"Austria","High income",FALSE,13821706194.8925,406470944.021387,1495461791.35043,13599903287.7698,NA,213.868935027975,0.00109746177867722,FALSE,FALSE,"Austria",10.7471626758148,4.74626093921364,FALSE,0.73,0.45,1.01,4.79916666666667,12,1.89,1.04,NA,NA,NA,90708142.0373319,437025707.467186,NA,NA,0.99755097,TRUE,4235679372.12803,4269246075.56319,2.221597133,51,0.55,0.8
"AUT-2024","AUT","Austria",2024,"Alta renda","Europe & Central Asia",TRUE,1684,TRUE,19044,17,FALSE,4,FALSE,1032,TRUE,164,TRUE,1684,NA,NA,NA,FALSE,143.857336014608,0.863817009743732,891459154.055532,141665989.597972,9177982,NA,3.25517,421809268656.554,45958.8250071261,585445016463.851,NA,92.6126708984375,94.91974877,30.12779672163,18.4525766859019,81.7652651021229,22.5848776685147,2.93343148636791,NA,NA,NA,108.825777834405,1.5035898,1.3042504,1.6431005,1.1804689,"Austria","High income",TRUE,13730608770.5275,465990847.329038,1763920945.40596,13821706194.8925,NA,183.482599987666,0.00211341765176188,FALSE,FALSE,"Austria",10.7355011660816,4.68974823498373,FALSE,0.775,0.48,1.07,12.9391666666667,12,2.09,1.06,NA,NA,NA,170171950.919515,90708142.0373319,NA,NA,0.99755097,TRUE,4207762451.03336,4235679372.12803,2.221597133,51,0.55,0.8
"BEL-2016","BEL","Belgium",2016,"Alta renda","Europe & Central Asia",TRUE,998,TRUE,45007,3,TRUE,2,TRUE,68,TRUE,4,TRUE,998,3,2,45007,FALSE,110.06700893427,1.12900691159917,76772469.9887433,4516027.64639666,11331422,4798.32663,2.53291,466547349432.055,41172.8862831209,656106304760.985,16559.77,77.2435073852539,86.5164766644457,37.6812994536783,13.3312451633933,63.6160862759358,79.7315946747612,3.48452664274546,16.37894,1054,119,159.057696611945,1.4686735,1.5375995,1.4308774,1.3426854,"Belgium","High income",FALSE,11817224468.4995,NA,NA,NA,0.264750531751443,88.07367689598,0.000164554508952202,FALSE,FALSE,"Belgium",10.6255352187706,5.06926700817143,FALSE,0.355,0.2,0.51,NA,NA,NA,NA,16.1308,2.5123,1.42354595919206,73385449.2539458,NA,0.533878047,0.243159671,0.777037718,FALSE,3625248877.41633,NA,1.259241341,51,0.63,0.68
"BEL-2017","BEL","Belgium",2017,"Alta renda","Europe & Central Asia",TRUE,992,TRUE,43687,2,TRUE,2,TRUE,293,TRUE,286,TRUE,992,2,2,43687,FALSE,112.411557302308,1.10545941011785,323899607.164529,316161391.293704,11375158,4757.30821,2.67654,473426439010.72,41619.328629169,665780379748.385,16085.55,80.7738189697266,87.6796808175598,38.4911160919085,11.4917903557909,65.3372340367951,87.3998522006743,2.96174954064201,18.16668,1001,216,166.904078237791,1.2975546,1.4412383,1.3735863,1.3038297,"Belgium","High income",FALSE,12671448010.6975,76772469.9887433,NA,11817224468.4995,0.175821733640974,87.2075798859234,0.000684160368908326,FALSE,FALSE,"Belgium",10.6363199688509,5.1174192655867,TRUE,0.385,0.22,0.55,NA,NA,NA,NA,23.9333,9.6000004,2.10399714887477,118284156.88261,73385449.2539458,0.528891017,0.250345523,0.77923654,FALSE,3689111802.79234,3625248877.41633,1.259241341,51,0.63,0.68
"BEL-2018","BEL","Belgium",2018,"Alta renda","Europe & Central Asia",TRUE,1213,TRUE,52836,8,TRUE,8,TRUE,107,TRUE,26,TRUE,1213,8,8,52836,FALSE,115.157303224791,1.07910145814431,115463856.021441,28056637.911752,11427054,5040.00069,2.86365,482317238282.145,42208.3625650272,678283525385.043,16199.65,79.1237487792969,88.6473429951691,39.4006967604533,11.7058640594516,68.168572322727,59.1725980275377,2.26826570545996,17.78204,892,218,168.277692877218,1.3722944,1.4529192,1.4118569,1.2880934,"Belgium","High income",FALSE,13811877594.0666,323899607.164529,516135933.174713,12671448010.6975,0.700092954842079,106.15159427793,0.000239394006386098,FALSE,FALSE,"Belgium",10.65037364544,5.12561554860467,TRUE,0.43,0.25,0.61,4.34916666666667,12,NA,NA,40.520599,10.35,3.54602323573512,113305653.105152,118284156.88261,0.526794867,0.26231364,0.789108507,FALSE,3806006358.01187,3689111802.79234,1.259241341,51,0.63,0.68
"BEL-2019","BEL","Belgium",2019,"Alta renda","Europe & Central Asia",TRUE,1286,TRUE,49461,2,TRUE,1,TRUE,344,TRUE,211,TRUE,1286,2,1,49461,FALSE,117.244195476228,1.05989395313846,364603519.879631,223637624.112216,11488980,5290.87935,3.15154,494099718080.569,43006.4042308863,694853246102.298,16216.59,79.3044815063477,90.275428012141,39.9517850127817,14.1440138847213,69.360003620854,NA,2.08706915566812,18.25408,876,257,165.46547893199,1.2378552,1.494288,1.4422819,1.305463,"Belgium","High income",FALSE,15571750255.1964,115463856.021441,803966983.065601,13811877594.0666,0.174079857393781,111.933348304201,0.000737914851066922,FALSE,FALSE,"Belgium",10.6691043191879,5.10876258654627,TRUE,0.48,0.28,0.68,17.8991666666667,12,0.51,0.38,36.001801,8.0193005,3.13359419199964,233176669.690462,113305653.105152,0.527185502,0.277720362,0.804905864,FALSE,3977037604.83797,3806006358.01187,1.259241341,51,0.63,0.68
"BEL-2020","BEL","Belgium",2020,"Alta renda","Europe & Central Asia",TRUE,1556,TRUE,56492,7,TRUE,7,FALSE,402,TRUE,265,TRUE,1556,7,NA,56492,FALSE,118.690501577198,1.04697858863637,420885392.631822,277449325.988639,11538604,5418.91258,3.36823,470417598101.755,40769.0218072962,661549041829.955,16602.95,79.4996032714844,91.52641629,41.0239697084264,15.2618615789713,76.125350915761,NA,2.06995809018823,16.52576,862,288,156.950121282783,1.1947461,1.4142823,1.4077395,1.372603,"Belgium","High income",FALSE,15844746664.5427,364603519.879631,900952768.532894,15571750255.1964,0.606659176448035,134.851668364735,0.000894705883304946,FALSE,FALSE,"Belgium",10.6156778025722,5.05592805603556,TRUE,0.525,0.3,0.75,14.4466666666667,12,0.53,0.77,38.628201,6.2714,3.34773608661845,174845424.302274,233176669.690462,0.565896682,0.299811625,0.865708307,FALSE,4072444224.35677,3977037604.83797,1.259241341,51,0.63,0.68
"BEL-2021","BEL","Belgium",2021,"Alta renda","Europe & Central Asia",TRUE,1729,TRUE,52606,9,TRUE,9,FALSE,1275,TRUE,822,TRUE,1729,9,NA,NA,FALSE,124.266413825838,1,1275000000,822000000,11586195,5770.89032,3.40589,499839663858.827,43140.9676652971,702925341289.82,17845.94,82.6882019042969,92.78867618,43.0218054966431,21.3799638763737,74.7536988644538,NA,2.03126042204703,15.4485,799,415,177.381912201075,1.3087579,1.5606518,1.4191241,1.3995015,"Belgium","High income",FALSE,17023989127.4014,420885392.631822,2060488912.51145,15844746664.5427,0.776786511879008,149.2293198932,0.00255081797662241,FALSE,FALSE,"Belgium",10.6722283505051,5.17830510414206,TRUE,0.575,0.33,0.82,10.0158333333333,12,0.51,1.03,33.9286,4.4833002,2.92836431632646,386000000,174845424.302274,0.557039694,0.293466284,0.850505978,FALSE,4251166221.53443,4072444224.35677,1.259241341,51,0.63,0.68
"BEL-2022","BEL","Belgium",2022,"Alta renda","Europe & Central Asia",TRUE,1882,TRUE,42159,7,FALSE,5,FALSE,1097,TRUE,627,TRUE,1882,NA,NA,NA,FALSE,134.21120616846,0.92590192259997,1015714409.09217,580540505.470181,11680210,5818.71223,3.19592,519956253598.61,44516.002160801,731215334523.366,17124.05,83.5736465454102,94.00783071,43.5657139519422,22.8179135173265,72.554533895031,NA,1.83865174031702,NA,NA,NA,191.053418131592,1.3895523,1.5860294,1.343866,1.3961432,"Belgium","High income",FALSE,16617385900.0087,1275000000,2711599801.72399,17023989127.4014,NA,161.127240006815,0.00195346128075665,FALSE,FALSE,"Belgium",10.7036040026332,5.2525530650262,FALSE,0.61,0.35,0.87,3.46666666666667,12,0.42,0.92,NA,NA,NA,249067617.179392,386000000,NA,NA,0.850505978,TRUE,4422259019.84102,4251166221.53443,1.259241341,51,0.63,0.68
"BEL-2023","BEL","Belgium",2023,"Alta renda","Europe & Central Asia",TRUE,1954,TRUE,29561,7,FALSE,6,FALSE,1092,TRUE,433,TRUE,1954,NA,NA,NA,FALSE,139.73579356326,0.889295510169921,971110697.105553,385064955.903576,11779946,5990.12849,3.27235,528074098661.743,44828.2274521244,742631473385.752,16816.32,82.1475601196289,94.62625074,43.7026445985633,18.6668227645892,69.3369709063389,NA,1.82074761185815,NA,NA,NA,165.987440736442,1.2813386,1.501529,1.2732804,1.256937,"Belgium","High income",FALSE,17280432767.5575,1015714409.09217,3261825106.19772,16617385900.0087,NA,165.875123706,0.00183896672752283,FALSE,FALSE,"Belgium",10.7105932970442,5.11191212728011,FALSE,0.65,0.38,0.92,7.72916666666667,12,0.68,1.07,NA,NA,NA,92486733.0576717,249067617.179392,NA,NA,0.850505978,TRUE,4491301777.38774,4422259019.84102,1.259241341,51,0.63,0.68
"BEL-2024","BEL","Belgium",2024,"Alta renda","Europe & Central Asia",TRUE,1742,TRUE,18867,5,FALSE,4,FALSE,1275,TRUE,857,TRUE,1742,NA,NA,NA,FALSE,143.857336014608,0.863817009743732,1101366687.42326,740291177.350379,11858610,NA,3.27235,533871052348.802,45019.6989654607,750783738889.172,NA,NA,95.77579144,44.2321563183446,20.3921453422236,68.1376441872691,NA,2.00199409187463,NA,NA,NA,159.023481148927,1.2811307,1.4573217,1.2755111,1.2038426,"Belgium","High income",TRUE,17470129381.536,971110697.105553,3088191793.62098,17280432767.5575,NA,146.897486298984,0.00206298259210295,FALSE,FALSE,"Belgium",10.7148554277538,5.06905187149852,FALSE,0.67,0.39,0.95,9.79666666666667,12,0.63,1.31,NA,NA,NA,160669963.812334,92486733.0576717,NA,NA,0.850505978,TRUE,4540605215.03807,4491301777.38774,1.259241341,51,0.63,0.68
"BGR-2016","BGR","Bulgaria",2016,"Alta renda","Europe & Central Asia",TRUE,137,TRUE,1278,NA,NA,NA,NA,0,TRUE,0,TRUE,137,NA,NA,1278,FALSE,110.06700893427,1.12900691159917,0,0,6894139,2236.855,0.77009,52305086279.5727,7586.89174668116,176743279334.528,2415.05,80.6399612426758,59.825547661014,23.8176881048635,8.98610305298707,52.0197523897334,NA,13.1730655335127,9.149668,230,11,122.805519071127,0.023638,-0.3559558,-0.1815672,0.5858023,"Bulgaria","High income",FALSE,402796238.930361,NA,NA,NA,NA,19.8719521030835,0,TRUE,FALSE,"Bulgaria",8.9341772669723,4.81060195827906,FALSE,NA,NA,NA,NA,NA,NA,NA,0.33329999,0,0.0483454119506439,0,NA,0.04,0.16,0.2,FALSE,104610172.559145,NA,0.047091907,8,NA,NA
"BGR-2017","BGR","Bulgaria",2017,"Alta renda","Europe & Central Asia",TRUE,155,TRUE,2077,3,TRUE,2,TRUE,3,TRUE,3,TRUE,155,3,2,2077,FALSE,112.411557302308,1.10545941011785,3316378.23035354,3316378.23035354,6803468,2125.46017,0.74037,53741345963.5537,7899.11056589871,181596521429.684,2885.62,81.2245864868164,63.4101013837926,25.3925159519229,9.63608854549453,49.8038894112568,NA,10.4344534162519,8.928413,202,23,129.634433774038,0.0678696,-0.3139085,-0.2048498,0.5760623,"Bulgaria","High income",FALSE,397884803.110363,0,NA,402796238.930361,0.440951585279743,22.7824985727867,0.0000617099957377815,FALSE,FALSE,"Bulgaria",8.97450544552167,4.86471844132903,FALSE,NA,NA,NA,NA,NA,NA,NA,0,0,0,NA,0,0.04,0.17,0.21,FALSE,112856826.523463,104610172.559145,0.047091907,8,NA,NA
"BGR-2018","BGR","Bulgaria",2018,"Alta renda","Europe & Central Asia",TRUE,216,TRUE,3226,4,TRUE,4,TRUE,13,TRUE,0,TRUE,216,4,4,3226,FALSE,115.157303224791,1.07910145814431,14028318.955876,0,6710798,2343.48736,0.75505,54993600227.8576,8194.79296320014,185827993758.22,3244.55,83.134880065918,64.78201069118,27.103417988838,10.3728902592084,50.5406112544307,23.6797524061579,7.80156177334956,8.719459,180,18,129.166502231244,0.1132169,-0.1807224,-0.1171823,0.5143866,"Bulgaria","High income",FALSE,415229178.520439,3316378.23035354,17344697.1862295,397884803.110363,0.596054299354563,32.1869321651464,0.000255090026798606,FALSE,FALSE,"Bulgaria",9.01125422706382,4.86110228707605,TRUE,NA,NA,NA,NA,NA,NA,NA,0,0,0,NA,NA,0.04,0.17,0.21,FALSE,115486560.478501,112856826.523463,0.047091907,8,NA,NA
"BGR-2019","BGR","Bulgaria",2019,"Alta renda","Europe & Central Asia",TRUE,269,TRUE,3518,3,TRUE,3,TRUE,3,TRUE,3,TRUE,269,3,3,3518,FALSE,117.244195476228,1.05989395313846,3179681.85941539,3179681.85941539,6616726,2420.08954,0.83576,57079683269.2842,8626.5750265742,192877043553.018,4258.38,84.7503128051758,67.9469809417603,28.8836779290396,10.8523101760506,49.8324838490204,23.3539212841382,6.62129943689451,8.123374,186,7,125.260415075086,0.1589007,-0.1189595,-0.1197482,0.5188951,"Bulgaria","High income",FALSE,477049160.89137,14028318.955876,20524379.0456449,415229178.520439,0.45339643805713,40.6545472791226,0.0000557060179261094,FALSE,FALSE,"Bulgaria",9.06260283700478,4.83039489079995,TRUE,NA,NA,NA,NA,NA,NA,NA,1,1,0.151132146019043,1059893.95313846,NA,0.06,0.21,0.27,FALSE,154115144.827067,115486560.478501,0.047091907,8,NA,NA
"BGR-2020","BGR","Bulgaria",2020,"Alta renda","Europe & Central Asia",TRUE,279,TRUE,3295,12,TRUE,10,FALSE,1,TRUE,1,TRUE,279,12,NA,3295,FALSE,118.690501577198,1.04697858863637,1046978.58863637,1046978.58863637,6550696,2401.16918,0.84549,55291242409.0405,8440.51416964556,186833751685.649,4475.96,85.5331115722656,70.16248359,30.5042854761098,11.3032725784223,51.3032068254938,25.1246699984858,5.79835202186254,7.749717,239,7,110.423903082333,0.0382968,-0.2338587,-0.1614405,0.3750972,"Bulgaria","High income",FALSE,467481925.444196,3179681.85941539,18254979.4039278,477049160.89137,1.83186641541601,42.5908941584223,0.0000189357037935755,FALSE,TRUE,"Bulgaria",9.04079850630854,4.70432662383427,TRUE,NA,NA,NA,NA,NA,NA,NA,0.5,1,0.0763277673090004,4187914.35454549,1059893.95313846,0.05,0.22,0.27,FALSE,149286354.504409,154115144.827067,0.047091907,8,NA,NA
"BGR-2021","BGR","Bulgaria",2021,"Alta renda","Europe & Central Asia",TRUE,338,TRUE,3357,4,TRUE,3,FALSE,18,TRUE,18,TRUE,338,4,NA,NA,FALSE,124.266413825838,1,18000000,18000000,6507301,2346.69591,0.76933,59619536577.8514,9161.94541759347,201459421189.973,4748.48,85.3017501831055,75.27144583,32.7688420838347,10.9244735738213,48.1534654169725,20.1761871091564,5.94059438427244,7.869337,165,6,121.214091012604,0.0759446,-0.2196318,-0.0255629,0.3814122,"Bulgaria","High income",FALSE,458670980.754384,1046978.58863637,22226660.4480518,467481925.444196,0.614694171976984,51.9416575320551,0.000301914456790444,FALSE,FALSE,"Bulgaria",9.1228138169517,4.79755832935749,TRUE,NA,NA,NA,NA,NA,NA,NA,3.45,1,0.530173723330149,0,4187914.35454549,0.05,0.21,0.26,FALSE,155010795.102414,149286354.504409,0.047091907,8,NA,NA
"BGR-2022","BGR","Bulgaria",2022,"Alta renda","Europe & Central Asia",TRUE,351,TRUE,2781,3,FALSE,2,FALSE,4,TRUE,4,TRUE,351,NA,NA,NA,FALSE,134.21120616846,0.92590192259997,3703607.69039988,3703607.69039988,6465097,2557.19806,0.75174,62054317357.9063,9598.35828571579,209686749928.663,4858.97,84.1293563842773,79.12686326,34.9667968772891,10.3826775418569,44.7288118186282,17.3510704150692,4.5273315980334,NA,NA,NA,138.844872770267,0.0309469,-0.1317064,-0.0944023,0.3065028,"Bulgaria","High income",FALSE,466487125.306325,18000000,22750586.2790362,458670980.754384,NA,54.2915288045949,0.0000596833201635084,FALSE,FALSE,"Bulgaria",9.16934735092712,4.93335728667754,FALSE,NA,NA,NA,NA,NA,NA,NA,NA,NA,NA,8333117.30339973,0,0.05,0.19,0.24,FALSE,148930361.658975,155010795.102414,0.047091907,8,NA,NA
"BGR-2023","BGR","Bulgaria",2023,"Alta renda","Europe & Central Asia",TRUE,451,TRUE,5178,12,FALSE,10,FALSE,21,TRUE,18,TRUE,451,NA,NA,NA,FALSE,139.73579356326,0.889295510169921,18675205.7135683,16007319.1830586,6446596,2400.56923,0.79224,63097767380.2873,9787.76510584614,213212655187.504,4998.4,79.8532333374023,80.38956462,37.0235717545079,12.0578944173221,45.3249399571121,7.67151473082441,3.61815842974246,NA,NA,NA,119.899505851916,0.1016818,-0.1777533,-0.0638604,0.4039459,"Bulgaria","High income",FALSE,499885752.293588,3703607.69039988,40378813.4039682,466487125.306325,NA,69.9594018300511,0.000295972527855284,FALSE,FALSE,"Bulgaria",9.18888842609787,4.78665394068983,FALSE,NA,NA,NA,NA,NA,NA,NA,NA,NA,NA,8003659.59152929,8333117.30339973,0.05,0.23,0.28,FALSE,176673748.664804,148930361.658975,0.047091907,8,NA,NA
"BGR-2024","BGR","Bulgaria",2024,"Alta renda","Europe & Central Asia",TRUE,470,TRUE,3139,23,FALSE,18,FALSE,13,TRUE,11,TRUE,470,NA,NA,NA,FALSE,143.857336014608,0.863817009743732,11229621.1266685,9501987.10718105,6441421,NA,0.79224,65234945309.7356,10127.4152566236,220434358900.086,NA,69.5460433959961,82.438955,NA,13.4299683659831,47.0679032225989,7.42261416326962,3.17386305040232,NA,NA,NA,110.226317731322,0.1208795,-0.287029,-0.0534858,0.3459344,"Bulgaria","High income",TRUE,516817330.721849,18675205.7135683,33608434.5306367,499885752.293588,NA,72.9652665149507,0.00017214119017576,FALSE,FALSE,"Bulgaria",9.22300140739174,4.70253568609495,FALSE,NA,NA,NA,NA,NA,NA,NA,NA,NA,NA,23323059.2630808,8003659.59152929,0.06,0.21,0.27,FALSE,176134352.336286,176673748.664804,0.047091907,8,NA,NA
"BRA-2016","BRA","Brazil",2016,"Renda média-alta","Latin America & Caribbean ",TRUE,1996,TRUE,40511,86,TRUE,72,TRUE,43,TRUE,33,TRUE,1996,86,72,40511,FALSE,110.06700893427,1.12900691159917,48547297.1987641,37257228.0827725,203218114,NA,1.19584,1743173232416.64,8577.84376650911,3580891601337.74,51744.75,48.9665794372559,60.8725400681261,13.217709027651,16.0001642772964,62.1940069633522,42.2432294418921,3.08157613195282,15.95113,5200,22810,24.5336820777006,0.0251685,-0.3354755,-0.1439962,-0.0690733,"Brazil","Upper middle income",FALSE,20845562782.5311,NA,NA,NA,0.423190621678538,9.82195907988793,0.0000278499556417929,FALSE,FALSE,"Brazil",9.05693785163387,3.20004695208935,FALSE,0.075,0.04,0.11,NA,NA,NA,NA,7.9166999,0.66670001,0.0389566645619002,55321338.6683591,NA,NA,NA,NA,TRUE,NA,NA,2.184213152,85,1.32,0.23
"BRA-2017","BRA","Brazil",2017,"Renda média-alta","Latin America & Caribbean ",TRUE,2139,TRUE,43047,88,TRUE,74,TRUE,149,TRUE,23,TRUE,2139,88,74,43047,FALSE,112.411557302308,1.10545941011785,164713452.107559,25425566.4327105,204703445,NA,1.1175,1766233131666.66,8628.25308908043,3628262108190.7,55049.31,50.7326316833496,67.4712845236305,14.1218273097456,14.3118892236086,59.4843092973742,46.2664487765831,2.8789163660392,16.98571,5480,20178,24.3197343743057,-0.0418302,-0.4668159,-0.2647692,-0.076908,"Brazil","Upper middle income",FALSE,19737655246.3749,48547297.1987641,NA,20845562782.5311,0.429890176005587,10.4492623463176,0.0000932569144777232,FALSE,FALSE,"Brazil",9.06279734053739,3.19128813492918,TRUE,0.085,0.04,0.13,NA,NA,NA,NA,8.6636,0.61110002,0.04232268782775,100596806.320724,55321338.6683591,NA,NA,NA,TRUE,NA,NA,2.184213152,85,1.32,0.23
"BRA-2018","BRA","Brazil",2018,"Renda média-alta","Latin America & Caribbean ",TRUE,2913,TRUE,57941,156,TRUE,126,TRUE,289,TRUE,27,TRUE,2913,156,126,57941,FALSE,115.157303224791,1.07910145814431,311860321.403705,29135739.3698963,206107261,NA,1.15016,1797736844969.16,8722.33630317935,3692978213439.46,58874.05,52.05712890625,70.4342825404361,15.1537620986579,14.7442418256611,60.2183479381776,47.8276476278758,2.59786426236426,16.93262,4980,19877,28.8762033763866,-0.1412291,-0.4299065,-0.3977081,-0.2113431,"Brazil","Upper middle income",FALSE,20676850096.0973,164713452.107559,525121070.710028,19737655246.3749,0.756887453858309,14.133417648008,0.000173473844226102,FALSE,FALSE,"Brazil",9.07364240569415,3.36301784334626,TRUE,0.105,0.05,0.16,46.4441666666667,12,NA,NA,13.4905,1.5,0.0654537833094585,144599595.391337,100596806.320724,NA,NA,NA,TRUE,NA,NA,2.184213152,85,1.32,0.23
"BRA-2019","BRA","Brazil",2019,"Renda média-alta","Latin America & Caribbean ",TRUE,3327,TRUE,60562,213,TRUE,166,TRUE,433,TRUE,275,TRUE,3327,213,166,60562,FALSE,117.244195476228,1.05989395313846,458934081.708955,291470837.113077,207455459,NA,1.15115,1819683217699.38,8771.44051292177,3738061272499.81,62581.11,53.6215400695801,73.9124399133589,15.8621991239093,14.0668052120423,62.790505078946,63.3838235244836,2.65554756569736,18.54721,5464,19932,28.8902578698964,0.0853751,-0.3724397,-0.3608038,-0.0738371,"Brazil","Upper middle income",FALSE,20947283360.5464,311860321.403705,935507855.220219,20676850096.0973,1.02672641648827,16.037177406838,0.000252205481286564,FALSE,FALSE,"Brazil",9.07925632648701,3.36350444036065,TRUE,0.125,0.06,0.19,30.9291666666667,12,-0.12,NA,25.758301,1.5651,0.12416304263172,347645216.629416,144599595.391337,NA,NA,NA,TRUE,NA,NA,2.184213152,85,1.32,0.23
"BRA-2020","BRA","Brazil",2020,"Renda média-alta","Latin America & Caribbean ",TRUE,3757,TRUE,77267,162,TRUE,115,FALSE,667,TRUE,414,TRUE,3757,162,NA,77267,FALSE,118.690501577198,1.04697858863637,698334718.620461,433449135.695458,208660842,NA,1.21907,1760056587795.46,8435.01143254978,3615574020935.6,66901.34,55.529109954834,81.34269353,17.418059685583,11.3500942678804,68.6961548470609,66.9581653036492,1.86754766697946,15.71668,5280,19058,32.3020785437939,-0.0212269,-0.3371524,-0.3575123,-0.1224856,"Brazil","Upper middle income",FALSE,21456321844.8381,458934081.708955,1469129121.73312,20947283360.5464,0.77637949912998,18.0052949273539,0.000396768333167715,FALSE,FALSE,"Brazil",9.0401463503496,3.47513157935921,TRUE,0.145,0.07,0.22,30.2933333333333,12,-0.06,NA,32.274601,2.2565,0.154674929376543,897260650.461372,347645216.629416,NA,NA,NA,TRUE,NA,NA,2.184213152,85,1.32,0.23
"BRA-2021","BRA","Brazil",2021,"Renda média-alta","Latin America & Caribbean ",TRUE,3859,TRUE,62249,116,TRUE,62,FALSE,1392,TRUE,1137,TRUE,3859,116,NA,NA,FALSE,124.266413825838,1,1392000000,1137000000,209550294,NA,1.13371,1843881119920.2,8799.22945810901,3787769507585.78,69590.64,57.6311988830566,80.68989314,19.8363162401481,9.00155420026002,68.8052246830253,48.8359602711381,2.07937608671227,16.35463,4666,19566,37.6563307598082,-0.0104637,-0.4038381,-0.3791836,-0.1226409,"Brazil","Upper middle income",FALSE,20904264644.6473,698334718.620461,2549268800.32942,21456321844.8381,0.553566391083183,18.415626751638,0.000754929363374708,FALSE,FALSE,"Brazil",9.08241943505404,3.62850108778154,TRUE,0.17,0.08,0.26,19.9108333333333,12,-0.11,NA,27.6052,0,0.131735439130427,1420000000,897260650.461372,NA,NA,NA,TRUE,NA,NA,2.184213152,85,1.32,0.23
"BRA-2022","BRA","Brazil",2022,"Renda média-alta","Latin America & Caribbean ",TRUE,3253,TRUE,39717,23,FALSE,5,FALSE,2036,TRUE,1007,TRUE,3253,NA,NA,NA,FALSE,134.21120616846,0.92590192259997,1885136314.41354,932383236.058169,210306415,NA,1.18873,1899505377558.02,9032.08481566299,3902034936461.01,62659.84,61.0000915527344,80.52775094,20.9534469027015,9.11134627987528,70.6060973782971,40.699224128175,2.64123318576758,NA,NA,NA,38.8160659763397,-0.1979051,-0.4565665,-0.4256888,-0.1677479,"Brazil","Upper middle income",FALSE,22579990274.6455,1392000000,3975471033.034,20904264644.6473,NA,15.4679066732225,0.000992435365904069,FALSE,FALSE,"Brazil",9.10853849635925,3.65883423248041,FALSE,0.19,0.09,0.29,6.45666666666667,12,-0.22,NA,NA,NA,NA,856459278.404972,1420000000,NA,NA,NA,TRUE,NA,NA,2.184213152,85,1.32,0.23
"BRA-2023","BRA","Brazil",2023,"Renda média-alta","Latin America & Caribbean ",TRUE,3620,TRUE,32227,NA,NA,NA,NA,1095,TRUE,439,TRUE,3620,NA,NA,NA,FALSE,139.73579356326,0.889295510169921,973778583.636063,390400728.964595,211140729,NA,1.1938,1961080794855.6,9288.02701470069,4028525459920.96,58292.04,NA,84.15060238,22.4192301618889,9.849149349554,71.0755405509113,45.2367979654704,2.84264311217319,NA,NA,NA,33.6662298301438,-0.2500394,-0.4394541,-0.5051317,-0.3172263,"Brazil","Upper middle income",FALSE,23411382528.9862,1885136314.41354,4250914898.0496,22579990274.6455,NA,17.1449630639477,0.000496551996322908,FALSE,FALSE,"Brazil",9.136481431933,3.51649525274671,FALSE,0.215,0.1,0.33,-8.21333333333333,12,-0.14,NA,NA,NA,NA,651853608.954552,856459278.404972,NA,NA,NA,TRUE,NA,NA,2.184213152,85,1.32,0.23
"BRA-2024","BRA","Brazil",2024,"Renda média-alta","Latin America & Caribbean ",TRUE,3162,TRUE,18658,NA,NA,NA,NA,976,TRUE,733,TRUE,3162,NA,NA,NA,FALSE,143.857336014608,0.863817009743732,843085401.509883,633177868.142156,211998573,NA,1.1938,2028136327872.37,9566.74518687619,4166273441898.69,NA,69.7317733764648,84.46347227,24.079199344422,11.1103644206652,75.6308730941359,30.1448145071733,2.71543100107416,NA,NA,NA,35.5845239386244,-0.1860013,-0.3958138,-0.4900423,-0.3825789,"Brazil","Upper middle income",TRUE,24211891482.1404,973778583.636063,3702000299.55949,23411382528.9862,NA,14.9151947357683,0.000415694640406312,FALSE,FALSE,"Brazil",9.16604832073333,3.57191082251434,FALSE,0.24,0.11,0.37,13.0425,12,-0.09,NA,NA,NA,NA,900097324.152969,651853608.954552,NA,NA,NA,TRUE,NA,NA,2.184213152,85,1.32,0.23
"CAN-2016","CAN","Canada",2016,"Alta renda","North America",FALSE,3398,TRUE,214444,361,TRUE,314,TRUE,2721,TRUE,1066,TRUE,3398,361,314,214444,FALSE,110.06700893427,1.12900691159917,3072027806.46133,1203521367.76471,36110803,4400.49278,1.72903,1572675533072.03,43551.3863558236,2007982114167.69,60472.16,69.2459411621094,91.16000366,36.8232874759276,14.0996116936098,NA,130.466467760867,0.596050944805398,14.19255,4078,30667,65.3636199818813,1.8752393,1.9030178,1.7284101,1.7719496,"Canada","High income",FALSE,27192031769.4753,NA,NA,NA,9.99700837447453,94.0992644223392,0.001953376740376,FALSE,FALSE,"Canada",10.6816968154324,4.17996583429774,FALSE,0.33,0.22,0.44,NA,NA,NA,0.61,126.11,19.648701,3.49230672051242,861432273.550164,NA,0.682091398,0.114883228,0.796974626,FALSE,12533824947.8943,NA,15.30599504,481,1.3,0.93
"CAN-2017","CAN","Canada",2017,"Alta renda","North America",FALSE,3665,TRUE,210563,441,TRUE,374,TRUE,763,TRUE,445,TRUE,3665,441,374,210563,FALSE,112.411557302308,1.10545941011785,843465529.919918,491929437.502442,36545075,4429.05796,1.68702,1620387912547.73,44339.4332217878,2068900976702.81,61097.54,70.2687072753906,92.70140076,37.8276923396247,14.3488055729531,NA,143.521718251764,0.449461039885322,14.48891,4053,30969,65.1009087910845,1.9573813,1.8834684,1.7200385,1.8453764,"Canada","High income",FALSE,27336268162.2627,3072027806.46133,NA,27192031769.4753,12.0672895048102,100.287111190769,0.000520533091729708,FALSE,FALSE,"Canada",10.6996297005398,4.17593850904158,TRUE,0.375,0.25,0.5,NA,NA,NA,0.79,156.0797,17.608299,4.27088191774131,1045764601.97148,861432273.550164,0.671060678,0.118702762,0.78976344,FALSE,12797231319.4811,12533824947.8943,15.30599504,481,1.3,0.93
"CAN-2018","CAN","Canada",2018,"Alta renda","North America",FALSE,4367,TRUE,271660,708,TRUE,588,TRUE,3776,TRUE,2744,TRUE,4367,708,588,271660,FALSE,115.157303224791,1.07910145814431,4074687105.9529,2961054401.14798,37072620,4715.91861,1.7372,1664834560154.15,44907.3887994469,2125650173566.13,62472.64,69.3507232666016,94.64,38.7333531661948,15.4222842964733,NA,112.320650719169,0.505214192405336,14.37822,4349,31812,66.59982627163,1.8478859,1.8082257,1.7191332,1.6345196,"Canada","High income",FALSE,28921505978.9979,843465529.919918,7990180442.33415,27336268162.2627,19.0976521217006,117.795828835405,0.00244750271496984,FALSE,FALSE,"Canada",10.7123576214265,4.19870196900886,TRUE,0.435,0.29,0.58,23.225,12,NA,0.9,297.18909,42.136299,8.01640375026097,1620810390.13275,1045764601.97148,0.675634875,0.121037271,0.796672146,FALSE,13263273217.7297,12797231319.4811,15.30599504,481,1.3,0.93
"CAN-2019","CAN","Canada",2019,"Alta renda","North America",FALSE,5520,TRUE,276018,793,TRUE,594,TRUE,1858,TRUE,1238,TRUE,5520,793,594,276018,FALSE,117.244195476228,1.05989395313846,1969282964.93126,1312148713.98542,37618495,4850.93689,1.75578,1696606794629.52,45100.336805859,2166216760387.16,63284.54,73.1128768920898,91.91290283,40.076756874499,17.1309209127166,NA,138.157856301011,0.503405461160356,14.20599,4238,32250,66.1713422730605,1.8588864,1.7964121,1.6902944,1.6682976,"Canada","High income",FALSE,29788682778.7462,4074687105.9529,6887435600.80408,28921505978.9979,21.0800564988046,146.736332753344,0.00116071854195378,FALSE,FALSE,"Canada",10.716644993442,4.19224747303903,TRUE,0.51,0.34,0.68,22.9608333333333,12,0.49,1.04,305.78299,34.6549,8.12852800198413,2260753802.04434,1620810390.13275,0.683404774,0.116962451,0.800367225,FALSE,13579084721.3377,13263273217.7297,15.30599504,481,1.3,0.93
"CAN-2020","CAN","Canada",2020,"Alta renda","North America",FALSE,6898,TRUE,315537,908,TRUE,606,FALSE,2066,TRUE,1179,TRUE,6898,908,NA,315537,FALSE,118.690501577198,1.04697858863637,2163057764.12275,1234387756.00228,38028638,5155.65021,1.93413,1611127783961.78,42366.1710935265,2057077703443.68,64548.83,75.2389068603516,92.3,40.7949805592606,16.7587089775244,NA,159.538312062359,0.52681278365295,13.06755,4452,30113,61.1566883386797,1.6668667,1.6441067,1.5809718,1.5862738,"Canada","High income",FALSE,31161305807.94,1969282964.93126,8207027835.00691,29788682778.7462,23.8767425748984,181.389614847631,0.00134257368388482,FALSE,FALSE,"Canada",10.6541054711993,4.11343923209123,TRUE,0.575,0.39,0.76,23.1825,12,0.82,1.11,393.77029,53.876099,10.3545725197942,1971460682.40229,2260753802.04434,0.718927302,0.14386692,0.862794222,FALSE,13900717429.0589,13579084721.3377,15.30599504,481,1.3,0.93
"CAN-2021","CAN","Canada",2021,"Alta renda","North America",FALSE,8251,TRUE,267522,949,TRUE,430,FALSE,4307,TRUE,3204,TRUE,8251,949,NA,NA,FALSE,124.266413825838,1,4307000000,3204000000,38239864,5507.58596,1.87064,1706998394665.32,44639.2381171993,2179484689194.25,68647.82,79.7657318115234,93.93710327,41.6930962576979,16.33762888714,NA,163.313530417766,0.376260029910392,13.85122,4710,32445,62.2468612630348,1.6193225,1.6186408,1.5831811,1.6247932,"Canada","High income",FALSE,31931794769.9673,2163057764.12275,8439340729.05401,31161305807.94,24.8170338681121,215.769595833291,0.00252314238458581,FALSE,FALSE,"Canada",10.7063685296425,4.13110811259626,TRUE,0.655,0.44,0.87,14.3666666666667,12,1.79,1.35,363.58771,46.2728,9.50808062497294,6116000000,1971460682.40229,0.640216957,0.117228997,0.757445954,FALSE,12929590275.2374,13900717429.0589,15.30599504,481,1.3,0.93
"CAN-2022","CAN","Canada",2022,"Alta renda","North America",FALSE,7806,TRUE,199652,678,FALSE,207,FALSE,23815,TRUE,4127,TRUE,7806,NA,NA,NA,FALSE,134.21120616846,0.92590192259997,22050354286.7183,3821197234.57007,38950132,5624.26883,1.81291,1787149136135.45,45883.0058941892,2281820645928.4,66751.03,78.8488311767578,94,42.1792116530791,15.1489765380468,NA,125.462058104463,0.334331435857722,NA,NA,NA,66.9531620692051,1.7589319,1.6528054,1.5345803,1.6181602,"Canada","High income",FALSE,32399405403.9132,4307000000,28520412050.841,31931794769.9673,NA,200.410103873332,0.0123382843887333,FALSE,FALSE,"Canada",10.7338500855355,4.20399330133113,FALSE,0.73,0.5,0.96,9.62583333333333,12,2.38,1.22,NA,NA,NA,3449910563.60749,6116000000,0.583186141,0.108386086,0.691572227,FALSE,12359427080.5832,12929590275.2374,15.30599504,481,1.3,0.93
"CAN-2023","CAN","Canada",2023,"Alta renda","North America",FALSE,9039,TRUE,195151,165,FALSE,23,FALSE,4052,TRUE,1979,TRUE,9039,NA,NA,NA,FALSE,139.73579356326,0.889295510169921,3603425407.20852,1759915814.62627,40049088,NA,1.81048,1822053687169.68,45495.5100892605,2326386554601.81,63719.9,76.2666931152344,94.14530182,42.5241770773151,16.3717954388263,NA,141.088214795019,0.454242517964679,NA,NA,NA,66.5745425015033,1.6844637,1.6304592,1.4667614,1.5853255,"Canada","High income",FALSE,32987917595.4696,22050354286.7183,29960779693.9268,32399405403.9132,NA,225.698023385701,0.00197767246518733,FALSE,FALSE,"Canada",10.725368920713,4.19832225975003,FALSE,0.81,0.56,1.06,0.336666666666667,12,2.37,1.03,NA,NA,NA,2163655976.24342,3449910563.60749,NA,NA,0.691572227,TRUE,12600817261.495,12359427080.5832,15.30599504,481,1.3,0.93
"CAN-2024","CAN","Canada",2024,"Alta renda","North America",FALSE,7928,TRUE,95307,59,FALSE,4,FALSE,5907,TRUE,3844,TRUE,7928,NA,NA,NA,FALSE,143.857336014608,0.863817009743732,5102567076.55623,3320512585.45491,41262329,NA,1.7908,1859337753256.2,45061.3864587285,2373990612953.84,NA,NA,94.353302,42.5238215177079,16.7779029827711,NA,148.650392675611,0.568690030721405,NA,NA,NA,65.1214987304374,1.7381193,1.6375255,1.4820081,1.2871551,"Canada","High income",FALSE,33297020485.312,3603425407.20852,30756346770.483,32987917595.4696,NA,192.136512701452,0.00274429272875262,FALSE,FALSE,"Canada",10.7157809826813,4.17625473633174,FALSE,0.88,0.61,1.15,14.0341666666667,12,0.95,1.41,NA,NA,NA,2971530513.51844,2163655976.24342,NA,NA,0.691572227,TRUE,12858663507.6457,12600817261.495,15.30599504,481,1.3,0.93
"CHE-2016","CHE","Switzerland",2016,"Alta renda","Europe & Central Asia",TRUE,1365,TRUE,133881,5,TRUE,5,TRUE,330,TRUE,124,TRUE,1365,5,5,133881,FALSE,110.06700893427,1.12900691159917,372572280.827725,139996857.038297,8373338,NA,3.04671,719698645165.924,85951.2234148345,661125833893.439,22041.04,61.1939888000488,89.1346877351392,45.0860971371482,27.335457169438,167.772890998961,200.878898545103,0.72973105534565,16.85371,1462,309,122.941735178779,2.1086973,2.2844362,1.881257,1.9049871,"Switzerland","High income",TRUE,21927130592.1347,NA,NA,NA,0.597133425164492,163.017425069906,0.000517678174511263,FALSE,FALSE,"Switzerland",11.3615352447392,4.8117105454087,FALSE,0.54,0.34,0.74,NA,NA,NA,NA,51.091702,14.3514,6.10171260254871,405313481.264101,NA,NA,NA,0.935175489,TRUE,6730445324.2568,NA,3.897936818,154,0.77,1.16
"CHE-2017","CHE","Switzerland",2017,"Alta renda","Europe & Central Asia",TRUE,1525,TRUE,123310,2,TRUE,1,TRUE,310,TRUE,108,TRUE,1525,2,1,123310,FALSE,112.411557302308,1.10545941011785,342692417.136533,119389616.292728,8451840,5257.57173,3.04671,729920856964.874,86362.360972862,670516109038.752,22610.58,62.4597206115723,89.6861476710225,46.3318234490564,14.0238568621919,NA,238.657347417085,0.644092865487904,19.02053,1337,291,122.948395589146,2.1125344,2.3038689,1.8727436,1.8967941,"Switzerland","High income",FALSE,22238571741.2345,372572280.827725,NA,21927130592.1347,0.236634862941087,180.434082992579,0.000469492567401762,FALSE,FALSE,"Switzerland",11.3663072229867,4.81176471928178,TRUE,0.58,0.36,0.8,NA,NA,NA,NA,60.8148,16.4806,7.19545093139482,341586957.726415,405313481.264101,0.908228631,0.026946858,0.935175489,FALSE,6826040943.43425,6730445324.2568,3.897936818,154,0.77,1.16
"CHE-2018","CHE","Switzerland",2018,"Alta renda","Europe & Central Asia",TRUE,1829,TRUE,145554,4,TRUE,3,TRUE,908,TRUE,346,TRUE,1829,4,3,145554,FALSE,115.157303224791,1.07910145814431,979824123.99503,373369104.51793,8514329,NA,3.09827,754208481229.163,88581.0826935584,692827080377.758,22272.17,64.3533935546875,91.80000305,45.6049920012625,13.3182169315591,NA,194.549891066388,0.668886023069019,19.26855,1283,332,123.499829706856,2.1263104,2.2949914,1.889148,1.7762631,"Switzerland","High income",TRUE,23367415111.3788,342692417.136533,1695088821.95929,22238571741.2345,0.469796269324335,214.814344148552,0.00129914227747502,FALSE,FALSE,"Switzerland",11.3916736001792,4.81623977717523,TRUE,0.64,0.39,0.89,17.21,12,NA,NA,79.631401,26.0147,9.35263377771754,519047801.367411,341586957.726415,NA,NA,0.942597113,TRUE,7109147370.06724,6826040943.43425,3.897936818,154,0.77,1.16
"CHE-2019","CHE","Switzerland",2019,"Alta renda","Europe & Central Asia",TRUE,2161,TRUE,165548,3,TRUE,2,TRUE,805,TRUE,346,TRUE,2161,3,2,165548,FALSE,117.244195476228,1.05989395313846,853214632.276463,366723307.785908,8575280,5561.84719,3.14983,762620333380.6,88932.4119306425,700554332340.175,22460.04,66.3093414306641,93.1460869535177,46.912372381587,12.9094936723953,NA,249.116134565923,0.644681878171941,16.18968,1369,348,123.022509832864,2.075301,2.3021609,1.890971,1.7386232,"Switzerland","High income",FALSE,24021244046.9222,979824123.99503,2175731173.40803,23367415111.3788,0.349842803966751,252.00343312405,0.00111879344797203,FALSE,FALSE,"Switzerland",11.3956319437019,4.81236734539997,TRUE,0.725,0.44,1.01,20.0366666666667,12,1.55,0.48,122.9147,40.427399,14.3336077655773,843675586.698217,519047801.367411,0.920162914,0.029855823,0.950018737,FALSE,7245036059.28757,7109147370.06724,3.897936818,154,0.77,1.16
"CHE-2020","CHE","Switzerland",2020,"Alta renda","Europe & Central Asia",TRUE,2561,TRUE,141871,5,TRUE,2,FALSE,1677,TRUE,291,TRUE,2561,5,NA,141871,FALSE,118.690501577198,1.04697858863637,1755783093.1432,304670769.293185,8638167,NA,3.199225,745421277740.833,86293.9183441155,684755025118.471,23197.82,68.0676422119141,94.34999847,46.4813712779996,12.8450867094278,NA,264.72860495236,0.754607674363497,16.76671,1384,301,121.451100609762,1.8896933,2.2883053,1.7860278,1.6279242,"Switzerland","High income",TRUE,23847703872.8042,853214632.276463,3588821849.41469,24021244046.9222,0.578826503354242,296.474935018043,0.00235542389997841,FALSE,FALSE,"Switzerland",11.3655144034888,4.799511717653,TRUE,0.82,0.5,1.14,8.185,12,3.19,1.76,135.1651,45.142799,15.6474284417053,705663568.740916,843675586.698217,NA,NA,0.964062667,TRUE,7186328250.57375,7245036059.28757,3.897936818,154,0.77,1.16
"CHE-2021","CHE","Switzerland",2021,"Alta renda","Europe & Central Asia",TRUE,3124,TRUE,136452,11,TRUE,6,FALSE,1292,TRUE,889,TRUE,3124,11,NA,NA,FALSE,124.266413825838,1,1292000000,889000000,8704546,6003.41115,3.24862,791460198101.875,90924.9256769825,727047059179.797,24649.1,71.893928527832,95.56937154,47.9433096708255,14.2350632729725,NA,276.87394523513,0.664684261351734,15.33865,1288,267,128.004119652561,2.0399272,2.1079472,1.7695283,1.7282538,"Switzerland","High income",FALSE,25711534287.5771,1755783093.1432,3900997725.41966,23847703872.8042,1.26370749261363,358.892927902271,0.00163242574054709,FALSE,FALSE,"Switzerland",11.4177894524447,4.85206244818733,TRUE,0.9,0.55,1.25,9.24583333333333,12,3.48,1.51,120.4729,39.328602,13.8402278533539,1837000000,705663568.740916,0.946539684,0.031566913,0.978106597,FALSE,7741324410.26371,7186328250.57375,3.897936818,154,0.77,1.16
"CHE-2022","CHE","Switzerland",2022,"Alta renda","Europe & Central Asia",TRUE,3534,TRUE,116754,6,FALSE,2,FALSE,2087,TRUE,1302,TRUE,3534,NA,NA,NA,FALSE,134.21120616846,0.92590192259997,1932357312.46614,1205524303.22516,8777088,NA,3.2352,819432798585.826,93360.440112464,752743104247.183,23935.67,74.1526794433594,96.45279694,46.6747503634479,29.9881397976664,NA,213.228806628245,0.685275122945014,NA,NA,NA,136.235871048363,2.0115477,2.0959004,1.7597077,1.729141,"Switzerland","High income",TRUE,26510289899.8486,1292000000,4980140405.60934,25711534287.5771,NA,402.63923524522,0.00235816447157228,FALSE,FALSE,"Switzerland",11.4442229810931,4.91438772943866,FALSE,0.975,0.6,1.35,2.31666666666667,12,4.01,1.2,NA,NA,NA,1928653704.77574,1837000000,NA,NA,0.978106597,TRUE,8014926260.94969,7741324410.26371,3.897936818,154,0.77,1.16
"CHE-2023","CHE","Switzerland",2023,"Alta renda","Europe & Central Asia",TRUE,3641,TRUE,99510,8,FALSE,1,FALSE,673,TRUE,437,TRUE,3641,NA,NA,NA,FALSE,139.73579356326,0.889295510169921,598495878.344357,388622137.944255,8888822,6107.95842,3.22178,826197715652.355,92947.9424441568,758957457250.165,22803.86,74.0060882568359,97.34436623,46.8364627671237,29.3340286978728,NA,220.230029295719,0.758483325820007,NA,NA,NA,129.7371945484,2.061058,2.1032647,1.7648726,1.6896657,"Switzerland","High income",FALSE,26618272763.3444,1932357312.46614,3822853190.8105,26510289899.8486,NA,409.615582357257,0.000724397885646286,FALSE,FALSE,"Switzerland",11.439794856747,4.8655108239069,FALSE,1.045,0.64,1.45,-1.34583333333333,12,3.24,0.9,NA,NA,NA,440201277.534111,1928653704.77574,NA,NA,0.978106597,TRUE,8081094361.05899,8014926260.94969,3.897936818,154,0.77,1.16
"CHE-2024","CHE","Switzerland",2024,"Alta renda","Europe & Central Asia",TRUE,3153,TRUE,44027,3,FALSE,1,FALSE,2187,TRUE,589,TRUE,3153,NA,NA,NA,FALSE,143.857336014608,0.863817009743732,1889167800.30954,508788218.739058,9005582,NA,3.22178,837684620415.719,93018.3768706697,769509498082.176,NA,73.5430526733398,97.3443985,47.0197818175134,29.6239015157944,NA,203.255126625222,0.829135649016558,NA,NA,NA,130.354516041578,1.8805362,2.040987,1.729054,1.644729,"Switzerland","High income",TRUE,26988355563.6296,598495878.344357,4420020991.12004,26618272763.3444,NA,350.11618349597,0.00225522559954843,FALSE,FALSE,"Switzerland",11.4405523533748,4.87025778528438,FALSE,1.125,0.7,1.55,6.30166666666667,12,3.15,1.37,NA,NA,NA,516562571.826752,440201277.534111,NA,NA,0.978106597,TRUE,8193448534.34056,8081094361.05899,3.897936818,154,0.77,1.16
"CHL-2016","CHL","Chile",2016,"Alta renda","Latin America & Caribbean ",TRUE,253,TRUE,5432,NA,NA,NA,NA,1,TRUE,0,TRUE,253,NA,NA,5432,FALSE,110.06700893427,1.12900691159917,1129006.91159917,0,18267221,495.36438,0.37103,246700604515.86,13505.097711133,510849180433.227,6371.23,88.8458862304688,83.5585860244169,15.9005028734256,8.42437955941115,109.658986217723,85.2152277842727,1.83263616219253,8.49224,386,2521,56.0578603070995,1.0533135,1.1288752,0.9933308,1.298187,"Chile","High income",FALSE,915333252.935195,NA,NA,NA,NA,13.8499446631756,0.00000457642539553075,FALSE,TRUE,"Chile",9.51082250138255,4.02638437710062,FALSE,0.13,0.08,0.18,NA,NA,NA,NA,0,0,0,7903048.38119416,NA,0.159764506,0.047845027,0.207609533,FALSE,512173972.943554,NA,0.68210051,17,0.58,0.32
"CHL-2017","CHL","Chile",2017,"Alta renda","Latin America & Caribbean ",TRUE,232,TRUE,6076,1,TRUE,NA,NA,8,TRUE,6,TRUE,232,1,NA,6076,FALSE,112.411557302308,1.10545941011785,8843675.28094278,6632756.46070708,18558868,494.62971,0.35679,250050047209.619,13473.3458532934,517784956121.223,6637.65,89.921989440918,82.3274869338464,16.5009633130641,7.1060964752424,111.859731058874,106.706932574631,1.91636250925282,8.689783,425,2469,56.0261586393213,1.0363271,1.1137707,0.980063,1.2610194,"Chile","High income",FALSE,892153563.4392,1129006.91159917,NA,915333252.935195,0.0538825967187223,12.5007624387436,0.0000353676209208193,FALSE,FALSE,"Chile",9.50846863152906,4.02581870022855,TRUE,0.14,0.08,0.2,NA,NA,NA,NA,0,0,0,24320107.0225926,7903048.38119416,0.163603233,0.04680178,0.210405013,FALSE,526117834.337905,512173972.943554,0.68210051,17,0.58,0.32
"CHL-2018","CHL","Chile",2018,"Alta renda","Latin America & Caribbean ",TRUE,286,TRUE,6258,1,TRUE,1,TRUE,82,TRUE,11,TRUE,286,1,1,6258,FALSE,115.157303224791,1.07910145814431,88486319.5678331,11870116.0395874,18893191,523.65457,0.36916,260027117802.785,13763.0068844795,538444728502.59,7148.06,91.1974792480469,84.90000153,17.2066645597348,6.91141099413123,116.098274611163,85.4879920737696,1.8720146209385,8.552716,406,2694,58.1770513035882,1.0985906,1.1019812,0.9809189,1.2143921,"Chile","High income",FALSE,959916108.080761,8843675.28094278,98459001.760375,892153563.4392,0.0529291213961686,15.1377287193042,0.0003402965056704,FALSE,FALSE,"Chile",9.52973961119589,4.06349096947926,TRUE,0.165,0.09,0.24,7.76916666666667,12,NA,NA,2.55,0,0.13496925956023,12949217.4977317,24320107.0225926,0.173596649,0.046575524,0.220172173,FALSE,572507355.655662,526117834.337905,0.68210051,17,0.58,0.32
"CHL-2019","CHL","Chile",2019,"Alta renda","Latin America & Caribbean ",TRUE,336,TRUE,6927,1,TRUE,NA,NA,33,TRUE,32,TRUE,336,1,NA,6927,FALSE,117.244195476228,1.05989395313846,34976500.4535693,33916606.5004308,19197744,507.31033,0.34243,261702273348.86,13631.9284885172,541913515453.842,7479.71,92.0659713745117,85.01760101,17.8649532986793,7.63288202076965,123.238729784071,73.2251063120251,2.05504919265993,7.761494,438,2799,57.6069157856537,1.1067349,1.1579819,0.9106858,1.1179577,"Chile","High income",FALSE,896147094.628501,88486319.5678331,132306495.302345,959916108.080761,0.05208945384416,17.5020564916378,0.000133649967980768,FALSE,FALSE,"Chile",9.52017000320126,4.05364262621769,TRUE,0.195,0.11,0.28,32.47,12,-0.03,NA,4.1666999,0.041700002,0.217041122123516,41335864.1724001,12949217.4977317,0.168009174,0.03861668,0.206625854,FALSE,540744557.244496,572507355.655662,0.68210051,17,0.58,0.32
"CHL-2020","CHL","Chile",2020,"Alta renda","Latin America & Caribbean ",TRUE,414,TRUE,13274,NA,NA,NA,NA,97,TRUE,89,TRUE,414,NA,NA,13274,FALSE,118.690501577198,1.04697858863637,101556923.097728,93181094.3886372,19370624,515.32026,0.33525,245634546877.039,12680.7761524378,508641667921.635,8380.99,89.1124877929688,87.45929718,19.4305872645094,15.9750583433893,123.532570614359,72.6275974675748,1.55298924761218,6.652649,372,2433,58.1687693933374,0.9318715,1.2173713,0.752396,0.9379372,"Chile","High income",FALSE,823489818.405273,34976500.4535693,225019743.11913,896147094.628501,NA,21.3725691025751,0.00041344723040349,FALSE,FALSE,"Chile",9.44784243687799,4.0633486023497,FALSE,0.22,0.12,0.32,29.4325,12,-0.05,NA,5,0,0.258122815248492,84805265.6795462,41335864.1724001,0.159420631,0.037027469,0.1964481,FALSE,482544400.283552,540744557.244496,0.68210051,17,0.58,0.32
"CHL-2021","CHL","Chile",2021,"Alta renda","Latin America & Caribbean ",TRUE,518,TRUE,9793,1,TRUE,NA,NA,275,TRUE,274,TRUE,518,1,NA,NA,FALSE,124.266413825838,1,275000000,274000000,19456334,638.83802,0.36063,273483125955.671,14056.251601955,566308424865.614,9319.43,96.2227935791016,90.23280334,22.0140443723879,12.4417748590856,109.258846092778,82.2569178589088,1.22877234927757,7.446439,402,2680,64.8399924791736,0.9124462,1.148412,0.7757812,0.9268728,"Chile","High income",FALSE,986262197.133936,101556923.097728,411533423.551297,823489818.405273,0.051397143984062,26.6237205837441,0.00100554649958394,FALSE,FALSE,"Chile",9.55082252967507,4.17192258087693,TRUE,0.255,0.14,0.37,25.08,12,-0.16,0.44,2.3424001,0,0.120392675207981,617000000,84805265.6795462,NA,NA,0.1964481,TRUE,537252404.760522,482544400.283552,0.68210051,17,0.58,0.32
"CHL-2022","CHL","Chile",2022,"Alta renda","Latin America & Caribbean ",TRUE,458,TRUE,7544,3,FALSE,NA,NA,81,TRUE,76,TRUE,458,NA,NA,NA,FALSE,134.21120616846,0.92590192259997,74998055.7305975,70368546.1175977,19553036,707.0557,0.39205,279127595176.477,14275.4094646211,577996570020.702,8443.63,99.3372802734375,92.31819916,22.7901897178525,6.93672684116693,112.669584808771,94.7301979613995,1.66548621052272,NA,NA,NA,75.2334197533759,0.9289252,1.1468266,0.7587361,0.8891167,"Chile","High income",FALSE,1094319736.88938,275000000,451554978.828326,986262197.133936,NA,23.4234724469387,0.000268687356702158,FALSE,FALSE,"Chile",9.56629371814934,4.32059554384824,FALSE,0.275,0.15,0.4,11.5425,12,-0.24,0.78,NA,NA,NA,436099805.544586,617000000,NA,NA,0.1964481,TRUE,548340857.299881,537252404.760522,0.68210051,17,0.58,0.32
"CHL-2023","CHL","Chile",2023,"Alta renda","Latin America & Caribbean ",TRUE,547,TRUE,7689,3,FALSE,NA,NA,8,TRUE,4,TRUE,547,NA,NA,NA,FALSE,139.73579356326,0.889295510169921,7114364.08135937,3557182.04067968,19658835,NA,0.39205,281017358307.658,14294.7106635595,581909750325.514,8573.42,104.734062194824,94.45742345,22.9954165646133,10.7195633423709,109.505087480448,85.7791349161611,2.10437903634883,NA,NA,NA,60.6766444736157,1.0056495,1.0570234,0.6675609,0.8260504,"Chile","High income",TRUE,1101728553.24517,74998055.7305975,357112419.811957,1094319736.88938,NA,27.8246396594712,0.000025316457759775,FALSE,FALSE,"Chile",9.567644864157,4.1055588542304,FALSE,0.295,0.15,0.44,-3.595,12,-0.21,0.66,NA,NA,NA,16896614.6932285,436099805.544586,NA,NA,0.1964481,TRUE,552053261.065586,548340857.299881,0.68210051,17,0.58,0.32
"CHL-2024","CHL","Chile",2024,"Alta renda","Latin America & Caribbean ",TRUE,566,TRUE,4311,3,FALSE,NA,NA,76,TRUE,23,TRUE,566,NA,NA,NA,FALSE,143.857336014608,0.863817009743732,65650092.7405237,19867791.2241058,19764771,NA,0.39205,288900250332.819,14616.9287938028,598233054187.7,NA,110.176902770996,95.590243,23.731405742065,8.31650307450688,104.567816282613,79.575413269641,2.34248545083061,NA,NA,NA,63.9577465302563,1.0140437,1.1425214,0.7012062,0.7294172,"Chile","High income",TRUE,1132633431.42982,7114364.08135937,147762512.552481,1101728553.24517,NA,28.6368104138419,0.000227241384058662,FALSE,FALSE,"Chile",9.58993564241289,4.15822265486003,FALSE,0.33,0.17,0.49,17.6733333333333,12,-0.19,0.65,NA,NA,NA,29369778.3312869,16896614.6932285,NA,NA,0.1964481,TRUE,567539052.674066,552053261.065586,0.68210051,17,0.58,0.32
"CHN-2016","CHN","China",2016,"Renda média-alta","East Asia & Pacific",TRUE,21920,TRUE,939349,9031,TRUE,5481,TRUE,5231,TRUE,4692,TRUE,21920,9031,5481,939349,FALSE,110.06700893427,1.12900691159917,5905835154.57524,5297300429.22329,1387790000,1208.86205,2.0595,12044942062503.5,8679.22528805041,21889385822096.5,430349.69,49.309077375597,53.2,22.9761329915729,30.2545232296357,153.192761827313,63.9029590501553,1.74447934478824,21.81829,1204981,133522,36.177170692978,0.4704074,-0.0946683,-0.581916,-0.1251972,"China","Upper middle income",FALSE,248065581777.26,NA,NA,NA,6.50746870924275,15.794896922445,0.00049031660957178,FALSE,FALSE,"China",9.0686875511424,3.58842827605187,FALSE,NA,NA,NA,NA,NA,NA,NA,981.82208,91.659103,0.707471649168822,22612879432.4197,NA,0.143655833,0.329657711,0.473313544,FALSE,57010342148.782,NA,119.3198229,1605,NA,NA
"CHN-2017","CHN","China",2017,"Renda média-alta","East Asia & Pacific",TRUE,26566,TRUE,1229198,16473,TRUE,9671,TRUE,7061,TRUE,6302,TRUE,26566,16473,9671,1229198,FALSE,112.411557302308,1.10545941011785,7805648894.84212,6966605202.56267,1396215000,1235.84935,2.07771,12874987827480.3,9221.35045639842,23397835751144.9,464153.83,51.0678812273407,54.3,27.9101271418763,30.9118639785891,152.089747458443,69.4813653656583,1.74435460635256,22.5563,1245709,135885,36.95085261586,0.5146291,-0.0508575,-0.4890928,-0.0648382,"China","Upper middle income",FALSE,267504909590.341,5905835154.57524,NA,248065581777.26,11.7983261890182,19.0271555598529,0.000606264565018212,FALSE,FALSE,"China",9.12927677615012,3.60958872198212,TRUE,NA,NA,NA,NA,NA,NA,NA,1737.8629,186.77831,1.24469576676944,37658580265.0746,22612879432.4197,0.152152204,0.32209426,0.474246464,FALSE,61059174512.2557,57010342148.782,119.3198229,1605,NA,NA
"CHN-2018","CHN","China",2018,"Renda média-alta","East Asia & Pacific",TRUE,36754,TRUE,1551273,30020,TRUE,17896,TRUE,11141,TRUE,9394,TRUE,36754,30020,17896,1551273,FALSE,115.157303224791,1.07910145814431,12022269345.1857,10137079097.8076,1402760000,1317.48914,2.10232,13745054545709.3,9798.57890566402,24979016132706.6,513575.22,53.3987984572814,65.35839844,28.7089097131815,31.5481478595353,154.991560224764,44.7058557619521,1.83294883223349,23.32925,1393815,148187,36.8943843914718,0.4541329,-0.0728427,-0.4709236,-0.0947023,"China","Upper middle income",FALSE,288965030725.356,7805648894.84212,25733753394.6031,267504909590.341,21.4006672559811,26.2012033419829,0.000874661450429719,FALSE,FALSE,"China",9.18999264451763,3.60805935495228,TRUE,NA,NA,NA,NA,NA,NA,NA,2169.1509,256.4808,1.54634499130286,42510122842.1368,37658580265.0746,0.158589361,0.324854175,0.483443536,FALSE,66449577720.9058,61059174512.2557,119.3198229,1605,NA,NA
"CHN-2019","CHN","China",2019,"Renda média-alta","East Asia & Pacific",TRUE,48935,TRUE,2022008,48119,TRUE,29712,TRUE,7338,TRUE,5551,TRUE,48935,48119,29712,2022008,FALSE,117.244195476228,1.05989395313846,7777501828.13004,5883471333.87161,1407745000,1483.85803,2.20144,14579018970009.3,10356.2924890582,26494587477979.8,608625.08,56.6050917923292,64.080881297515,31.5611222411202,30.8186302968419,162.207566232758,58.8558640185154,1.86175485330958,24.55772,1243568,157093,35.4544350281407,0.5488249,-0.0531885,-0.5021306,-0.0734139,"China","Upper middle income",FALSE,320948355213.373,12022269345.1857,27605420068.1579,288965030725.356,34.1816166990471,34.7612671328969,0.000533472234594745,FALSE,FALSE,"China",9.24534958391197,3.56824835172957,TRUE,NA,NA,NA,NA,NA,NA,NA,2618.572,316.66049,1.86011813219013,28092489227.935,42510122842.1368,0.18211747,0.34719896,0.52931643,FALSE,77169142741.076,66449577720.9058,119.3198229,1605,NA,NA
"CHN-2020","CHN","China",2020,"Renda média-alta","East Asia & Pacific",TRUE,56769,TRUE,2157692,71883,TRUE,46843,FALSE,15084,TRUE,12486,TRUE,56769,71883,NA,2157692,FALSE,118.690501577198,1.04697858863637,15792625030.9911,13072574657.7138,1411100000,1600.30633,2.35712,14920095680400.9,10573.3794064211,27114429372606.6,671731.01,61.6124675996947,70.05275998,33.9069794578039,31.2766154241293,179.104100221958,81.8646786726428,1.83961969163289,24.44535,1344817,152342,34.337778473884,0.6071299,0.0729014,-0.4459598,-0.0241071,"China","Upper middle income",FALSE,351684559301.866,7777501828.13004,35592396204.3068,320948355213.373,50.9411097725179,40.2303167741478,0.0010584801444495,FALSE,FALSE,"China",9.26609474455111,3.53624616129412,TRUE,NA,NA,NA,NA,NA,NA,NA,3734.3784,660.93372,2.64643072780101,35405674931.9162,28092489227.935,0.185728626,0.378551605,0.564280231,FALSE,84191150370.7872,77169142741.076,119.3198229,1605,NA,NA
"CHN-2021","CHN","China",2021,"Renda média-alta","East Asia & Pacific",TRUE,72439,TRUE,2104518,92950,TRUE,57876,FALSE,17750,TRUE,11569,TRUE,72439,92950,NA,NA,FALSE,124.266413825838,1,17750000000,11569000000,1412360000,1685.97511,2.38165,16198805195731.6,11469.3174514512,29438240129870.1,756203.38,66.8186077597542,73.05323517,37.5611751315805,30.2190732796596,173.554518720488,79.3192238397069,1.72739169215062,25.01797,1426644,159019,36.6428789643754,0.5479568,0.0519623,-0.5058946,-0.0357933,"China","Upper middle income",FALSE,385798843944.142,15792625030.9911,41320126859.1211,351684559301.866,65.8118326772211,51.289331331955,0.0010957598283037,FALSE,FALSE,"China",9.34743070106867,3.60121911107435,TRUE,NA,NA,NA,NA,NA,NA,NA,3463.7776,362.25211,2.45247500637231,52775000000,35405674931.9162,0.189734003,0.37170354,0.561437543,FALSE,90946173886.2718,84191150370.7872,119.3198229,1605,NA,NA
"CHN-2022","CHN","China",2022,"Renda média-alta","East Asia & Pacific",TRUE,82800,TRUE,1725881,107425,FALSE,56719,FALSE,15600,TRUE,8579,TRUE,82800,NA,NA,NA,FALSE,134.21120616846,0.92590192259997,14444069992.5595,7943312593.98514,1412175000,1849.23669,2.4945,16706452162504,11830.298767861,30360791708735,885962.5,71.5799465086024,75.61131603,41.3736197056022,27.7650612563156,181.785162429715,62.6166578891979,1.63239836873406,NA,NA,NA,37.512555678171,0.4336482,0.0390354,-0.5329154,-0.1056336,"China","Upper middle income",FALSE,416742449193.662,17750000000,47986695023.5506,385798843944.142,NA,58.6329597960593,0.000864580334116528,FALSE,FALSE,"China",9.37841921175589,3.62467569502186,FALSE,NA,NA,NA,NA,NA,NA,NA,NA,NA,NA,24163262474.0914,52775000000,NA,NA,0.561437543,TRUE,93796294543.6328,90946173886.2718,119.3198229,1605,NA,NA
"CHN-2023","CHN","China",2023,"Renda média-alta","East Asia & Pacific",TRUE,104292,TRUE,1633678,135288,FALSE,48826,FALSE,11787,TRUE,5714,TRUE,104292,NA,NA,NA,FALSE,139.73579356326,0.889295510169921,10482126178.3729,5081434545.11093,1410710000,2107.27003,2.57729,17611274170444.3,12483.9791101249,32005133203227.2,932711.93,74.5933014618366,90.6,44.728886496649,26.5682136542881,189.606708989308,59.8556765846528,1.59268926761592,NA,NA,NA,36.7391496938394,0.6099285,0.1016688,-0.5250814,-0.1067498,"China","Upper middle income",FALSE,453893608067.444,14444069992.5595,42676196170.9324,416742449193.662,NA,73.9287309227269,0.000595194082888351,FALSE,FALSE,"China",9.4322014300574,3.6038429356389,FALSE,NA,NA,NA,NA,NA,NA,NA,NA,NA,NA,19094063898.8584,24163262474.0914,NA,NA,0.561437543,TRUE,98876304993.5361,93796294543.6328,119.3198229,1605,NA,NA
"CHN-2024","CHN","China",2024,"Renda média-alta","East Asia & Pacific",TRUE,110110,TRUE,913729,176802,FALSE,57064,FALSE,16224,TRUE,9637,TRUE,110110,NA,NA,NA,FALSE,143.857336014608,0.863817009743732,14014567166.0823,8324604522.90035,1408975000,NA,2.57729,18484494644731.6,13119.1076099516,33592044935159.1,NA,76.8757843123403,92,47.1933952081567,26.2777380479223,194.312528264561,62.7654354387815,1.50455245481593,NA,NA,NA,37.9560601372544,0.7040988,0.0800733,-0.5286088,-0.0976131,"China","Upper middle income",TRUE,476399032029.203,10482126178.3729,38940763337.0147,453893608067.444,NA,78.1490090313881,0.000758179622188194,FALSE,FALSE,"China",9.4818250426506,3.63642917850414,FALSE,NA,NA,NA,NA,NA,NA,NA,NA,NA,NA,15669640556.7513,19094063898.8584,NA,NA,0.561437543,TRUE,103778892569.348,98876304993.5361,119.3198229,1605,NA,NA
"COL-2016","COL","Colombia",2016,"Renda média-alta","Latin America & Caribbean ",TRUE,409,TRUE,10804,NA,NA,NA,NA,2,TRUE,2,TRUE,409,NA,NA,10804,FALSE,110.06700893427,1.12900691159917,2258013.82319833,2258013.82319833,47437512,91.2603,0.27051,299618678572.191,6316.07067782542,806591608674.065,5994.92,57.1437492370605,58.1364935728703,12.4647515240681,10.1857957756345,47.0541978052353,36.7213432955425,3.12453653608401,6.471997,545,1658,36.202652984202,0.0162303,-0.3685615,-0.3132165,0.3196241,"Colombia","Upper middle income",FALSE,810498487.405634,NA,NA,NA,NA,8.62186870171437,0.00000753629190929857,FALSE,TRUE,"Colombia",8.7508525655956,3.58913240300278,FALSE,NA,NA,NA,NA,NA,NA,NA,1.25,0,0.0263504544673422,6774041.469595,NA,0.078534288,0.021907664,0.100441952,FALSE,300942849.314514,NA,0.07194705,10,NA,NA
"COL-2017","COL","Colombia",2017,"Renda média-alta","Latin America & Caribbean ",TRUE,492,TRUE,8163,2,TRUE,NA,NA,3,TRUE,3,TRUE,492,2,NA,8163,FALSE,112.411557302308,1.10545941011785,3316378.23035354,3316378.23035354,48131078,90.24729,0.26109,303691577641.583,6309.67745292518,817556099366.045,6280.16,58.3960418701172,62.2598803162841,13.1537299039926,8.96236276389192,49.8054213986162,38.9516295819788,4.17978145473376,5.932585,595,1777,35.2829149424588,-0.0263499,-0.40964,-0.3351179,0.227566,"Colombia","Upper middle income",FALSE,792908340.064409,2258013.82319833,NA,810498487.405634,0.0415531935519915,10.2220856137899,0.0000109202179925699,FALSE,FALSE,"Colombia",8.74983983741816,3.56339885081106,TRUE,NA,NA,NA,NA,NA,NA,NA,0.83329999,0.94870001,0.0173131378856713,3316378.23035354,6774041.469595,0.075990631,0.025004708,0.100995339,FALSE,306714338.353565,300942849.314514,0.07194705,10,NA,NA
"COL-2018","COL","Colombia",2018,"Renda média-alta","Latin America & Caribbean ",TRUE,579,TRUE,9802,NA,NA,NA,NA,0,TRUE,0,TRUE,579,NA,NA,9802,FALSE,115.157303224791,1.07910145814431,0,0,49024465,NA,0.31233,311479214511.795,6353.5464285392,838520888947.413,6922.39,57.3205413818359,64.1263768204459,13.622877883522,7.22139251354653,45.8707074728715,31.0738880030359,3.42763699082024,6.019376,415,1808,36.5347527968973,-0.0053583,-0.3177104,-0.4003964,0.1765334,"Colombia","Upper middle income",FALSE,972843030.684689,3316378.23035354,5574392.05355187,792908340.064409,NA,11.8104297517576,0,TRUE,FALSE,"Colombia",8.75676842867108,3.59826393902068,FALSE,NA,NA,NA,NA,NA,NA,NA,0.69999999,0,0.0142785849881279,23740232.0791747,3316378.23035354,0.091028494,0.023819526,0.11484802,FALSE,357727710.578349,306714338.353565,0.07194705,10,NA,NA
"COL-2019","COL","Colombia",2019,"Renda média-alta","Latin America & Caribbean ",TRUE,669,TRUE,8402,2,TRUE,1,TRUE,10,TRUE,4,TRUE,669,2,1,8402,FALSE,117.244195476228,1.05989395313846,10598939.5313846,4239575.81255385,49907985,NA,0.32201,321405606655.842,6439.96359812647,865243337113.698,7968.21,56.6663017272949,65.0069007159493,13.9253307862459,9.04845616228861,46.0415781067709,40.8753318985173,3.1496313020411,6.134324,422,1735,37.558533980839,0.0282031,-0.2722205,-0.439729,0.3029486,"Colombia","Upper middle income",FALSE,1034958193.99248,0,13915317.7617381,972843030.684689,0.0400737477179253,13.404668611646,0.0000329768346036783,FALSE,FALSE,"Colombia",8.77027816661759,3.62590062218425,FALSE,NA,NA,NA,NA,NA,NA,NA,2.4286001,0,0.0486615538575641,16958303.2502154,23740232.0791747,0.077496768,0.025178885,0.102675653,FALSE,330005305.412497,357727710.578349,0.07194705,10,NA,NA
"COL-2020","COL","Colombia",2020,"Renda média-alta","Latin America & Caribbean ",TRUE,759,TRUE,11855,NA,NA,NA,NA,9,TRUE,4,TRUE,759,NA,NA,11855,FALSE,118.690501577198,1.04697858863637,9422807.29772736,4187914.35454549,50629997,NA,0.2894,298309675728.093,5891.95523215403,803067693827.328,8888.34,55.7331085205078,69.79533474,15.3363074463544,9.91355157220335,51.9987790610817,39.3252642130379,3.67474893917792,5.253978,369,1752,34.0555709680101,-0.0183306,-0.2565109,-0.4504691,0.2329804,"Colombia","Upper middle income",FALSE,863308201.557101,10598939.5313846,20021746.829112,1034958193.99248,NA,14.9911128772139,0.0000315873337823483,FALSE,FALSE,"Colombia",8.68134317948068,3.52799363060794,FALSE,NA,NA,NA,NA,NA,NA,NA,1,0,0.0197511368606243,26174464.7159093,16958303.2502154,0.061702506,0.017973955,0.079676461,FALSE,237682592.44072,330005305.412497,0.07194705,10,NA,NA
"COL-2021","COL","Colombia",2021,"Renda média-alta","Latin America & Caribbean ",TRUE,775,TRUE,12918,3,TRUE,NA,NA,23,TRUE,20,TRUE,775,3,NA,NA,FALSE,124.266413825838,1,23000000,20000000,51188173,NA,0.2894,330530695024.886,6457.16921807086,889808627041.398,9491.15,58.3159217834473,73.02837449,16.4767904492313,8.20914960906244,47.9124060650503,28.4252677989683,3.03403217872112,4.320385,432,1855,40.0591463936128,-0.0243614,-0.2699708,-0.4782045,0.3081173,"Colombia","Upper middle income",TRUE,956555831.40202,9422807.29772736,43021746.829112,863308201.557101,0.0586072880546059,15.1402160807732,0.0000695850653091941,FALSE,FALSE,"Colombia",8.77294629920128,3.69035702181327,TRUE,NA,NA,NA,NA,NA,NA,NA,1.3333,0.083300002,0.0260470323877353,185000000,26174464.7159093,NA,NA,0.079676461,TRUE,263355160.314532,237682592.44072,0.07194705,10,NA,NA
"COL-2022","COL","Colombia",2022,"Renda média-alta","Latin America & Caribbean ",TRUE,603,TRUE,7720,9,FALSE,1,FALSE,56,TRUE,49,TRUE,603,NA,NA,NA,FALSE,134.21120616846,0.92590192259997,51850507.6655983,45369194.2073985,51737944,NA,0.2894,354752900899.02,6856.72590505374,955016270619.415,9305.41,59.2901382446289,72.79637855,17.007465545983,8.40182637186439,44.1883129591759,19.7934197203512,2.46797285484092,NA,NA,NA,48.2826551123359,0.0185649,-0.2582072,-0.5148732,0.2481942,"Colombia","Upper middle income",TRUE,1026654895.20176,23000000,84273314.9633257,956555831.40202,NA,11.654889108079,0.000146159502950358,FALSE,FALSE,"Colombia",8.83298533347299,3.87707238875897,FALSE,NA,NA,NA,NA,NA,NA,NA,NA,NA,NA,233327284.495192,185000000,NA,NA,0.079676461,TRUE,282654556.731176,263355160.314532,0.07194705,10,NA,NA
"COL-2023","COL","Colombia",2023,"Renda média-alta","Latin America & Caribbean ",TRUE,722,TRUE,8207,3,FALSE,NA,NA,39,TRUE,35,TRUE,722,NA,NA,NA,FALSE,139.73579356326,0.889295510169921,34682524.8966269,31125342.8559472,52321152,NA,0.2894,357739280193.385,6837.37392084534,963055784346.104,9183.73,NA,77.33686322,17.0369815251774,8.59989159781141,41.5886837999716,21.5878536833071,3.47221378199867,NA,NA,NA,40.1333165322581,-0.0408261,-0.2953488,-0.5713458,0.1954034,"Colombia","Upper middle income",TRUE,1035297476.87966,51850507.6655983,109533032.562225,1026654895.20176,NA,13.7993903498149,0.000096949166101856,FALSE,FALSE,"Colombia",8.83015900719574,3.69220682557508,FALSE,NA,NA,NA,NA,NA,NA,NA,NA,NA,NA,186752057.135683,233327284.495192,NA,NA,0.079676461,TRUE,285033998.064963,282654556.731176,0.07194705,10,NA,NA
"COL-2024","COL","Colombia",2024,"Renda média-alta","Latin America & Caribbean ",TRUE,678,TRUE,5580,1,FALSE,1,FALSE,61,TRUE,44,TRUE,678,NA,NA,NA,FALSE,143.857336014608,0.863817009743732,52692837.5943677,38007948.4287242,52886363,NA,0.2894,363081426935.517,6865.31283944628,977437166558.463,NA,NA,79.34543299,17.2244156778185,9.02469704912672,39.3740826684054,17.2739484701355,3.5456435895985,NA,NA,NA,36.3179938785373,-0.0380875,-0.2821944,-0.5666751,0.0744702,"Colombia","Upper middle income",TRUE,1050757649.55139,34682524.8966269,139225870.156593,1035297476.87966,NA,12.8199399909576,0.000145126777866624,FALSE,FALSE,"Colombia",8.83423688736717,3.59231331758583,FALSE,NA,NA,NA,NA,NA,NA,NA,NA,NA,NA,31961229.3605181,186752057.135683,NA,NA,0.079676461,TRUE,289290431.530521,285033998.064963,0.07194705,10,NA,NA
"CZE-2016","CZE","Czechia",2016,"Alta renda","Europe & Central Asia",FALSE,749,TRUE,18729,NA,NA,NA,NA,4,TRUE,2,TRUE,749,NA,NA,18729,FALSE,110.06700893427,1.12900691159917,4516027.64639666,2258013.82319833,10566332,3546.92776,1.65411,193988322685.058,18359.0978103904,455086276548.982,15999.74,67.5056381225586,76.4811986951838,29.14911847267,16.8728021438796,50.5721831167678,NA,4.52193536660192,11.56156,792,47,148.547004664435,1.0738697,0.6215675,1.0817116,0.9536951,"Czechia","High income",FALSE,3208780244.36581,NA,NA,NA,NA,70.8855258381054,0.0000232798942940936,FALSE,FALSE,"Czechia",9.8178805240995,5.00090143788462,FALSE,0.4,0.2,0.6,NA,NA,NA,NA,5,0.76190001,0.473201107063454,3387020.7347975,NA,0.341518923,0.303311637,0.64483056,FALSE,1250895987.50467,NA,0.257451809,23,NA,NA
"CZE-2017","CZE","Czechia",2017,"Alta renda","Europe & Central Asia",FALSE,751,TRUE,20249,1,TRUE,1,TRUE,49,TRUE,8,TRUE,751,1,1,20249,FALSE,112.411557302308,1.10545941011785,54167511.0957745,8843675.28094278,10594438,3718.34571,1.74513,204024435232.921,19257.6930680911,478630462236.121,15989.25,67.7142181396484,78.7191728513432,29.8452606888193,17.8292568189487,50.2324425641548,NA,3.682523035196,10.4291,794,66,147.750834854762,1.0711876,0.7463951,1.1304447,1.1451692,"Czechia","High income",FALSE,3560491626.58027,4516027.64639666,NA,3208780244.36581,0.0943891502314705,70.8862518238344,0.00026549521401167,FALSE,FALSE,"Czechia",9.86566589978201,4.99552730672549,TRUE,0.46,0.23,0.69,NA,NA,NA,NA,7.3571,0.86669999,0.694430417167952,1105459.41011785,3387020.7347975,0.347136454,0.304893007,0.652029461,FALSE,1330299425.35751,1250895987.50467,0.257451809,23,NA,NA
"CZE-2018","CZE","Czechia",2018,"Alta renda","Europe & Central Asia",FALSE,815,TRUE,19232,3,TRUE,3,TRUE,7,TRUE,3,TRUE,815,3,3,19232,FALSE,115.157303224791,1.07910145814431,7553710.20701014,3237304.37443292,10629928,3906.6782,1.87652,209798950825.42,19736.6295261285,492177168365.082,15425.94,66.7902221679688,80.6881675434288,30.5512773467128,19.5549977904499,50.7185195587911,10.6995505413117,3.09590989646024,10.2291,678,54,145.141717890789,1.0675541,0.6244456,1.0286038,1.170117,"Czechia","High income",FALSE,3936919272.02917,54167511.0957745,66237248.9491813,3560491626.58027,0.282222043272541,76.6703217557071,0.0000360045185035068,FALSE,FALSE,"Czechia",9.89023155505195,4.97771062987467,TRUE,0.52,0.26,0.78,6.2275,12,NA,NA,4.9667001,0.16670001,0.467237416847979,10791014.5814431,1105459.41011785,0.407940008,0.31049832,0.718438328,FALSE,1507276074.47169,1330299425.35751,0.257451809,23,NA,NA
"CZE-2019","CZE","Czechia",2019,"Alta renda","Europe & Central Asia",FALSE,882,TRUE,21459,1,TRUE,1,TRUE,35,TRUE,26,TRUE,882,1,1,21459,FALSE,117.244195476228,1.05989395313846,37096288.3598462,27557242.7816,10671870,4027.58714,1.89547,217279912681.73,20360.0599221814,509727106573.064,15715.77,66.8802185058594,80.8669444139622,35.4302064212035,20.7104130233292,49.4401047128065,10.2467653377075,1.69280340962664,10.83713,765,48,138.154609993871,1.0260762,0.6149915,1.1079242,1.1499589,"Czechia","High income",FALSE,4118475560.90839,7553710.20701014,98817509.6626308,3936919272.02917,0.0937042898760948,82.6471836707156,0.000170730409000967,FALSE,FALSE,"Czechia",9.92133041379281,4.92837342029419,TRUE,0.58,0.3,0.86,21.3458333333333,12,-0.09,NA,6.0679002,2.0056,0.568588279280014,3179681.85941539,10791014.5814431,0.420034678,0.313746374,0.733781052,FALSE,1594358829.06068,1507276074.47169,0.257451809,23,NA,NA
"CZE-2020","CZE","Czechia",2020,"Alta renda","Europe & Central Asia",FALSE,918,TRUE,22783,4,TRUE,2,FALSE,57,TRUE,18,TRUE,918,4,NA,22783,FALSE,118.690501577198,1.04697858863637,59677779.5522733,18845614.5954547,10697858,4187.18471,1.94537,205753475017.539,19233.1469549829,482686697512.017,14605.57,67.1843719482422,81.33889705,36.4490898642092,22.58251525965,51.9829906329751,10.598397503362,1.91231094967573,10.51501,673,56,128.780430305965,1.0327187,0.5861398,1.0821696,1.1179729,"Czechia","High income",FALSE,4002666376.9487,37096288.3598462,104327778.11913,4118475560.90839,0.373906626915407,85.8115708770859,0.00029004506265173,FALSE,FALSE,"Czechia",9.86439047339896,4.85810886350813,TRUE,0.635,0.34,0.93,20.2341666666667,12,0.33,NA,6.6089001,3.0999999,0.617777886002974,21986550.3613638,3179681.85941539,0.429178206,0.34044598,0.769624186,FALSE,1583528507.27045,1594358829.06068,0.257451809,23,NA,NA
"CZE-2021","CZE","Czechia",2021,"Alta renda","Europe & Central Asia",FALSE,1070,TRUE,19494,2,TRUE,2,FALSE,163,TRUE,142,TRUE,1070,2,NA,NA,FALSE,124.266413825838,1,163000000,142000000,10505772,4560.45106,1.93302,214043320221.167,20373.8783043424,502134232985.641,14812.42,69.8369293212891,82.67062427,37.4984794433561,20.3560909262553,52.0361206166061,12.8772452312801,1.702001479324,10.34125,541,59,137.378116302868,1.0613301,0.74562,1.1577542,1.2471172,"Czechia","High income",FALSE,4137500188.5392,59677779.5522733,259774067.91212,4002666376.9487,0.190371540520773,101.848774178613,0.000761528086144315,FALSE,FALSE,"Czechia",9.922008884046,4.92273709710975,TRUE,0.7,0.39,1.01,10.9483333333333,12,0.57,NA,9.3690004,4.0429001,0.891795519643868,32000000,21986550.3613638,0.405125578,0.332414532,0.73754011,FALSE,1578655339.40685,1583528507.27045,0.257451809,23,NA,NA
"CZE-2022","CZE","Czechia",2022,"Alta renda","Europe & Central Asia",FALSE,1026,TRUE,20205,3,FALSE,2,FALSE,216,TRUE,164,TRUE,1026,NA,NA,NA,FALSE,134.21120616846,0.92590192259997,199994815.281593,151847915.306395,10672118,4696.6857,1.89089,220137498830.73,20627.348651011,516430851532.897,14098.3,70.8145904541016,84.54009378,37.7136856539825,21.8353618959526,48.6347695390782,9.54471813927969,1.45546035998427,NA,NA,NA,144.011494109397,1.1446607,0.8158613,1.1213524,1.3277615,"Czechia","High income",FALSE,4162557951.64039,163000000,422672594.833866,4137500188.5392,NA,96.1383672856691,0.000908499534808355,FALSE,FALSE,"Czechia",9.93437307870814,4.96989311659468,FALSE,0.755,0.44,1.07,7.17833333333333,12,0.73,NA,NA,NA,NA,89812486.492197,32000000,NA,NA,0.73754011,TRUE,1623602351.02741,1578655339.40685,0.257451809,23,NA,NA
"CZE-2023","CZE","Czechia",2023,"Alta renda","Europe & Central Asia",FALSE,1118,TRUE,18859,6,FALSE,4,FALSE,127,TRUE,63,TRUE,1118,NA,NA,NA,FALSE,139.73579356326,0.889295510169921,112940529.79158,56025617.140705,10864042,4504.58395,1.83369,220242240981.103,20272.5874017334,516676571040.913,13409.42,66.7282867431641,85.99404818,37.9099783935119,20.302723987427,47.7195252266584,10.044989494838,1.2057002207719,NA,NA,NA,131.892598295876,1.2179593,0.8745224,1.102935,1.1396935,"Czechia","High income",FALSE,4038559948.64639,199994815.281593,475935345.073173,4162557951.64039,NA,102.908291407563,0.000512801401259218,FALSE,FALSE,"Czechia",9.91702487815402,4.88198794212047,FALSE,0.8,0.46,1.14,3.74166666666667,12,0.43,NA,NA,NA,NA,27568160.8152675,89812486.492197,NA,NA,0.73754011,TRUE,1624374866.39849,1623602351.02741,0.257451809,23,NA,NA
"CZE-2024","CZE","Czechia",2024,"Alta renda","Europe & Central Asia",FALSE,825,TRUE,7388,6,FALSE,3,FALSE,227,TRUE,27,TRUE,825,NA,NA,NA,FALSE,143.857336014608,0.863817009743732,196086461.211827,23323059.2630808,10905028,NA,1.83369,222998156286.465,20449.1135911311,523141801614.806,NA,NA,87.68776014,38.8656371139002,22.4045215279558,48.0206642758804,9.97489467013841,1.20447601450939,NA,NA,NA,131.466608125579,1.1359816,0.9107833,1.143577,1.1324896,"Czechia","High income",TRUE,4089094892.00928,112940529.79158,509021806.285,4038559948.64639,NA,75.6531757644272,0.000879318755263308,FALSE,FALSE,"Czechia",9.92569481535456,4.87875288876802,FALSE,0.805,0.47,1.14,15.7075,12,0.7,NA,NA,NA,NA,19867791.2241058,27568160.8152675,NA,NA,0.73754011,TRUE,1644700847.17317,1624374866.39849,0.257451809,23,NA,NA
"DEU-2016","DEU","Germany",2016,"Alta renda","Europe & Central Asia",FALSE,5930,TRUE,263540,275,TRUE,221,TRUE,1375,TRUE,200,TRUE,5930,275,221,263540,FALSE,110.06700893427,1.12900691159917,1552384503.44885,225801382.319833,82348669,4839.84645,2.88393,3501212900675.89,42516.9337063103,4982472104226.7,108936.51,67.9464111328125,84.1652066441212,38.4991067314054,18.0827014214761,75.9886830599554,48.5197743240464,NA,16.76427,48480,19419,76.0059902166055,1.8416495,1.7621904,1.6653973,1.6580651,"Germany","High income",FALSE,100972529206.462,NA,NA,NA,3.33945895348958,72.010878524339,0.000443384777643533,FALSE,FALSE,"Germany",10.6576577157048,4.33081215581985,FALSE,0.41,0.25,0.57,NA,NA,NA,NA,213.76199,48.690899,2.59581596880455,359024197.888535,NA,0.530401086,0.405802746,0.936203832,FALSE,32778489342.606,NA,13.27076964,394,1.32,1.09
"DEU-2017","DEU","Germany",2017,"Alta renda","Europe & Central Asia",FALSE,6300,TRUE,335995,489,TRUE,364,TRUE,1147,TRUE,562,TRUE,6300,489,364,335995,FALSE,112.411557302308,1.10545941011785,1267961943.40517,621268188.48623,82657002,5058.39528,2.9886,3599173571724.7,43543.4807050551,5121877026080.44,109775.28,68.4692306518555,84.3941537010844,39.9888046312857,15.850578794452,76.0590859587592,60.079981755637,NA,18.60744,47785,19927,77.4548394742448,1.8097995,1.8252854,1.676644,1.6590124,"Germany","High income",FALSE,107564901364.564,1552384503.44885,NA,100972529206.462,5.9160142295023,76.2185882328517,0.000352292524419035,FALSE,FALSE,"Germany",10.6815152742909,4.34969505005272,TRUE,0.46,0.28,0.64,NA,NA,NA,NA,357.6362,64.599197,4.32675020078759,746185101.829547,359024197.888535,0.528970329,0.412713458,0.941683787,FALSE,33892833990.9203,32778489342.606,13.27076964,394,1.32,1.09
"DEU-2018","DEU","Germany",2018,"Alta renda","Europe & Central Asia",FALSE,7256,TRUE,340082,736,TRUE,503,TRUE,3923,TRUE,585,TRUE,7256,736,503,340082,FALSE,115.157303224791,1.07910145814431,4233315020.30011,631274353.014419,82905782,5209.2143,3.05057,3640049243667.4,43905.8550061973,5180045980946.54,109110.06,69.1634292602539,87.037112092841,40.9651498488548,15.7474335584013,76.6188414195566,43.2795387525403,NA,22.48842,46617,21281,79.1252260463654,1.7437919,1.918572,1.6967985,1.6474197,"Germany","High income",FALSE,111042250212.545,1267961943.40517,7053661467.15413,107564901364.564,8.87754728614706,87.5210368319064,0.00116298289855963,FALSE,FALSE,"Germany",10.6898029616097,4.37103173728636,TRUE,0.535,0.33,0.74,16.735,12,NA,NA,555.34399,103.4706,6.6984952870959,1098525284.3909,746185101.829547,0.546723885,0.420984593,0.967708478,FALSE,35225065134.3443,33892833990.9203,13.27076964,394,1.32,1.09
"DEU-2019","DEU","Germany",2019,"Alta renda","Europe & Central Asia",FALSE,8550,TRUE,370698,987,TRUE,608,TRUE,1507,TRUE,948,TRUE,8550,987,608,370698,FALSE,117.244195476228,1.05989395313846,1597260187.37966,1004779467.57526,83092962,5398.63462,3.11256,3675639268112.03,44235.2658954682,5230693087824.81,110381.76,72.705078125,88.1345169091916,42.1155574684512,16.3869405629417,77.9656968065859,52.9855978284666,NA,16.76535,46632,20802,79.0732427175683,1.826047,1.8793114,1.6940828,1.6365073,"Germany","High income",FALSE,114406477603.548,4233315020.30011,7098537151.08494,111042250212.545,11.878262325033,102.896801295879,0.000434553031696193,FALSE,FALSE,"Germany",10.6972776208742,4.37037454596113,TRUE,0.645,0.4,0.89,14.0241666666667,12,1.78,1.68,840.38177,138.6239,10.1137539181718,2426097258.73394,1098525284.3909,0.551876884,0.43240427,0.984281154,FALSE,36178624605.0502,35225065134.3443,13.27076964,394,1.32,1.09
"DEU-2020","DEU","Germany",2020,"Alta renda","Europe & Central Asia",FALSE,10050,TRUE,428839,1186,TRUE,647,FALSE,4359,TRUE,1169,TRUE,10050,1186,NA,428839,FALSE,118.690501577198,1.04697858863637,4563779667.86595,1223917970.11592,83160871,5390.05249,3.0897,3523764998709.97,42372.8726784255,5014565325214.46,109197.76,72.3894195556641,89.81294133,43.3048696627,15.5031959869375,83.809378912227,57.9517289387954,NA,15.46659,42260,19845,72.9335327120137,1.6549806,1.850218,1.6097442,1.5480703,"Germany","High income",FALSE,108873767165.142,1597260187.37966,10394354875.5457,114406477603.548,14.2615148896168,120.850105093296,0.00129514302728381,FALSE,FALSE,"Germany",10.6542636411435,4.28954851558732,TRUE,0.73,0.46,1,15.3783333333333,12,1.68,0.82,953.88831,161.789,11.4703982597777,2163057764.12275,2426097258.73394,0.586471804,0.457999137,1.044470941,FALSE,36804701440.6547,36178624605.0502,13.27076964,394,1.32,1.09
"DEU-2021","DEU","Germany",2021,"Alta renda","Europe & Central Asia",FALSE,11870,TRUE,371138,1174,TRUE,497,FALSE,5853,TRUE,4007,TRUE,11870,1174,NA,NA,FALSE,124.266413825838,1,5853000000,4007000000,83196078,5520.57631,3.0786,3661544208117.2,44011.0194631674,5210634826523.96,117127.47,75.6655426025391,91.43060973,44.0643361489671,15.3851048227765,82.7038241987432,57.4718950080433,NA,16.04881,39822,18747,79.9195348609851,1.7476581,1.8235437,1.6304817,1.5934764,"Germany","High income",FALSE,112724299991.096,4563779667.86595,12014039855.2456,108873767165.142,14.1112421188893,142.674994847714,0.00159850589459622,FALSE,FALSE,"Germany",10.6921953238897,4.38102031426562,TRUE,0.825,0.53,1.12,4.87,12,2.13,1.25,819.3584,129.7332,9.84852194595038,6684000000,2163057764.12275,0.571157892,0.463339391,1.034497283,FALSE,37878575348.8163,36804701440.6547,13.27076964,394,1.32,1.09
"DEU-2022","DEU","Germany",2022,"Alta renda","Europe & Central Asia",FALSE,12257,TRUE,284101,1379,FALSE,457,FALSE,5927,TRUE,3638,TRUE,12257,NA,NA,NA,FALSE,134.21120616846,0.92590192259997,5487820695.25002,3368431194.41869,83177813,5801.62324,3.07096,3727790994177.62,44817.1316331389,5304908660450.76,112300.79,77.3656997680664,91.62984383,44.6186317766404,17.4981505573659,81.079187544963,44.9810563246043,1.23497612551347,NA,NA,NA,88.7857542130501,1.7126055,1.8207548,1.576423,1.5342425,"Germany","High income",FALSE,114478970314.797,5853000000,15904600363.116,112724299991.096,NA,147.359007864273,0.00147213744113373,FALSE,FALSE,"Germany",10.7103457478313,4.48622621159986,FALSE,0.905,0.58,1.23,7.71,12,2.83,1.32,NA,NA,NA,4820245409.05544,6684000000,NA,NA,1.034497283,TRUE,38563896550.6862,37878575348.8163,13.27076964,394,1.32,1.09
"DEU-2023","DEU","Germany",2023,"Alta renda","Europe & Central Asia",FALSE,13936,TRUE,254193,1503,FALSE,303,FALSE,5160,TRUE,2415,TRUE,13936,NA,NA,NA,FALSE,139.73579356326,0.889295510169921,4588764832.47679,2147648657.06036,83287273,5926.07432,3.1539,3695372350062.48,44368.9920074881,5258774650739.63,108782.34,78.5947494506836,92.4763763,45.380522509099,17.7818374796623,77.253484574492,47.7411977532533,1.53513253215757,NA,NA,NA,81.9625483787634,1.5733794,1.7099461,1.5862983,1.3723805,"Germany","High income",FALSE,116548348548.621,5487820695.25002,15929585527.7268,114478970314.797,NA,167.324484258237,0.00124175980057847,FALSE,FALSE,"Germany",10.7002961262309,4.40626241584442,FALSE,0.975,0.63,1.32,-0.31,12,2.08,1.01,NA,NA,NA,3308179297.8321,4820245409.05544,NA,NA,1.034497283,TRUE,38228526558.1296,38563896550.6862,13.27076964,394,1.32,1.09
"DEU-2024","DEU","Germany",2024,"Alta renda","Europe & Central Asia",FALSE,12207,TRUE,123615,972,FALSE,220,FALSE,7394,TRUE,2670,TRUE,12207,NA,NA,NA,FALSE,143.857336014608,0.863817009743732,6387062970.04516,2306391416.01577,83516593,NA,3.1539,3677048776153.86,44027.7631554469,5232698916861.29,NA,76.7096862792969,93.49999579,45.6069242965787,17.9772990379432,NA,43.6283922696023,1.77161339190265,NA,NA,NA,79.0907305894936,1.506231,1.7640033,1.6084567,1.3539442,"Germany","High income",TRUE,115970441351.117,4588764832.47679,16463648497.772,116548348548.621,NA,146.162571550303,0.00173700795362468,FALSE,FALSE,"Germany",10.6925756947213,4.37059568193326,FALSE,1.015,0.65,1.38,3.27083333333333,12,2.13,1.15,NA,NA,NA,3863853484.58371,3308179297.8321,NA,NA,1.034497283,TRUE,38038969683.8964,38228526558.1296,13.27076964,394,1.32,1.09
"DNK-2016","DNK","Denmark",2016,"Alta renda","Europe & Central Asia",FALSE,659,TRUE,28939,26,TRUE,24,TRUE,30,TRUE,25,TRUE,659,26,24,28939,FALSE,110.06700893427,1.12900691159917,33870207.347975,28225172.7899792,5728010,7852.0565,3.10209,311032111297.516,54300.2039621991,363551002677.663,14258.86,82.1714935302734,96.9677852516645,42.9699132415221,14.8833242354843,167.059346282627,NA,2.39322215927694,NA,1552,298,101.452783808643,1.8621551,2.1711077,1.9335633,1.7724188,"Denmark","High income",FALSE,9648496021.34911,NA,NA,NA,4.53909822084808,115.048681828419,0.000108896175403499,FALSE,FALSE,"Denmark",10.9022832621249,4.61959350609883,FALSE,0.26,0.14,0.38,NA,NA,NA,NA,7.8333001,1,1.3675430210492,68869421.6075491,NA,1.001058816,0.068478716,1.069537532,FALSE,3326605166.89895,NA,0.817811835,59,0.59,0.78
"DNK-2017","DNK","Denmark",2017,"Alta renda","Europe & Central Asia",FALSE,696,TRUE,28824,37,TRUE,36,TRUE,83,TRUE,45,TRUE,696,37,36,28824,FALSE,112.411557302308,1.10545941011785,91753131.0397813,49745673.4553031,5764980,7647.61749,2.93576,320538736986.013,55601.0145717787,374662856327.488,14543.37,81.3220062255859,97.0993621555621,43.5697797531659,12.4279222825429,162.056089653455,NA,2.66864091851677,NA,1490,282,104.215676920442,1.857331,2.1959562,1.9156303,1.7872393,"Denmark","High income",FALSE,9410248024.94058,33870207.347975,NA,9648496021.34911,6.41806216153395,120.728953092639,0.000286246623114962,FALSE,FALSE,"Denmark",10.925956727766,4.64646256829491,TRUE,0.305,0.16,0.45,NA,NA,NA,NA,8.4524002,2.75,1.46616297020978,37585619.9440068,68869421.6075491,0.97375237,0.089924121,1.063676491,FALSE,3409495189.86854,3326605166.89895,0.817811835,59,0.59,0.78
"DNK-2018","DNK","Denmark",2018,"Alta renda","Europe & Central Asia",FALSE,905,TRUE,31294,37,TRUE,34,TRUE,1681,TRUE,195,TRUE,905,37,34,31294,FALSE,115.157303224791,1.07910145814431,1813969551.14058,210424784.33814,5793636,7597.52556,2.97895,326500781502.599,56355.0733084714,381631613517.772,14575.72,81.1405487060547,97.3192043651002,43.7690892923223,12.3547301877073,161.960223775062,NA,2.86631154285792,25.77088,1262,239,108.813985501909,1.940138,2.1674102,1.8940248,1.8373827,"Denmark","High income",FALSE,9726295030.57167,91753131.0397813,1939592889.52834,9410248024.94058,6.38631767684404,156.205878311996,0.00555578930865787,FALSE,FALSE,"Denmark",10.9394275475088,4.68963986937695,TRUE,0.355,0.18,0.53,17.7275,12,NA,NA,13.9167,4.4166999,2.4020666814415,114384754.563296,37585619.9440068,0.997285668,0.086139706,1.083425374,FALSE,3537392313.10746,3409495189.86854,0.817811835,59,0.59,0.78
"DNK-2019","DNK","Denmark",2019,"Alta renda","Europe & Central Asia",FALSE,1007,TRUE,50966,36,TRUE,36,TRUE,108,TRUE,104,TRUE,1007,36,36,50966,FALSE,117.244195476228,1.05989395313846,114468546.938954,110228971.1264,5814422,7693.54905,2.90605,332088518944.146,57114.6227336347,388162860536.286,14795.84,81.6945877075195,98.0464347521549,43.6229516711158,12.039996737934,161.898678914292,NA,2.49653873908011,25.57506,1351,228,111.891475065653,1.9608694,2.1656032,1.995557,1.9115559,"Denmark","High income",FALSE,9650658404.77635,1813969551.14058,2020191229.11932,9726295030.57167,6.19150106407825,173.190043653522,0.000344692876775443,FALSE,FALSE,"Denmark",10.9528154527647,4.71752942890954,TRUE,0.42,0.22,0.62,30.9825,12,0.22,NA,22.9167,1.9126,3.94135478986561,145205471.579969,114384754.563296,1.000495538,0.085592326,1.086087864,FALSE,3606773101.98971,3537392313.10746,0.817811835,59,0.59,0.78
"DNK-2020","DNK","Denmark",2020,"Alta renda","Europe & Central Asia",FALSE,1210,TRUE,48642,24,TRUE,24,FALSE,343,TRUE,153,TRUE,1210,24,NA,48642,FALSE,118.690501577198,1.04697858863637,359113655.902276,160187724.061365,5831404,7651.2843,2.96533,326176991232.295,55934.5555945523,381253150095.024,15124.46,82.6643295288086,96.54914573,44.4185659681079,13.2343925466707,163.53675512979,NA,2.49822300851934,22.6822,1261,217,104.433432671151,1.9342679,2.3263234,1.9438251,1.9637656,"Denmark","High income",FALSE,9672224174.10861,114468546.938954,2287551753.98181,9650658404.77635,4.11564693511202,207.497199645231,0.00110097789100803,FALSE,FALSE,"Denmark",10.931937636216,4.64854986049754,TRUE,0.48,0.25,0.71,17.5091666666667,12,0.22,NA,27.5611,8.2278004,4.72632319763817,161234702.650001,145205471.579969,1.028431973,0.1025459,1.130977873,FALSE,3688989597.65441,3606773101.98971,0.817811835,59,0.59,0.78
"DNK-2021","DNK","Denmark",2021,"Alta renda","Europe & Central Asia",FALSE,1622,TRUE,46105,15,TRUE,12,FALSE,646,TRUE,455,TRUE,1622,15,NA,NA,FALSE,124.266413825838,1,646000000,455000000,5856733,7708.2373,2.74323,347379325644.417,59312.8158043771,406035574978.675,15879.3,83.982292175293,98.8658506,44.9598379722906,13.9247982031326,155.229321090433,NA,2.1529598550497,26.42471,1090,186,112.321472697291,2.1116827,2.2962489,2.0002139,1.9811905,"Denmark","High income",FALSE,9529413874.87534,359113655.902276,1119582202.84123,9672224174.10861,2.56115482812688,276.946208748119,0.00185963859190992,FALSE,FALSE,"Denmark",10.9905806797533,4.72136505181273,TRUE,0.55,0.3,0.8,11.9566666666667,12,0.92,NA,38.819,5.6666999,6.62809795153715,397000000,161234702.650001,0.941697657,0.093899242,1.035596899,FALSE,3597449524.14069,3688989597.65441,0.817811835,59,0.59,0.78
"DNK-2022","DNK","Denmark",2022,"Alta renda","Europe & Central Asia",FALSE,1796,TRUE,43502,9,FALSE,7,FALSE,512,TRUE,315,TRUE,1796,NA,NA,NA,FALSE,134.21120616846,0.92590192259997,474061784.371184,291659105.61899,5903037,9037.46818,2.86709,348921108389.075,59108.7449374068,407837693288.56,15700.65,84.5866088867188,97.86011812,44.8863644064006,15.988289228272,143.406000566119,NA,1.7967834579325,NA,NA,NA,131.995824909071,2.0580348,2.3024129,1.9821936,1.9887255,"Denmark","High income",FALSE,10003882206.5123,646000000,1479175440.27346,9529413874.87534,NA,304.250168176144,0.00135865034523095,FALSE,FALSE,"Denmark",10.987134160932,4.88277029260941,FALSE,0.615,0.34,0.89,15.435,12,0.78,NA,NA,NA,NA,245364009.488992,397000000,NA,NA,1.035596899,TRUE,3613416178.43369,3597449524.14069,0.817811835,59,0.59,0.78
"DNK-2023","DNK","Denmark",2023,"Alta renda","Europe & Central Asia",FALSE,2097,TRUE,41983,7,FALSE,7,FALSE,418,TRUE,217,TRUE,2097,NA,NA,NA,FALSE,139.73579356326,0.889295510169921,371725523.251027,192977125.706873,5946952,8837.51688,3.04841,351030642724,59026.9843650999,410303430088.036,15603.08,81.2308197021484,98.77559197,44.0352069959396,17.1321575837404,147.482098497207,NA,1.72247998134321,NA,NA,NA,129.625337431278,1.9570723,2.2910751,1.9869853,1.8660022,"Denmark","High income",FALSE,10700853215.8627,474061784.371184,1491787307.62221,10003882206.5123,NA,352.61760982769,0.00105895462677114,FALSE,FALSE,"Denmark",10.98574998045,4.86464826968056,FALSE,0.685,0.39,0.98,9.2525,12,0.91,NA,NA,NA,NA,184973466.115343,245364009.488992,NA,NA,1.035596899,TRUE,3635262450.58951,3613416178.43369,0.817811835,59,0.59,0.78
"DNK-2024","DNK","Denmark",2024,"Alta renda","Europe & Central Asia",FALSE,2121,TRUE,22628,1,FALSE,1,FALSE,984,TRUE,161,TRUE,2121,NA,NA,NA,FALSE,143.857336014608,0.863817009743732,849995937.587832,139074538.568741,5976992,NA,3.04841,363238912546.89,60772.8624276041,424573110207.417,NA,78.9604110717773,99.76915157,43.3933280824544,17.6194498489345,144.062236896793,NA,1.59792479375891,NA,NA,NA,131.765030975207,1.8900128,2.2798316,1.9773385,1.8039876,"Denmark","High income",TRUE,11073011333.9706,371725523.251027,1695783245.21004,10700853215.8627,NA,354.860772776674,0.00234004647692614,FALSE,FALSE,"Denmark",11.0148986266629,4.88102026801238,FALSE,0.755,0.44,1.07,16.9858333333333,12,1.14,NA,NA,NA,NA,193495010.182596,184973466.115343,NA,NA,1.035596899,TRUE,3761690914.29691,3635262450.58951,0.817811835,59,0.59,0.78
"ESP-2016","ESP","Spain",2016,"Alta renda","Europe & Central Asia",TRUE,3027,TRUE,109242,72,TRUE,69,TRUE,167,TRUE,51,TRUE,3027,72,69,109242,FALSE,110.06700893427,1.12900691159917,188544154.237061,57579352.4915575,46458139,2712.74943,1.1808,1241326362266.48,26719.2442268615,2056918662236.11,53890.2,89.810791015625,80.5613329432179,30.1986308494311,7.80248141094868,110.901834158974,56.6808082016392,4.71813279786194,20.35452,2745,177,63.1886778507294,1.0549091,0.6344427,1.0284218,1.0143181,"Spain","High income",FALSE,14657581685.6426,NA,NA,NA,1.54978226743004,65.1554294932046,0.000151889269388275,FALSE,FALSE,"Spain",10.1931393423277,4.14612513717241,FALSE,0.23,0.14,0.32,NA,NA,NA,NA,19.4333,13.3284,0.418296996356225,106126649.690322,NA,0.327434899,0.220114499,0.547549398,FALSE,6796875023.80541,NA,2.677716484,117,1.1,0.6
"ESP-2017","ESP","Spain",2017,"Alta renda","Europe & Central Asia",TRUE,3381,TRUE,124280,119,TRUE,112,TRUE,237,TRUE,120,TRUE,3381,119,112,124280,FALSE,112.411557302308,1.10545941011785,261993880.19793,132655129.214142,46571232,2847.3656,1.20198,1277275696051.09,27426.281015093,2116487892218.07,53940.53,92.070182800293,84.6022457016524,31.2964612808116,6.99949013494316,105.15698823272,67.2468190201932,4.46120203086986,19.42108,2167,176,66.167446137857,1.0177987,0.6058316,1.0498262,0.935415,"Spain","High income",FALSE,15352598411.3949,188544154.237061,NA,14657581685.6426,2.5552255091727,72.5984659370832,0.000205119287095126,FALSE,FALSE,"Spain",10.2192569938098,4.19218859181076,TRUE,0.265,0.16,0.37,NA,NA,NA,NA,28.049999,9.2975998,0.602303134261082,114967778.652256,106126649.690322,0.327654582,0.214627137,0.542281719,FALSE,6926432600.91507,6796875023.80541,2.677716484,117,1.1,0.6
"ESP-2018","ESP","Spain",2018,"Alta renda","Europe & Central Asia",TRUE,3665,TRUE,122442,154,TRUE,147,TRUE,164,TRUE,83,TRUE,3665,154,147,122442,FALSE,115.157303224791,1.07910145814431,176972639.135666,89565421.0259774,46782011,2984.29629,1.23288,1307871701701.25,27956.7225466484,2167186481182.85,54675.87,92.5194931030273,86.107235525659,32.2277444368856,6.76693548745416,98.8298869234399,50.5496877632606,3.68642493378734,20.27938,1525,149,67.0094103982921,1.0639173,0.7542674,0.9960954,0.9292754,"Spain","High income",FALSE,16124488635.9344,261993880.19793,627510673.570657,15352598411.3949,3.2918636182613,78.3420789670628,0.000135313455368339,FALSE,FALSE,"Spain",10.2384129701154,4.20483306323412,TRUE,0.315,0.19,0.44,27.3225,12,NA,NA,34.8452,2.3401999,0.744841858123628,189921856.633398,114967778.652256,0.32777925,0.208911509,0.536690759,FALSE,7019226562.60665,6926432600.91507,2.677716484,117,1.1,0.6
"ESP-2019","ESP","Spain",2019,"Alta renda","Europe & Central Asia",TRUE,4217,TRUE,152231,154,TRUE,145,TRUE,335,TRUE,114,TRUE,4217,154,145,152231,FALSE,117.244195476228,1.05989395313846,355064474.301385,120827910.657785,47118501,3048.15265,1.24207,1333521400432.69,28301.4393949563,2209688876689.13,57221.5,91.5387725830078,90.718665325267,32.9220023670648,6.84640091103014,94.4116262931619,56.8071173531385,3.15282728174409,20.44179,1288,159,66.3662250440692,1.1051847,0.8269806,1.0959883,0.9867126,"Spain","High income",FALSE,16563269258.3543,176972639.135666,794030993.634981,16124488635.9344,3.26835524754915,89.4977537591869,0.000266260799553855,FALSE,FALSE,"Spain",10.2506679443505,4.19518826809666,TRUE,0.36,0.21,0.51,22.805,12,0.29,0.34,34.815102,6.3053999,0.738883904647136,395340444.520647,189921856.633398,0.332473447,0.21260316,0.545076607,FALSE,7268713203.09739,7019226562.60665,2.677716484,117,1.1,0.6
"ESP-2020","ESP","Spain",2020,"Alta renda","Europe & Central Asia",TRUE,4541,TRUE,146521,139,TRUE,130,FALSE,384,TRUE,160,TRUE,4541,139,NA,146521,FALSE,118.690501577198,1.04697858863637,402039778.036367,167516574.18182,47359424,3051.64642,1.39637,1187633217292.02,25077.019882928,1967947352764.79,60134.98,91.59912109375,93.20564892,33.9527590155171,7.76842135531122,107.572523897153,58.8606120063316,2.85122667258746,16.41497,1431,124,59.4461280147076,1.0315404,0.7811702,0.9718208,0.8796195,"Spain","High income",FALSE,16583753956.3006,355064474.301385,934076891.473418,16563269258.3543,2.93500191218542,95.8837675052805,0.000338521836693889,FALSE,FALSE,"Spain",10.129707163242,4.08507049090148,TRUE,0.405,0.24,0.57,19.1358333333333,12,0.14,0.5,54.806702,16.016701,1.15725018108328,403086756.625004,395340444.520647,0.37585343,0.246245714,0.622099144,FALSE,7388256078.63332,7268713203.09739,2.677716484,117,1.1,0.6
"ESP-2021","ESP","Spain",2021,"Alta renda","Europe & Central Asia",TRUE,5132,TRUE,134045,111,TRUE,101,FALSE,859,TRUE,364,TRUE,5132,111,NA,NA,FALSE,124.266413825838,1,859000000,364000000,47443821,3229.64887,1.39617,1267004457826.92,26705.3629138959,2099468112223.22,63622.32,95.3768997192383,93.89752157,34.9302420932073,9.39320382214351,98.4256244971566,53.0814259140659,2.91575876060378,16.91558,1308,126,66.524588943191,1.0959826,0.8257928,0.9213692,0.9494063,"Spain","High income",FALSE,17689536138.8421,402039778.036367,1616104252.33775,16583753956.3006,2.33960919800283,108.170039677032,0.000677977093682289,FALSE,FALSE,"Spain",10.1926196824174,4.19757163786219,TRUE,0.455,0.27,0.64,15.0008333333333,12,0.45,1.12,53.165501,8.2250004,1.12059905545972,1012000000,403086756.625004,0.38008235,0.241127269,0.621209619,FALSE,7870753565.17963,7388256078.63332,2.677716484,117,1.1,0.6
"ESP-2022","ESP","Spain",2022,"Alta renda","Europe & Central Asia",TRUE,5166,TRUE,104564,84,FALSE,71,FALSE,906,TRUE,673,TRUE,5166,NA,NA,NA,FALSE,134.21120616846,0.92590192259997,838867141.875572,623131993.909779,47786102,3387.49657,1.40684,1347716659731.45,28203.1093419474,2233210888832.33,61269.93,95.0271606445312,94.4855432,35.7846414290159,12.5837187911388,88.1124065404768,45.9328003295995,3.06056772833899,NA,NA,NA,78.4657338703054,1.1410225,0.7957695,0.9689825,0.8629478,"Spain","High income",FALSE,18960217055.7659,859000000,2099906919.91194,17689536138.8421,NA,108.106746183231,0.000622435833094715,FALSE,FALSE,"Spain",10.2471875112007,4.36266201828331,FALSE,0.505,0.3,0.71,7.06916666666667,12,0.53,1.14,NA,NA,NA,1691622812.59014,1012000000,NA,NA,0.621209619,TRUE,8372145527.11727,7870753565.17963,2.677716484,117,1.1,0.6
"ESP-2023","ESP","Spain",2023,"Alta renda","Europe & Central Asia",TRUE,5849,TRUE,97634,42,FALSE,29,FALSE,828,TRUE,418,TRUE,5849,NA,NA,NA,FALSE,139.73579356326,0.889295510169921,736336682.420694,371725523.251027,48352528,3653.80306,1.49362,1380882052539.27,28558.6319817501,2288167036933.65,60303.76,93.7303466796875,95.44564516,37.2148181549182,9.56253561613111,78.3496832939301,47.5198353030165,3.06080280402449,NA,NA,NA,71.7976366055733,1.1260213,0.7449752,0.9008026,0.6509734,"Spain","High income",FALSE,20625130513.137,838867141.875572,2434203824.29627,18960217055.7659,NA,120.965753848485,0.000533236478138493,FALSE,FALSE,"Spain",10.2597145155076,4.27385155915551,FALSE,0.555,0.33,0.78,4.44166666666667,12,0.65,1.01,NA,NA,NA,354828908.557798,1691622812.59014,NA,NA,0.621209619,TRUE,8578172137.41858,8372145527.11727,2.677716484,117,1.1,0.6
"ESP-2024","ESP","Spain",2024,"Alta renda","Europe & Central Asia",TRUE,5346,TRUE,53433,26,FALSE,9,FALSE,1016,TRUE,503,TRUE,5346,NA,NA,NA,FALSE,143.857336014608,0.863817009743732,877638081.899632,434499955.901097,48848840,NA,1.49362,1428595035672.37,29245.2192451729,2367229021292.26,NA,93.7689666748047,95.7574516,39.2337541858756,9.28447661569937,74.2192017963659,43.6927754362693,2.86962940744037,NA,NA,NA,69.9502612382631,1.1631098,0.7240891,0.907903,0.564752,"Spain","High income",TRUE,21337781171.8097,736336682.420694,2452841906.1959,20625130513.137,NA,109.439650972265,0.000614336505437015,FALSE,FALSE,"Spain",10.283471394692,4.2477844357473,FALSE,0.615,0.37,0.86,12.47,12,0.94,1.24,NA,NA,NA,468188819.281103,354828908.557798,NA,NA,0.621209619,TRUE,8874569778.15325,8578172137.41858,2.677716484,117,1.1,0.6
"FIN-2016","FIN","Finland",2016,"Alta renda","Europe & Central Asia",FALSE,639,TRUE,28674,8,TRUE,8,TRUE,514,TRUE,13,TRUE,639,8,8,28674,FALSE,110.06700893427,1.12900691159917,580309552.561971,14677089.8507892,5495303,6543.69993,2.74716,239208760000.401,43529.6761616969,296661908125.348,11169.41,89.3280029296875,87.7036499599455,31.152937083259,10.052829776298,94.7843702628907,NA,1.04758761475179,15.04451,1260,108,71.7222101178859,1.9063373,2.189279,2.052307,1.8239695,"Finland","High income",FALSE,6571447371.22702,NA,NA,NA,1.45578869809363,116.281122260228,0.00242595443645541,FALSE,FALSE,"Finland",10.6811981950906,4.27280046418357,FALSE,0.62,0.39,0.85,NA,NA,NA,NA,22.741699,4,4.13838854745589,77901476.9003425,NA,0.684908835,0.222234482,0.907143317,FALSE,2169966280.02221,NA,1.286856299,53,0.56,1.13
"FIN-2017","FIN","Finland",2017,"Alta renda","Europe & Central Asia",FALSE,625,TRUE,30678,28,TRUE,21,TRUE,73,TRUE,39,TRUE,625,28,21,30678,FALSE,112.411557302308,1.10545941011785,80698536.9386029,43112916.994596,5508214,6731.45341,2.74723,247110710501.527,44862.220404205,306461748706.321,10919.92,90.6983871459961,87.4689290730615,31.0435197469463,9.6573147330322,94.0317570514361,NA,0.726262368042779,13.97095,1390,139,75.9387822310041,2.0708974,2.1816672,2.0806412,1.8414562,"Finland","High income",FALSE,6788699572.1111,580309552.561971,NA,6571447371.22702,5.08331738745081,113.466905969884,0.000326568349768491,FALSE,FALSE,"Finland",10.7113513031535,4.32992751873887,TRUE,0.7,0.43,0.97,NA,NA,NA,NA,35.366699,5,6.42071985583712,101702265.730842,77901476.9003425,0.692528977,0.232919872,0.925448849,FALSE,2286883226.0921,2169966280.02221,1.286856299,53,0.56,1.13
"FIN-2018","FIN","Finland",2018,"Alta renda","Europe & Central Asia",FALSE,768,TRUE,34035,47,TRUE,29,TRUE,448,TRUE,15,TRUE,768,47,29,34035,FALSE,115.157303224791,1.07910145814431,483437453.248649,16186521.8721646,5515525,6872.68968,2.77601,250058685918.643,45337.2409550575,310117768713.058,10966.86,92.3850021362305,88.8899599985585,31.491717515124,9.01765355032152,94.8815247622949,NA,0.950566178824406,17.20489,1387,100,79.1436148422846,2.1067158,2.1853938,2.0353074,1.837169,"Finland","High income",FALSE,6941654126.97012,80698536.9386029,1144445542.74922,6788699572.1111,8.52140095457821,139.243317725874,0.00193329598399128,FALSE,FALSE,"Finland",10.7218840698733,4.37126411146562,TRUE,0.775,0.47,1.08,11.665,12,NA,NA,50.733299,9.3667002,9.19827196867025,137045885.184327,101702265.730842,0.69553075,0.229159349,0.924690099,FALSE,2312267910.3792,2286883226.0921,1.286856299,53,0.56,1.13
"FIN-2019","FIN","Finland",2019,"Alta renda","Europe & Central Asia",FALSE,1019,TRUE,48916,39,TRUE,32,TRUE,1278,TRUE,276,TRUE,1019,39,32,48916,FALSE,117.244195476228,1.05989395313846,1354544472.11096,292530731.066216,5521606,7245.85837,2.81534,253433824168.6,45898.5708448954,314303547500.663,11071.51,94.5891189575195,89.6073851129779,32.5439773811208,9.21470120593618,95.9193855390369,NA,1.5073192904517,16.28398,1321,75,80.5641502947367,2.09828,2.1866877,2.0973602,1.9716656,"Finland","High income",FALSE,7135023825.34826,483437453.248649,1918680462.29821,6941654126.97012,7.06316242049867,184.547756576619,0.00534476594256745,FALSE,FALSE,"Finland",10.7341892592871,4.3890537651411,TRUE,0.87,0.52,1.22,10.6341666666667,12,0.92,NA,68.5429,6.4667001,12.4135803967179,359304050.113939,137045885.184327,0.71067048,0.226425635,0.937096115,FALSE,2374918520.37988,2312267910.3792,1.286856299,53,0.56,1.13
"FIN-2020","FIN","Finland",2020,"Alta renda","Europe & Central Asia",FALSE,1147,TRUE,55517,41,TRUE,28,FALSE,1328,TRUE,214,TRUE,1147,41,NA,55517,FALSE,118.690501577198,1.04697858863637,1390387565.7091,224053417.968184,5529543,7548.32504,2.93278,247120696232.09,44690.9801103074,306474132809.155,11048.28,96.4726333618164,92.17027106,33.3838974597133,9.98230025285834,101.738251257472,NA,1.45017555342116,17.83522,1588,97,72.1845955995888,2.0581184,2.2172668,2.0896792,1.9492816,"Finland","High income",FALSE,7247506354.95549,1354544472.11096,3228369491.06871,7135023825.34826,7.41471763579739,207.431247030722,0.00562635014755413,FALSE,FALSE,"Finland",10.7075269729984,4.27922666578845,TRUE,0.965,0.58,1.35,23.005,12,0.97,NA,49.7341,6.9047999,8.994251423671,293154004.818184,359304050.113939,0.71534797,0.222107395,0.937455365,FALSE,2316646224.85308,2374918520.37988,1.286856299,53,0.56,1.13
"FIN-2021","FIN","Finland",2021,"Alta renda","Europe & Central Asia",FALSE,1397,TRUE,47756,46,TRUE,27,FALSE,1849,TRUE,242,TRUE,1397,46,NA,NA,FALSE,124.266413825838,1,1849000000,242000000,5541017,7870.42868,3.01133,253734502126.393,45792.0454180872,314676442275.461,11446.35,100.868072509766,92.80806082,33.6396818306917,10.2937538536253,100.140293611616,NA,1.47082760274416,17.11392,1557,105,79.7892781913782,2.1202166,2.2305766,2.0568185,1.9825384,"Finland","High income",FALSE,7640783182.88271,1390387565.7091,4593932037.82006,7247506354.95549,8.30172511652644,252.119782343205,0.00728714457239621,FALSE,FALSE,"Finland",10.7318656741902,4.37938913692482,TRUE,1.055,0.63,1.48,12.5408333333333,12,1.38,NA,65.018997,4.6111002,11.734126966223,448000000,293154004.818184,0.689996015,0.218743026,0.908739041,FALSE,2305784481.30951,2316646224.85308,1.286856299,53,0.56,1.13
"FIN-2022","FIN","Finland",2022,"Alta renda","Europe & Central Asia",FALSE,1412,TRUE,41543,29,FALSE,20,FALSE,2919,TRUE,840,TRUE,1412,NA,NA,NA,FALSE,134.21120616846,0.92590192259997,2702707712.06931,777757614.983974,5556106,8073.32591,2.982,255670602724.759,46016.1492103929,317077555419.616,11543.1,104.944221496582,92.98879471,34.2951599474189,9.62392843667484,96.1977943524903,NA,1.35188387148659,NA,NA,NA,94.5625340522667,1.9078732,2.1937572,1.9784658,1.8871734,"Finland","High income",FALSE,7624097373.25231,1849000000,5942095277.77841,7640783182.88271,NA,254.134820322002,0.0105710538609669,FALSE,FALSE,"Finland",10.7367476836518,4.54926135165179,FALSE,1.12,0.68,1.56,7.16416666666667,12,1.61,NA,NA,NA,NA,546282134.333982,448000000,NA,NA,0.908739041,TRUE,2323378583.31989,2305784481.30951,1.286856299,53,0.56,1.13
"FIN-2023","FIN","Finland",2023,"Alta renda","Europe & Central Asia",FALSE,1570,TRUE,33675,25,FALSE,7,FALSE,1145,TRUE,79,TRUE,1570,NA,NA,NA,FALSE,139.73579356326,0.889295510169921,1018243359.14456,70254345.3034237,5583911,8314.89822,3.0938,252373129874.188,45196.4814400136,312988095703.173,11224.2,108.130409240723,93.51385075,35.3318092510781,9.71402259549133,93.2129448178605,NA,1.28844729523889,NA,NA,NA,85.5141847218915,1.8631291,2.2026378,2.0135049,1.791896,"Finland","High income",FALSE,7807919892.04763,2702707712.06931,5569951071.21387,7624097373.25231,NA,281.164939770709,0.00403467421294878,FALSE,FALSE,"Finland",10.7187745185428,4.44868226536232,FALSE,1.18,0.72,1.64,1.3275,12,1.58,NA,NA,NA,NA,117387007.34243,546282134.333982,NA,NA,0.908739041,TRUE,2293413160.16038,2323378583.31989,1.286856299,53,0.56,1.13
"FIN-2024","FIN","Finland",2024,"Alta renda","Europe & Central Asia",FALSE,1408,TRUE,17831,20,FALSE,3,FALSE,1568,TRUE,724,TRUE,1408,NA,NA,NA,FALSE,143.857336014608,0.863817009743732,1354465071.27817,625403515.054462,5619911,NA,3.0938,253318435246.671,45075.1684940688,314160444473.182,NA,110.304496765137,93.72405196,36.4765341417867,9.28522659633957,92.0244354023472,NA,1.42702266101791,NA,NA,NA,83.4510295550974,1.8127979,2.1836946,1.9991029,1.8772854,"Finland","High income",TRUE,7837165749.66151,1018243359.14456,5075416142.49204,7807919892.04763,NA,250.537775420287,0.00534688709078456,FALSE,FALSE,"Finland",10.716086786147,4.42425998742056,FALSE,1.235,0.75,1.72,14.4183333333333,12,1.3,NA,NA,NA,NA,322203744.634412,117387007.34243,NA,NA,0.908739041,TRUE,2302003519.1368,2293413160.16038,1.286856299,53,0.56,1.13
"FRA-2016","FRA","France",2016,"Alta renda","Europe & Central Asia",TRUE,5228,TRUE,164015,77,TRUE,62,TRUE,837,TRUE,188,TRUE,5228,77,62,164015,FALSE,110.06700893427,1.12900691159917,944978785.008502,212253299.380643,66724104,4392.04699,2.22468,2463489569347.31,36920.5342846914,3401866742516.37,70242.04,64.7276763916016,79.2698113207547,42.5277884451476,27.9331801598168,97.4904687619857,87.3963704443473,3.49852745916487,19.79079,14206,2012,63.3427564383351,1.341528,1.3398712,1.2594932,1.1506349,"France","High income",FALSE,54804759751.3557,NA,NA,NA,1.15400575480189,78.3524946247311,0.000383593580734693,FALSE,FALSE,"France",10.5165231599284,4.14856055829331,FALSE,0.53,0.37,0.69,NA,NA,NA,NA,113.44,36.7061,1.70013523148996,268703644.960602,NA,0.456509226,0.282455087,0.738964313,FALSE,18204308771.954,NA,11.09680763,468,1.23,0.79
"FRA-2017","FRA","France",2017,"Alta renda","Europe & Central Asia",TRUE,5186,TRUE,217457,112,TRUE,97,TRUE,1155,TRUE,439,TRUE,5186,112,97,217457,FALSE,112.411557302308,1.10545941011785,1276805618.68611,485296681.041735,66918020,4546.76212,2.20422,2514819204088.14,37580.5979329356,3472748543479.96,69138.49,65.8022308349609,80.5024597243607,43.6242593525939,26.0180218998669,101.617830234188,106.197544283094,2.85084082112562,20.00664,14415,1832,65.3958481559711,1.3383594,1.3593512,1.263951,1.258063,"France","High income",FALSE,55432147860.3516,944978785.008502,NA,54804759751.3557,1.6736896877702,77.4978100069309,0.000507712688296045,FALSE,FALSE,"France",10.5342431837758,4.18045877259431,TRUE,0.56,0.39,0.73,NA,NA,NA,NA,152.5421,36.0774,2.27953696179295,527304138.626213,268703644.960602,0.453750628,0.273041325,0.726791953,FALSE,18277503607.8112,18204308771.954,11.09680763,468,1.23,0.79
"FRA-2018","FRA","France",2018,"Alta renda","Europe & Central Asia",TRUE,5844,TRUE,193247,189,TRUE,160,TRUE,1262,TRUE,574,TRUE,5844,189,160,193247,FALSE,115.157303224791,1.07910145814431,1361826040.17811,619404236.974832,67158348,4670.53241,2.20407,2556210832760.02,38062.4435961412,3529906814718.25,67117.57,67.5435180664062,82.0431867788484,44.4142292018123,25.9347849255776,104.624051971951,85.0578939321398,2.74917800998469,19.20898,14303,1919,66.8022607812266,1.4342986,1.4136496,1.2351095,1.2928169,"France","High income",FALSE,56340676101.6138,1276805618.68611,3583610443.87272,55432147860.3516,2.81424432894031,87.0182214726306,0.000532751846101718,FALSE,FALSE,"France",10.5469833425764,4.20173692400024,TRUE,0.605,0.41,0.8,8.14666666666667,12,NA,NA,223.2518,51.566502,3.32425985225247,799614180.484931,527304138.626213,0.449197015,0.273214725,0.72241174,FALSE,18466367155.0102,18277503607.8112,11.09680763,468,1.23,0.79
"FRA-2019","FRA","France",2019,"Alta renda","Europe & Central Asia",TRUE,6507,TRUE,218407,255,TRUE,215,TRUE,2383,TRUE,1076,TRUE,6507,255,215,218407,FALSE,117.244195476228,1.05989395313846,2525727290.32896,1140445893.57699,67382061,4773.97249,2.19668,2608036638906.12,38705.2072940618,3601473785622.54,66167.74,67.7331314086914,83.3397440866883,45.2765022757908,26.9265976407414,106.913030586051,NA,2.51442386618475,19.79179,14103,1766,66.4289607281749,1.4144212,1.3647244,1.2005209,1.4690437,"France","High income",FALSE,57290219239.523,1361826040.17811,5164358949.19318,56340676101.6138,3.78439003223722,96.5687291755591,0.00096844011033078,FALSE,FALSE,"France",10.5637294253682,4.19613311693901,TRUE,0.66,0.45,0.87,8.39416666666667,12,0.38,0.51,262.82681,61.864201,3.90054572536747,1085331408.01379,799614180.484931,0.44067467,0.2701836,0.71085827,FALSE,18539444132.2942,18466367155.0102,11.09680763,468,1.23,0.79
"FRA-2020","FRA","France",2020,"Alta renda","Europe & Central Asia",TRUE,6806,TRUE,195365,298,TRUE,241,FALSE,3184,TRUE,1605,TRUE,6806,298,NA,195365,FALSE,118.690501577198,1.04697858863637,3333579826.21821,1680400634.76138,67601110,4883.2219,2.2742,2413981867676.36,35709.2045925926,3333500874071.68,65600.63,68.8709411621094,84.70639801,46.471240838575,21.1920405248012,125.397439701102,NA,2.38440087259745,18.992,12771,1542,58.8388907240647,1.366778,1.286938,1.1590445,1.2553625,"France","High income",FALSE,54898775634.6958,2525727290.32896,7221133156.72528,57290219239.523,4.40821164031182,100.678820214638,0.00138094650620845,FALSE,FALSE,"France",10.4831637662601,4.0748030431433,TRUE,0.7,0.47,0.93,10.6883333333333,12,0.4,0.66,365.67361,80.772003,5.40928410790888,1389340587.12047,1085331408.01379,0.468214029,0.269846512,0.738060541,FALSE,17816647632.214,18539444132.2942,11.09680763,468,1.23,0.79
"FRA-2021","FRA","France",2021,"Alta renda","Europe & Central Asia",TRUE,7166,TRUE,180659,316,TRUE,204,FALSE,4396,TRUE,2315,TRUE,7166,316,NA,NA,FALSE,124.266413825838,1,4396000000,2315000000,67842811,5058.05374,2.21278,2580120255051.75,38030.8571685178,3562923665911.39,67690.4,69.9397888183594,86.09548575,47.6442336298287,22.305003085565,120.721909947613,NA,2.16920501014489,19.97747,13386,1373,63.788482630872,1.4128698,1.4125567,1.1012894,1.2697858,"France","High income",FALSE,57092384979.7341,3333579826.21821,10255307116.5472,54898775634.6958,4.65782586750422,105.626519514352,0.00170379655420822,FALSE,FALSE,"France",10.5461531399404,4.15557265102742,TRUE,0.745,0.5,0.99,2.42166666666667,12,0.14,0.91,289.7872,63.645302,4.27145036782158,3024000000,1389340587.12047,0.454574208,0.260095087,0.714669295,FALSE,18439327236.9305,17816647632.214,11.09680763,468,1.23,0.79
"FRA-2022","FRA","France",2022,"Alta renda","Europe & Central Asia",TRUE,7257,TRUE,129424,320,FALSE,192,FALSE,5353,TRUE,2095,TRUE,7257,NA,NA,NA,FALSE,134.21120616846,0.92590192259997,4956352991.67764,1939764527.84694,68184457,5181.84576,2.21937,2650215998256.03,38868.3303330557,3659719845024.82,65197.8,71.5107269287109,85.33331734,48.250226559098,21.9264611257156,119.290366998126,NA,2.07810544079029,NA,NA,NA,75.9630077981996,1.3924355,1.3766853,1.0325639,1.2566529,"France","High income",FALSE,58818098800.4949,4396000000,12685932817.8958,57092384979.7341,NA,106.431880802395,0.00187016944842955,FALSE,FALSE,"France",10.5679350677669,4.33024648229284,FALSE,0.78,0.52,1.04,3.13166666666667,12,0.07,1.05,NA,NA,NA,2935109094.6419,3024000000,NA,NA,0.714669295,TRUE,18940279990.7136,18439327236.9305,11.09680763,468,1.23,0.79
"FRA-2023","FRA","France",2023,"Alta renda","Europe & Central Asia",TRUE,7844,TRUE,129045,343,FALSE,118,FALSE,5011,TRUE,2143,TRUE,7844,NA,NA,NA,FALSE,139.73579356326,0.889295510169921,4456259801.46147,1905760278.29414,68372286,5368.63555,2.17832,2688358302961.22,39319.4152227295,3712391079956.77,62180.46,70.4536437988281,86.83635789,48.6688340139444,22.3835449721792,112.567354839828,NA,2.06122418440948,NA,NA,NA,70.6261450610225,1.3720902,1.2802637,0.9976615,1.1299822,"France","High income",FALSE,58561046585.0648,4956352991.67764,13808612793.1391,58818098800.4949,NA,114.724846263002,0.00165761379223629,FALSE,FALSE,"France",10.5794737018903,4.25740040258859,FALSE,0.8,0.53,1.07,2.4525,12,0.18,1.08,NA,NA,NA,2072947834.20608,2935109094.6419,NA,NA,0.714669295,TRUE,19212871330.8469,18940279990.7136,11.09680763,468,1.23,0.79
"FRA-2024","FRA","France",2024,"Alta renda","Europe & Central Asia",TRUE,7342,TRUE,53178,236,FALSE,43,FALSE,7944,TRUE,3418,TRUE,7342,NA,NA,NA,FALSE,143.857336014608,0.863817009743732,6862162325.40421,2952526539.30408,68551653,NA,2.17832,2720362347819.81,39683.3953489029,3756585907158.45,NA,71.5346908569336,88.65381638,48.9251978969333,23.1371073769038,107.58266062477,NA,2.08727388951242,NA,NA,NA,68.1081875443744,1.2039741,1.2571211,0.9904005,1.053535,"France","High income",TRUE,59258197095.0285,4456259801.46147,16274775118.5433,58561046585.0648,NA,107.101720800226,0.00252251775610105,FALSE,FALSE,"France",10.5886881260068,4.2210974341867,FALSE,0.8,0.53,1.07,2.32666666666667,12,0.34,1.1,NA,NA,NA,1658528658.70797,2072947834.20608,NA,NA,0.714669295,TRUE,19441594412.6093,19212871330.8469,11.09680763,468,1.23,0.79
"GBR-2016","GBR","United Kingdom",2016,"Alta renda","Europe & Central Asia",TRUE,6512,TRUE,454420,208,TRUE,145,TRUE,3328,TRUE,967,TRUE,6512,208,145,454420,FALSE,110.06700893427,1.12900691159917,3757335001.80202,1091749683.51639,65606000,4434.65942,2.32051,3010574705731.3,45888.7099614563,3356947002982.57,100099.61,58.083869934082,94.7758006318882,38.6588569366885,23.5591126028431,131.480106047871,NA,1.68729249856196,17.51455,13876,8183,59.8395315138259,1.6052587,1.761319,1.5949293,1.6753586,"United Kingdom","High income",FALSE,69860687103.9654,NA,NA,NA,3.17044172789074,99.2592140962717,0.00124804576171091,FALSE,FALSE,"United Kingdom",10.7339743954543,4.09166650465539,FALSE,0.395,0.25,0.54,NA,NA,NA,0.61,173.4281,31.6887,2.64347925494619,1105297766.45558,NA,0.38545388,0.108589765,0.494043645,FALSE,14873553011.6429,NA,28.17025072,885,1.4,0.87
"GBR-2017","GBR","United Kingdom",2017,"Alta renda","Europe & Central Asia",TRUE,7151,TRUE,498829,311,TRUE,227,TRUE,1506,TRUE,1007,TRUE,7151,311,227,498829,FALSE,112.411557302308,1.10545941011785,1664821871.63748,1113197625.98867,65964000,4472.69458,2.32602,3101591068534.48,47019.4510419999,3458434969965.38,100863.84,59.6282081604004,90.4245504868553,39.2489467665261,22.6194649609659,132.333248459152,NA,1.35973989613412,15.88067,13301,8771,63.1899245764158,1.5506509,1.8208702,1.5966655,1.6515431,"United Kingdom","High income",FALSE,72143628572.3257,3757335001.80202,NA,69860687103.9654,4.71469286277363,108.407616275544,0.000536763820520066,FALSE,FALSE,"United Kingdom",10.7583166470365,4.14614486718465,TRUE,0.435,0.28,0.59,NA,NA,NA,0.8,273.4256,33.270901,4.14507307015948,2366788597.06231,1105297766.45558,0.390592746,0.105788563,0.496381309,FALSE,15395718345.8185,14873553011.6429,28.17025072,885,1.4,0.87
"GBR-2018","GBR","United Kingdom",2018,"Alta renda","Europe & Central Asia",TRUE,8305,TRUE,501128,428,TRUE,287,TRUE,15438,TRUE,2749,TRUE,8305,428,287,501128,FALSE,115.157303224791,1.07910145814431,16659168310.8318,2966449908.4387,66287000,NA,2.70889,3149707010747.53,47516.2099770322,3512086742067.32,101075.46,61.1377716064453,90.692008988783,39.8293995840604,22.3331118559009,132.783359788981,NA,1.09642089877807,18.69784,12865,8076,64.9097721959201,1.5166541,1.8099661,1.4592065,1.6766714,"United Kingdom","High income",FALSE,85322098243.4388,1664821871.63748,22081325184.2713,72143628572.3257,6.4567713126254,125.28851811064,0.00528911681435348,FALSE,FALSE,"United Kingdom",10.7688261944802,4.17299818550171,TRUE,0.485,0.31,0.66,12.9958333333333,12,NA,0.88,329.64459,56.175701,4.97299002821066,2597397209.75335,2366788597.06231,0.647767462,0.120699357,0.768466819,FALSE,24204453273.3115,15395718345.8185,28.17025072,885,1.4,0.87
"GBR-2019","GBR","United Kingdom",2019,"Alta renda","Europe & Central Asia",TRUE,9836,TRUE,526347,447,TRUE,330,TRUE,5125,TRUE,3975,TRUE,9836,447,330,526347,FALSE,117.244195476228,1.05989395313846,5431956509.83462,4213078463.72539,66628000,NA,2.6707,3189276748351.15,47866.9140354078,3556209052603.05,102035.76,65.5119934082031,92.5166285497138,40.022769455921,23.0942001089205,131.443065370417,NA,1.01809935045005,18.37656,12061,7189,65.0035664177054,1.3875882,1.7737889,1.4232665,1.7154343,"United Kingdom","High income",FALSE,85176014118.2142,16659168310.8318,23755946692.3039,85322098243.4388,6.70889115687099,147.62562286126,0.00170319383936905,FALSE,FALSE,"United Kingdom",10.7761798147854,4.17444213635514,TRUE,0.54,0.35,0.73,12.6408333333333,12,0.01,1,343.4671,55.685001,5.15499639791079,4189760796.75634,2597397209.75335,0.625237899,0.118922527,0.744160426,FALSE,23733335436.8489,24204453273.3115,28.17025072,885,1.4,0.87
"GBR-2020","GBR","United Kingdom",2020,"Alta renda","Europe & Central Asia",TRUE,11612,TRUE,660554,458,TRUE,291,FALSE,4898,TRUE,3315,TRUE,11612,458,NA,660554,FALSE,118.690501577198,1.04697858863637,5128101127.14096,3470734021.32958,66740000,NA,2.93993,2868821517197.41,42985.0392148248,3198884842788.99,103341.82,69.4076614379883,94.81820132,40.5775246507294,23.0073604990707,145.572075379344,NA,0.983324631099749,17.62722,11990,8659,59.1598893030611,1.3546866,1.7290139,1.3537471,1.6158469,"United Kingdom","High income",FALSE,84341344430.5418,5431956509.83462,27219225947.8074,85176014118.2142,6.86245130356608,173.988612526221,0.00178752881502042,FALSE,FALSE,"United Kingdom",10.668607408899,4.08024376669584,TRUE,0.585,0.38,0.79,13.24,12,0.14,1.21,381.95059,87.127098,5.72296359005094,3596371451.96594,4189760796.75634,0.657425078,0.14598117,0.803406248,FALSE,23048291313.1324,23733335436.8489,28.17025072,885,1.4,0.87
"GBR-2021","GBR","United Kingdom",2021,"Alta renda","Europe & Central Asia",TRUE,13484,TRUE,518043,479,TRUE,256,FALSE,7941,TRUE,5410,TRUE,13484,479,NA,NA,FALSE,124.266413825838,1,7941000000,5410000000,66978000,NA,2.89968,3113908148054.35,46491.5068836685,3472169152711.61,108095.52,76.7543563842773,96.19650269,41.1134869970784,23.8654057182193,136.161594591011,118.935321441875,0.969313241835594,18.10662,11592,7263,58.53838629291,1.3262502,1.6749661,1.2942621,1.6321749,"United Kingdom","High income",FALSE,90293371787.5024,5128101127.14096,18501057636.9756,84341344430.5418,7.15160201857326,201.319836364179,0.00255017156012188,FALSE,FALSE,"United Kingdom",10.7470249272303,4.06968271499568,TRUE,0.65,0.43,0.87,7.78666666666667,12,0.87,1.24,401.647,83.115898,5.99670040908955,9734000000,3596371451.96594,0.656536781,0.148231513,0.804768294,FALSE,25059745479.824,23048291313.1324,28.17025072,885,1.4,0.87
"GBR-2022","GBR","United Kingdom",2022,"Alta renda","Europe & Central Asia",TRUE,13570,TRUE,406499,521,FALSE,224,FALSE,8712,TRUE,6215,TRUE,13570,NA,NA,NA,FALSE,134.21120616846,0.92590192259997,8066457549.69093,5754480448.95881,67636000,NA,2.75224,3274265196937.19,48410.095170282,3650975582470.56,101776.16,79.7695083618164,95.46530151,41.2867157729584,27.1597708192348,126.126397693252,97.3198877208869,0.93919727879646,NA,NA,NA,69.1989264413981,1.2734341,1.6365644,1.2977328,1.6604586,"United Kingdom","High income",FALSE,90115636456.1841,7941000000,21135558676.8319,90293371787.5024,NA,200.63279910107,0.00246359322306466,FALSE,FALSE,"United Kingdom",10.7874636488538,4.23698534865065,FALSE,0.715,0.48,0.95,10.9883333333333,12,1.68,1.36,NA,NA,NA,8137751997.73113,9734000000,NA,NA,0.804768294,TRUE,26350248166.4272,25059745479.824,28.17025072,885,1.4,0.87
"GBR-2023","GBR","United Kingdom",2023,"Alta renda","Europe & Central Asia",TRUE,16454,TRUE,382176,624,FALSE,130,FALSE,6363,TRUE,4395,TRUE,16454,NA,NA,NA,FALSE,139.73579356326,0.889295510169921,5658587331.2112,3908453767.1968,68526000,NA,2.67614,3283159739927.95,47911.1540134832,3660893459405.78,97535.98,80.4146499633789,95.44719696,41.4367685540411,28.8917146113567,117.978361754605,NA,0.970314059008282,NA,NA,NA,64.9923841747803,1.123624,1.4805907,1.2663933,1.5985375,"United Kingdom","High income",FALSE,87861951064.1078,8066457549.69093,21666044880.9021,90115636456.1841,NA,240.113241689286,0.00172351873787761,FALSE,FALSE,"United Kingdom",10.777103616698,4.17427009648926,FALSE,0.78,0.53,1.03,4.5825,12,1.14,0.94,NA,NA,NA,3818634920.66964,8137751997.73113,NA,NA,0.804768294,TRUE,26421828628.313,26350248166.4272,28.17025072,885,1.4,0.87
"GBR-2024","GBR","United Kingdom",2024,"Alta renda","Europe & Central Asia",TRUE,14636,TRUE,190330,598,FALSE,25,FALSE,7491,TRUE,4645,TRUE,14636,NA,NA,NA,FALSE,143.857336014608,0.863817009743732,6470853219.9903,4012430010.25964,69281000,NA,2.67614,3318626965006.66,47900.9680144146,3700441255614.06,NA,NA,95.4720993,42.1648283773461,29.233260009076,112.372018963535,NA,1.01582508527651,NA,NA,NA,62.839052044584,1.1998653,1.4805913,1.2751712,1.5276442,"United Kingdom","High income",TRUE,88811103661.3292,5658587331.2112,20195898100.8924,87861951064.1078,NA,211.255611206536,0.00194985856748058,FALSE,FALSE,"United Kingdom",10.776890992264,4.14057672805059,FALSE,0.82,0.56,1.08,7.33583333333333,12,0.55,1.26,NA,NA,NA,4845149607.65259,3818634920.66964,NA,NA,0.804768294,TRUE,26707257610.5081,26421828628.313,28.17025072,885,1.4,0.87
"GRC-2016","GRC","Greece",2016,"Alta renda","Europe & Central Asia",TRUE,885,TRUE,33486,5,TRUE,4,TRUE,13,TRUE,13,TRUE,885,5,4,33486,FALSE,110.06700893427,1.12900691159917,14677089.8507892,14677089.8507892,10775971,2726.60076,1.00556,194505511433.343,18049.928997892,339104934882.48,10988.04,131.403213500977,69.0879154723892,33.5485838991847,13.7270081175833,108.627097496027,19.2457692157776,37.3561319650911,7.967101,606,40,63.6575490882866,0.1253904,0.089372,0.2942427,0.2119425,"Greece","High income",FALSE,1955869620.76912,NA,NA,NA,0.463995309564215,82.127169792866,0.0000754584779764405,FALSE,FALSE,"Greece",9.8008970301185,4.15351792108589,FALSE,0.39,0.21,0.57,NA,NA,NA,NA,1,0,0.0927990619128429,NA,NA,0.320555092,0.251481157,0.572036249,FALSE,1112642031.70156,NA,0.120460425,7,0.6,0.83
"GRC-2017","GRC","Greece",2017,"Alta renda","Europe & Central Asia",TRUE,781,TRUE,26690,13,TRUE,10,TRUE,58,TRUE,0,TRUE,781,13,10,26690,FALSE,112.411557302308,1.10545941011785,64116645.7868351,0,10754679,3250.61522,1.1492,197370820217.692,18352.0884461258,344100373528.791,10931.52,135.333923339844,69.8929706543154,35.1351318678243,12.1148895809545,100.647509860794,25.2544072239294,45.966797966588,9.335051,498,91,70.8824967397253,0.2982395,0.1558468,0.3124049,0.2171229,"Greece","High income",FALSE,2268185465.94172,14677089.8507892,NA,1955869620.76912,1.20877619871314,72.6195547073046,0.000324853723139606,FALSE,FALSE,"Greece",9.81749865878462,4.2610235305597,TRUE,0.445,0.24,0.65,NA,NA,NA,NA,2.6666999,0,0.247957182171592,0,NA,0.326081954,0.255020565,0.581102519,FALSE,1146926808.05597,1112642031.70156,0.120460425,7,0.6,0.83
"GRC-2018","GRC","Greece",2018,"Alta renda","Europe & Central Asia",TRUE,1031,TRUE,44132,9,TRUE,5,TRUE,2,TRUE,2,TRUE,1031,9,5,44132,FALSE,115.157303224791,1.07910145814431,2158202.91628861,2158202.91628861,10732882,3416.08087,1.2066,201445880434.67,18769.0389621976,351204917864.513,11031.66,140.950317382812,72.2383733920483,36.9203391643751,12.9551889486437,91.2069328032117,17.9892417486249,43.3731858901073,7.744936,430,149,79.2379908638706,0.3625111,0.2485114,0.3056172,0.3500946,"Greece","High income",FALSE,2430645993.32473,64116645.7868351,80951938.5539129,2268185465.94172,0.838544577309245,96.059939911759,0.0000107135619335166,FALSE,TRUE,"Greece",9.83996392753441,4.37245586643408,TRUE,0.51,0.29,0.73,27.7091666666667,12,NA,NA,2,0.5,0.186343239402054,0,0,0.344502101,0.271829077,0.616331178,FALSE,1241573767.91547,1146926808.05597,0.120460425,7,0.6,0.83
"GRC-2019","GRC","Greece",2019,"Alta renda","Europe & Central Asia",TRUE,1083,TRUE,34967,3,TRUE,3,TRUE,12,TRUE,6,TRUE,1083,3,3,34967,FALSE,117.244195476228,1.05989395313846,12718727.4376616,6359363.71883078,10721582,3644.60084,1.26236,206033167050.895,19216.6759579785,359202488307.731,11389.86,143.96272277832,75.6712066931757,38.3565690069278,12.5222555558252,80.2122396702063,25.8815811480494,38.0724169271523,7.77626,356,238,80.5900949510457,0.438517,0.3094055,0.4168379,0.4593363,"Greece","High income",FALSE,2600880287.58368,2158202.91628861,78993576.1407853,2430645993.32473,0.279809453492964,101.01121271096,0.0000617314562490794,FALSE,FALSE,"Greece",9.86353372053176,4.38937575053458,TRUE,0.595,0.33,0.86,24.76,12,-0.47,NA,5.0833001,1.2618999,0.474118474307243,2119787.90627693,0,0.390545518,0.285757564,0.676303082,FALSE,1393408658.70741,1241573767.91547,0.120460425,7,0.6,0.83
"GRC-2020","GRC","Greece",2020,"Alta renda","Europe & Central Asia",TRUE,1409,TRUE,47005,6,TRUE,3,FALSE,227,TRUE,24,TRUE,1409,6,NA,47005,FALSE,118.690501577198,1.04697858863637,237664139.620457,25127486.127273,10698599,4008.18457,1.48872,187085880047.738,17486.951333323,326169395938.999,12102.88,143.693344116211,78.11584474,39.7876360746134,13.2518669714424,81.2709751259998,26.6440711364125,30.8146791725641,7.356091,400,363,70.2937464580745,0.4800557,0.227158,0.4288927,0.4928046,"Greece","High income",FALSE,2785184913.44669,12718727.4376616,252541069.974407,2600880287.58368,0.560821094425541,131.699487007598,0.00127034781865854,FALSE,FALSE,"Greece",9.76921024368943,4.25268283978271,TRUE,0.685,0.39,0.98,24.5891666666667,12,-0.28,NA,5.5667,1.7,0.520320464389777,3140935.76590912,2119787.90627693,0.47919688,0.324800954,0.803997834,FALSE,1504166423.30365,1393408658.70741,0.120460425,7,0.6,0.83
"GRC-2021","GRC","Greece",2021,"Alta renda","Europe & Central Asia",TRUE,1805,TRUE,44114,8,TRUE,6,FALSE,68,TRUE,14,TRUE,1805,8,NA,NA,FALSE,124.266413825838,1,68000000,14000000,10570130,4244.36826,1.43353,203277223532.871,19231.2888803517,354397719330.584,13776.67,150.605484008789,78.49426371,41.9213046741732,12.2848681524393,56.1973361608804,27.1375988350427,11.881332954805,6.641998,394,532,88.0126654490379,0.6202306,0.401955,0.4482675,0.4438659,"Greece","High income",FALSE,2914039982.51077,237664139.620457,318382867.058119,2785184913.44669,0.756849726540733,170.764219550753,0.000334518539845189,FALSE,FALSE,"Greece",9.86429386079605,4.47748072967917,TRUE,0.76,0.44,1.08,18.6866666666667,12,-0.75,NA,6.5833001,0,0.622821110052573,18000000,3140935.76590912,0.437697942,0.324932078,0.76263002,FALSE,1550253130.48418,1504166423.30365,0.120460425,7,0.6,0.83
"GRC-2022","GRC","Greece",2022,"Alta renda","Europe & Central Asia",TRUE,1852,TRUE,35002,13,FALSE,13,FALSE,116,TRUE,113,TRUE,1852,NA,NA,NA,FALSE,134.21120616846,0.92590192259997,107404623.021596,104626917.253797,10437805,4926.78077,1.47714,214502162962.972,20550.5049158297,373967511088.431,13922.21,166.389556884766,83.17066333,42.923040428409,14.4708651762207,52.4567421241532,27.0816223923378,8.17432019475188,NA,NA,NA,108.121843229922,0.6433153,0.333135,0.4803117,0.4488087,"Greece","High income",FALSE,3168497249.99124,68000000,413068762.642053,2914039982.51077,NA,177.431940910948,0.000500715804157819,FALSE,FALSE,"Greece",9.93064078973591,4.68325876926443,FALSE,0.835,0.5,1.17,-4.1575,12,-0.96,NA,NA,NA,NA,2777705.76779991,18000000,NA,NA,0.76263002,TRUE,1635857888.30495,1550253130.48418,0.120460425,7,0.6,0.83
"GRC-2023","GRC","Greece",2023,"Alta renda","Europe & Central Asia",TRUE,2210,TRUE,36648,23,FALSE,21,FALSE,443,TRUE,110,TRUE,2210,NA,NA,NA,FALSE,139.73579356326,0.889295510169921,393957911.005275,97822506.1186913,10407351,5283.3671,1.4943,219083738943.271,21050.8648111581,381955125490.765,13551.59,165.113418579102,85.0102229,43.8539621755853,15.1515337740903,49.2157408211615,33.4712023090498,5.95812847046635,NA,NA,NA,92.4710882947018,0.3454887,0.3661203,0.3919682,0.4673058,"Greece","High income",FALSE,3273768311.0293,107404623.021596,569362534.026871,3168497249.99124,NA,212.349905369772,0.00179820699110528,FALSE,FALSE,"Greece",9.95469692193208,4.52689603668545,FALSE,0.93,0.57,1.29,6.4275,12,-0.49,NA,NA,NA,NA,8892955.1016992,2777705.76779991,NA,NA,0.76263002,TRUE,1670798362.11982,1635857888.30495,0.120460425,7,0.6,0.83
"GRC-2024","GRC","Greece",2024,"Alta renda","Europe & Central Asia",TRUE,1977,TRUE,20561,11,FALSE,11,FALSE,62,TRUE,2,TRUE,1977,NA,NA,NA,FALSE,143.857336014608,0.863817009743732,53556654.6041114,1727634.01948746,10405134,NA,1.4943,223655084018.924,21494.6856060599,389924903122.161,NA,NA,86.26968886,44.6759828527928,15.011494857431,48.5410004453358,32.469395361302,3.46297888111995,NA,NA,NA,89.7765279446168,0.2623472,0.2914137,0.2232586,0.4489402,"Greece","High income",TRUE,3342077920.49478,393957911.005275,554919188.630982,3273768311.0293,NA,190.002358451126,0.000239460930830349,FALSE,FALSE,"Greece",9.97556100244798,4.497323559679,FALSE,1,0.62,1.38,13.3558333333333,12,-0.25,NA,NA,NA,NA,12957255.146156,8892955.1016992,NA,NA,0.76263002,TRUE,1705660811.98454,1670798362.11982,0.120460425,7,0.6,0.83
"HRV-2016","HRV","Croatia",2016,"Alta renda","Europe & Central Asia",TRUE,234,TRUE,6179,NA,NA,NA,NA,NA,NA,NA,NA,234,NA,NA,6179,FALSE,110.06700893427,1.12900691159917,NA,NA,4106867,1871.39921,0.84569,52766972837.1735,12848.473748279,126576947140.98,4023.84,69.5889511108398,72.6972696701463,25.2341141328155,14.4016994474882,58.9917167724846,38.3295381016693,15.0408591292296,8.026342,175,13,92.1393432283564,0.3629235,0.0960557,0.3430385,0.1876652,"Croatia","High income",FALSE,446245012.586693,NA,NA,NA,NA,56.9777399657695,NA,FALSE,FALSE,"Croatia",9.46098030881613,4.52330203150707,FALSE,0.22,0.15,0.29,NA,NA,NA,NA,1,0,0.243494615238331,0,NA,0.28,0.18,0.46,FALSE,242728075.050998,NA,0.181734433,4,0.31,0.6
"HRV-2017","HRV","Croatia",2017,"Alta renda","Europe & Central Asia",TRUE,221,TRUE,5364,1,TRUE,1,TRUE,NA,NA,NA,NA,221,1,1,5364,FALSE,112.411557302308,1.10545941011785,NA,NA,4041407,1900.86092,0.84354,54499873306.8611,13485.3711360576,130733813441.214,4316.99,71.3775863647461,67.0961920368478,26.865096097274,8.73810136016396,55.9840746400708,40.5195770867852,12.1373945444084,8.239655,148,11,97.2452344566878,0.4965306,0.029246,0.3949835,0.3055827,"Croatia","High income",FALSE,459728231.292696,NA,NA,446245012.586693,0.24743857770326,54.6839256724205,NA,FALSE,FALSE,"Croatia",9.50936075733508,4.5772359782818,FALSE,0.26,0.18,0.34,NA,NA,NA,NA,0,0,0,NA,0,0.25,0.19,0.44,FALSE,239799442.550189,242728075.050998,0.181734433,4,0.31,0.6
"HRV-2018","HRV","Croatia",2018,"Alta renda","Europe & Central Asia",TRUE,260,TRUE,8114,3,TRUE,2,TRUE,NA,NA,NA,NA,260,3,2,8114,FALSE,115.157303224791,1.07910145814431,NA,NA,3988775,1973.01528,0.94608,56086403565.5828,14061.0597402919,134539568175.628,4590.14,72.8625411987305,75.2946259897258,28.0156020023514,8.83753101502131,54.2735124576287,33.4583188727809,10.413246017091,7.880998,121,15,99.0845893099948,0.5917903,0.0249396,0.2985123,0.4281534,"Croatia","High income",FALSE,530622246.853266,NA,NA,459728231.292696,0.752110610400436,65.1829195680378,NA,FALSE,FALSE,"Croatia",9.55116453523351,4.59597392278538,FALSE,0.31,0.2,0.42,57.5625,12,NA,NA,0.125,0,0.0313379421000182,0,NA,0.3,0.19,0.49,FALSE,274823377.471356,239799442.550189,0.181734433,4,0.31,0.6
"HRV-2019","HRV","Croatia",2019,"Alta renda","Europe & Central Asia",TRUE,276,TRUE,5634,2,TRUE,2,TRUE,2,TRUE,2,TRUE,276,2,2,5634,FALSE,117.244195476228,1.05989395313846,2119787.90627693,2119787.90627693,3949390,2203.55061,1.07723,57826469010.6323,14641.8735578488,138713621755.308,4603.53,74.0501174926758,79.0797836757554,28.9682951804841,8.28927083536396,52.9249990893527,36.5369458612174,7.4112443440912,7.937998,195,16,101.395111645358,0.5238334,0.025585,0.3562533,0.4597819,"Croatia","High income",FALSE,622924072.123234,NA,NA,530622246.853266,0.506407318598568,69.8842099666024,0.0000366577441532384,FALSE,TRUE,"Croatia",9.59164075459006,4.61902488136935,FALSE,0.375,0.26,0.49,32.3983333333333,12,-0.16,NA,1.5,0,0.379805488948926,3179681.85941539,0,0.35,0.2,0.55,FALSE,318045579.558478,274823377.471356,0.181734433,4,0.31,0.6
"HRV-2020","HRV","Croatia",2020,"Alta renda","Europe & Central Asia",TRUE,360,TRUE,7999,1,TRUE,1,FALSE,1,TRUE,1,TRUE,360,1,NA,7999,FALSE,118.690501577198,1.04697858863637,1046978.58863637,1046978.58863637,3914206,2295.44402,1.23536,53020817678.569,13545.7402289427,127185867898.486,4919.63,74.738037109375,78.32090004,26.0744550144438,9.68004103299381,59.1478795522623,38.3541363214764,7.6286494941457,7.289279,117,12,89.5475327132272,0.5431794,0.0937013,0.3616272,0.2456156,"Croatia","High income",FALSE,654997973.27397,2119787.90627693,NA,622924072.123234,0.255479655388602,91.9726759398969,0.0000197465568144106,FALSE,TRUE,"Croatia",9.51382740263413,4.49476957606939,TRUE,0.43,0.29,0.57,37.7766666666667,12,-0.11,NA,3.1666999,0,0.809027399171122,3140935.76590912,3179681.85941539,0.4,0.25,0.65,FALSE,344635314.910699,318045579.558478,0.181734433,4,0.31,0.6
"HRV-2021","HRV","Croatia",2021,"Alta renda","Europe & Central Asia",TRUE,417,TRUE,8008,1,TRUE,1,FALSE,175,TRUE,6,TRUE,417,1,NA,NA,FALSE,124.266413825838,1,175000000,6000000,3878981,2414.42218,1.24187,59718022506.1921,15395.2861605128,143251063528.984,5529.57,78.0067901611328,81.25396608,26.7157501000099,9.60673351412275,52.8752378177331,30.4100753196099,5.69923091645787,7.392629,77,11,102.327614281062,0.7089651,0.0986666,0.4254811,0.3530119,"Croatia","High income",FALSE,741620206.097648,1046978.58863637,178166766.494913,654997973.27397,0.257799664396397,107.502460053297,0.00293043862900608,FALSE,FALSE,"Croatia",9.64181664807236,4.6281795708531,TRUE,0.51,0.35,0.67,27.6083333333333,12,-0.31,NA,2.1666999,1,0.558574507067707,37000000,3140935.76590912,0.4,0.26,0.66,FALSE,394138948.540868,344635314.910699,0.181734433,4,0.31,0.6
"HRV-2022","HRV","Croatia",2022,"Alta renda","Europe & Central Asia",TRUE,423,TRUE,6105,2,FALSE,1,FALSE,367,TRUE,6,TRUE,423,NA,NA,NA,FALSE,134.21120616846,0.92590192259997,339806005.594189,5555411.53559982,3855641,2534.42425,1.41896,64074327526.2691,16618.3333786183,153700929431.995,5488.61,80.7626724243164,82.07155532,27.6606739600213,12.0638540428638,50.5435345273838,27.1579372566222,4.33106920944263,NA,NA,NA,125.410793782261,0.6805402,0.1097559,0.4497731,0.3257747,"Croatia","High income",FALSE,909189077.866748,175000000,515852984.182825,741620206.097648,NA,109.709384250245,0.00530330974530908,FALSE,FALSE,"Croatia",9.71826178531978,4.83159469931326,FALSE,0.585,0.41,0.76,12.1025,12,-0.38,0.17,NA,NA,NA,5555411.53559982,37000000,0.4,0.25,0.65,FALSE,416483128.920749,394138948.540868,0.181734433,4,0.31,0.6
"HRV-2023","HRV","Croatia",2023,"Alta renda","Europe & Central Asia",TRUE,468,TRUE,6070,5,FALSE,NA,NA,197,TRUE,197,TRUE,468,NA,NA,NA,FALSE,139.73579356326,0.889295510169921,175191215.503474,175191215.503474,3859686,2440.27743,1.38621,66484829951.6172,17225.4504515697,159483221302.669,5503.53,81.1775207519531,83.24117599,28.4709561519529,11.0335908814715,46.4400272775491,29.6119060159845,3.59717600090012,NA,NA,NA,107.277801631602,0.6867243,0.1572385,0.4085616,0.4430918,"Croatia","High income",FALSE,921619361.272313,339806005.594189,689997221.097663,909189077.866748,NA,121.253386933548,0.00263505548003906,FALSE,FALSE,"Croatia",9.75414324657445,4.67542174688801,FALSE,0.63,0.45,0.81,5.00666666666667,12,0,0.18,NA,NA,NA,2667886.53050976,5555411.53559982,0.38,0.23,0.61,FALSE,405557462.704865,416483128.920749,0.181734433,4,0.31,0.6
"HRV-2024","HRV","Croatia",2024,"Alta renda","Europe & Central Asia",TRUE,429,TRUE,3393,2,FALSE,1,FALSE,125,TRUE,125,TRUE,429,NA,NA,NA,FALSE,143.857336014608,0.863817009743732,107977126.217967,107977126.217967,3866200,NA,1.38621,69028396205.1161,17854.3262648378,165584705505.907,NA,NA,83.63240029,29.5997367962687,11.6739199311189,46.8610674582388,29.9163404326329,3.08344546122958,NA,NA,NA,104.912403236133,0.7392971,0.1163747,0.4076353,0.3764126,"Croatia","High income",TRUE,956878531.03494,175191215.503474,622974347.31563,921619361.272313,NA,110.961667787492,0.00156424214025074,FALSE,FALSE,"Croatia",9.79000112561949,4.65312574707928,FALSE,0.645,0.46,0.83,5.68583333333333,12,0.01,0.13,NA,NA,NA,102794224.159504,2667886.53050976,0.37,0.24,0.61,FALSE,421073216.851208,405557462.704865,0.181734433,4,0.31,0.6
"HUN-2016","HUN","Hungary",2016,"Alta renda","Europe & Central Asia",TRUE,338,TRUE,5725,8,TRUE,8,TRUE,14,TRUE,11,TRUE,338,8,8,5725,FALSE,110.06700893427,1.12900691159917,15806096.7623883,12419076.0275908,9759755,2625.94197,1.17645,128298381762.592,13145.6559885563,316010789936.444,6351.5,50.7361488342285,79.2594121273057,28.6887907811727,17.5764530213374,33.3191543197899,17.4854504189959,7.42356209737637,9.585453,616,49,163.97194450015,0.5767176,0.1580098,0.4828952,0.5669207,"Hungary","High income",FALSE,1509366312.24601,NA,NA,NA,0.819692707450136,34.6320168897682,0.000123197943304043,FALSE,FALSE,"Hungary",9.48384663995505,5.099695343069,FALSE,NA,NA,NA,NA,NA,NA,NA,8.4499998,2.7307999,0.865800401751888,11290069.1159917,NA,0.13149899,0.158254836,0.289753826,FALSE,371749469.853197,NA,0.264105527,12,0.47,0.92
"HUN-2017","HUN","Hungary",2017,"Alta renda","Europe & Central Asia",TRUE,297,TRUE,8027,11,TRUE,7,TRUE,4,TRUE,4,TRUE,297,11,7,8027,FALSE,112.411557302308,1.10545941011785,4421837.64047139,4421837.64047139,9726756,2902.24254,1.31498,133589642960.172,13734.2442804335,329043656039.943,6645.92,51.3840599060059,76.7505471201922,30.2136178819417,17.2630732776764,32.3908602743309,22.0140497491068,4.16778804339288,9.697723,496,36,165.032855840268,0.6172556,0.1653691,0.4906928,0.5679661,"Hungary","High income",FALSE,1756677086.99767,15806096.7623883,NA,1509366312.24601,1.13090119665796,30.5343323097649,0.0000331001531442801,FALSE,FALSE,"Hungary",9.52764757556922,5.10614458038222,TRUE,NA,NA,NA,NA,NA,NA,NA,13.5595,1.386,1.39404134328033,3316378.23035354,11290069.1159917,0.175043731,0.165388674,0.340432405,FALSE,454782434.360227,371749469.853197,0.264105527,12,0.47,0.92
"HUN-2018","HUN","Hungary",2018,"Alta renda","Europe & Central Asia",TRUE,429,TRUE,9590,7,TRUE,6,TRUE,41,TRUE,41,TRUE,429,7,6,9590,FALSE,115.157303224791,1.07910145814431,44243159.7839166,44243159.7839166,9706964,3846.48666,1.50196,141078862882.165,14533.7783144312,347490297930.843,6658.99,52.5629386901855,76.0743606365063,31.5062908247816,16.8209858629646,32.2649787904592,17.9511899163653,2.46529955892283,9.478704,407,36,162.700858777925,0.6387314,0.1513899,0.4186985,0.5066696,"Hungary","High income",FALSE,2118948088.94497,4421837.64047139,64471094.1867763,1756677086.99767,0.721131756540974,44.1950747937254,0.000313605871780171,FALSE,FALSE,"Hungary",9.58423075816575,5.09191329250193,TRUE,NA,NA,NA,29.24,12,NA,NA,14.625,5.3614001,1.50665027705882,49638667.0746381,3316378.23035354,0.191610058,0.16394767,0.355557728,FALSE,501616799.552061,454782434.360227,0.264105527,12,0.47,0.92
"HUN-2019","HUN","Hungary",2019,"Alta renda","Europe & Central Asia",TRUE,552,TRUE,14520,11,TRUE,10,TRUE,12,TRUE,11,TRUE,552,11,10,14520,FALSE,117.244195476228,1.05989395313846,12718727.4376616,11658833.4845231,9694824,4021.15293,1.46473,148241697677.304,15290.8085466331,365133023043.188,7035.03,54.2122917175293,80.3716936050482,32.6466329851573,17.3787600622128,33.1721052698328,19.9388817541646,1.50911884316991,9.339087,427,23,159.925556464831,0.5508238,0.0962625,0.3840759,0.5441198,"Hungary","High income",FALSE,2171340618.38877,44243159.7839166,61383724.8620496,2118948088.94497,1.1346260643824,56.9375988671893,0.0000857972327418162,FALSE,FALSE,"Hungary",9.63500717827272,5.07470843486637,TRUE,NA,NA,NA,15.3858333333333,12,0.07,NA,12.0238,1,1.24022880662919,11658833.4845231,49638667.0746381,0.209117567,0.147282218,0.356399785,FALSE,528333091.802261,501616799.552061,0.264105527,12,0.47,0.92
"HUN-2020","HUN","Hungary",2020,"Alta renda","Europe & Central Asia",TRUE,616,TRUE,15760,10,TRUE,8,FALSE,14,TRUE,11,TRUE,616,10,NA,15760,FALSE,118.690501577198,1.04697858863637,14657700.2409092,11516764.4750001,9670419,4309.61589,1.58067,141809897486.431,14664.2971195385,349290903827.747,7350.5,56.6071815490723,84.77115202,33.4922037196533,17.4648807221778,37.6296063212563,17.6507205920878,3.95320327433446,7.338471,428,28,154.527002936377,0.6349229,0.0871414,0.3739078,0.5200631,"Hungary","High income",FALSE,2241546506.59877,12718727.4376616,71619587.4624874,2171340618.38877,1.03408135676438,63.6994115766856,0.000103361616507139,FALSE,FALSE,"Hungary",9.5931710511486,5.04036885735343,TRUE,NA,NA,NA,16.9875,12,0.17,NA,16.0016,3,1.65469562384008,29315400.4818185,11658833.4845231,0.206517977,0.158024439,0.364542416,FALSE,516957226.424159,528333091.802261,0.264105527,12,0.47,0.92
"HUN-2021","HUN","Hungary",2021,"Alta renda","Europe & Central Asia",TRUE,688,TRUE,11155,9,TRUE,8,FALSE,16,TRUE,13,TRUE,688,9,NA,NA,FALSE,124.266413825838,1,16000000,13000000,9630932,4452.48668,1.63327,152052706989.445,15787.9535427563,374519891736.617,7822.44,58.6536102294922,88.64083466,34.8391868436369,16.3975126429279,38.4125853084098,17.2254896441113,3.56827817202546,7.074254,433,13,159.187527332834,0.7497295,0.1486079,0.3685797,0.458448,"Hungary","High income",FALSE,2483431247.44651,14657700.2409092,43376427.6785708,2241546506.59877,0.934488998572516,71.4364923353212,0.000105226669861988,FALSE,FALSE,"Hungary",9.66700249421167,5.0700829244418,TRUE,NA,NA,NA,16.9366666666667,12,-0.14,NA,8.8902998,3.75,0.923098595234604,NA,29315400.4818185,0.226241106,0.167439677,0.393680783,FALSE,598602287.448743,516957226.424159,0.264105527,12,0.47,0.92
"HUN-2022","HUN","Hungary",2022,"Alta renda","Europe & Central Asia",TRUE,848,TRUE,14067,13,FALSE,8,FALSE,40,TRUE,33,TRUE,848,NA,NA,NA,FALSE,134.21120616846,0.92590192259997,37036076.9039988,30554763.445799,9605074,4725.1504,1.39056,158366514062.482,16487.7973935944,390071382981.057,8168.57,60.2746810913086,89.14282688,36.5338104764554,18.4048917258431,36.0420465985177,13.483989852931,3.78954496110877,NA,NA,NA,184.969952581351,0.6489177,0.0578022,0.3039864,0.3472472,"Hungary","High income",FALSE,2202181397.94725,16000000,67693777.144908,2483431247.44651,NA,88.286670149548,0.000233863055730245,FALSE,FALSE,"Hungary",9.71037583438189,5.22019339340783,FALSE,NA,NA,NA,13.9341666666667,12,-0.7,NA,NA,NA,NA,21295744.2197993,NA,NA,NA,0.393680783,TRUE,623458532.570984,598602287.448743,0.264105527,12,0.47,0.92
"HUN-2023","HUN","Hungary",2023,"Alta renda","Europe & Central Asia",TRUE,857,TRUE,11899,8,FALSE,1,FALSE,21,TRUE,21,TRUE,857,NA,NA,NA,FALSE,139.73579356326,0.889295510169921,18675205.7135683,18675205.7135683,9592186,4567.0829,1.37748,157072489603.652,16375.0462724192,386884080960.455,8260.49,56.5924415588379,91.4500713,36.7901885342462,18.8624569621863,32.9059997220089,18.240421156829,3.18825349284604,NA,NA,NA,158.618825607913,0.6938366,0.0978327,0.2491987,0.2713545,"Hungary","High income",FALSE,2163642129.79239,37036076.9039988,71711282.6175671,2202181397.94725,NA,89.3435552646706,0.000118895458782708,FALSE,FALSE,"Hungary",9.70351388629605,5.06650400081937,FALSE,NA,NA,NA,12.11,12,-0.52,NA,NA,NA,NA,10671546.122039,21295744.2197993,NA,NA,0.393680783,TRUE,618364206.949251,623458532.570984,0.264105527,12,0.47,0.92
"HUN-2024","HUN","Hungary",2024,"Alta renda","Europe & Central Asia",TRUE,903,TRUE,9128,3,FALSE,NA,NA,32,TRUE,11,TRUE,903,NA,NA,NA,FALSE,143.857336014608,0.863817009743732,27642144.3117994,9501987.10718105,9562065,NA,1.37748,158186244446.653,16543.1049095203,389627362231.012,NA,60.5168685913086,93.77898628,37.542262483936,22.5745118826045,32.3662527124233,18.6415586677487,2.70846259412535,NA,NA,NA,147.926666538068,0.4834186,0.0447948,0.2023908,0.3274216,"Hungary","High income",TRUE,2178983880.00376,18675205.7135683,83353426.9293665,2163642129.79239,NA,94.435668446094,0.000174744298459665,FALSE,FALSE,"Hungary",9.71372467221299,4.99671665460082,FALSE,NA,NA,NA,9.22416666666667,12,-1.15,NA,NA,NA,NA,3455268.03897493,10671546.122039,NA,NA,0.393680783,TRUE,622748845.735878,618364206.949251,0.264105527,12,0.47,0.92
"IND-2016","IND","India",2016,"Renda média-baixa","South Asia",TRUE,10234,TRUE,166957,156,TRUE,113,TRUE,233,TRUE,96,TRUE,10234,156,113,166957,FALSE,110.06700893427,1.12900691159917,263058610.402606,108384663.51352,1343944296,NA,0.66984,2277267041549.85,1694.46534973787,9059728521056.53,104739.74,27.3043573857643,16.5,1.38795276378032,7.66325704378624,38.2036507912231,76.0981248580096,9.18565591814956,17.14082,13199,31858,40.082485713276,0.4723672,-0.2868347,-0.0815395,-0.2732856,"India","Lower middle income",FALSE,15254045551.1175,NA,NA,NA,0.116076239516999,7.61489894369848,0.000115515047468291,FALSE,FALSE,"India",7.43512254217345,3.69093947364783,FALSE,0.26,0.26,0.26,NA,NA,NA,NA,123.0226,17.3202,0.0915384665615635,467408861.402055,NA,NA,NA,NA,TRUE,NA,NA,11.29486342,434,2.51,0.87
"IND-2017","IND","India",2017,"Renda média-baixa","South Asia",TRUE,11381,TRUE,196587,267,TRUE,196,TRUE,227,TRUE,142,TRUE,11381,267,196,196587,FALSE,112.411557302308,1.10545941011785,250939286.096751,156975236.236734,1359657400,NA,0.66603,2432016068498.23,1788.69770318481,9675371810785.02,115044.77,27.9090519049334,18.20000076,1.31327377028949,7.36208114076572,38.1707138624147,96.3987783868431,9.97528206363178,15.45114,14961,31621,40.7424969545225,0.4244099,-0.2253804,-0.0318935,-0.2318736,"India","Lower middle income",FALSE,16197956621.0188,263058610.402606,NA,15254045551.1175,0.196372998080252,8.37049097809492,0.000103181590511327,FALSE,FALSE,"India",7.48924309392883,3.7072716989186,TRUE,0.31,0.31,0.31,NA,NA,NA,NA,217.98621,24.019199,0.160324365535024,575944352.671399,467408861.402055,NA,NA,NA,TRUE,NA,NA,11.29486342,434,2.51,0.87
"IND-2018","IND","India",2018,"Renda média-baixa","South Asia",TRUE,14100,TRUE,256742,270,TRUE,203,TRUE,2541,TRUE,1902,TRUE,14100,270,203,256742,FALSE,115.157303224791,1.07910145814431,2741996805.14468,2052450973.39047,1374659064,250.00794,0.66001,2588974770244.48,1883.35772705055,10299805924524.6,123052.68,28.5316865291946,20.0813000379384,1.3217822859385,9.04145168835151,38.8975254010362,153.160482470967,9.46095691207991,16.4891,16289,33766,43.6169693323889,0.5521016,-0.2108371,0.0205359,-0.1880736,"India","Lower middle income",FALSE,17087492381.0906,250939286.096751,3255994701.64404,16197956621.0188,0.19641233748123,10.2570887351309,0.001059105263079,FALSE,FALSE,"India",7.54081148780472,3.77544627950572,TRUE,0.38,0.38,0.38,30.0075,12,NA,NA,286.2876,45.276199,0.20826080262182,1305712764.35461,575944352.671399,NA,NA,NA,TRUE,NA,NA,11.29486342,434,2.51,0.87
"IND-2019","IND","India",2019,"Renda média-baixa","South Asia",TRUE,16142,TRUE,315417,12,TRUE,8,TRUE,892,TRUE,503,TRUE,16142,NA,NA,315417,TRUE,117.244195476228,1.05989395313846,945425406.199509,533126658.428647,1389030312,NA,0.65942,2689205295885.26,1936.03067741063,10698556415907.6,128579.54,29.0233593907143,29.52350044,1.37913181839908,10.2237396907979,38.73794497616,76.2695069175453,9.23442899080833,17.56805,19454,34173,39.9054035306442,0.5551333,-0.2210026,-0.0157278,-0.1324994,"India","Lower middle income",FALSE,17733157562.1266,2741996805.14468,3938361497.44094,17087492381.0906,NA,11.6210566900861,0.00035156312076512,FALSE,FALSE,"India",7.56839511348093,3.68651174155962,FALSE,0.465,0.47,0.46,35.1425,12,-0.86,NA,303.40302,37.729801,0.218427933054351,1792280674.75714,1305712764.35461,NA,NA,NA,TRUE,NA,NA,11.29486342,434,2.51,0.87
"IND-2020","IND","India",2020,"Renda média-baixa","South Asia",TRUE,20777,TRUE,421461,12,TRUE,4,FALSE,25214,TRUE,20513,TRUE,20777,NA,NA,421461,TRUE,118.690501577198,1.04697858863637,26398518133.8775,21476671788.6979,1402617695,259.26325,0.64558,2533830417086.36,1806.50110583865,10080423278586.9,145711.12,29.8196397708424,43.40544313,1.63622632751685,11.0325638466576,40.7867848551821,95.4245016969537,7.93883072465331,19.00172,23141,33630,37.7581053292768,0.4546407,-0.2569922,-0.0776172,-0.1650984,"India","Lower middle income",FALSE,16357902406.6261,945425406.199509,30085940345.2217,17733157562.1266,NA,14.8130171707266,0.0104184234098164,FALSE,FALSE,"India",7.49914716273179,3.63120016335731,FALSE,0.555,0.56,0.55,30.995,12,-0.44,NA,409.54599,34.114498,0.291986898111962,2348372974.31139,1792280674.75714,NA,NA,NA,TRUE,NA,NA,11.29486342,434,2.51,0.87
"IND-2021","IND","India",2021,"Renda média-baixa","South Asia",TRUE,29077,TRUE,438782,6,TRUE,NA,NA,2080,TRUE,1425,TRUE,29077,NA,NA,NA,TRUE,124.266413825838,1,2080000000,1425000000,1414203896,NA,0.64558,2779348258938.28,1965.30943437472,11057175215742.4,173096.47,31.5741765984501,49.2580986,1.9487996093033,10.2125596625118,36.8920885102897,112.02132346833,6.54245582956179,19.43808,26267,35306,45.4230887840446,0.358756,-0.3031751,-0.1609352,-0.1879253,"India","Lower middle income",TRUE,17942916490.0537,26398518133.8775,29423943540.077,16357902406.6261,NA,20.5606844120871,0.00074837688775086,FALSE,FALSE,"India",7.58340498487003,3.81602053929791,FALSE,0.65,0.66,0.64,21.4483333333333,12,-1.5,NA,475.9855,54.280102,0.336574875338909,6425000000,2348372974.31139,NA,NA,NA,TRUE,NA,NA,11.29486342,434,2.51,0.87
"IND-2022","IND","India",2022,"Renda média-baixa","South Asia",TRUE,31239,TRUE,390905,6,FALSE,NA,NA,4373,TRUE,3130,TRUE,31239,NA,NA,NA,TRUE,134.21120616846,0.92590192259997,4048969107.52967,2898073017.7379,1425423212,NA,0.64558,2990839011962.06,2098.21124476122,11898556034131.2,200488.43,32.6703053423023,55.9,2.35231555917724,12.6822794807287,38.1859763563586,104.228639351922,4.81188454630947,NA,NA,NA,50.6979382758042,0.4390193,-0.3266917,-0.0619553,-0.092447,"India","Lower middle income",TRUE,19308258493.4247,2080000000,32527487241.4072,17942916490.0537,NA,21.91559653092,0.00135379038836111,FALSE,FALSE,"India",7.64884047252486,3.92588524459877,FALSE,0.71,0.72,0.7,-6.60833333333333,12,-2.06,NA,NA,NA,NA,5569300064.43882,6425000000,NA,NA,NA,TRUE,NA,NA,11.29486342,434,2.51,0.87
"IND-2023","IND","India",2023,"Renda média-baixa","South Asia",TRUE,43664,TRUE,372532,11,FALSE,NA,NA,8338,TRUE,4355,TRUE,43664,NA,NA,NA,TRUE,139.73579356326,0.889295510169921,7414945963.7968,3872881946.79,1438069596,NA,0.64558,3206485223026.3,2229.71491223037,12756468651839.4,228174.31,34.2394344991225,60.25230026,2.74534696441771,14.9343472986716,40.8940758962907,123.971644540276,3.35890319602042,NA,NA,NA,46.3229520582338,0.5084481,-0.3354592,-0.0665941,-0.1303438,"India","Lower middle income",TRUE,20700427302.8132,4048969107.52967,13543915071.3265,19308258493.4247,NA,30.362925495019,0.00231248405904036,FALSE,FALSE,"India",7.70962901423251,3.83563756306111,FALSE,0.805,0.81,0.8,-3.39333333333333,12,-1.84,NA,NA,NA,NA,2043601082.37048,5569300064.43882,NA,NA,NA,TRUE,NA,NA,11.29486342,434,2.51,0.87
"IND-2024","IND","India",2024,"Renda média-baixa","South Asia",TRUE,51154,TRUE,242043,2,FALSE,NA,NA,1716,TRUE,1074,TRUE,51154,NA,NA,NA,TRUE,143.857336014608,0.863817009743732,1482309988.72024,927739468.464768,1450935791,NA,0.64558,3434122552914.77,2366.8328910323,13662085943276.7,NA,34.4184659748952,64.9434967,3.15046250037677,18.5723946411049,41.6079694330613,136.443816484113,2.50044366571028,NA,NA,NA,45.9166907678748,0.5080583,-0.2980376,-0.012521,-0.0898112,"India","Lower middle income",TRUE,22170008377.1072,7414945963.7968,12946225060.0467,20700427302.8132,NA,35.2558675010313,0.000431641552064618,FALSE,FALSE,"India",7.76930800754234,3.82682868425497,FALSE,0.905,0.92,0.89,28.2533333333333,12,-1.55,NA,NA,NA,NA,2049837764.12188,2043601082.37048,NA,NA,NA,TRUE,NA,NA,11.29486342,434,2.51,0.87
"IRL-2016","IRL","Ireland",2016,"Alta renda","Europe & Central Asia",TRUE,472,TRUE,15676,2,TRUE,2,TRUE,200,TRUE,30,TRUE,472,2,2,15676,FALSE,110.06700893427,1.12900691159917,225801382.319833,33870207.347975,4762722,5143.85544,1.14954,305795232417.145,64205.979777351,384637892678.51,7093.78,77.5571365356445,83.5,28.6147710435862,32.8418171476767,47.386841437796,39.2325885390859,12.6269750146121,14.43176,79,70,239.708527798768,1.4655706,1.6462393,1.5427772,1.6689773,"Ireland","High income",FALSE,3515238514.72805,NA,NA,NA,0.419927931968316,99.1029919445225,0.000738407137792816,FALSE,FALSE,"Ireland",11.0698516282899,5.47942371777357,FALSE,0.45,0.29,0.61,NA,NA,NA,NA,27.7449,3.5737,5.82542923983386,60966373.226355,NA,0.277616255,0.049494885,0.32711114,FALSE,1000290270.82537,NA,1.774355019,89,0.62,1.11
"IRL-2017","IRL","Ireland",2017,"Alta renda","Europe & Central Asia",TRUE,428,TRUE,18655,NA,NA,NA,NA,139,TRUE,52,TRUE,428,NA,NA,18655,FALSE,112.411557302308,1.10545941011785,153658858.006381,57483889.3261281,4827445,5114.19434,1.20821,336707637029.955,69748.6221034014,423520389550.394,7205.05,77.5191116333008,84.1140070623844,29.0794615926246,29.3340262522775,42.6227340344542,42.0703134939241,11.4589228987576,14.6578,62,75,233.304083346711,1.4314928,1.5635383,1.5186306,1.5739925,"Ireland","High income",FALSE,4068135341.35962,225801382.319833,NA,3515238514.72805,NA,88.6597361544254,0.000456356913557951,FALSE,FALSE,"Ireland",11.1526529446985,5.45234268143191,FALSE,0.51,0.34,0.68,NA,NA,NA,NA,29.7752,6.2405,6.16790041108702,86225833.9891921,60966373.226355,0.272999569,0.047703349,0.320702918,FALSE,1079831217.08391,1000290270.82537,1.774355019,89,0.62,1.11
"IRL-2018","IRL","Ireland",2018,"Alta renda","Europe & Central Asia",TRUE,597,TRUE,23179,2,TRUE,1,TRUE,205,TRUE,82,TRUE,597,2,1,23179,FALSE,115.157303224791,1.07910145814431,221215798.919583,88486319.5678331,4898022,4656.77702,1.08244,362595940328.693,74029.0550611436,456083429683.947,7397.98,76.7604675292969,87.0001401148942,29.3513301848147,25.0152782298751,39.7179106627463,27.8321999565424,5.4568545690485,15.39093,76,32,222.453716000399,1.4182347,1.5591798,1.5005057,1.6449817,"Ireland","High income",FALSE,3924883496.4939,153658858.006381,600676039.245797,4068135341.35962,0.408328096525495,121.88593681286,0.000610089011804851,FALSE,FALSE,"Ireland",11.2122129310864,5.40471906199182,TRUE,0.6,0.4,0.8,23.46,12,NA,NA,48.9786,12.5149,9.99966925424181,263300755.787211,86225833.9891921,0.267553245,0.04843768,0.315990925,FALSE,1145770265.85708,1079831217.08391,1.774355019,89,0.62,1.11
"IRL-2019","IRL","Ireland",2019,"Alta renda","Europe & Central Asia",TRUE,744,TRUE,29038,NA,NA,NA,NA,184,TRUE,140,TRUE,744,NA,NA,29038,FALSE,117.244195476228,1.05989395313846,195020487.377477,148385153.439385,4976456,4961.4389,1.13733,380627401462.693,76485.635854651,478763911513.813,7763.57,74.444580078125,87.0000552425146,29.6453160652366,25.9769791902199,36.0552722551197,NA,3.36383712525729,15.26282,58,35,257.652772910421,1.2828038,1.5262114,1.5151477,1.5850295,"Ireland","High income",FALSE,4328989625.05565,221215798.919583,569895144.303441,3924883496.4939,NA,149.503984361562,0.000512365863907966,FALSE,FALSE,"Ireland",11.2448582355784,5.55161283703117,FALSE,0.69,0.46,0.92,14.6933333333333,12,-0.19,NA,49.974998,9.8000002,10.0422867197057,189721017.611785,263300755.787211,0.266488654,0.046207265,0.312695919,FALSE,1190206350.96959,1145770265.85708,1.774355019,89,0.62,1.11
"IRL-2020","IRL","Ireland",2020,"Alta renda","Europe & Central Asia",TRUE,888,TRUE,30446,NA,NA,NA,NA,188,TRUE,138,TRUE,888,NA,NA,30446,FALSE,118.690501577198,1.04697858863637,196831974.663638,144483045.23182,5039747,5196.11055,1.12466,407856325068.063,80927.936475395,513013221788.168,8400.81,74.1961975097656,91.99989097,30.4353384554187,25.8991544690003,32.3402464273232,NA,3.36142776920367,11.42363,75,54,258.780437026252,1.3164499,1.525569,1.4383863,1.4828733,"Ireland","High income",FALSE,4586996945.51048,195020487.377477,613068260.960698,4328989625.05565,NA,176.199321116715,0.000482601255799553,FALSE,FALSE,"Ireland",11.3013143645173,5.55597996868092,FALSE,0.77,0.52,1.02,18.9816666666667,12,0.89,NA,34.299198,6.0999999,6.80573806581957,144483045.23182,189721017.611785,0.276834903,0.044050408,0.320885311,FALSE,1308751037.12783,1190206350.96959,1.774355019,89,0.62,1.11
"IRL-2021","IRL","Ireland",2021,"Alta renda","Europe & Central Asia",TRUE,1047,TRUE,33153,1,TRUE,NA,NA,845,TRUE,605,TRUE,1047,1,NA,NA,FALSE,124.266413825838,1,845000000,605000000,5110585,5213.43167,1.0732,474166373639.897,92781.2322150786,596419876445.516,9216.71,78.4613265991211,93.50610352,31.3616427884193,28.4781475271992,26.4830620089049,NA,2.48214874701819,10.9863,75,42,231.032350863586,1.5121521,1.6234764,1.5394911,1.6137217,"Ireland","High income",FALSE,5088753521.90337,196831974.663638,1236852462.04112,4586996945.51048,0.195672315400292,204.868914224105,0.00178207491499963,FALSE,FALSE,"Ireland",11.4379996592596,5.44255774774463,TRUE,0.85,0.57,1.13,11.27,12,0.92,NA,34.176998,3.5359001,6.68749233209114,353000000,144483045.23182,0.178117353,0.038891126,0.217008479,FALSE,1028981235.3654,1308751037.12783,1.774355019,89,0.62,1.11
"IRL-2022","IRL","Ireland",2022,"Alta renda","Europe & Central Asia",TRUE,1091,TRUE,28070,1,FALSE,1,FALSE,692,TRUE,376,TRUE,1091,NA,NA,NA,FALSE,134.21120616846,0.92590192259997,640724130.439179,348139122.897589,5212836,5554.98837,1.53215,509781668505.942,97793.5366671697,641217801698.032,8811.1,77.5933380126953,95.03690338,31.5362809040128,46.7867801497714,25.4419666716094,NA,1.60747302300572,NA,NA,NA,237.755419559378,1.6645235,1.655908,1.4939501,1.7408423,"Ireland","High income",FALSE,7810619834.01379,845000000,1682556105.10282,5088753521.90337,NA,209.291065362501,0.00125685988732588,FALSE,FALSE,"Ireland",11.4906137665913,5.47124249636812,FALSE,0.92,0.64,1.2,3.7775,12,2.18,NA,NA,NA,NA,331472888.290789,353000000,NA,NA,0.217008479,TRUE,1106269445.04557,1028981235.3654,1.774355019,89,0.62,1.11
"IRL-2023","IRL","Ireland",2023,"Alta renda","Europe & Central Asia",TRUE,1444,TRUE,25426,6,FALSE,3,FALSE,515,TRUE,225,TRUE,1444,NA,NA,NA,FALSE,139.73579356326,0.889295510169921,457987187.737509,200091489.788232,5311538,5752.79698,1.58829,496851698334.418,93541.9643678381,624954119495.209,8719.61,NA,96.8660965,31.8907830651788,47.7737732849219,25.2225553670442,NA,1.27071424651771,NA,NA,NA,239.649627585111,1.6276278,1.6620975,1.5770141,1.71601,"Ireland","High income",FALSE,7891445839.47573,640724130.439179,1943711318.17669,7810619834.01379,NA,271.860993934337,0.00092177844872586,FALSE,FALSE,"Ireland",11.446165431357,5.47917797160949,FALSE,1.005,0.7,1.31,-3.49166666666667,12,1.62,NA,NA,NA,NA,182305579.584834,331472888.290789,NA,NA,0.217008479,TRUE,1078210313.44119,1106269445.04557,1.774355019,89,0.62,1.11
"IRL-2024","IRL","Ireland",2024,"Alta renda","Europe & Central Asia",TRUE,1375,TRUE,16987,NA,NA,NA,NA,613,TRUE,378,TRUE,1375,NA,NA,NA,FALSE,143.857336014608,0.863817009743732,529519826.972908,326522829.683131,5395790,NA,1.58829,509767195342.461,94474.9879707069,641199596943.635,NA,NA,97.18769836,32.3023693358176,53.5184328432158,23.7845375555383,NA,1.22765500955195,NA,NA,NA,246.169874857401,1.6104571,1.5555842,1.5383985,1.7240172,"Ireland","High income",TRUE,8096581386.90477,457987187.737509,1628231145.1496,7891445839.47573,NA,254.82830132381,0.00103874833808632,FALSE,FALSE,"Ireland",11.4560904008899,5.50602184581448,FALSE,1.075,0.75,1.4,8.73416666666667,12,2.17,NA,NA,NA,NA,246187847.776964,182305579.584834,NA,NA,0.217008479,TRUE,1106238037.05363,1078210313.44119,1.774355019,89,0.62,1.11
"ISR-2016","ISR","Israel",2016,"Alta renda","Middle East, North Africa, Afghanistan & Pakistan",TRUE,728,TRUE,47633,6,TRUE,3,TRUE,795,TRUE,302,TRUE,728,6,3,47633,FALSE,110.06700893427,1.12900691159917,897560494.721337,340960087.302948,8546000,NA,4.59051,316578125375.869,37044.0118623764,358202003224.747,12363.13,61.4426498413086,79.6531241815281,27.5030283172787,21.8196172712291,64.9008451275146,66.644130138609,1.6065430145001,30.28489,1300,5119,57.9533051643572,1.5174683,1.1092437,0.9788916,1.2621662,"Israel","High income",FALSE,14532550503.1918,NA,NA,NA,0.702082845775802,85.1860519541306,0.00283519429415938,FALSE,FALSE,"Israel",10.5198619945141,4.0596376029196,FALSE,0.935,0.61,1.26,NA,NA,NA,NA,101.4465,22.0138,11.8706412356658,696597264.456686,NA,0.491197932,0.069614834,0.560812766,FALSE,1775410541.47136,NA,14.95814021,492,0.87,1.98
"ISR-2017","ISR","Israel",2017,"Alta renda","Middle East, North Africa, Afghanistan & Pakistan",TRUE,798,TRUE,59374,23,TRUE,15,TRUE,591,TRUE,519,TRUE,798,23,15,59374,FALSE,112.411557302308,1.10545941011785,653326511.379648,573733433.851163,8713300,NA,4.74032,330330105623.59,37911.0217281157,373762101911.896,12385.3,60.3434600830078,81.5811835871611,28.00833361537,21.0679788533896,64.8424704014193,64.6541951723508,1.29067074436065,31.23741,1436,5377,56.4519373834561,1.5356007,0.8070057,0.9673997,1.2401335,"Israel","High income",FALSE,15658704062.8962,897560494.721337,NA,14532550503.1918,2.63964284484638,91.5841300081485,0.00197779887529873,FALSE,FALSE,"Israel",10.5429971595615,4.0333896103514,TRUE,1.095,0.72,1.47,NA,NA,NA,NA,143.0154,24.2619,16.4134598831671,1169576055.90468,696597264.456686,0.448165273,0.072077111,0.520242384,FALSE,1718517216.56588,1775410541.47136,14.95814021,492,0.87,1.98
"ISR-2018","ISR","Israel",2018,"Alta renda","Middle East, North Africa, Afghanistan & Pakistan",TRUE,891,TRUE,63077,19,TRUE,11,TRUE,1351,TRUE,757,TRUE,891,19,11,63077,FALSE,115.157303224791,1.07910145814431,1457866069.95296,816879803.81524,8882800,NA,4.91965,343720034898.801,38695.0100079706,388912546952.038,12684.14,58.6109886169434,83.7331569615326,28.6131707306182,22.5362840096475,65.6306954870958,49.9284068447797,1.21092611547296,32.04547,1506,5857,58.8734013354625,1.4000881,0.7390337,0.8957986,1.2083815,"Israel","High income",FALSE,16909822696.8989,653326511.379648,3008753076.05395,15658704062.8962,2.13896519115594,100.306209753681,0.00424143466173623,FALSE,FALSE,"Israel",10.5634659303418,4.07538939843013,TRUE,1.27,0.84,1.7,16.1316666666667,12,NA,NA,174.418,41.038898,19.6354753005809,1385566272.25729,1169576055.90468,0.455708905,0.073973939,0.529682844,FALSE,1820626056.24976,1718517216.56588,14.95814021,492,0.87,1.98
"ISR-2019","ISR","Israel",2019,"Alta renda","Middle East, North Africa, Afghanistan & Pakistan",TRUE,1062,TRUE,62554,22,TRUE,11,TRUE,13311,TRUE,2972,TRUE,1062,22,11,62554,FALSE,117.244195476228,1.05989395313846,14108248410.2261,3150004828.72751,9054000,NA,5.35528,356021732427.035,39322.038041422,402831678895.998,12946.3,57.4564514160156,86.7878776180583,28.6567652412239,23.0916656017552,64.6830724126458,59.4605559297776,1.38801645888401,32.36272,1368,6370,56.5281618447823,1.5737184,0.7995968,0.914056,1.2754283,"Israel","High income",FALSE,19065960632.3185,1457866069.95296,16219440991.5587,16909822696.8989,2.42986525292688,117.296222664016,0.0396274921591128,FALSE,FALSE,"Israel",10.5795404051005,4.03473895370324,TRUE,1.465,0.99,1.94,13.9608333333333,12,-0.48,NA,233.3867,41.532101,25.7771924011487,1985181374.22834,1385566272.25729,0.440787652,0.069962534,0.510750186,FALSE,1818381660.5715,1820626056.24976,14.95814021,492,0.87,1.98
"ISR-2020","ISR","Israel",2020,"Alta renda","Middle East, North Africa, Afghanistan & Pakistan",TRUE,1295,TRUE,82456,24,TRUE,13,FALSE,2758,TRUE,1884,TRUE,1295,24,NA,82456,FALSE,118.690501577198,1.04697858863637,2887566947.45912,1972507660.99093,9215100,NA,5.83209,349605974158.5,37938.3809354755,395572372962.38,13366.53,57.633861541748,90.12734091,29.5678161933081,28.197643074759,67.9389454861554,63.7761606487812,1.3749571925134,28.46502,1642,6481,51.1403984551453,1.1512264,0.691795,0.8582508,1.1987444,"Israel","High income",FALSE,20389335058.3005,14108248410.2261,18453681427.6382,19065960632.3185,2.6044210046554,140.530216709531,0.00825948971383993,FALSE,FALSE,"Israel",10.5437185682367,3.93457476129036,TRUE,1.665,1.14,2.19,13.3258333333333,12,0.3,NA,275.61789,63.939701,29.9093759156168,2583943156.75457,1985181374.22834,0.437436613,0.068866019,0.506302632,FALSE,1770064248.79373,1818381660.5715,14.95814021,492,0.87,1.98
"ISR-2021","ISR","Israel",2021,"Alta renda","Middle East, North Africa, Afghanistan & Pakistan",TRUE,1505,TRUE,61382,27,TRUE,11,FALSE,6847,TRUE,3621,TRUE,1505,27,NA,NA,FALSE,124.266413825838,1,6847000000,3621000000,9371400,NA,5.75725,382242904637.58,40788.2391785198,432500426228.325,14633.85,60.2585487365723,90.29689758,29.7078785417387,29.5956758722761,69.2009240511496,73.9417165321251,1.05034256985074,29.30272,1592,8017,54.8184036562688,1.4717497,0.9234492,0.8569905,1.2009851,"Israel","High income",FALSE,22006679627.2471,2887566947.45912,23842815357.6852,20389335058.3005,2.88110634483642,160.59500181403,0.0179126935174687,FALSE,FALSE,"Israel",10.6161490634102,4.00402597071823,TRUE,1.88,1.31,2.45,10.0916666666667,12,0.41,NA,261.6492,45.140499,27.919969268199,4873000000,2583943156.75457,0.396982661,0.061427781,0.458410442,FALSE,1752241388.66277,1770064248.79373,14.95814021,492,0.87,1.98
"ISR-2022","ISR","Israel",2022,"Alta renda","Middle East, North Africa, Afghanistan & Pakistan",TRUE,1462,TRUE,41186,30,FALSE,8,FALSE,5829,TRUE,4104,TRUE,1462,NA,NA,NA,FALSE,134.21120616846,0.92590192259997,5397082306.83522,3799901490.35028,9557500,NA,6.17831,406569119633.763,42539.2748766689,460025066258.848,14331.79,58.9500617980957,91.85079615,29.1676695245416,29.1090540410523,70.1452401316966,51.3440364707919,0.711449035516496,NA,NA,NA,60.6358428266501,1.4330248,0.8851357,0.7752117,1.1375453,"Israel","High income",FALSE,25119100575.2447,6847000000,15131649254.2943,22006679627.2471,NA,152.968872613131,0.0132746980678142,FALSE,FALSE,"Israel",10.6581830429265,4.10488618401463,FALSE,2.065,1.47,2.66,3.30416666666667,12,1.13,NA,NA,NA,NA,4707285374.49825,4873000000,NA,NA,0.458410442,TRUE,1863755298.34864,1752241388.66277,14.95814021,492,0.87,1.98
"ISR-2023","ISR","Israel",2023,"Alta renda","Middle East, North Africa, Afghanistan & Pakistan",TRUE,1622,TRUE,35597,58,FALSE,4,FALSE,2896,TRUE,1408,TRUE,1622,NA,NA,NA,FALSE,139.73579356326,0.889295510169921,2575399797.45209,1252128078.31925,9849000,NA,6.34589,414955522699.101,42131.7415675806,469514118524.502,13844.24,57.143440246582,87.03842615,29.4357235504327,34.9377735824443,69.3907873036217,51.5185123771564,0.971523456197714,NA,NA,NA,57.977782328645,1.2577528,0.8698407,0.6303991,1.0535638,"Israel","High income",FALSE,26332621019.41,5397082306.83522,14819482104.2873,25119100575.2447,NA,164.68677023048,0.00620644781566048,FALSE,FALSE,"Israel",10.6485566920627,4.06005987385971,FALSE,2.18,1.56,2.8,-0.773333333333333,12,-0.63,NA,NA,NA,NA,1676322036.6703,4707285374.49825,NA,NA,0.458410442,TRUE,1902199445.70836,1863755298.34864,14.95814021,492,0.87,1.98
"ISR-2024","ISR","Israel",2024,"Alta renda","Middle East, North Africa, Afghanistan & Pakistan",TRUE,1407,TRUE,15938,20,FALSE,2,FALSE,6698,TRUE,3482,TRUE,1407,NA,NA,NA,FALSE,143.857336014608,0.863817009743732,5785846331.26352,3007810827.92768,10002200,NA,6.34589,418912615202.685,41882.0474698252,473991491874.434,NA,56.2561111450195,88.18242225,29.1837101461688,37.2335173751738,69.5099804468565,61.0162974161207,0.721349952547698,NA,NA,NA,54.3822563777332,1.2820002,0.9471927,0.6358185,1.0931036,"Israel","High income",TRUE,26583733756.8857,2575399797.45209,13758328435.5508,26332621019.41,NA,140.669052808382,0.0138115829442475,FALSE,FALSE,"Israel",10.6426125527538,3.99603793113008,FALSE,2.24,1.6,2.88,10.4941666666667,12,-2.1,NA,NA,NA,NA,1731089287.52644,1676322036.6703,NA,NA,0.458410442,TRUE,1920339170.94439,1902199445.70836,14.95814021,492,0.87,1.98
"ITA-2016","ITA","Italy",2016,"Alta renda","Europe & Central Asia",TRUE,3878,TRUE,128462,23,TRUE,13,TRUE,20,TRUE,12,TRUE,3878,23,13,128462,FALSE,110.06700893427,1.12900691159917,22580138.2319833,13548082.93919,60115223,2209.59265,1.35915,1868241619489.51,31077.6792675211,2884799580139.13,69301.08,61.3571014404297,61.3242527666303,25.7337403103573,8.29074616964551,84.4917347012215,NA,17.1162385246124,11.89046,8848,973,54.4321467018313,0.5042485,0.135199,0.4858358,0.7158044,"Italy","High income",FALSE,25392205971.2917,NA,NA,NA,0.3825985973636,64.5094504598278,0.0000120863051098033,FALSE,FALSE,"Italy",10.3442451320515,3.99695491134928,FALSE,0.18,0.14,0.22,NA,NA,NA,NA,25.4881,5.5332999,0.423987448237529,24838152.0551817,NA,0.330048093,0.171680013,0.501728106,FALSE,9373493292.96844,NA,1.380678365,85,0.9,0.41
"ITA-2017","ITA","Italy",2017,"Alta renda","Europe & Central Asia",TRUE,4044,TRUE,140291,31,TRUE,20,TRUE,14,TRUE,10,TRUE,4044,31,20,140291,FALSE,112.411557302308,1.10545941011785,15476431.7416499,11054594.1011785,60002252,2322.42382,1.36393,1898202609462.08,31635.52277108,2931063109648.27,70101.05,62.69580078125,63.0773469984291,27.4652917045411,7.8052686500986,80.4167170633531,NA,14.3832990405839,15.72168,8643,1031,57.5829940274911,0.4620717,0.2053888,0.457848,0.7120724,"Italy","High income",FALSE,25890154851.2361,22580138.2319833,NA,25392205971.2917,0.516647275172272,67.3974703482796,0.00000815320328004168,FALSE,FALSE,"Italy",10.36203590653,4.0532272815309,TRUE,0.2,0.15,0.25,NA,NA,NA,NA,37.408298,9.5160999,0.623448233242979,48640214.0451853,24838152.0551817,0.322965464,0.169215432,0.492180896,FALSE,9342590611.14585,9373493292.96844,1.380678365,85,0.9,0.41
"ITA-2018","ITA","Italy",2018,"Alta renda","Europe & Central Asia",TRUE,4583,TRUE,153074,48,TRUE,20,TRUE,229,TRUE,18,TRUE,4583,48,20,153074,FALSE,115.157303224791,1.07910145814431,247114233.915046,19423826.2465975,59877221,2524.31271,1.41934,1913894038926.83,31963.6417148824,2955292646480.9,71037.79,64.4753265380859,74.3871829234822,28.4648521996575,7.47655885813922,76.4482228153834,NA,8.38628316437891,14.28886,8921,900,59.2749835128154,0.5748608,0.2567966,0.4178291,0.6451365,"Italy","High income",FALSE,27164663652.1041,15476431.7416499,285170803.888679,25890154851.2361,0.801640410131926,76.5399583257212,0.000129115943144694,FALSE,FALSE,"Italy",10.3723543394115,4.08218735380407,TRUE,0.23,0.17,0.29,18.2941666666667,12,NA,NA,52.1833,6.9000001,0.871505041959112,94960928.316699,48640214.0451853,0.324797876,0.177651554,0.50244943,FALSE,9616349689.39184,9342590611.14585,1.380678365,85,0.9,0.41
"ITA-2019","ITA","Italy",2019,"Alta renda","Europe & Central Asia",TRUE,5173,TRUE,165205,64,TRUE,44,TRUE,200,TRUE,12,TRUE,5173,64,44,165205,FALSE,117.244195476228,1.05989395313846,211978790.627693,12718727.4376616,59729081,2670.65345,1.45558,1922107755078.16,32180.4341017428,2967975655283.17,73935.81,65.6895065307617,67.8507102874836,29.0544644701951,7.75802459594121,73.4404069738438,NA,6.74918443535525,13.60503,9229,898,58.6941902594738,0.5903218,0.2908701,0.5338014,0.7677291,"Italy","High income",FALSE,27977816061.3667,247114233.915046,474569456.284389,27164663652.1041,1.07150485037598,86.6077279842963,0.000110284550940316,FALSE,FALSE,"Italy",10.3791139102547,4.0723407485027,TRUE,0.27,0.2,0.34,25.9608333333333,12,-0.1,0.5,61.5881,11.3056,1.03112418555377,24377560.9221846,94960928.316699,0.328251742,0.184049301,0.512301043,FALSE,9846978076.8493,9616349689.39184,1.380678365,85,0.9,0.41
"ITA-2020","ITA","Italy",2020,"Alta renda","Europe & Central Asia",TRUE,6210,TRUE,211982,65,TRUE,28,FALSE,304,TRUE,43,TRUE,6210,65,NA,211982,FALSE,118.690501577198,1.04697858863637,318281490.945457,45020079.311364,59438851,2614.68181,1.49869,1751650987235.43,29469.7989238626,2704769008361.9,80141.63,68.7231063842773,70.48342785,30.2586365187027,8.587243012964,82.6528242104143,NA,4.35972073669911,11.82571,10061,947,53.9394839042764,0.6093894,0.4216932,0.5118153,0.5515335,"Italy","High income",FALSE,26251818180.5987,211978790.627693,777374515.488196,27977816061.3667,1.09356084289045,104.477120528457,0.000181703714532648,FALSE,FALSE,"Italy",10.2911212526295,3.98786274970653,TRUE,0.3,0.22,0.38,21.9025,12,-0.17,0.66,86.648003,12.8631,1.45776712608391,165422617.004547,24377560.9221846,0.347851943,0.199078951,0.546930894,FALSE,9580320404.24656,9846978076.8493,1.380678365,85,0.9,0.41
"ITA-2021","ITA","Italy",2021,"Alta renda","Europe & Central Asia",TRUE,7278,TRUE,190892,108,TRUE,34,FALSE,2830,TRUE,109,TRUE,7278,108,NA,NA,FALSE,124.266413825838,1,2830000000,109000000,59133173,2658.8949,1.41065,1908092024820.83,32267.7091050201,2946333608376.65,85699.51,71.2745208740234,74.8623274,31.2852927413407,7.77024565516253,76.0051221503914,NA,3.34809683915317,13.16945,10281,797,60.3019776202798,0.7148375,0.5561925,0.5725757,0.6348189,"Italy","High income",FALSE,26916500148.135,318281490.945457,3360260281.57315,26251818180.5987,1.82638601179071,123.078124016785,0.00148315697732961,FALSE,FALSE,"Italy",10.3818222910485,4.09936489955157,TRUE,0.335,0.24,0.43,15.4008333333333,12,-0.03,0.66,87.0933,14.9583,1.47283319296937,164000000,165422617.004547,0.348592032,0.203008611,0.551600643,FALSE,10525047877.9434,9580320404.24656,1.380678365,85,0.9,0.41
"ITA-2022","ITA","Italy",2022,"Alta renda","Europe & Central Asia",TRUE,7629,TRUE,157080,82,FALSE,18,FALSE,85,TRUE,56,TRUE,7629,NA,NA,NA,FALSE,134.21120616846,0.92590192259997,78701663.4209974,51850507.6655983,59013667,2795.53412,1.36563,2000084512919.56,33891.8866526216,3088381557782.51,83236.9,73.8962097167969,85.06074504,31.19136706407,9.15916231271025,69.5868608578087,NA,2.79682283767597,NA,NA,NA,72.0165023032697,0.796147,0.5888231,0.5588422,0.639532,"Italy","High income",FALSE,27313754133.7834,2830000000,3226983154.36645,26916500148.135,NA,129.275138926717,0.0000393491689539234,FALSE,FALSE,"Italy",10.430930932943,4.27689529141058,FALSE,0.365,0.26,0.47,6.29416666666667,12,-0.23,0.88,NA,NA,NA,526838193.959383,164000000,NA,NA,0.551600643,TRUE,11032479033.8077,10525047877.9434,1.380678365,85,0.9,0.41
"ITA-2023","ITA","Italy",2023,"Alta renda","Europe & Central Asia",TRUE,9074,TRUE,153688,101,FALSE,11,FALSE,260,TRUE,156,TRUE,9074,NA,NA,NA,FALSE,139.73579356326,0.889295510169921,231216832.644179,138730099.586508,58984216,2855.12509,1.37935,2018541223675.26,34221.7182928271,3116881036053.08,82770.89,75.9496536254883,87.0278292,31.8410876819321,9.9836968942283,63.1228344360625,NA,2.7140816371624,NA,NA,NA,65.1028419441908,0.8578436,0.5664992,0.6108331,0.6948698,"Italy","High income",FALSE,27842748368.7647,78701663.4209974,3139918496.06518,27313754133.7834,NA,153.837765682941,0.000114546500181547,FALSE,FALSE,"Italy",10.4406157593015,4.17596820331836,FALSE,0.4,0.28,0.52,5.75333333333333,12,-0.26,0.74,NA,NA,NA,161851782.850926,526838193.959383,NA,NA,0.551600643,TRUE,11134286369.0128,11032479033.8077,1.380678365,85,0.9,0.41
"ITA-2024","ITA","Italy",2024,"Alta renda","Europe & Central Asia",TRUE,8772,TRUE,86536,46,FALSE,1,FALSE,459,TRUE,228,TRUE,8772,NA,NA,NA,FALSE,143.857336014608,0.863817009743732,396492007.472373,196950278.221571,58952704,NA,1.37935,2034347191418.34,34508.1235191237,3141287434365.39,NA,NA,89.2207202,31.7807732477772,12.2827088504022,60.3040047752275,NA,2.7684931969344,NA,NA,NA,62.5926144915658,0.8357122,0.5460285,0.5630504,0.6495161,"Italy","High income",TRUE,28060767984.8289,231216832.644179,706410503.537549,27842748368.7647,NA,148.797246009275,0.000194898889012126,FALSE,FALSE,"Italy",10.4489500396245,4.13664729177798,FALSE,0.42,0.29,0.55,11.8491666666667,12,-0.1,0.87,NA,NA,NA,405130177.56981,161851782.850926,NA,NA,0.551600643,TRUE,11221472188.716,11134286369.0128,1.380678365,85,0.9,0.41
"JPN-2016","JPN","Japan",2016,"Alta renda","East Asia & Pacific",TRUE,6688,TRUE,101519,1530,TRUE,1353,TRUE,292,TRUE,195,TRUE,6688,1530,1353,101519,FALSE,110.06700893427,1.12900691159917,329670018.186957,220156347.761837,127076000,5232.70894,3.10665,4566405760116.54,35934.4467886662,5709095200093.08,101166.54,62.4975395202637,93.1827212821617,31.3035556297124,17.620423854837,160.034919112629,96.9658143386727,1.39676981537012,16.86931,260244,58137,30.6562793068554,1.8075054,1.4472443,1.4317807,1.5258595,"Japan","High income",FALSE,141862244546.66,NA,NA,NA,12.0400390317605,52.6299222512512,0.0000721946396148868,FALSE,FALSE,"Japan",10.4894516350064,3.42283751274823,FALSE,NA,NA,NA,NA,NA,NA,NA,1736.1976,486.56061,13.6626711574176,399668446.706105,NA,0.382665772,0.234511208,0.61717698,FALSE,28182805164.8333,NA,5.892677976,388,NA,NA
"JPN-2017","JPN","Japan",2017,"Alta renda","East Asia & Pacific",TRUE,7084,TRUE,146152,2618,TRUE,2290,TRUE,947,TRUE,401,TRUE,7084,2618,2290,146152,FALSE,112.411557302308,1.10545941011785,1046870061.3816,443289223.457257,126972000,5319.83455,3.16636,4640539102852.95,36547.7357437305,5801779541655.51,101854.44,63.287540435791,91.7265472366635,31.8990791226107,17.5942774665502,165.066755851422,123.512090450451,1.19184799909608,16.95478,260292,58189,33.6888336792782,1.7106234,1.4781864,1.49256,1.3959066,"Japan","High income",FALSE,146936173937.095,329670018.186957,NA,141862244546.66,20.6187190876729,55.7918281195854,0.000225592337049373,FALSE,FALSE,"Japan",10.506374513703,3.51716643762295,TRUE,NA,NA,NA,NA,NA,NA,NA,2254.45,612.68811,17.7554893992376,742868723.599193,399668446.706105,0.380361182,0.247411463,0.627772645,FALSE,29132035068.2392,28182805164.8333,5.892677976,388,NA,NA
"JPN-2018","JPN","Japan",2018,"Alta renda","East Asia & Pacific",TRUE,8185,TRUE,180632,3886,TRUE,3342,TRUE,999,TRUE,562,TRUE,8185,3886,3342,180632,FALSE,115.157303224791,1.07910145814431,1078022356.68616,606455019.4771,126811000,5339.51713,3.2192,4679247874199.03,36899.3847079435,5850174728658.72,101998.64,62.6058502197266,88.7463508901772,32.6965336498031,17.2970528139362,164.337775310176,102.765022446672,1.07338670657475,16.26689,253630,59937,35.8035749582494,1.8169671,1.392157,1.4802271,1.3742974,"Japan","High income",FALSE,150634347566.215,1046870061.3816,2454562436.25472,146936173937.095,30.6440293034516,64.544873867409,0.00023038368252092,FALSE,FALSE,"Japan",10.5159501553081,3.57804774759004,TRUE,NA,NA,NA,NA,NA,NA,NA,2879.5811,720.80908,22.7076602187507,1484843606.40657,742868723.599193,0.372128816,0.249560705,0.621689521,FALSE,29090393695.5106,29132035068.2392,5.892677976,388,NA,NA
"JPN-2019","JPN","Japan",2019,"Alta renda","East Asia & Pacific",TRUE,9226,TRUE,199816,4559,TRUE,3901,TRUE,1255,TRUE,685,TRUE,9226,4559,3901,199816,FALSE,117.244195476228,1.05989395313846,1330166911.18877,726027357.899847,126633000,5376.11987,3.21824,4664812538574.46,36837.2583653113,5832127119739.3,100156.22,62.4008407592773,92.7303978145525,33.545921250597,17.0303844450023,172.484602282465,118.020633625372,1.11143560418892,14.27734,245372,62597,34.3582972799989,1.8278155,1.4344153,1.5068825,1.3946265,"Japan","High income",FALSE,150124863041.419,1078022356.68616,3455059329.25653,150634347566.215,36.0016741291764,72.8562065180482,0.000285149060158216,FALSE,FALSE,"Japan",10.5142650675487,3.53684354059126,TRUE,NA,NA,NA,NA,NA,NA,NA,3116.9424,713.4845,24.6139821373576,1538966019.95705,1484843606.40657,0.376289902,0.251383555,0.627673457,FALSE,29279790123.4398,29090393695.5106,5.892677976,388,NA,NA
"JPN-2020","JPN","Japan",2020,"Alta renda","East Asia & Pacific",TRUE,9668,TRUE,189295,4589,TRUE,3745,FALSE,1104,TRUE,694,TRUE,9668,4589,NA,189295,FALSE,118.690501577198,1.04697858863637,1155864361.85456,726603140.513643,126261000,5450.44287,3.26556,4465005582812.98,35363.2996951789,5582320818677.27,100403.47,62.2987403869629,90.21945812,34.8370612448992,18.6333487896777,190.118294582821,129.465480808821,1.13897924015799,14.28424,227348,61124,30.5192226892273,1.8681544,1.4311269,1.5029907,1.3760918,"Japan","High income",FALSE,145807436310.108,1330166911.18877,3564053629.72949,150124863041.419,36.3453481280839,76.5715462415156,0.00025887187382336,FALSE,FALSE,"Japan",10.4734298295692,3.41835673719373,TRUE,NA,NA,NA,NA,NA,NA,NA,2869.2544,740.7973,22.7247875432636,1553716225.53638,1538966019.95705,0.382491434,0.270573478,0.653064912,FALSE,29159384780.1927,29279790123.4398,5.892677976,388,NA,NA
"JPN-2021","JPN","Japan",2021,"Alta renda","East Asia & Pacific",TRUE,10165,TRUE,152292,4597,TRUE,3357,FALSE,1320,TRUE,952,TRUE,10165,4597,NA,NA,FALSE,124.266413825838,1,1320000000,952000000,125681593,5589.76698,3.27383,4624147102598.69,36792.556429474,5781285635750.58,106309.76,62.0412483215332,82.91407928,35.9391724358064,18.0039913482614,188.29266863888,125.227453889557,1.22751856952344,12.85732,222452,66748,35.4253927340539,1.7432849,1.4567584,1.5312541,1.3996019,"Japan","High income",FALSE,151386715089.007,1155864361.85456,3806031273.04333,145807436310.108,36.5765573961177,80.8789875857159,0.000285458046794874,FALSE,FALSE,"Japan",10.5130508327593,3.56742887186826,TRUE,NA,NA,NA,NA,NA,NA,NA,2587.0176,738.66309,20.5839020515916,2003000000,1553716225.53638,0.391283399,0.275400984,0.666684383,FALSE,30828466579.9725,29159384780.1927,5.892677976,388,NA,NA
"JPN-2022","JPN","Japan",2022,"Alta renda","East Asia & Pacific",TRUE,9888,TRUE,111890,4300,FALSE,2269,FALSE,722,TRUE,513,TRUE,9888,NA,NA,NA,FALSE,134.21120616846,0.92590192259997,668501188.117178,474987686.293784,125124989,5629.79566,3.40053,4685724442189.07,37448.3504824849,5858271981764.86,102422.96,63.3752288818359,84.92343147,36.8414210393741,18.2592615351902,186.792764445788,120.9645737572,1.23401036286557,NA,NA,NA,44.86063102004,2.0523594,1.442643,1.5109912,1.4117487,"Japan","High income",FALSE,159339465373.972,1320000000,3144365549.97174,151386715089.007,NA,79.0249819722262,0.000142667627250583,FALSE,FALSE,"Japan",10.5307179421138,3.80356059542291,FALSE,NA,NA,NA,NA,NA,NA,NA,NA,NA,NA,2036984229.71993,2003000000,NA,NA,0.666684383,TRUE,31238993086.4884,30828466579.9725,5.892677976,388,NA,NA
"JPN-2023","JPN","Japan",2023,"Alta renda","East Asia & Pacific",TRUE,10956,TRUE,102188,3731,FALSE,837,FALSE,2856,TRUE,1239,TRUE,10956,NA,NA,NA,FALSE,139.73579356326,0.889295510169921,2539827977.04529,1101837137.10053,124516650,5608.63075,3.44125,4719498455389.44,37902.5492204411,5900497545321.7,96543.44,64.4907608032227,85.00990295,38.6312383711286,17.1028060703212,186.110890163352,140.237275891347,NA,NA,NA,NA,43.5950833802735,2.0275797,1.3673969,1.511877,1.3494293,"Japan","High income",FALSE,162409740596.089,668501188.117178,4528329165.16247,159339465373.972,NA,87.9882328989737,0.000538156331875674,FALSE,FALSE,"Japan",10.5427736505616,3.77494437748888,FALSE,NA,NA,NA,NA,NA,NA,NA,NA,NA,NA,1801712703.60426,2036984229.71993,NA,NA,0.666684383,TRUE,31464159158.0076,31238993086.4884,5.892677976,388,NA,NA
"JPN-2024","JPN","Japan",2024,"Alta renda","East Asia & Pacific",TRUE,10515,TRUE,54716,1782,FALSE,254,FALSE,1807,TRUE,1157,TRUE,10515,NA,NA,NA,FALSE,143.857336014608,0.863817009743732,1560917336.60692,999436280.273498,123975371,NA,3.44125,4708167683577.82,37976.6371788298,5886331380867.35,NA,NA,85.54153081,NA,17.5547415163067,187.06798522924,150.612627620477,NA,NA,NA,NA,44.8529388577573,2.0681175,1.3698119,1.5183606,1.2446023,"Japan","High income",TRUE,162019820411.122,2539827977.04529,4769246501.76939,162409740596.089,NA,84.8152331804678,0.000331533930291274,FALSE,FALSE,"Japan",10.5447264385513,3.80338911272945,FALSE,NA,NA,NA,NA,NA,NA,NA,NA,NA,NA,1560917336.60692,1801712703.60426,NA,NA,0.666684383,TRUE,31388618671.8662,31464159158.0076,5.892677976,388,NA,NA
"KOR-2016","KOR","South Korea",2016,"Alta renda","East Asia & Pacific",FALSE,3079,TRUE,78247,1293,TRUE,1012,TRUE,169,TRUE,72,TRUE,3079,1293,1012,78247,FALSE,110.06700893427,1.12900691159917,190802168.060259,81288497.63514,51217803,7057.16003,3.78638,1588028842393.05,31005.4072876388,2360538554612.69,61914.97,93.6577224731445,92.8430256796075,40.0712454963259,30.5250266717443,128.040688171137,79.4440535898387,0.4692207914451,11.16038,163424,45406,69.8997221316919,1.1821982,0.3554623,1.0393507,0.9738328,"Korea, Rep.","High income",FALSE,60128806482.602,NA,NA,NA,25.2451281442119,60.1158155885757,0.000120150316522421,FALSE,FALSE,"South Korea",10.3419168968899,4.24706167400571,FALSE,NA,NA,NA,NA,NA,NA,NA,563.32892,39.089199,10.9986935597374,217898333.938639,NA,0.364198198,0.460283844,0.824482042,FALSE,13093012627.3112,NA,8.962056925,270,0.63,1.07
"KOR-2017","KOR","South Korea",2017,"Alta renda","East Asia & Pacific",FALSE,3352,TRUE,122709,2547,TRUE,2018,TRUE,172,TRUE,126,TRUE,3352,2547,2018,122709,FALSE,112.411557302308,1.10545941011785,190139018.54027,139287885.674849,51361911,7453.21918,4.07341,1642548917819.59,31979.9027302467,2441580369855.04,62977.5,93.7230224609375,95.0694218761004,41.1680978249153,32.546316460744,129.53913562367,103.600239156409,0.352361433161397,11.6591,159084,45691,73.1921408264016,1.1962522,0.4301716,1.0249765,0.9630316,"Korea, Rep.","High income",FALSE,66907751873.355,190802168.060259,NA,60128806482.602,49.5892763803123,65.2623692292134,0.000115758511955109,FALSE,FALSE,"South Korea",10.3728629448025,4.29308804944361,TRUE,NA,NA,NA,NA,NA,NA,NA,754.49481,71.514702,14.6897729330982,831305476.408621,217898333.938639,0.364031681,0.459210343,0.823242024,FALSE,13522152956.2481,13093012627.3112,8.962056925,270,0.63,1.07
"KOR-2018","KOR","South Korea",2018,"Alta renda","East Asia & Pacific",FALSE,4272,TRUE,169830,4415,TRUE,3527,TRUE,350,TRUE,285,TRUE,4272,4415,3527,169830,FALSE,115.157303224791,1.07910145814431,377685510.350507,307543915.571127,51585058,7918.46916,4.27155,1694718171579.25,32852.8887488942,2519127786865.1,64793.42,93.3281784057617,96.0228595797887,41.2189959375994,36.3912233579129,133.504139589217,77.4957041510036,0.254435738088804,11.44263,162561,47431,74.7075162140824,1.3742903,0.5431861,1.1150271,0.9691093,"Korea, Rep.","High income",FALSE,72390734058.0935,190139018.54027,758626696.951036,66907751873.355,85.5867991851439,82.8146786226353,0.000222860365035536,FALSE,FALSE,"South Korea",10.3997949576079,4.31358070573947,TRUE,NA,NA,NA,15.3533333333333,12,NA,NA,1112.5758,100.9053,21.5677919757306,1197802618.54018,831305476.408621,0.3714278,0.454969717,0.826397517,FALSE,14005108890.0787,13522152956.2481,8.962056925,270,0.63,1.07
"KOR-2019","KOR","South Korea",2019,"Alta renda","East Asia & Pacific",FALSE,5171,TRUE,233171,7022,TRUE,5495,TRUE,814,TRUE,558,TRUE,5171,7022,5495,233171,FALSE,117.244195476228,1.05989395313846,862753677.854709,591420825.851262,51764822,8328.96727,4.36379,1733930596323.25,33496.3113815643,2577415418649.28,67687.84,93.9989166259766,96.157579184239,42.0373507524342,32.4050621736765,142.652478447088,84.797345715138,0.251149391152259,11.27304,171603,47372,71.4470632403511,1.5445177,0.6151906,1.1129017,0.9423262,"Korea, Rep.","High income",FALSE,75665089969.2944,377685510.350507,1430578206.74549,72390734058.0935,135.651968435244,99.8940941012026,0.000497571056006598,FALSE,FALSE,"South Korea",10.4191906037378,4.26895680122676,TRUE,NA,NA,NA,23.7116666666667,12,-0.46,NA,2164.8726,175.62061,41.8213086872007,1081091832.20123,1197802618.54018,0.383042675,0.462360446,0.845403121,FALSE,14658703377.2907,14005108890.0787,8.962056925,270,0.63,1.07
"KOR-2020","KOR","South Korea",2020,"Alta renda","East Asia & Pacific",FALSE,6689,TRUE,252292,8731,TRUE,6584,FALSE,1268,TRUE,646,TRUE,6689,8731,NA,252292,FALSE,118.690501577198,1.04697858863637,1327568850.39092,676348168.259097,51836239,8620.009,4.5214,1721788880530.99,33215.9298928108,2559367265189.04,69089.86,96.8767700195312,96.50506052,43.0540600860627,35.6022265413283,154.747902042613,124.776480023799,0.249044148161992,10.48836,180477,46282,65.544957860621,1.5408948,0.7585384,1.1612116,0.9406205,"Korea, Rep.","High income",FALSE,77848962444.3282,862753677.854709,2568008038.59614,75665089969.2944,168.43428783481,129.040997746769,0.000771040436723871,FALSE,FALSE,"South Korea",10.4107848558782,4.18273628674196,TRUE,NA,NA,NA,16.2683333333333,12,0.48,NA,1792.8632,134.4142,34.5870617658044,1280454813.90228,1081091832.20123,0.430423954,0.484750554,0.915174508,FALSE,15757372916.1982,14658703377.2907,8.962056925,270,0.63,1.07
"KOR-2021","KOR","South Korea",2021,"Alta renda","East Asia & Pacific",FALSE,8199,TRUE,252465,10153,TRUE,6939,FALSE,5776,TRUE,3619,TRUE,8199,10153,NA,NA,FALSE,124.266413825838,1,5776000000,3619000000,51769539,9071.4503,4.59673,1801214449834.76,34792.9397214598,2677430056971.27,72352.13,100.359878540039,97.57132698,44.2526082339633,36.014503674486,159.926120236306,114.227598704334,0.233334670386676,10.19327,186245,51753,75.3063047610912,1.5926219,0.7640553,1.1832355,1.0205001,"Korea, Rep.","High income",FALSE,82796964979.8894,1327568850.39092,7966322528.24563,77848962444.3282,196.119188930773,158.374985722782,0.00320672532941865,FALSE,FALSE,"South Korea",10.4571697636121,4.32156385986776,TRUE,NA,NA,NA,18.6341666666667,12,0.19,NA,2009.6935,166.99519,38.8199999231208,4692000000,1280454813.90228,0.450393592,0.481722176,0.932115768,FALSE,16789403902.4042,15757372916.1982,8.962056925,270,0.63,1.07
"KOR-2022","KOR","South Korea",2022,"Alta renda","East Asia & Pacific",FALSE,8880,TRUE,195685,11279,FALSE,6460,FALSE,3249,TRUE,2386,TRUE,8880,NA,NA,NA,FALSE,134.21120616846,0.92590192259997,3008255346.5273,2209201987.32353,51672569,9434.7613,4.84753,1850343736945.76,35809.0138105144,2750458690513.83,71998.13,102.813056945801,97.16855335,45.4542124182774,36.118278931217,162.769501736717,91.393869563349,0.24216660171932,NA,NA,NA,90.5851475278549,1.4695112,0.8225364,1.188863,1.0498343,"Korea, Rep.","High income",FALSE,89695967751.5668,5776000000,10111824196.9182,82796964979.8894,NA,171.851335667093,0.00162578189471586,FALSE,FALSE,"South Korea",10.4859549231135,4.50629026503906,FALSE,NA,NA,NA,7.335,12,0,NA,NA,NA,NA,3892491682.61027,4692000000,NA,NA,0.932115768,TRUE,17247345734.2719,16789403902.4042,8.962056925,270,0.63,1.07
"KOR-2023","KOR","South Korea",2023,"Alta renda","East Asia & Pacific",FALSE,10326,TRUE,172408,12103,FALSE,4539,FALSE,3252,TRUE,2626,TRUE,10326,NA,NA,NA,FALSE,139.73579356326,0.889295510169921,2891988999.07258,2335290009.70621,51712619,9471.82543,4.94352,1879634949821.72,36347.7036392553,2793998855187.97,71724.33,106.709167480469,97.41597478,46.5676352036327,30.2762799912651,163.515631501207,106.678084519135,0.263676055649087,NA,NA,NA,82.2580090716629,1.4852232,0.9034859,1.1763815,0.9528731,"Korea, Rep.","High income",FALSE,92920129671.4267,3008255346.5273,11676244345.5999,89695967751.5668,NA,199.680468707261,0.00153859077761183,FALSE,FALSE,"South Korea",10.5008863073555,4.40986075963633,FALSE,NA,NA,NA,4.53333333333333,12,-0.52,NA,NA,NA,NA,2141423588.48917,3892491682.61027,NA,NA,0.932115768,TRUE,17520373748.1271,17247345734.2719,8.962056925,270,0.63,1.07
"KOR-2024","KOR","South Korea",2024,"Alta renda","East Asia & Pacific",FALSE,9773,TRUE,90112,6583,FALSE,2245,FALSE,2526,TRUE,1897,TRUE,9773,NA,NA,NA,FALSE,143.857336014608,0.863817009743732,2182001766.61267,1638660867.48386,51751065,NA,4.94352,1917295522781.86,37048.4264001496,2849979724104.21,NA,111.853302001953,97.89563777,47.8014965507867,36.2582559366674,160.347182678236,83.0488083580649,NA,NA,NA,NA,84.6424951192038,1.400505,0.8748275,1.1191619,0.9605627,"Korea, Rep.","High income",TRUE,94781887627.8258,2891988999.07258,8082246112.21255,92920129671.4267,NA,188.846355142643,0.00113806230739367,FALSE,FALSE,"South Korea",10.5199811574916,4.43843644687213,FALSE,NA,NA,NA,9.66583333333333,12,-0.36,NA,NA,NA,NA,2423870529.34091,2141423588.48917,NA,NA,0.932115768,TRUE,17871413887.0077,17520373748.1271,8.962056925,270,0.63,1.07
"LUX-2016","LUX","Luxembourg",2016,"Alta renda","Europe & Central Asia",TRUE,128,TRUE,3333,4,TRUE,3,TRUE,0,TRUE,0,TRUE,128,4,3,3333,FALSE,110.06700893427,1.12900691159917,0,0,582014,4802.1785,1.2669,63062062097.5,108351.452194449,77793000767.3091,875.81,19.9203605651856,98.1366986657616,34.8068400324932,7.96708640448661,96.2530859448861,97.8997356843619,0.904844283559195,54.32573,143,301,348.437409376889,1.9184692,2.1927245,1.7835097,1.7042333,"Luxembourg","High income",FALSE,798933264.713228,NA,NA,NA,6.87268691131141,219.925981161965,0,TRUE,FALSE,"Luxembourg",11.5931354096846,5.85345861400424,FALSE,0.65,0.45,0.85,NA,NA,NA,NA,0.86669999,0.2,1.48913941932668,4516027.64639666,NA,0.241424416,0.32272947,0.564153886,FALSE,355767073.914779,NA,0.212533081,17,0.24,1.45
"LUX-2017","LUX","Luxembourg",2017,"Alta renda","Europe & Central Asia",TRUE,139,TRUE,3391,3,TRUE,3,TRUE,2,TRUE,2,TRUE,139,3,3,3391,FALSE,112.411557302308,1.10545941011785,2210918.82023569,2210918.82023569,596336,4969.23004,1.23898,63892664765.9204,107142.05542835,78817627490.1375,833.15,19.5990200042725,97.3629603241751,35.9768313229784,6.9688410293022,100.473133493731,104.454120441202,0.791204996244051,57.44071,156,512,353.793991980303,1.969242,2.1497253,1.7791407,1.6356025,"Luxembourg","High income",FALSE,791617337.916801,0,NA,798933264.713228,5.03072093584825,233.090070027635,0.0000346036407831117,FALSE,TRUE,"Luxembourg",11.5819108537605,5.86871480018043,FALSE,0.705,0.47,0.94,NA,NA,NA,NA,0.25,0,0.419226744654021,9949134.69106063,4516027.64639666,0.252369037,0.295519329,0.547888366,FALSE,350060476.979859,355767073.914779,0.212533081,17,0.24,1.45
"LUX-2018","LUX","Luxembourg",2018,"Alta renda","Europe & Central Asia",TRUE,169,TRUE,4510,9,TRUE,9,TRUE,8,TRUE,8,TRUE,169,9,9,4510,FALSE,115.157303224791,1.07910145814431,8632811.66515445,8632811.66515445,607950,4754.92191,1.17039,64922166578.2157,106788.661202756,80087615064.4419,891.22,19.3915195465088,97.061298705829,36.8853200372964,6.97324123677991,105.495019442592,69.6099120568322,0.896966330444118,53.49949,152,243,361.865445198667,1.957807,2.2117837,1.8415546,1.7328821,"Luxembourg","High income",FALSE,759842545.414779,2210918.82023569,10843730.4853901,791617337.916801,14.8038490007402,277.983386791677,0.000132971712438986,FALSE,FALSE,"Luxembourg",11.5786070313584,5.8912724443826,TRUE,0.785,0.54,1.03,11.2916666666667,12,NA,NA,1.1667,0,1.91907229212929,0,9949134.69106063,0.242676606,0.305216978,0.547893584,FALSE,355704385.275836,350060476.979859,0.212533081,17,0.24,1.45
"LUX-2019","LUX","Luxembourg",2019,"Alta renda","Europe & Central Asia",TRUE,160,TRUE,4845,10,TRUE,10,TRUE,2,TRUE,2,TRUE,160,10,10,4845,FALSE,117.244195476228,1.05989395313846,2119787.90627693,2119787.90627693,620001,5090.81552,1.18209,66707085285.153,107591.899505248,82289480619.1025,930.55,19.3969497680664,97.120635693272,37.3611453762962,6.57356994288018,109.012204271952,63.3066003130637,0.738897535704604,55.10573,117,359,382.66078058442,1.9996744,2.2601991,1.8275786,1.7329157,"Luxembourg","High income",FALSE,788537784.447265,8632811.66515445,12963518.3916671,759842545.414779,16.1290062435383,258.064099896613,0.0000317775525225764,FALSE,TRUE,"Luxembourg",11.5861006404674,5.94714890634507,TRUE,0.87,0.59,1.15,18.9541666666667,12,2.91,NA,2.7262001,0,4.39708984340348,6359363.71883078,0,0.258603048,0.281689743,0.540292791,FALSE,360413572.881904,355704385.275836,0.212533081,17,0.24,1.45
"LUX-2020","LUX","Luxembourg",2020,"Alta renda","Europe & Central Asia",TRUE,220,TRUE,5108,14,TRUE,13,FALSE,14,TRUE,13,TRUE,220,14,NA,5108,FALSE,118.690501577198,1.04697858863637,14657700.2409092,13610721.6522729,630419,4920.65038,1.09627,66366844706.6357,105274.182260744,81869761778.5619,962.87,19.961389541626,98.45962893,37.2960860898482,5.61923854995663,110.212149628241,69.9974379662876,1.02804099898325,54.36499,129,679,375.581394826026,1.8669198,2.2691369,1.7471301,1.7935713,"Luxembourg","High income",FALSE,727559808.465435,2119787.90627693,25410299.8123406,788537784.447265,22.207452503811,348.974253631315,0.000220858778290595,FALSE,FALSE,"Luxembourg",11.5643234853509,5.92847521156524,TRUE,0.975,0.64,1.31,20.1158333333333,12,7.72,NA,5.1332998,1.55,8.14267939259445,16751657.418182,6359363.71883078,0.264344537,0.282487206,0.546831743,FALSE,362914973.683399,360413572.881904,0.212533081,17,0.24,1.45
"LUX-2021","LUX","Luxembourg",2021,"Alta renda","Europe & Central Asia",TRUE,236,TRUE,7031,37,TRUE,36,FALSE,394,TRUE,114,TRUE,236,37,NA,NA,FALSE,124.266413825838,1,394000000,114000000,640064,4939.08633,1.03153,70965889651.5506,110873.115269021,87543117438.5069,1048.94,20.7341499328613,98.66086333,38.0399641403524,6.0752020682151,102.997694439279,70.8371053804265,1.25487767534596,51.66831,112,1441,397.506180867971,1.9401597,1.9687389,1.7460092,1.8462414,"Luxembourg","High income",FALSE,732034441.52264,14657700.2409092,410777488.147186,727559808.465435,57.8067193280672,368.713128687131,0.0055519630900786,FALSE,FALSE,"Luxembourg",11.6161417207664,5.98521048332688,TRUE,1.095,0.75,1.44,15.0758333333333,12,8.04,NA,2.6666999,2,4.16630196355364,3000000,16751657.418182,0.260209457,0.254159249,0.514368706,FALSE,365026328.302069,362914973.683399,0.212533081,17,0.24,1.45
"LUX-2022","LUX","Luxembourg",2022,"Alta renda","Europe & Central Asia",TRUE,236,TRUE,5407,77,FALSE,77,FALSE,7,TRUE,7,TRUE,236,NA,NA,NA,FALSE,134.21120616846,0.92590192259997,6481313.45819979,6481313.45819979,653103,5311.53147,1.0653,70187101063.1136,107467.123965307,86582408269.749,1158.62,21.032600402832,98.24203749,38.3269581349215,5.9904603893658,102.548904653446,62.9898533668131,1.58802284953163,NA,NA,NA,412.177169924175,1.9232756,1.9707509,1.7651581,1.8558502,"Luxembourg","High income",FALSE,747703187.625349,394000000,415139013.699109,732034441.52264,NA,361.351884771621,0.0000923433702208568,FALSE,FALSE,"Luxembourg",11.5849402561977,6.02145328100347,FALSE,1.195,0.81,1.58,18.3908333333333,12,10.74,1.65,NA,NA,NA,34258371.1361989,3000000,NA,NA,0.514368706,TRUE,361020483.51725,365026328.302069,0.212533081,17,0.24,1.45
"LUX-2023","LUX","Luxembourg",2023,"Alta renda","Europe & Central Asia",TRUE,327,TRUE,4159,95,FALSE,94,FALSE,5,TRUE,5,TRUE,327,NA,NA,NA,FALSE,139.73579356326,0.889295510169921,4446477.5508496,4446477.5508496,666430,5359.06637,1.07045,70256893052.4917,105422.764660192,86668503270.4935,1175.75,21.5371704101562,99.34785707,38.3793065082138,5.979250210644,93.2053363391819,60.6190426851136,1.86074359634703,NA,NA,NA,402.566968197345,2.1233075,1.9740711,1.7334852,1.7496711,"Luxembourg","High income",FALSE,752064911.680397,6481313.45819979,404927791.009049,747703187.625349,NA,490.674189337215,0.0000632888440928844,FALSE,FALSE,"Luxembourg",11.5657338752616,5.99786146363342,FALSE,1.31,0.89,1.73,7.035,12,7.73,1.55,NA,NA,NA,16896614.6932285,34258371.1361989,NA,NA,0.514368706,TRUE,361379471.669905,361020483.51725,0.212533081,17,0.24,1.45
"LUX-2024","LUX","Luxembourg",2024,"Alta renda","Europe & Central Asia",TRUE,296,TRUE,3318,184,FALSE,184,FALSE,64,TRUE,64,TRUE,296,NA,NA,NA,FALSE,143.857336014608,0.863817009743732,55284288.6235989,55284288.6235989,677012,NA,1.07045,70508844109.7407,104147.111291588,86979308660.2633,NA,22.4103698730469,98.7606147,40.3174570156723,5.0736120319212,85.1436082593373,44.8777835338978,2.32000506236889,NA,NA,NA,351.267921153192,1.9495119,2.0010215,1.7373938,1.7520706,"Luxembourg","High income",TRUE,754761921.772719,4446477.5508496,66212079.6326483,752064911.680397,NA,437.215293081954,0.000784075945672203,FALSE,FALSE,"Luxembourg",11.5535597102659,5.86154924042313,FALSE,1.41,0.96,1.86,7.72083333333333,12,8.92,1.99,NA,NA,NA,63058641.7112925,16896614.6932285,NA,NA,0.514368706,TRUE,362675429.06283,361379471.669905,0.212533081,17,0.24,1.45
"MEX-2016","MEX","Mexico",2016,"Renda média-alta","Latin America & Caribbean ",TRUE,945,TRUE,13272,46,TRUE,34,TRUE,17,TRUE,10,TRUE,945,46,34,13272,FALSE,110.06700893427,1.12900691159917,19193117.4971858,11290069.1159917,122251351,319.5511,0.37601,1234800029897.25,10100.5021195819,2637971847275.69,14497.26,38.589771270752,59.5404459967255,13.0255992017626,20.6541116351274,32.9508423866166,31.5409987585363,2.14676314546594,19.35907,1310,16103,75.6903034088551,0.1836197,-0.8093964,-0.6474156,0.2233137,"Mexico","Upper middle income",FALSE,4642971592.41665,NA,NA,NA,0.376273960358933,7.72997592476504,0.0000155435026178149,FALSE,FALSE,"Mexico",9.2203404164037,4.32665005988558,FALSE,0.12,0.08,0.16,NA,NA,NA,NA,2.6666999,0,0.0218132550535168,12419076.0275908,NA,0.195461766,0.10230264,0.297764406,FALSE,3676794974.31137,NA,0.863794859,26,0.85,0.28
"MEX-2017","MEX","Mexico",2017,"Renda média-alta","Latin America & Caribbean ",TRUE,907,TRUE,19291,68,TRUE,55,TRUE,23,TRUE,6,TRUE,907,68,55,19291,FALSE,112.411557302308,1.10545941011785,25425566.4327105,6632756.46070708,123400057,330.64996,0.31955,1257912134548.83,10193.7727188313,2687347519389.36,15397.11,40.3390693664551,53.0317886110982,13.7767213511093,21.1680967750153,34.3431256738601,35.0225076524466,2.14605834181442,21.13066,1334,15850,76.95212604414,0.0927696,-0.9494821,-0.7120584,0.228865,"Mexico","Upper middle income",FALSE,4019658225.95079,19193117.4971858,NA,4642971592.41665,0.551053230064553,7.35007764218456,0.0000202125138428924,FALSE,FALSE,"Mexico",9.22953229506887,4.34318348880692,TRUE,0.135,0.09,0.18,NA,NA,NA,NA,6.9833002,0,0.056590737231183,12160053.5112963,12419076.0275908,0.164885602,0.085914326,0.250799928,FALSE,3154842727.75173,3676794974.31137,0.863794859,26,0.85,0.28
"MEX-2018","MEX","Mexico",2018,"Renda média-alta","Latin America & Caribbean ",TRUE,1174,TRUE,15989,93,TRUE,76,TRUE,8,TRUE,0,TRUE,1174,93,76,15989,FALSE,115.157303224791,1.07910145814431,8632811.66515445,0,124573711,342.55971,0.29816,1282719194726.5,10296.8690940459,2740344219079.93,16402.64,41.6382789611816,56.6595667981289,14.7373951154108,20.8917456407643,33.6152178109833,NA,2.1077378613675,21.71797,1555,14869,80.212661650262,0.0375159,-0.961137,-0.8066755,0.0692347,"Mexico","Upper middle income",FALSE,3824555550.99653,25425566.4327105,53251495.5950508,4019658225.95079,0.746545954627618,9.42413925519165,0.00000673008691274409,FALSE,FALSE,"Mexico",9.23959515655719,4.3846813783498,TRUE,0.155,0.1,0.21,32.4575,12,NA,NA,3.2083001,0,0.0257542307622192,105751942.898142,12160053.5112963,NA,NA,0.250799928,TRUE,3217058816.81624,3154842727.75173,0.863794859,26,0.85,0.28
"MEX-2019","MEX","Mexico",2019,"Renda média-alta","Latin America & Caribbean ",TRUE,1330,TRUE,20554,111,TRUE,88,TRUE,140,TRUE,130,TRUE,1330,111,88,20554,FALSE,117.244195476228,1.05989395313846,148385153.439385,137786213.908,125762982,355.30353,0.27629,1277682078136.65,10159.4448367696,2729583147300.09,18006.46,43.0441398620605,69.6321092705209,15.3885155172291,20.4068584131191,35.5851864842603,NA,2.20172618969779,22.35756,1305,14636,77.4619722509459,0.0548906,-0.8924061,-0.8661315,0.0463344,"Mexico","Upper middle income",FALSE,3530107813.68375,8632811.66515445,182443531.53725,3824555550.99653,0.882612659423104,10.5754489822768,0.000116136209451875,FALSE,FALSE,"Mexico",9.2261590775893,4.34978713530321,TRUE,0.18,0.12,0.24,18.1591666666667,12,-0.1,NA,15.352,0.30770001,0.122070896823995,418658111.489693,105751942.898142,NA,NA,0.250799928,TRUE,3204425732.03562,3217058816.81624,0.863794859,26,0.85,0.28
"MEX-2020","MEX","Mexico",2020,"Renda média-alta","Latin America & Caribbean ",TRUE,1361,TRUE,25022,139,TRUE,95,FALSE,59,TRUE,34,TRUE,1361,139,NA,25022,FALSE,118.690501577198,1.04697858863637,61771736.729546,35597272.0136367,126799054,369.04189,0.29185,1170944075330.45,9234.64362226594,2501552826908.37,19332.61,45.1654510498047,71.49017499,17.7520559419946,21.5074249745377,36.9325897654775,35.6461742178569,2.56401799892127,20.47244,1132,13180,76.8545557151738,0.0117015,-0.8568578,-0.9496379,-0.0312564,"Mexico","Upper middle income",FALSE,3417400283.85192,148385153.439385,218789701.834085,3530107813.68375,1.09622268948473,10.7335185639476,0.0000527537890416445,FALSE,FALSE,"Mexico",9.13071730198791,4.34191474884142,TRUE,0.2,0.13,0.27,28.9783333333333,12,-0.05,NA,11.3767,0.5,0.0897222782119494,553851673.388641,418658111.489693,NA,NA,0.250799928,TRUE,2936726897.84903,3204425732.03562,0.863794859,26,0.85,0.28
"MEX-2021","MEX","Mexico",2021,"Renda média-alta","Latin America & Caribbean ",TRUE,1460,TRUE,20863,145,TRUE,73,FALSE,224,TRUE,162,TRUE,1460,145,NA,NA,FALSE,124.266413825838,1,224000000,162000000,127648148,384.76538,0.27305,1241768434190.09,9728.05680024504,2652858836180.66,20345.96,45.6506195068359,75.62650476,19.2796725887476,19.8113406398377,35.0570605465604,34.917080456491,2.04852607538267,23.75342,1117,15044,83.0692976264524,-0.02505,-0.8747726,-0.9888321,-0.1087152,"Mexico","Upper middle income",FALSE,3390648709.55604,61771736.729546,434156890.168931,3417400283.85192,1.13593500784673,11.437690423836,0.000180387899895441,FALSE,FALSE,"Mexico",9.18276944302988,4.41967517061423,TRUE,0.22,0.14,0.3,25.2225,12,-0.09,NA,5.0286002,0.64289999,0.0393942276389313,1904000000,553851673.388641,NA,NA,0.250799928,TRUE,3114354338.87547,2936726897.84903,0.863794859,26,0.85,0.28
"MEX-2022","MEX","Mexico",2022,"Renda média-alta","Latin America & Caribbean ",TRUE,1241,TRUE,15890,32,FALSE,7,FALSE,351,TRUE,298,TRUE,1241,NA,NA,NA,FALSE,134.21120616846,0.92590192259997,324991574.832589,275918772.934791,128613117,401.92849,0.25727,1287835026633.04,10013.2479227064,2751273454760.27,19740.68,46.4061317443848,78.63217894,20.6070256426489,20.5343692257849,34.2487696122269,30.9741410091956,2.08482456008447,NA,NA,NA,88.7984855897261,-0.0936313,-0.8785122,-1.0602143,-0.0750129,"Mexico","Upper middle income",FALSE,3313213173.01882,224000000,610763311.562135,3390648709.55604,NA,9.6490935679601,0.000252354974132252,FALSE,FALSE,"Mexico",9.21166428748381,4.48636959568295,FALSE,0.25,0.16,0.34,11.7283333333333,12,-0.17,0.87,NA,NA,NA,1130526247.49456,1904000000,NA,NA,0.250799928,TRUE,3229889319.55445,3114354338.87547,0.863794859,26,0.85,0.28
"MEX-2023","MEX","Mexico",2023,"Renda média-alta","Latin America & Caribbean ",TRUE,1356,TRUE,17649,17,FALSE,NA,NA,229,TRUE,133,TRUE,1356,NA,NA,NA,FALSE,139.73579356326,0.889295510169921,203648671.828912,118276302.852599,129739759,419.44361,0.26746,1327845439047.71,10234.6840265651,2836749919768.59,18981.87,47.474681854248,81.18318755,20.752917384408,17.9938785812602,33.2256099210698,32.1368092160905,2.07732748969618,NA,NA,NA,73.7390758255664,-0.1119496,-0.9210263,-1.0733045,-0.1471649,"Mexico","Upper middle income",FALSE,3551455411.277,324991574.832589,752640246.661501,3313213173.01882,NA,10.4516919905794,0.000153367753384733,FALSE,FALSE,"Mexico",9.23353762576394,4.30053285984933,FALSE,0.27,0.17,0.37,1.12083333333333,12,-0.15,0.95,NA,NA,NA,441979868.55445,1130526247.49456,NA,NA,0.250799928,TRUE,3330235405.08294,3229889319.55445,0.863794859,26,0.85,0.28
"MEX-2024","MEX","Mexico",2024,"Renda média-alta","Latin America & Caribbean ",TRUE,1406,TRUE,8626,17,FALSE,NA,NA,205,TRUE,62,TRUE,1406,NA,NA,NA,FALSE,143.857336014608,0.863817009743732,177082486.997465,53556654.6041114,130861007,438.24497,0.25372,1345779005031.98,10284.0336925726,2875062392268.06,NA,48.203441619873,83.12233799,21.7367225364543,19.3037596613987,35.0748199517549,NA,2.01603884670162,NA,NA,NA,75.4259015415068,-0.1853724,-0.9251219,-1.1147408,-0.1576756,"Mexico","Upper middle income",FALSE,3414510491.56714,203648671.828912,705722733.658966,3551455411.277,NA,10.7442242134053,0.000131583630250835,FALSE,FALSE,"Mexico",9.23834784459323,4.32315073779446,FALSE,0.285,0.18,0.39,18.6283333333333,12,-0.1,0.73,NA,NA,NA,55284288.6235989,441979868.55445,NA,NA,0.250799928,TRUE,3375212775.65932,3330235405.08294,0.863794859,26,0.85,0.28
"MYS-2016","MYS","Malaysia",2016,"Renda média-alta","East Asia & Pacific",TRUE,1537,TRUE,26729,14,TRUE,14,TRUE,5,TRUE,0,TRUE,1537,14,14,26729,FALSE,110.06700893427,1.12900691159917,5645034.55799583,0,31789685,2334.07987,1.41517,314764917575.088,9901.47960179812,903633582498.53,17827.44,45.4034659569972,78.7883099275229,8.55245970508987,49.058669616671,121.979820601963,119.429409980014,1.61426825593083,18.00918,1109,6127,126.8990100257,0.8206708,0.1013155,0.1237086,0.7486234,"Malaysia","Upper middle income",FALSE,4454458684.04737,NA,NA,NA,0.440394423537069,48.3490163554625,0.0000179341287507023,FALSE,FALSE,"Malaysia",9.20043947968252,4.84339157347399,FALSE,NA,NA,NA,NA,NA,NA,NA,1,0,0.031456744538362,19193117.4971858,NA,NA,NA,NA,TRUE,NA,NA,0.427439288,15,NA,NA
"MYS-2017","MYS","Malaysia",2017,"Renda média-alta","East Asia & Pacific",TRUE,1639,TRUE,35297,32,TRUE,30,TRUE,3,TRUE,1,TRUE,1639,32,30,35297,FALSE,112.411557302308,1.10545941011785,3316378.23035354,1105459.41011785,32355644,NA,1.227715,333061328477.268,10293.7629205362,956159294251.201,18867.8,42.293211695146,80.1404790103961,8.30705146836206,51.124071112731,117.167568374282,142.826543755907,1.54918722685231,19.69873,1166,5906,133.155173371956,0.8070093,0.0707719,0.1596615,0.7917296,"Malaysia","Upper middle income",TRUE,4089043888.91469,5645034.55799583,NA,4454458684.04737,0.989008285540538,50.6557681250294,0.0000099572599602475,FALSE,FALSE,"Malaysia",9.23929344910779,4.89151516521868,TRUE,NA,NA,NA,NA,NA,NA,NA,3.1666999,0,0.0978716387162623,33163782.3035354,19193117.4971858,NA,NA,NA,TRUE,NA,NA,0.427439288,15,NA,NA
"MYS-2018","MYS","Malaysia",2018,"Renda média-alta","East Asia & Pacific",TRUE,2017,TRUE,54481,26,TRUE,24,TRUE,28,TRUE,23,TRUE,2017,26,24,54481,FALSE,115.157303224791,1.07910145814431,30214840.8280406,24819333.537319,32910967,2110.44315,1.04026,349191778300.005,10610.1950240479,1002466920504.23,17628.87,43.3100279300797,81.2010486181174,8.19179819298533,53.1812872322082,120.276311883907,110.933967082941,1.46819096481044,20.40258,1116,6179,130.402625502126,0.8990936,0.4913515,0.306784,0.7581923,"Malaysia","Upper middle income",FALSE,3632502392.94363,3316378.23035354,39176253.61639,4089043888.91469,0.790010211489684,61.2865614067189,0.0000865279273616854,FALSE,FALSE,"Malaysia",9.26957061259347,4.87062678350862,TRUE,NA,NA,NA,NA,NA,NA,NA,3.7249999,0.125,0.113184152261463,17265623.3303089,33163782.3035354,NA,NA,NA,TRUE,NA,NA,0.427439288,15,NA,NA
"MYS-2019","MYS","Malaysia",2019,"Renda média-alta","East Asia & Pacific",TRUE,2235,TRUE,50698,27,TRUE,26,TRUE,77,TRUE,52,TRUE,2235,27,26,50698,FALSE,117.244195476228,1.05989395313846,81611834.3916617,55114485.5632001,33440596,NA,0.995405,364602265936.14,10902.9834855856,1046707664542.57,18671.39,40.8082966813944,84.1871450078281,8.86497357882019,51.5927774360365,120.706946299114,110.619393447663,1.51612089778373,21.13619,1071,6480,123.028562027943,0.8643819,0.4597054,0.3504778,0.7654923,"Malaysia","Upper middle income",TRUE,3629269185.24163,30214840.8280406,115143053.450056,3632502392.94363,0.807401877645961,66.8349332051379,0.00022383797912533,FALSE,FALSE,"Malaysia",9.29679174503823,4.81241654002477,TRUE,NA,NA,NA,NA,NA,NA,NA,4.3333001,0.33329999,0.129582023597905,56174379.5163385,17265623.3303089,NA,NA,NA,TRUE,NA,NA,0.427439288,15,NA,NA
"MYS-2020","MYS","Malaysia",2020,"Renda média-alta","East Asia & Pacific",TRUE,2318,TRUE,64448,27,TRUE,27,FALSE,49,TRUE,24,TRUE,2318,27,NA,64448,FALSE,118.690501577198,1.04697858863637,51301950.8431823,25127486.127273,33889558,711.51035,0.95055,344706479641.244,10171.4657842762,989590433102.722,18858.11,39.7445667367633,89.55501192,9.91101742902637,53.8128736631656,133.816995520751,129.361356116813,1.56712671073386,20.40033,989,5839,116.788182437638,0.9351625,0.4204631,0.3791556,0.6591257,"Malaysia","Upper middle income",FALSE,3276607442.22985,81611834.3916617,163128626.062885,3629269185.24163,0.796705581111444,68.3986495191233,0.00014882792715871,FALSE,FALSE,"Malaysia",9.22734160690454,4.76036188751536,TRUE,NA,NA,NA,NA,NA,NA,NA,11.3873,0.61110002,0.336012054214457,41879143.5454549,56174379.5163385,NA,NA,NA,TRUE,NA,NA,0.427439288,15,NA,NA
"MYS-2021","MYS","Malaysia",2021,"Renda média-alta","East Asia & Pacific",TRUE,3269,TRUE,75038,14,TRUE,14,FALSE,171,TRUE,151,TRUE,3269,14,NA,NA,FALSE,124.266413825838,1,171000000,151000000,34282399,NA,0.981325,356134704342.139,10388.2667120857,1022398815013.98,22347.89,38.1899993008367,96.7514278,10.8921782282506,51.6786836379514,127.260894609567,110.835307837554,1.67512094984982,20.71885,883,6651,134.035994690727,0.8639904,0.3023046,0.337293,0.7621557,"Malaysia","Upper middle income",TRUE,3494838887.3855,51301950.8431823,303913785.234844,3276607442.22985,0.408372821283598,95.3550537697201,0.000480155396020378,FALSE,FALSE,"Malaysia",9.24843224747092,4.89810838097478,TRUE,NA,NA,NA,NA,NA,NA,NA,9.3667002,0,0.273221841913689,94000000,41879143.5454549,NA,NA,NA,TRUE,NA,NA,0.427439288,15,NA,NA
"MYS-2022","MYS","Malaysia",2022,"Renda média-alta","East Asia & Pacific",TRUE,3357,TRUE,66417,6,FALSE,6,FALSE,91,TRUE,49,TRUE,3357,NA,NA,NA,FALSE,134.21120616846,0.92590192259997,84257074.9565972,45369194.2073985,34695493,1218.32989,1.0121,388299855024.742,11191.6511756943,1114739189433.22,23520.32,36.9853099297291,97.3986404,12.1753566089982,58.2818244031486,113.070470558095,93.4719535951962,1.71862466561031,NA,NA,NA,146.424604753908,0.8174139,0.370704,0.3283356,0.6794199,"Malaysia","Upper middle income",FALSE,3929982832.70541,171000000,306559025.79978,3494838887.3855,NA,96.7560829874935,0.000216989715206637,FALSE,FALSE,"Malaysia",9.32292334856996,4.98651065266476,FALSE,NA,NA,NA,NA,NA,NA,NA,NA,NA,NA,71294448.0401977,94000000,NA,NA,NA,TRUE,NA,NA,0.427439288,15,NA,NA
"MYS-2023","MYS","Malaysia",2023,"Renda média-alta","East Asia & Pacific",TRUE,3902,TRUE,54352,NA,NA,NA,NA,85,TRUE,67,TRUE,3902,NA,NA,NA,FALSE,139.73579356326,0.889295510169921,75590118.3644433,59582799.1813847,35126298,NA,1.0121,402034268648.217,11445.3925275079,1154168225812.84,23690.94,37.2745812491757,97.69272633,13.0287000355119,59.4155074421789,117.099430029325,94.5256080579035,1.65317552035746,NA,NA,NA,132.593461641599,0.7665722,0.389561,0.3489412,0.600876,"Malaysia","Upper middle income",TRUE,4068988832.9886,84257074.9565972,330847193.32104,3929982832.70541,NA,111.084862970758,0.000188019092548017,FALSE,FALSE,"Malaysia",9.34534252865376,4.88728776764915,FALSE,NA,NA,NA,NA,NA,NA,NA,NA,NA,NA,3557182.04067968,71294448.0401977,NA,NA,NA,TRUE,NA,NA,0.427439288,15,NA,NA
"MYS-2024","MYS","Malaysia",2024,"Renda média-alta","East Asia & Pacific",TRUE,4157,TRUE,34734,NA,NA,NA,NA,46,TRUE,20,TRUE,4157,NA,NA,NA,FALSE,143.857336014608,0.863817009743732,39735582.4482117,17276340.1948746,35557673,NA,1.0121,422559964245.24,11883.79127749,1213093813799.27,NA,38.5013945445142,98.0206059,13.5464432669708,58.6276748543331,116.107410807392,106.45230746045,1.4445175031204,NA,NA,NA,137.362571161559,0.8742048,0.4671243,0.3706487,0.6346417,"Malaysia","Upper middle income",TRUE,4276729398.12607,75590118.3644433,199582775.769252,4068988832.9886,NA,116.908662723795,0.0000940353696763153,FALSE,FALSE,"Malaysia",9.38293067310699,4.92262393482958,FALSE,NA,NA,NA,NA,NA,NA,NA,NA,NA,NA,4319085.04871866,3557182.04067968,NA,NA,NA,TRUE,NA,NA,0.427439288,15,NA,NA
"NLD-2016","NLD","Netherlands",2016,"Alta renda","Europe & Central Asia",TRUE,1855,TRUE,128418,6,TRUE,6,TRUE,665,TRUE,65,TRUE,1855,6,6,128418,FALSE,110.06700893427,1.12900691159917,750789596.213445,73385449.2539458,17030314,5109.20509,2.11546,794549879151.561,46655.0340264754,1094499922643.58,31097.01,79.8454895019531,90.4109589041096,41.9813942626003,24.0087404866077,112.688166070747,101.073868205409,2.54052744825368,11.03037,2290,314,150.96552921165,1.9512346,1.90588,1.8803511,1.9344086,"Netherlands","High income",FALSE,16808384873.4996,NA,NA,NA,0.352312940325117,108.923417383849,0.000944924435725993,FALSE,FALSE,"Netherlands",10.7505361109889,5.01705152738775,FALSE,0.565,0.38,0.75,NA,NA,NA,NA,69.742897,17.8281,4.09522085147696,111771684.248317,NA,0.607620384,0.130305208,0.737925592,FALSE,5863186899.46444,NA,3.089097178,116,0.92,1.07
"NLD-2017","NLD","Netherlands",2017,"Alta renda","Europe & Central Asia",TRUE,1821,TRUE,118179,5,TRUE,5,TRUE,619,TRUE,158,TRUE,1821,5,5,118179,FALSE,112.411557302308,1.10545941011785,684279374.862948,174662586.79862,17131296,5273.17623,2.14167,816650350359.65,47670.0858101833,1124943529347.63,31234.91,83.2009887695312,93.1972789115646,42.0988982620643,22.9219025245367,109.26176749092,129.693697691587,2.30542707664559,12.20702,2241,365,159.646059656847,2.0201786,1.8206708,1.8527855,1.9402456,"Netherlands","High income",FALSE,17489955558.5475,750789596.213445,NA,16808384873.4996,0.291863499410669,106.296686485366,0.000837909852804929,FALSE,FALSE,"Netherlands",10.772059348285,5.07295923772152,TRUE,0.625,0.42,0.83,NA,NA,NA,NA,97.630203,24.8349,5.6989385391508,149237020.365909,111771684.248317,0.610448339,0.12287542,0.733323759,FALSE,5988691047.14406,5863186899.46444,3.089097178,116,0.92,1.07
"NLD-2018","NLD","Netherlands",2018,"Alta renda","Europe & Central Asia",TRUE,2279,TRUE,119652,13,TRUE,10,TRUE,1710,TRUE,117,TRUE,2279,13,10,119652,FALSE,115.157303224791,1.07910145814431,1845263493.42676,126254870.602884,17231624,5496.79039,2.1027,835096289734.875,48463.0055608731,1150352984120.73,31506.82,83.652473449707,91.8918918918919,42.5152457224727,22.5132061163246,103.705449062777,NA,1.95988149570236,12.15548,2111,394,163.559146573044,2.0372759,1.9384405,1.80891,1.9003572,"Netherlands","High income",FALSE,17559569684.2552,684279374.862948,3280332464.50315,17489955558.5475,0.754426860753229,132.256831973585,0.00220964158996873,FALSE,FALSE,"Netherlands",10.7885560139263,5.09717467766089,TRUE,0.7,0.47,0.93,12.36,12,NA,NA,164.4167,37.6604,9.54156729510811,291357393.698963,149237020.365909,0.592387211,0.125454303,0.717841514,FALSE,5994667849.59065,5988691047.14406,3.089097178,116,0.92,1.07
"NLD-2019","NLD","Netherlands",2019,"Alta renda","Europe & Central Asia",TRUE,2749,TRUE,141140,26,TRUE,26,TRUE,474,TRUE,257,TRUE,2749,26,26,141140,FALSE,117.244195476228,1.05989395313846,502389733.787631,272392745.956585,17344874,5592.12175,2.14036,854304853959.192,49254.024789064,1176812961787.66,31471.58,NA,93.2885906040269,42.5292659897442,23.0482346929973,98.6368462471995,NA,1.83446077218657,13.05325,2228,449,160.676671884999,2.0672209,1.9415252,1.8338471,1.8323856,"Netherlands","High income",FALSE,18285199372.201,1845263493.42676,3031932602.07734,17559569684.2552,1.49900195296893,158.49062956583,0.000588068452917428,FALSE,FALSE,"Netherlands",10.8047463648666,5.07939409658675,TRUE,0.775,0.52,1.03,14.5766666666667,12,0.1,1.04,156.35361,27.987499,9.01439872091316,556444325.397693,291357393.698963,0.602665256,0.12471481,0.727380066,FALSE,6214043210.56957,5994667849.59065,3.089097178,116,0.92,1.07
"NLD-2020","NLD","Netherlands",2020,"Alta renda","Europe & Central Asia",TRUE,3232,TRUE,134775,19,TRUE,19,FALSE,663,TRUE,177,TRUE,3232,19,NA,134775,FALSE,118.690501577198,1.04697858863637,694146804.265915,185315210.188638,17441500,5799.27532,2.26514,821260366624.8,47086.5674755497,1131293870060.01,32236.56,85.3370819091797,91.33333333,42.6667277513049,23.1639760853804,100.352006153371,NA,1.87864539454561,12.50759,2198,825,152.233230409706,1.9943649,1.9277927,1.8038011,1.7410004,"Netherlands","High income",FALSE,18602697068.565,502389733.787631,3041800031.48031,18285199372.201,1.0893558466875,185.305162973368,0.000845221360332663,FALSE,FALSE,"Netherlands",10.7597430477277,5.02541375543135,TRUE,0.84,0.56,1.12,11.1033333333333,12,0.77,1.28,162.93491,21.776899,9.34179457042112,228241332.322729,556444325.397693,0.645550073,0.130315242,0.775865315,FALSE,6371874330.48366,6214043210.56957,3.089097178,116,0.92,1.07
"NLD-2021","NLD","Netherlands",2021,"Alta renda","Europe & Central Asia",TRUE,3804,TRUE,141033,46,TRUE,45,FALSE,1088,TRUE,390,TRUE,3804,46,NA,NA,FALSE,124.266413825838,1,1088000000,390000000,17533044,6003.86605,2.21542,872809532457.157,49780.8328352542,1202303330254.13,34144.24,89.3898620605469,92.05298013,42.9460563127039,22.0023211908273,93.8807694464696,NA,1.72417915273341,13.0423,2080,1390,163.154842689698,1.8820377,2.0340655,1.7818881,1.7969187,"Netherlands","High income",FALSE,19336396943.9623,694146804.265915,2284536538.05355,18602697068.565,2.6236174391623,216.961755186378,0.00124654917200209,FALSE,FALSE,"Netherlands",10.8153853061001,5.09469970503644,TRUE,0.925,0.63,1.22,6.75,12,1.34,1.35,168.28239,25.5868,9.59801332843287,1546000000,228241332.322729,0.645886052,0.124099831,0.769985883,FALSE,6720510185.39841,6371874330.48366,3.089097178,116,0.92,1.07
"NLD-2022","NLD","Netherlands",2022,"Alta renda","Europe & Central Asia",TRUE,3868,TRUE,91143,69,FALSE,69,FALSE,2168,TRUE,783,TRUE,3868,NA,NA,NA,FALSE,134.21120616846,0.92590192259997,2007355368.19673,724981205.395776,17700982,6319.17518,2.17529,916513152781.965,51777.5314828276,1262505477809.46,32878,NA,92.51968504,43.5643185557355,21.9578380124342,88.8195045380451,NA,1.60064591800168,NA,NA,NA,184.107484252682,1.8028343,1.9247266,1.7301782,1.6887424,"Netherlands","High income",FALSE,19936818961.1508,1088000000,3789502172.46264,19336396943.9623,NA,218.518949965601,0.00219020901348076,FALSE,FALSE,"Netherlands",10.8547115789908,5.2155197406049,FALSE,0.99,0.68,1.3,7.67833333333333,12,2,1.12,NA,NA,NA,1119415424.42336,1546000000,NA,NA,0.769985883,TRUE,7057021892.25935,6720510185.39841,3.089097178,116,0.92,1.07
"NLD-2023","NLD","Netherlands",2023,"Alta renda","Europe & Central Asia",TRUE,4470,TRUE,84150,41,FALSE,41,FALSE,1373,TRUE,656,TRUE,4470,NA,NA,NA,FALSE,139.73579356326,0.889295510169921,1221002735.4633,583377854.671468,17877117,6563.33599,2.26719,911031844894.181,50960.7810305308,1254954924701.86,32207.08,86.5938262939453,97.00680272,43.2644444744139,24.5106465274936,85.4757445009347,NA,1.55160063687098,NA,NA,NA,165.030429478933,1.7709312,1.9347258,1.7342706,1.6024804,"Netherlands","High income",FALSE,20654822884.2564,2007355368.19673,4316358103.66003,19936818961.1508,NA,250.040316903447,0.00134024155391091,FALSE,FALSE,"Netherlands",10.8388116164734,5.10612987798155,FALSE,1.035,0.71,1.36,4.55416666666667,12,1.49,1.01,NA,NA,NA,551363216.305351,1119415424.42336,NA,NA,0.769985883,TRUE,7014816595.31965,7057021892.25935,3.089097178,116,0.92,1.07
"NLD-2024","NLD","Netherlands",2024,"Alta renda","Europe & Central Asia",TRUE,3795,TRUE,44650,57,FALSE,49,FALSE,2666,TRUE,887,TRUE,3795,NA,NA,NA,FALSE,143.857336014608,0.863817009743732,2302936147.97679,766205687.64269,17993485,NA,2.26719,920814790664.484,51174.8997297902,1268431024402.81,NA,NA,97.00679779,42.9782483069868,23.4680052763745,82.3320940898509,NA,1.63696844977663,NA,NA,NA,153.956290574682,1.7699612,1.9172073,1.7177918,1.5861845,"Netherlands","High income",TRUE,20876620852.4661,1221002735.4633,5531294251.63682,20654822884.2564,NA,210.909670917001,0.00250097649530035,FALSE,FALSE,"Netherlands",10.8430044511683,5.03666873468987,FALSE,1.05,0.72,1.38,5.72083333333333,12,0.92,1.25,NA,NA,NA,960564514.83503,551363216.305351,NA,NA,0.769985883,TRUE,7090143896.69253,7014816595.31965,3.089097178,116,0.92,1.07
"NOR-2016","NOR","Norway",2016,"Alta renda","Europe & Central Asia",TRUE,532,TRUE,20927,3,TRUE,2,TRUE,16,TRUE,8,TRUE,532,3,2,20927,FALSE,110.06700893427,1.12900691159917,18064110.5855867,9032055.29279333,5234519,6120.84923,2.03286,405844166612.591,77532.2750022669,460855645122.936,11289.44,81.8827285766602,97.2982036675068,40.2402948978253,20.9563395259628,140.308909282125,60.3357207250841,1.18473037859688,11.29774,1227,833,67.3341230829057,1.9651359,2.1227604,2.0010642,1.7659701,"Norway","High income",FALSE,8250243725.40072,NA,NA,NA,0.573118561609959,101.633024925499,0.0000445099673018838,FALSE,FALSE,"Norway",11.2584495802917,4.20966713761836,FALSE,0.255,0.18,0.33,NA,NA,NA,NA,8.3332996,2,1.59198956007228,13548082.93919,NA,0.662251868,0.287714997,0.949966865,FALSE,3855385106.35501,NA,0.759006546,50,0.46,0.66
"NOR-2017","NOR","Norway",2017,"Alta renda","Europe & Central Asia",TRUE,651,TRUE,18783,2,TRUE,2,TRUE,52,TRUE,31,TRUE,651,2,2,18783,FALSE,112.411557302308,1.10545941011785,57483889.3261281,34269241.7136533,5276968,6396.1696,2.08168,416678764070.259,78961.7757906168,473158853624.557,11939.18,83.7353363037109,96.3576012951191,41.0328263217001,21.5970984465797,140.397520875081,69.0908657935633,1.00040357973015,11.44286,1152,908,67.1957153368952,2.0547042,2.1700936,2.0363041,1.8026662,"Norway","High income",FALSE,8673918495.89777,18064110.5855867,NA,8250243725.40072,0.379005519836391,123.366296706745,0.000137957328961539,FALSE,FALSE,"Norway",11.2767191636039,4.20760948562873,TRUE,0.285,0.19,0.38,NA,NA,NA,NA,13.55,4,2.56776239689155,59694808.1463638,13548082.93919,0.701813937,0.284724849,0.986538786,FALSE,4110697620.57854,3855385106.35501,0.759006546,50,0.46,0.66
"NOR-2018","NOR","Norway",2018,"Alta renda","Europe & Central Asia",TRUE,797,TRUE,30026,7,TRUE,5,TRUE,299,TRUE,29,TRUE,797,7,5,30026,FALSE,115.157303224791,1.07910145814431,322651335.985148,31293942.2861849,5311916,6484.23611,2.03482,421305528551.092,79313.2889434042,478412768070.2,12225.59,85.3883514404297,96.4916579887094,41.5279365452303,21.1178200437435,137.85248031888,58.8184635789723,0.746427849824662,12.59829,1082,592,68.1761206012317,1.935898,2.0880779,2.0210585,1.7869876,"Norway","High income",FALSE,8572809156.06333,57483889.3261281,398199335.896863,8673918495.89777,1.31779192291444,150.040023223259,0.000765836938088079,FALSE,FALSE,"Norway",11.2811609716842,4.22209436572501,TRUE,0.33,0.22,0.44,45.8383333333333,12,NA,NA,6.9333,1.7333,1.30523524844896,58271478.7397925,59694808.1463638,0.704611471,0.281917284,0.986528755,FALSE,4156300185.56126,4110697620.57854,0.759006546,50,0.46,0.66
"NOR-2019","NOR","Norway",2019,"Alta renda","Europe & Central Asia",TRUE,955,TRUE,38653,7,TRUE,7,TRUE,573,TRUE,92,TRUE,955,7,7,38653,FALSE,117.244195476228,1.05989395313846,607319235.148339,97510243.6887386,5347896,6737.55318,2.13599,427497488848.368,79937.5097885912,485444037932.212,12508.85,85.7633819580078,98.0000043853142,42.2722351352817,22.4920145628444,143.92944148092,69.66462991063,0.801131694159603,12.82647,957,582,68.880243105732,1.9427538,2.0631444,2.0241629,1.7391142,"Norway","High income",FALSE,9131303612.05226,322651335.985148,987454460.459615,8572809156.06333,1.30892597761811,178.574901232186,0.00142063813470435,FALSE,FALSE,"Norway",11.2890004807742,4.23236938952283,TRUE,0.395,0.26,0.53,22.685,12,0.67,NA,26.4512,7.2856998,4.94609468845318,142025789.720554,58271478.7397925,0.732139595,0.271923028,1.004062623,FALSE,4292342499.79006,4156300185.56126,0.759006546,50,0.46,0.66
"NOR-2020","NOR","Norway",2020,"Alta renda","Europe & Central Asia",TRUE,1180,TRUE,47261,8,TRUE,7,FALSE,420,TRUE,361,TRUE,1180,8,NA,47261,FALSE,118.690501577198,1.04697858863637,439731007.227277,377959270.497731,5379475,6766.01432,2.24436,421681140844.59,78387.0435023102,478839293963.823,13284.78,87.1685333251953,94.60755647,44.3863056613216,22.0688842926826,157.281621104093,NA,0.736074194281787,13.04555,880,564,63.3673184179043,1.9462707,2.0859178,2.057602,1.6719324,"Norway","High income",FALSE,9464042852.65964,607319235.148339,1369701578.36076,9131303612.05226,1.48713396753401,219.352260211266,0.00104280453791824,FALSE,FALSE,"Norway",11.2694139312312,4.14894824616903,TRUE,0.44,0.29,0.59,12.5925,12,0.69,NA,11.8262,2,2.19839296585633,208348739.138638,142025789.720554,0.74579635,0.279306385,1.025102735,FALSE,4322664907.77709,4292342499.79006,0.759006546,50,0.46,0.66
"NOR-2021","NOR","Norway",2021,"Alta renda","Europe & Central Asia",TRUE,1575,TRUE,46466,6,TRUE,6,FALSE,505,TRUE,373,TRUE,1575,6,NA,NA,FALSE,124.266413825838,1,505000000,373000000,5408320,7228.72168,1.88764,439152009907.477,81199.3391492139,498678309268.732,13802.78,93.9243011474609,99.0000036,44.9392216218255,20.5863715899543,132.758587980699,NA,0.525489505428338,12.5704,946,634,69.1060572345311,1.9907084,2.0741801,2.0530976,1.6253346,"Norway","High income",FALSE,8289608999.8175,439731007.227277,1552050242.37562,9464042852.65964,1.10940181054375,291.217975267736,0.00114994350158251,FALSE,FALSE,"Norway",11.3046623875602,4.23564238589752,TRUE,0.51,0.34,0.68,14.8491666666667,12,1.04,NA,18.801201,3.1666999,3.47634773829951,388000000,208348739.138638,0.638808511,0.255318808,0.894127319,FALSE,3926578092.52034,4322664907.77709,0.759006546,50,0.46,0.66
"NOR-2022","NOR","Norway",2022,"Alta renda","Europe & Central Asia",TRUE,1714,TRUE,40358,10,FALSE,5,FALSE,277,TRUE,264,TRUE,1714,NA,NA,NA,FALSE,134.21120616846,0.92590192259997,256474832.560192,244438107.566392,5457127,7394.77328,1.55081,457071158448.196,83756.7383805061,519026367563.407,13494.16,97.6419830322266,98.99997764,45.6644653158508,23.8849460450338,106.520483872462,NA,0.272360168200376,NA,NA,NA,79.9216011363033,1.8183506,2.0355715,1.9274584,1.5676042,"Norway","High income",FALSE,7088305232.33047,505000000,1201205839.78747,8289608999.8175,NA,314.084682287951,0.000561126703839618,FALSE,FALSE,"Norway",11.3356719047254,4.38104616837764,FALSE,0.56,0.37,0.75,13.6316666666667,12,1.28,NA,NA,NA,NA,366657161.349588,388000000,NA,NA,0.894127319,TRUE,4086798094.9551,3926578092.52034,0.759006546,50,0.46,0.66
"NOR-2023","NOR","Norway",2023,"Alta renda","Europe & Central Asia",TRUE,2002,TRUE,40510,12,FALSE,5,FALSE,186,TRUE,136,TRUE,2002,NA,NA,NA,FALSE,139.73579356326,0.889295510169921,165408964.891605,120944189.383109,5519601,7450.59492,1.85142,458683228227.53,83100.7944645872,520856950627.687,13756.15,95.0573806762695,99.00000258,45.4377082628592,25.6746143774999,122.547913892885,NA,0.375146721887061,NA,NA,NA,77.401189583706,1.785365,2.076757,1.968953,1.6081021,"Norway","High income",FALSE,8492153024.05014,256474832.560192,926883797.451797,7088305232.33047,NA,362.707376855682,0.000360616989487032,FALSE,FALSE,"Norway",11.3278095411418,4.3490021497761,FALSE,0.615,0.42,0.81,5.33333333333333,12,0.67,NA,NA,NA,NA,170744737.952625,366657161.349588,NA,NA,0.894127319,TRUE,4101212051.25347,4086798094.9551,0.759006546,50,0.46,0.66
"NOR-2024","NOR","Norway",2024,"Alta renda","Europe & Central Asia",TRUE,1697,TRUE,20875,7,FALSE,5,FALSE,872,TRUE,214,TRUE,1697,NA,NA,NA,FALSE,143.857336014608,0.863817009743732,753248432.496534,184856840.085159,5572279,NA,1.85142,465213599254.875,83487.1332276928,528272502211.978,NA,95.4987564086914,99,45.1633056345554,25.4139359384172,124.389621734823,NA,0.460629010542218,NA,NA,NA,79.5796368227724,1.8445185,1.9715841,1.9369428,1.6285015,"Norway","High income",TRUE,8613057619.32461,165408964.891605,1175132229.94833,8492153024.05014,NA,304.543257794522,0.00161914534248999,FALSE,FALSE,"Norway",11.3324478058839,4.37675824131373,FALSE,0.65,0.44,0.86,10.9908333333333,12,0.55,NA,NA,NA,NA,198677912.241058,170744737.952625,NA,NA,0.894127319,TRUE,4159601882.64102,4101212051.25347,0.759006546,50,0.46,0.66
"NZL-2016","NZL","New Zealand",2016,"Alta renda","East Asia & Pacific",FALSE,484,TRUE,12571,8,TRUE,6,TRUE,153,TRUE,5,TRUE,484,8,6,12571,FALSE,110.06700893427,1.12900691159917,172738057.474672,5645034.55799583,4714100,NA,1.34788,184816451391.396,39205.0341298225,215651859628.357,8115.78,81.8633575439453,86.5,32.4618168012438,10.8777020288641,154.878394126531,42.3580853250747,NA,42.01978,1075,5311,52.4796021733125,1.8668224,2.2082525,1.8702943,2.0287924,"New Zealand","High income",TRUE,2491103985.01435,NA,NA,NA,1.69703654992469,102.670711270444,0.000934646543498745,FALSE,FALSE,"New Zealand",10.5765604392123,3.96042456406809,FALSE,0.31,0.21,0.41,NA,NA,NA,0.14,2.4000001,0,0.509110986190365,20322124.408785,NA,NA,NA,0.615048037,TRUE,1136709956.33584,NA,0.354527332,27,0.39,0.64
"NZL-2017","NZL","New Zealand",2017,"Alta renda","East Asia & Pacific",FALSE,546,TRUE,24231,26,TRUE,20,TRUE,2,TRUE,2,TRUE,546,26,20,24231,FALSE,112.411557302308,1.10545941011785,2210918.82023569,2210918.82023569,4813600,5035.55839,1.34788,190944384995.972,39667.6884236272,222802198613.642,8183.78,81.2698593139648,87.69999695,32.8917841600814,9.2522910740142,153.218887969056,45.8415904697695,NA,43.05983,1014,5146,54.2775276299632,1.837719,2.1693836,1.8235648,2.0542546,"New Zealand","High income",FALSE,2573701176.48371,172738057.474672,NA,2491103985.01435,5.40136280538474,113.42861891308,0.0000115788627158758,FALSE,TRUE,"New Zealand",10.5882922416726,3.99411028547616,TRUE,0.345,0.24,0.45,NA,NA,NA,0.16,6.4166999,0,1.33303554512215,22109188.2023569,20322124.408785,0.330227134,0.284820903,0.615048037,FALSE,1174399691.67945,1136709956.33584,0.354527332,27,0.39,0.64
"NZL-2018","NZL","New Zealand",2018,"Alta renda","East Asia & Pacific",FALSE,556,TRUE,18026,15,TRUE,14,TRUE,101,TRUE,3,TRUE,556,15,14,18026,FALSE,115.157303224791,1.07910145814431,108989247.272575,3237304.37443292,4900600,NA,1.40604,197287932986.149,40257.9139260803,230204125825.34,8256.6,81.2513122558594,89,33.6193927294608,9.81175442917481,153.340048561597,40.6811464349283,NA,43.92428,1017,5221,55.9063918509538,1.7650398,2.0953338,1.8078409,1.965728,"New Zealand","High income",TRUE,2773947252.95845,2210918.82023569,283938223.567483,2573701176.48371,3.06084969187446,113.45549524548,0.000552437473609837,FALSE,FALSE,"New Zealand",10.6030618828012,4.02367871800623,TRUE,0.385,0.26,0.51,12.0266666666667,12,NA,0.2,3.8333001,0,0.78221036199649,35610348.1187621,22109188.2023569,NA,NA,0.592138737,TRUE,1168218274.63759,1174399691.67945,0.354527332,27,0.39,0.64
"NZL-2019","NZL","New Zealand",2019,"Alta renda","East Asia & Pacific",FALSE,671,TRUE,26894,14,TRUE,13,TRUE,228,TRUE,7,TRUE,671,14,13,26894,FALSE,117.244195476228,1.05989395313846,241655821.31557,7419257.67196924,4970300,5665.38305,1.4642,201872346390.44,40615.7266946543,235553418426.175,8678.86,77.5843734741211,89.86370087,34.0227878966682,9.86594609152879,155.331008762031,50.6268596335962,NA,43.03194,324,5690,54.4612464097007,1.7455681,2.1528233,1.7855158,1.9667094,"New Zealand","High income",FALSE,2955814895.84882,108989247.272575,352855987.408381,2773947252.95845,2.81673138442348,135.001911353439,0.0011970724353111,FALSE,FALSE,"New Zealand",10.6119106275977,3.99748937368406,TRUE,0.44,0.3,0.58,16.2883333333333,12,0.49,0.19,7.8929,3.6071,1.58801279600829,27557242.7816,35610348.1187621,0.334731658,0.234497779,0.569229437,FALSE,1149116820.81699,1168218274.63759,0.354527332,27,0.39,0.64
"NZL-2020","NZL","New Zealand",2020,"Alta renda","East Asia & Pacific",FALSE,739,TRUE,25351,8,TRUE,7,FALSE,150,TRUE,21,TRUE,739,8,NA,25351,FALSE,118.690501577198,1.04697858863637,157046788.295456,21986550.3613638,5072400,NA,1.47512,201386003376.743,39702.3112090418,234985932282.32,8679.94,75.7348327636719,90.92099762,34.8130286721914,9.60874974217951,159.302765545419,61.9724446333106,NA,41.67757,348,5417,43.8262466218168,1.7008195,2.1543308,1.7783308,1.9274853,"New Zealand","High income",TRUE,2970685213.01101,241655821.31557,507691856.883601,2955814895.84882,1.57716268433089,145.690402965066,0.000779829708431428,FALSE,FALSE,"New Zealand",10.5891646818332,3.78023287585206,TRUE,0.485,0.33,0.64,17.9633333333333,12,0.53,0.25,20.859501,3.3833001,4.11235332387036,61771736.729546,27557242.7816,NA,NA,0.585441783,TRUE,1178997808.88124,1149116820.81699,0.354527332,27,0.39,0.64
"NZL-2021","NZL","New Zealand",2021,"Alta renda","East Asia & Pacific",FALSE,759,TRUE,18382,6,TRUE,5,FALSE,1264,TRUE,1108,TRUE,759,6,NA,NA,FALSE,124.266413825838,1,1264000000,1108000000,5084600,5094.76159,1.48604,210043909984.57,41309.8198451344,245088353611.212,8960.04,79.4128875732422,91.99060059,35.262820014578,9.76110781430146,155.696811699705,48.450152389979,NA,44.78266,330,6522,48.4315370741539,1.6177463,2.1258622,1.743031,1.8548149,"New Zealand","High income",FALSE,3121336519.9347,157046788.295456,1662702609.61103,2970685213.01101,1.18003382763639,149.274279196004,0.00601778932839736,FALSE,FALSE,"New Zealand",10.628855519334,3.8801511939696,TRUE,0.535,0.37,0.7,9.31083333333333,12,0.16,0.37,17.3333,3.3076999,3.40898005742831,159000000,61771736.729546,0.35026661,0.251387519,0.601654129,FALSE,1263737857.13521,1178997808.88124,0.354527332,27,0.39,0.64
"NZL-2022","NZL","New Zealand",2022,"Alta renda","East Asia & Pacific",FALSE,775,TRUE,22286,1,FALSE,1,FALSE,222,TRUE,57,TRUE,775,NA,NA,NA,FALSE,134.21120616846,0.92590192259997,205550226.817193,52776409.5881983,5081700,NA,1.51726,217070337673.134,42716.0866783034,253287094503.461,8700.7,77.0104675292969,93.07289886,36.3044927893768,12.0543415422888,145.993959609911,39.0615556019624,NA,NA,NA,NA,53.2091433736439,1.7089274,2.0828827,1.7457107,1.8784701,"New Zealand","High income",TRUE,3293521405.37939,1264000000,1626597015.11265,3121336519.9347,NA,152.50801897003,0.000946929133757151,FALSE,FALSE,"New Zealand",10.6623308654659,3.97423024950564,FALSE,0.585,0.41,0.76,11.7475,12,0.11,0.45,NA,NA,NA,129626269.163996,159000000,NA,NA,0.601654129,TRUE,1306012649.44465,1263737857.13521,0.354527332,27,0.39,0.64
"NZL-2023","NZL","New Zealand",2023,"Alta renda","East Asia & Pacific",FALSE,903,TRUE,21848,1,FALSE,NA,NA,47,TRUE,35,TRUE,903,NA,NA,NA,FALSE,139.73579356326,0.889295510169921,41796888.9779863,31125342.8559472,5200000,5435.46099,1.54848,221007764663.383,42501.4932044968,257881455266.291,8096.23,76.3811416625977,93.32610321,37.8530848455277,12.6494857356401,140.574368180893,37.6710378031944,NA,NA,NA,NA,49.8655041498497,1.7666591,2.023955,1.7464588,1.8758089,"New Zealand","High income",FALSE,3422261034.25955,205550226.817193,1511347115.79518,3293521405.37939,NA,173.653846153846,0.000189119549902001,FALSE,FALSE,"New Zealand",10.6572944885188,3.90932946409751,FALSE,0.615,0.44,0.79,-2.61,12,0.25,0.44,NA,NA,NA,201870080.808572,129626269.163996,NA,NA,0.601654129,TRUE,1329702341.50785,1306012649.44465,0.354527332,27,0.39,0.64
"NZL-2024","NZL","New Zealand",2024,"Alta renda","East Asia & Pacific",FALSE,872,TRUE,10262,NA,NA,NA,NA,170,TRUE,73,TRUE,872,NA,NA,NA,FALSE,143.857336014608,0.863817009743732,146848891.656434,63058641.7112925,5290000,NA,1.54848,219087820768.13,41415.4670639187,255641181371.427,NA,77.2406463623047,93.51930237,38.048298946057,12.9670750449435,141.898489610576,35.5134626990399,NA,NA,NA,NA,50.6607664427853,1.8428164,1.9395459,1.7040774,1.8335427,"New Zealand","High income",TRUE,3392531087.03034,41796888.9779863,394196007.451613,3422261034.25955,NA,164.839319470699,0.000670274098950715,FALSE,FALSE,"New Zealand",10.6314096906198,3.92515177361,FALSE,0.635,0.46,0.81,7.045,12,-0.23,0.55,NA,NA,NA,49237569.5553927,201870080.808572,NA,NA,0.601654129,TRUE,1318150919.78757,1329702341.50785,0.354527332,27,0.39,0.64
"PHL-2016","PHL","Philippines",2016,"Renda média-alta","East Asia & Pacific",TRUE,109,TRUE,1646,4,TRUE,2,TRUE,1,TRUE,1,TRUE,109,4,2,1646,FALSE,110.06700893427,1.12900691159917,1129006.91159917,1129006.91159917,106735719,NA,0.32222,328355086268.976,3076.3374186759,867956228661.943,1626.19,38.3447414525513,39.20000076,2.79705053563184,NA,42.8645179928199,75.2409695225553,1.71584803855675,20.51461,327,3092,61.7760657653871,0.2835464,-0.6123016,-0.4525572,0.1548166,"Philippines","Upper middle income",TRUE,1058025758.97589,NA,NA,NA,0.0374757394944798,1.02121390122458,0.000003438371929693,FALSE,TRUE,"Philippines",8.03149501858745,4.12351600409958,FALSE,NA,NA,NA,NA,NA,NA,NA,3.5,0.0116,0.0327912720576698,0,NA,NA,NA,NA,TRUE,NA,NA,0.021,5,NA,NA
"PHL-2017","PHL","Philippines",2017,"Renda média-alta","East Asia & Pacific",TRUE,187,TRUE,2840,1,TRUE,1,TRUE,NA,NA,NA,NA,187,1,1,2840,FALSE,112.411557302308,1.10545941011785,NA,NA,108119693,NA,0.32222,351113338965.581,3247.4503878362,928114173543.905,1973.91,33.6841018682349,41.59999847,3.14400726239576,60.3176340363727,45.6051977878358,88.4074429528496,1.5793111524775,21.11479,323,3072,68.1683697426727,0.2146485,-0.6360859,-0.5646996,0.159847,"Philippines","Upper middle income",TRUE,1131357400.8149,1129006.91159917,NA,1058025758.97589,0.00924900887389682,1.72956465941871,NA,FALSE,FALSE,"Philippines",8.08562547139533,4.22198067050274,TRUE,NA,NA,NA,NA,NA,NA,NA,2.1052999,0,0.0194719374573141,0,0,NA,NA,NA,TRUE,NA,NA,0.021,5,NA,NA
"PHL-2018","PHL","Philippines",2018,"Renda média-alta","East Asia & Pacific",TRUE,320,TRUE,4677,6,TRUE,5,TRUE,7,TRUE,1,TRUE,320,6,5,4677,FALSE,115.157303224791,1.07910145814431,7553710.20701014,1079101.45814431,109465287,170.21271,0.32222,373379140695.818,3410.93647976109,986970399946.561,2327.34,28.1166228592308,44.09999847,3.46090446005956,61.3459931361948,47.5627907969006,74.4499417575396,1.67363606149179,21.54946,529,3771,72.1633982990273,0.2417497,-0.6389145,-0.6180161,0.0323299,"Philippines","Upper middle income",FALSE,1203102267.15006,NA,NA,1131357400.8149,0.0548118966700375,2.92330115573533,0.0000202306700715345,FALSE,FALSE,"Philippines",8.13474216007025,4.27893296858988,FALSE,NA,NA,NA,NA,NA,NA,NA,4.3333001,0,0.0395860662202439,5395507.29072153,0,NA,NA,NA,TRUE,NA,NA,0.021,5,NA,NA
"PHL-2019","PHL","Philippines",2019,"Renda média-alta","East Asia & Pacific",TRUE,454,TRUE,6241,21,TRUE,12,TRUE,1,TRUE,NA,NA,454,21,12,6241,FALSE,117.244195476228,1.05989395313846,1059893.95313846,NA,110804683,302.08457,0.25926,396224439236.642,3575.88170922922,1047358437145.74,2884.66,30.0548680110365,43.0266118680279,5.69730703529922,62.2466747019023,47.9736686643137,73.0757984678588,1.97428417462378,22.45145,501,3879,68.8418422595678,0.1942138,-0.6121335,-0.6247917,0.0958334,"Philippines","Upper middle income",FALSE,1027251481.16492,7553710.20701014,NA,1203102267.15006,0.189522675679691,4.09729975040856,0.00000267498379246982,FALSE,TRUE,"Philippines",8.18196705667168,4.23181173245486,TRUE,NA,NA,NA,NA,NA,NA,NA,1.825,0,0.016470423005497,12718727.4376616,5395507.29072153,NA,NA,NA,TRUE,NA,NA,0.021,5,NA,NA
"PHL-2020","PHL","Philippines",2020,"Renda média-alta","East Asia & Pacific",TRUE,430,TRUE,5499,27,TRUE,20,FALSE,10,TRUE,1,TRUE,430,27,NA,5499,FALSE,118.690501577198,1.04697858863637,10469785.8863637,1046978.58863637,112081264,320.27857,0.27625,358510629276.391,3198.66690008413,947667774109.205,3137.34,31.6317598507085,53.76490021,7.08108894988907,67.0450915850689,52.0356914003601,75.4082726288147,3.53246213156459,22.16999,476,3517,58.1695603022281,0.1340562,-0.5396915,-0.6230015,0.059199,"Philippines","Upper middle income",FALSE,990385613.37603,1059893.95313846,19083390.0465123,1027251481.16492,0.240896640851588,3.83650205800677,0.0000292035578066281,FALSE,FALSE,"Philippines",8.07048940826484,4.06336219905326,TRUE,NA,NA,NA,NA,NA,NA,NA,2.0908999,0,0.0186552134172934,NA,12718727.4376616,NA,NA,NA,TRUE,NA,NA,0.021,5,NA,NA
"PHL-2021","PHL","Philippines",2021,"Renda média-alta","East Asia & Pacific",TRUE,526,TRUE,7255,56,TRUE,25,FALSE,5,TRUE,5,TRUE,526,56,NA,NA,FALSE,124.266413825838,1,5000000,5000000,113100950,NA,0.27625,378998554988.857,3350.97587587776,1001824458376.1,3948.12,33.6166173848126,66.90779877,8.50897715713263,64.2254083346106,49.9413249106511,72.426392998245,3.95540769439997,24.13341,490,3903,63.4846098136712,0.1128794,-0.5744967,-0.6663807,0.0487338,"Philippines","Upper middle income",TRUE,1046983508.15672,10469785.8863637,16529679.8395022,990385613.37603,0.49513288792004,4.65071248296323,0.0000131926624367922,FALSE,FALSE,"Philippines",8.11700688862986,4.15079751138443,TRUE,NA,NA,NA,NA,NA,NA,NA,1.3333,0,0.0117885835618534,21000000,NA,NA,NA,NA,TRUE,NA,NA,0.021,5,NA,NA
"PHL-2022","PHL","Philippines",2022,"Renda média-alta","East Asia & Pacific",TRUE,741,TRUE,6564,15,FALSE,7,FALSE,69,TRUE,62,TRUE,741,NA,NA,NA,FALSE,134.21120616846,0.92590192259997,63887232.6593979,57405919.2011981,113964338,NA,0.27625,407730367707.393,3577.70136573244,1077772591518.08,4283.9,38.4011392706768,75.21114422,7.63946525096298,66.6110921963778,48.8730299164324,59.0031215105936,3.13384020777967,NA,NA,NA,72.4296836107599,-0.0075752,-0.578725,-0.6298433,0.0398245,"Philippines","Upper middle income",TRUE,1126355140.79167,5000000,79357018.5457616,1046983508.15672,NA,6.50203399593301,0.000156689905190595,FALSE,FALSE,"Philippines",8.18247579656423,4.2826162099906,FALSE,NA,NA,NA,NA,NA,NA,NA,NA,NA,NA,48146899.9751984,21000000,NA,NA,NA,TRUE,NA,NA,0.021,5,NA,NA
"PHL-2023","PHL","Philippines",2023,"Renda média-alta","East Asia & Pacific",TRUE,989,TRUE,6518,3,FALSE,2,FALSE,9,TRUE,7,TRUE,989,NA,NA,NA,FALSE,139.73579356326,0.889295510169921,8003659.59152929,6225068.57118944,114891199,NA,0.27625,430232801525.374,3744.69763802686,1137254318493.28,4752.21,44.2394203278519,77.86699677,6.5393085505183,63.977928897569,48.3110407107995,54.1020651056337,3.18581223118339,NA,NA,NA,67.4199693171606,0.0402301,-0.5581409,-0.609299,0.0880472,"Philippines","Upper middle income",TRUE,1188518114.21385,63887232.6593979,76890892.2509272,1126355140.79167,NA,8.60814412773254,0.0000186030901482933,FALSE,FALSE,"Philippines",8.22809615518235,4.21094125470585,FALSE,NA,NA,NA,NA,NA,NA,NA,NA,NA,NA,12450137.1423789,48146899.9751984,NA,NA,NA,TRUE,NA,NA,0.021,5,NA,NA
"PHL-2024","PHL","Philippines",2024,"Renda média-alta","East Asia & Pacific",TRUE,1118,TRUE,4461,NA,NA,NA,NA,75,TRUE,37,TRUE,1118,NA,NA,NA,FALSE,143.857336014608,0.863817009743732,64786275.7307799,31961229.3605181,115843670,NA,0.27625,454819510163.045,3926.14900894495,1202245505768.15,NA,47.4134996154186,67.26300914,7.13893301204977,60.975307025875,49.8449977717705,54.5471415504716,3.1976702517554,NA,NA,NA,65.8637883882752,0.0798378,-0.5773566,-0.5630593,0.1123235,"Philippines","Upper middle income",TRUE,1256438896.82541,8003659.59152929,136677167.981707,1188518114.21385,NA,9.6509373364984,0.000142443923981087,FALSE,FALSE,"Philippines",8.27541432850865,4.18758879713227,FALSE,NA,NA,NA,NA,NA,NA,NA,NA,NA,NA,120934381.364123,12450137.1423789,NA,NA,NA,TRUE,NA,NA,0.021,5,NA,NA
"POL-2016","POL","Poland",2016,"Alta renda","Europe & Central Asia",TRUE,1811,TRUE,29469,23,TRUE,19,TRUE,19,TRUE,11,TRUE,1811,23,19,29469,FALSE,110.06700893427,1.12900691159917,21451131.3203842,12419076.0275908,37970087,2304.00747,0.9616,494605411858.337,13026.1858988718,1240684182182.6,33120.9,69.8503799438477,73.3007040962669,19.1513139299534,10.7154228014203,54.3456987288045,29.3054964909965,3.93108996669006,9.633597,4261,135,96.8659028060623,0.737691,0.888334,0.7487465,0.7835381,"Poland","High income",FALSE,4756125640.42977,NA,NA,NA,0.605739986848068,47.6954398339935,0.0000433701912799291,FALSE,FALSE,"Poland",9.47471691037499,4.57332757674595,FALSE,0.45,0.29,0.61,NA,NA,NA,NA,8,0.3664,0.210692169338458,11290069.1159917,NA,0.303819599,0.024336218,0.328155817,FALSE,1623076430.20994,NA,0.351180082,48,0.78,0.94
"POL-2017","POL","Poland",2017,"Alta renda","Europe & Central Asia",TRUE,1842,TRUE,28156,23,TRUE,22,TRUE,59,TRUE,42,TRUE,1842,23,22,28156,FALSE,112.411557302308,1.10545941011785,65222105.196953,46429295.2249496,37974826,2994.85672,1.03055,520089746650.75,13695.6452848724,1304609910272.79,32725.15,70.6174621582031,75.9853659493832,19.9531726069815,10.6673187252222,52.27429793934,38.116840598946,3.83219672759303,10.03586,3924,117,100.56589524628,0.6404701,0.8447402,0.6296368,0.7018638,"Poland","High income",FALSE,5359784884.1093,21451131.3203842,NA,4756125640.42977,0.605664394617634,48.5058180385079,0.000125405481682666,FALSE,FALSE,"Poland",9.52483319886918,4.61081318673113,TRUE,0.53,0.34,0.72,NA,NA,NA,NA,14.4595,1.25,0.380765404955378,5527297.05058924,11290069.1159917,0.341180173,0.023714012,0.364894185,FALSE,1897777242.30982,1623076430.20994,0.351180082,48,0.78,0.94
"POL-2018","POL","Poland",2018,"Alta renda","Europe & Central Asia",TRUE,1964,TRUE,31478,35,TRUE,31,TRUE,26,TRUE,17,TRUE,1964,35,31,31478,FALSE,115.157303224791,1.07910145814431,28056637.911752,18344724.7884532,37974750,3079.49249,1.19426,552573816155.989,14551.0850277089,1386093998885.26,33795.97,71.0217437744141,77.5417345350006,20.5313862679212,10.3950333891095,51.8969895049653,26.9892584960954,3.86657827897154,9.395756,4207,115,102.442462168005,0.7020596,0.7835291,0.5477151,0.7567887,"Poland","High income",FALSE,6599168056.82452,65222105.196953,114729874.429089,5359784884.1093,0.921665053752823,51.7185761591584,0.0000507744614229635,FALSE,FALSE,"Poland",9.58542084217039,4.62930129626315,TRUE,0.63,0.4,0.86,16.8933333333333,12,NA,NA,14.5333,0.35960001,0.382709563591597,6474608.74886584,5527297.05058924,0.381926987,0.023446047,0.405373034,FALSE,2239985243.64112,1897777242.30982,0.351180082,48,0.78,0.94
"POL-2019","POL","Poland",2019,"Alta renda","Europe & Central Asia",TRUE,1876,TRUE,33371,38,TRUE,37,TRUE,112,TRUE,30,TRUE,1876,38,37,33371,FALSE,117.244195476228,1.05989395313846,118708122.751508,31796818.5941539,37965475,3159.06604,1.3088,577884228677.544,15221.3090624454,1449583454736.59,34149.03,70.9065017700195,80.4359068768673,20.5043205670712,9.8529348361967,50.2277295457207,25.1572827261554,3.81150994513216,9.372567,3887,112,101.581033817373,0.6762265,0.7241917,0.5260763,0.8539905,"Poland","High income",FALSE,7563348784.9317,28056637.911752,211986865.860213,6599168056.82452,1.00090937885013,49.413315650601,0.000205418519593734,FALSE,FALSE,"Poland",9.63045163707618,4.62085684269257,TRUE,0.72,0.45,0.99,15.4983333333333,12,-0.1,NA,17.4846,2.25,0.46053947698534,22257773.0159077,6474608.74886584,0.471027865,0.016788916,0.487816781,FALSE,2819016242.24147,2239985243.64112,0.351180082,48,0.78,0.94
"POL-2020","POL","Poland",2020,"Alta renda","Europe & Central Asia",TRUE,1903,TRUE,40027,33,TRUE,30,FALSE,143,TRUE,99,TRUE,1903,33,NA,40027,FALSE,118.690501577198,1.04697858863637,149717938.175001,103650880.275001,37515748,3260.15498,1.37128,566120997479.772,15090.2228440113,1420076185854.11,34204.93,70.9730377197266,83.18488715,21.9255858346119,9.86616548997166,49.2665185159479,29.2959182827784,3.71722963023515,8.105345,4010,88,99.2590912303436,0.6714807,0.7336926,0.4647001,0.7487918,"Poland","High income",FALSE,7763104014.24062,118708122.751508,296482698.838261,7563348784.9317,0.879630602060767,50.7253647188375,0.000264462789476998,FALSE,FALSE,"Poland",9.6218023193143,4.59773351467051,TRUE,0.79,0.49,1.09,12.5466666666667,12,0.31,NA,32.288898,3.2442,0.860675842049051,52348929.4318187,22257773.0159077,0.484432735,0.027338994,0.511771729,FALSE,2897247217.03428,2819016242.24147,0.351180082,48,0.78,0.94
"POL-2021","POL","Poland",2021,"Alta renda","Europe & Central Asia",TRUE,2210,TRUE,45997,28,TRUE,25,FALSE,154,TRUE,56,TRUE,2210,28,NA,NA,FALSE,124.266413825838,1,154000000,56000000,36981559,3558.20467,1.41558,605337233054.782,16368.6239689025,1518447457166.84,34667.25,72.2060623168945,85.37490906,22.8165643900514,9.44556514280936,45.7278891219221,28.6415476491829,2.85023106835434,7.048028,3377,111,110.874283021945,0.6302459,0.6976298,0.4269379,0.7387983,"Poland","High income",FALSE,8569032803.67688,149717938.175001,422426060.926509,7763104014.24062,0.757134116493034,59.7595141946287,0.000254403647406343,FALSE,FALSE,"Poland",9.70312160873207,4.70839697406493,TRUE,0.875,0.55,1.2,10.5566666666667,12,0.52,NA,50.674999,10.864,1.37027752129108,57000000,52348929.4318187,0.49629271,0.029274253,0.525566963,FALSE,3181452511.67425,2897247217.03428,0.351180082,48,0.78,0.94
"POL-2022","POL","Poland",2022,"Alta renda","Europe & Central Asia",TRUE,2114,TRUE,35949,22,FALSE,17,FALSE,211,TRUE,118,TRUE,2114,NA,NA,NA,FALSE,134.21120616846,0.92590192259997,195365305.668594,109256426.866796,36821749,3721.07204,1.44162,637150470884.733,17303.64494323,1598248809948.92,31398.78,75.2911071777344,86.94113479,23.8373449056172,11.6325877772755,39.3159295032007,21.2270923160449,2.43227662321668,NA,NA,NA,123.021332860345,0.5531094,0.677468,0.368079,0.7421943,"Poland","High income",FALSE,9185288618.36849,154000000,499083243.843595,8569032803.67688,NA,57.411721534466,0.000306623497267944,FALSE,FALSE,"Poland",9.75867244865389,4.81235777822279,FALSE,0.945,0.6,1.29,8.88166666666667,12,1.64,NA,NA,NA,NA,138885288.389995,57000000,NA,NA,0.525566963,TRUE,3348652379.56909,3181452511.67425,0.351180082,48,0.78,0.94
"POL-2023","POL","Poland",2023,"Alta renda","Europe & Central Asia",TRUE,2558,TRUE,41717,26,FALSE,7,FALSE,141,TRUE,28,TRUE,2558,NA,NA,NA,FALSE,139.73579356326,0.889295510169921,125390666.933959,24900274.2847578,36687353,3675.06022,1.55525,638740867489.057,17410.3830137066,1602238212133.11,31218.47,76.8794097900391,86.414744,24.526154479274,12.1223189735947,34.7075227346327,26.0513901290806,2.32399482814849,NA,NA,NA,110.024935041815,0.6424759,0.7436184,0.3176335,0.6944984,"Poland","High income",FALSE,9934017341.62356,195365305.668594,474755972.602553,9185288618.36849,NA,69.7242998152524,0.000196309134605525,FALSE,FALSE,"Poland",9.76482203215877,4.70070702230221,FALSE,0.955,0.6,1.31,-2.0075,12,1.12,NA,NA,NA,NA,14228728.1627187,138885288.389995,NA,NA,0.525566963,TRUE,3357010978.70209,3348652379.56909,0.351180082,48,0.78,0.94
"POL-2024","POL","Poland",2024,"Alta renda","Europe & Central Asia",TRUE,2277,TRUE,19990,9,FALSE,NA,NA,120,TRUE,46,TRUE,2277,NA,NA,NA,FALSE,143.857336014608,0.863817009743732,103658041.169248,39735582.4482117,36559233,NA,1.55525,658084600079.586,18000.5034591285,1650760655426.38,NA,80.9149627685547,88.58496367,25.3612522999634,13.5099699026858,33.5857900188097,21.505147512711,1.78153481819135,NA,NA,NA,100.359442847164,0.7176923,0.7944766,0.5432403,0.6825656,"Poland","High income",TRUE,10234860742.7378,125390666.933959,424414013.771801,9934017341.62356,NA,62.2824882567968,0.000157514765057125,FALSE,FALSE,"Poland",9.79815500643873,4.60875816994001,FALSE,0.945,0.59,1.3,3.29083333333333,12,0.95,NA,NA,NA,NA,39735582.4482117,14228728.1627187,NA,NA,0.525566963,TRUE,3458675246.60898,3357010978.70209,0.351180082,48,0.78,0.94
"PRT-2016","PRT","Portugal",2016,"Alta renda","Europe & Central Asia",TRUE,1066,TRUE,37142,10,TRUE,6,TRUE,21,TRUE,16,TRUE,1066,10,6,37142,FALSE,110.06700893427,1.12900691159917,23709145.1435825,18064110.5855867,10325452,3992.10969,1.2815,203027536357.754,19662.82312462,378286334847.615,14038.15,63.2387504577637,70.423567088723,32.6259001706105,5.80540001054449,111.328568595891,27.7526498262106,17.2783688162153,10.70251,724,27,79.5223464844001,1.0665134,0.7131915,1.128957,0.911977,"Portugal","High income",FALSE,2601797878.42462,NA,NA,NA,0.968480605013708,103.240032494461,0.000116777977849294,FALSE,FALSE,"Portugal",9.88648498077861,4.37603807001659,FALSE,0.185,0.11,0.26,NA,NA,NA,NA,4.125,0,0.399498249568154,64353393.9611525,NA,0.572760514,0.06731038,0.640070894,FALSE,1299520167.03125,NA,0.793556783,27,0.62,0.61
"PRT-2017","PRT","Portugal",2017,"Alta renda","Europe & Central Asia",TRUE,1125,TRUE,29513,9,TRUE,8,TRUE,193,TRUE,53,TRUE,1125,9,8,29513,FALSE,112.411557302308,1.10545941011785,213353666.152745,58589348.7362459,10300300,4348.10903,1.32224,209757330876.906,20364.1962735946,390825467955.362,14109.14,64.2040176391602,73.7912139515729,34.6016066063915,5.98812595371655,102.855290609028,34.224669578664,14.1599573187475,16.44999,644,36,84.8077923069539,1.23518,0.8242393,1.1859989,0.9894137,"Portugal","High income",FALSE,2773495331.7868,23709145.1435825,NA,2601797878.42462,0.873760958418687,109.220119802336,0.0010171452185285,FALSE,FALSE,"Portugal",9.92153355323912,4.44038742898838,TRUE,0.22,0.13,0.31,NA,NA,NA,NA,1.25,1,0.121355688669262,56378429.9160102,64353393.9611525,0.561196707,0.072337534,0.633534241,FALSE,1328884514.11287,1299520167.03125,0.793556783,27,0.62,0.61
"PRT-2018","PRT","Portugal",2018,"Alta renda","Europe & Central Asia",TRUE,1232,TRUE,36040,16,TRUE,14,TRUE,155,TRUE,34,TRUE,1232,16,14,36040,FALSE,115.157303224791,1.07910145814431,167260726.012367,36689449.5769064,10283822,4614.40041,1.35078,215937376369.165,20997.7745987013,402340293975.507,14381.18,65.1127395629883,74.6609681487507,36.6542819407724,5.28353269409281,97.0963051936704,25.5825785281109,10.1876415339655,16.8905,661,29,86.7356954918399,1.1254729,0.8083907,1.1331787,0.9968125,"Portugal","High income",FALSE,2916838892.51941,213353666.152745,404323537.308695,2773495331.7868,1.55584178722658,119.799817616446,0.000774579782457018,FALSE,FALSE,"Portugal",9.95217173959977,4.46286551176472,TRUE,0.27,0.16,0.38,10.59,12,NA,NA,4.8499999,1.05,0.471614532029045,399267539.513393,56378429.9160102,0.561798537,0.071661266,0.633459803,FALSE,1367876478.95148,1328884514.11287,0.793556783,27,0.62,0.61
"PRT-2019","PRT","Portugal",2019,"Alta renda","Europe & Central Asia",TRUE,1446,TRUE,41843,11,TRUE,11,TRUE,123,TRUE,114,TRUE,1446,11,11,41843,FALSE,117.244195476228,1.05989395313846,130366956.236031,120827910.657785,10286263,4859.21726,1.39487,221866335067.158,21569.1874752919,413387288366.33,15862.54,66.0920562744141,75.3463779408712,38.3605751907072,6.94181475443009,93.35554945374,NA,6.78401726884444,17.5525,703,104,86.7709889083586,1.0984351,0.802355,1.1205946,1.0602819,"Portugal","High income",FALSE,3094746947.95127,167260726.012367,510981348.401143,2916838892.51941,1.06938739559741,140.575834003078,0.000587592327590256,FALSE,FALSE,"Portugal",9.97902106947073,4.46327233663291,TRUE,0.32,0.19,0.45,24.7725,12,0.03,NA,9.375,2.2976,0.911409712156883,33916606.5004308,399267539.513393,0.564737111,0.071635843,0.636372954,FALSE,1411897350.39841,1367876478.95148,0.793556783,27,0.62,0.61
"PRT-2020","PRT","Portugal",2020,"Alta renda","Europe & Central Asia",TRUE,1417,TRUE,35815,11,TRUE,9,FALSE,66,TRUE,56,TRUE,1417,11,NA,35815,FALSE,118.690501577198,1.04697858863637,69100586.8500006,58630800.9636369,10297081,5131.43982,1.60979,203663019645.466,19778.7139525722,379470384302.572,16428.64,68.1568908691406,78.26166044,40.1215406866329,7.1147115711238,104.074185342131,NA,5.60342554555474,15.55049,695,263,76.5086407209215,1.0782979,0.7933446,1.1554043,0.8622654,"Portugal","High income",FALSE,3278546923.95075,130366956.236031,366728269.098399,3094746947.95127,1.06826390896605,137.61181445499,0.00033928882607304,FALSE,FALSE,"Portugal",9.89236158549837,4.33740368505433,TRUE,0.37,0.22,0.52,24.0825,12,0.14,NA,19.9083,1.4778,1.93339257989716,20939571.7727275,33916606.5004308,0.581048469,0.079862313,0.660910782,FALSE,1346030855.78366,1411897350.39841,0.793556783,27,0.62,0.61
"PRT-2021","PRT","Portugal",2021,"Alta renda","Europe & Central Asia",TRUE,1748,TRUE,37637,4,TRUE,3,FALSE,299,TRUE,281,TRUE,1748,4,NA,NA,FALSE,124.266413825838,1,299000000,281000000,10361831,5430.93667,1.66711,214984151437.597,20747.6990734163,400564219793.072,18387.68,72.5122375488281,82.30902804,41.5145728650954,6.250331404512,98.848509456936,NA,4.57897942169444,16.09242,711,42,85.8735452148975,1.1498666,0.824913,1.1681663,0.8006851,"Portugal","High income",FALSE,3584022287.03132,69100586.8500006,498467543.086032,3278546923.95075,0.386032159760181,168.696053815199,0.00139080019620325,FALSE,FALSE,"Portugal",9.94019063148218,4.45287580967002,TRUE,0.43,0.25,0.61,16.1958333333333,12,0.5,NA,16.825001,0.25,1.6237478684993,394000000,20939571.7727275,0.559912955,0.07909538,0.639008335,FALSE,1373766646.61527,1346030855.78366,0.793556783,27,0.62,0.61
"PRT-2022","PRT","Portugal",2022,"Alta renda","Europe & Central Asia",TRUE,1794,TRUE,36529,5,FALSE,1,FALSE,171,TRUE,100,TRUE,1794,NA,NA,NA,FALSE,134.21120616846,0.92590192259997,158329228.764595,92590192.259997,10434332,5686.65428,1.69051,230002603240.143,22042.8680283647,428547000796.038,18212.56,75.0714797973633,84.49690644,42.937003513367,6.99049160072585,89.4563111808935,NA,3.6191746300687,NA,NA,NA,101.364146479435,1.0295264,0.7922842,1.1325826,0.8548366,"Portugal","High income",FALSE,3888217008.03494,299000000,526429815.614596,3584022287.03132,NA,171.932424615203,0.000688380159764041,FALSE,FALSE,"Portugal",10.0007443831296,4.61871944361573,FALSE,0.495,0.29,0.7,8.95583333333333,12,1.2,NA,NA,NA,NA,325917476.755189,394000000,0.537157694,0.074318448,0.611476142,FALSE,1406411044.79239,1373766646.61527,0.793556783,27,0.62,0.61
"PRT-2023","PRT","Portugal",2023,"Alta renda","Europe & Central Asia",TRUE,2004,TRUE,29610,7,FALSE,NA,NA,103,TRUE,85,TRUE,2004,NA,NA,NA,FALSE,139.73579356326,0.889295510169921,91597437.5475018,75590118.3644433,10578174,5983.27041,1.69491,237132655096.059,22417.1634060906,441831904076.819,18225.29,77.6778182983398,85.79012676,44.1107426914567,6.71084167998399,80.2271063662543,NA,3.13622776694512,NA,NA,NA,93.1358537072038,0.9509447,0.7341184,1.0411442,0.7094345,"Portugal","High income",FALSE,4019185084.48861,158329228.764595,548926666.312097,3888217008.03494,NA,189.446685221854,0.000386270872353692,FALSE,FALSE,"Portugal",10.01758216793,4.53405921978433,FALSE,0.565,0.33,0.8,5.175,12,0.94,NA,NA,NA,NA,48911253.0593456,325917476.755189,NA,NA,0.611476142,TRUE,1450009610.80355,1406411044.79239,0.793556783,27,0.62,0.61
"PRT-2024","PRT","Portugal",2024,"Alta renda","Europe & Central Asia",TRUE,1868,TRUE,17455,2,FALSE,1,FALSE,153,TRUE,131,TRUE,1868,NA,NA,NA,FALSE,143.857336014608,0.863817009743732,132164002.490791,113160028.276429,10694681,NA,1.69491,242384176671.169,22663.993126225,451616679505.118,NA,NA,88.48704454,45.2439221846256,6.77343918950435,77.118172685653,NA,2.79903801270908,NA,NA,NA,89.6615637070518,0.9763875,0.8171016,1.0019077,0.668758,"Portugal","High income",TRUE,4108193648.81731,91597437.5475018,382090668.802888,4019185084.48861,NA,174.666266343054,0.00054526662716144,FALSE,FALSE,"Portugal",10.0285327382198,4.496042178984,FALSE,0.62,0.36,0.88,13.3516666666667,12,0.42,NA,NA,NA,NA,158078512.783103,48911253.0593456,NA,NA,0.611476142,TRUE,1482121412.32733,1450009610.80355,0.793556783,27,0.62,0.61
"ROU-2016","ROU","Romania",2016,"Alta renda","Europe & Central Asia",TRUE,823,TRUE,14718,2,TRUE,1,TRUE,1,TRUE,1,TRUE,823,2,1,14718,FALSE,110.06700893427,1.12900691159917,1129006.91159917,1129006.91159917,19702267,910.44851,0.48863,182972525962.275,9286.87678236598,594794648941.46,9292.66,49.911319732666,59.5039512852713,22.4982986593906,10.3924513925489,28.5586243050561,9.75369202072756,11.3821126641511,10.84487,1005,58,85.8925282906884,0.0188324,-0.0762059,0.3873318,0.4402674,"Romania","High income",FALSE,894058653.609464,NA,NA,NA,0.101511161126788,41.7718428036733,0.0000061703630403613,FALSE,TRUE,"Romania",9.13635758393371,4.45309684372501,FALSE,0.27,0.21,0.33,NA,NA,NA,NA,3.9166999,0,0.198794377317087,0,NA,0.055297558,0.162537341,0.217834899,FALSE,398578017.12767,NA,0.392566533,13,0.57,0.56
"ROU-2017","ROU","Romania",2017,"Alta renda","Europe & Central Asia",TRUE,802,TRUE,15802,5,TRUE,1,TRUE,0,TRUE,0,TRUE,802,5,1,15802,FALSE,112.411557302308,1.10545941011785,0,0,19588715,887.74694,0.50693,197967999561.02,10106.2269557253,643540915125.243,9590.84,50.5108184814453,63.7472821822484,24.148941859633,9.77959738479042,26.6684604630278,11.2402920949258,7.6552442828254,11.23704,1098,80,87.1560645667801,0.0157822,-0.0534773,0.4175773,0.4076493,"Romania","High income",FALSE,1003559180.17468,1129006.91159917,NA,894058653.609464,0.255249004337446,40.9419402957264,0,TRUE,FALSE,"Romania",9.22090704312248,4.46770035723029,TRUE,0.32,0.25,0.39,NA,NA,NA,NA,4.4833002,1,0.228871582439175,NA,0,0.053923365,0.164022627,0.217945992,FALSE,431463320.485821,398578017.12767,0.392566533,13,0.57,0.56
"ROU-2018","ROU","Romania",2018,"Alta renda","Europe & Central Asia",TRUE,900,TRUE,17686,5,TRUE,1,TRUE,1,TRUE,0,TRUE,900,5,1,17686,FALSE,115.157303224791,1.07910145814431,1079101.45814431,0,19473970,876.17129,0.49698,208647427408.285,10714.1701157127,678256873184.539,9157.14,51.9943504333496,70.6812779273268,25.9702175828069,10.0771915943775,25.6917391714929,8.62470197534713,5.59069140441419,11.30402,1100,47,87.0911701095809,0.0158531,-0.1669954,0.3102168,0.3833346,"Romania","High income",FALSE,1036935984.73369,0,2208108.36974348,1003559180.17468,0.256752988733165,46.2155379719698,0.00000517188959168284,FALSE,TRUE,"Romania",9.27932245420478,4.46695550225087,FALSE,0.385,0.3,0.47,20.065,12,NA,NA,13.636,5.7666998,0.700216750873089,3237304.37443292,NA,0.048768948,0.152318334,0.201087282,FALSE,419563440.738243,431463320.485821,0.392566533,13,0.57,0.56
"ROU-2019","ROU","Romania",2019,"Alta renda","Europe & Central Asia",TRUE,1096,TRUE,18460,6,TRUE,1,TRUE,5,TRUE,5,TRUE,1096,6,1,18460,FALSE,117.244195476228,1.05989395313846,5299469.76569232,5299469.76569232,19371648,887.46612,0.47491,216910469745.256,11197.3162915853,705117809492.65,10251.3,52.4439697265625,73.6574757545465,27.060557570268,11.0725693077429,24.71556311196,10.4407610605119,4.70370876212337,11.0667,881,58,84.9063630584793,-0.0213742,-0.1186712,0.3811201,0.4113235,"Romania","High income",FALSE,1030129511.8672,1079101.45814431,6378571.22383663,1036935984.73369,0.309731004816937,56.5775302132271,0.0000244315996914124,FALSE,FALSE,"Romania",9.32342941174775,4.44154903819413,TRUE,0.44,0.35,0.53,38.0616666666667,12,-0.3,NA,19.8333,16,1.02383132297262,20137985.1096308,3237304.37443292,0.048594498,0.151359172,0.19995367,FALSE,433720444.869879,419563440.738243,0.392566533,13,0.57,0.56
"ROU-2020","ROU","Romania",2020,"Alta renda","Europe & Central Asia",TRUE,1228,TRUE,21131,9,TRUE,NA,NA,6,TRUE,4,TRUE,1228,9,NA,21131,FALSE,118.690501577198,1.04697858863637,6281871.53181824,4187914.35454549,19265250,942.32049,0.46414,209105975817.662,10854.049431887,679747491181.659,9723,53.4911117553711,78.45526895,29.314080636148,11.9370424850698,25.8547218167581,10.1798396710499,4.52148801977923,10.99972,817,47,78.3616463562709,-0.1507723,-0.1311528,0.4494077,0.3549315,"Romania","High income",FALSE,970544476.160096,5299469.76569232,12660442.7556549,1030129511.8672,0.467162377856503,63.7417111119762,0.0000300415686699263,FALSE,FALSE,"Romania",9.29229350886828,4.36133460301733,TRUE,0.49,0.38,0.6,17.0441666666667,12,0,NA,6.7856998,4.0391998,0.352224850443155,4187914.35454549,20137985.1096308,0.040758881,0.148611729,0.18937061,FALSE,395985261.952359,433720444.869879,0.392566533,13,0.57,0.56
"ROU-2021","ROU","Romania",2021,"Alta renda","Europe & Central Asia",TRUE,1271,TRUE,22035,12,TRUE,2,FALSE,39,TRUE,27,TRUE,1271,12,NA,NA,FALSE,124.266413825838,1,39000000,27000000,19122059,988.67695,0.47108,220789460074.341,11546.3224998072,717727367561.009,10812.95,55.2656097412109,83.5904265,31.6949603653045,11.4879408346099,26.4890320985714,11.3265524504994,3.86600747872832,10.34337,772,45,87.0711965460145,0.0599597,0.0195541,0.4585535,0.3621365,"Romania","High income",FALSE,1040094988.51821,6281871.53181824,50581341.2975106,970544476.160096,0.627547483249581,66.4677376008515,0.000176638866669036,FALSE,FALSE,"Romania",9.35412226696535,4.46672613509151,TRUE,0.55,0.43,0.67,16.98,12,-0.16,NA,12.794,2.6607001,0.669070208391262,89000000,4187914.35454549,0.043384905,0.142109369,0.185494274,FALSE,409551806.033419,395985261.952359,0.392566533,13,0.57,0.56
"ROU-2022","ROU","Romania",2022,"Alta renda","Europe & Central Asia",TRUE,1219,TRUE,17186,11,FALSE,2,FALSE,35,TRUE,28,TRUE,1219,NA,NA,NA,FALSE,134.21120616846,0.92590192259997,32406567.2909989,25925253.8327991,19048502,998.72545,0.46274,230035489109.198,12076.3033811896,747783730203.255,10478.75,58.2390403747559,85.50309124,33.2115600895132,11.85733755602,25.2220369814974,9.81448589655422,3.04351613618208,NA,NA,NA,93.9496509383447,0.2653434,0.0736519,0.4286773,0.429201,"Romania","High income",FALSE,1064466222.3039,39000000,77688438.8228171,1040094988.51821,NA,63.994533533398,0.000140876381363988,FALSE,FALSE,"Romania",9.39900041316681,4.54275901045443,FALSE,0.585,0.46,0.71,7.24666666666667,12,-0.21,NA,NA,NA,NA,20369842.2971993,89000000,NA,NA,0.185494274,TRUE,426702660.465456,409551806.033419,0.392566533,13,0.57,0.56
"ROU-2023","ROU","Romania",2023,"Alta renda","Europe & Central Asia",TRUE,1327,TRUE,13553,17,FALSE,1,FALSE,78,TRUE,76,TRUE,1327,NA,NA,NA,FALSE,139.73579356326,0.889295510169921,69365049.7932538,67586458.772914,19061062,1082.10503,0.51656,235229078939.709,12340.8170509969,764666698964.488,10712.88,55.1682891845703,89.20335498,34.6706189336505,12.6747408327123,23.2502304421426,13.7637956808282,2.90081433195069,NA,NA,NA,83.3753324062231,0.1820925,0.08069,0.3777231,0.3306616,"Romania","High income",FALSE,1215099330.17096,32406567.2909989,140771617.084253,1064466222.3039,NA,69.618366489758,0.000294882971552308,FALSE,FALSE,"Romania",9.42066750685557,4.42335249110908,FALSE,0.6,0.47,0.73,-1.08916666666667,12,-0.02,NA,NA,NA,NA,154737418.769566,20369842.2971993,NA,NA,0.185494274,TRUE,436336472.2161,426702660.465456,0.392566533,13,0.57,0.56
"ROU-2024","ROU","Romania",2024,"Alta renda","Europe & Central Asia",TRUE,1311,TRUE,9390,5,FALSE,1,FALSE,17,TRUE,11,TRUE,1311,NA,NA,NA,FALSE,143.857336014608,0.863817009743732,14684889.1656434,9501987.10718105,19051804,NA,0.51656,237383786157.719,12459.9112061891,771671074711.983,NA,NA,91.29048551,35.7995871488999,13.4497511493721,22.7281195412098,12.3936028960711,2.84615726921326,NA,NA,NA,77.2149837939003,0.4004153,-0.0007575,0.3119971,0.3463576,"Romania","High income",TRUE,1226229685.77631,69365049.7932538,116456506.249896,1215099330.17096,NA,68.8123812317196,0.0000618613823771716,FALSE,FALSE,"Romania",9.43027166600699,4.34659352879215,FALSE,0.615,0.48,0.75,15.5733333333333,12,0.06,NA,NA,NA,NA,58739556.6625738,154737418.769566,NA,NA,0.185494274,TRUE,440333330.726973,436336472.2161,0.392566533,13,0.57,0.56
"RUS-2016","RUS","Russia",2016,"Alta renda","Europe & Central Asia",FALSE,1660,TRUE,27523,140,TRUE,128,TRUE,8,TRUE,6,TRUE,1660,140,128,27523,FALSE,110.06700893427,1.12900691159917,9032055.29279333,6774041.469595,145015460,2946.99732,1.10238,1366122853556.84,9269.3173828125,5159143263887.28,58820.71,83.860044350614,73.091434617897,18.8797858276626,15.7901190501232,53.1024738337766,48.7200957478332,9.24076995498894,6.669628,26795,14792,46.5181198396096,-0.3948946,-0.8476934,-0.8691392,-0.4991281,"Russian Federation","High income",FALSE,15059865113.0399,NA,NA,NA,0.965414308239963,11.447055369131,0.00000661145172213279,FALSE,FALSE,"Russia",9.13446501861149,3.83984191066023,FALSE,NA,NA,NA,NA,NA,NA,NA,54.133301,4.8333001,0.373293309554719,2258013.82319833,NA,0.10037016,0.35247501,0.45284517,FALSE,6186421358.59832,NA,0.225774717,29,NA,NA
"RUS-2017","RUS","Russia",2017,"Alta renda","Europe & Central Asia",FALSE,2135,TRUE,26012,192,TRUE,183,TRUE,14,TRUE,11,TRUE,2135,192,183,26012,FALSE,112.411557302308,1.10545941011785,15476431.7416499,12160053.5112963,145293260,2811.96725,1.10967,1391077891792.47,9418.99609375,5253385606058.9,64643.52,81.7051021681418,76.0081385339105,21.2763636749444,12.3246991949294,52.0765975053134,39.602665063004,9.65589344602211,7.379331,22777,14106,46.8765243371311,-0.3271933,-0.9349413,-0.838212,-0.4750673,"Russian Federation","High income",FALSE,15436374041.8535,9032055.29279333,NA,15059865113.0399,1.3214652902688,14.6944187225202,0.0000111254961587433,FALSE,FALSE,"Russia",9.15048379010248,3.84751700295397,TRUE,NA,NA,NA,NA,NA,NA,NA,58.620602,6.3369999,0.403464014779488,7738215.87082493,2258013.82319833,0.100099567,0.337564299,0.437663866,FALSE,6088245280.29022,6186421358.59832,0.225774717,29,NA,NA
"RUS-2018","RUS","Russia",2018,"Alta renda","Europe & Central Asia",FALSE,2775,TRUE,43516,215,TRUE,200,TRUE,48,TRUE,20,TRUE,2775,215,200,43516,FALSE,115.157303224791,1.07910145814431,51796869.9909267,21582029.1628861,145398106,2772.63667,0.99001,1430116278514.33,9674.787109375,5400813510778.24,72112.25,81.5681115998523,80.8647218726954,21.8962972283043,11.3552822642706,51.2433106717876,34.7617412564913,9.74675740899047,7.177286,24926,13031,51.5809003703964,-0.2817755,-0.8906622,-0.8361773,-0.4252054,"Russian Federation","High income",FALSE,14158294168.9197,15476431.7416499,76305357.0253699,15436374041.8535,1.47869876654377,19.085530591437,0.000036218642336367,FALSE,FALSE,"Russia",9.17727851345692,3.94315145610535,TRUE,NA,NA,NA,NA,NA,NA,NA,87.951897,13.8182,0.604904007484114,22661130.6210304,7738215.87082493,0.095798593,0.340874419,0.436673012,FALSE,6244931828.49083,6088245280.29022,0.225774717,29,NA,NA
"RUS-2019","RUS","Russia",2019,"Alta renda","Europe & Central Asia",FALSE,3735,TRUE,38642,176,TRUE,172,TRUE,28,TRUE,25,TRUE,3735,176,172,38642,FALSE,117.244195476228,1.05989395313846,29677030.687877,26497348.8284616,145453291,2734.68619,1.03531,1461551317111.73,9882.0244140625,5519527480907.36,84801.9,80.9520697471091,82.6421618670668,22.4233442134941,12.9053155381414,52.5614289246344,46.749301656053,8.82848632528604,7.673623,23337,12174,49.2287536619033,-0.0851617,-0.7769277,-0.8616388,-0.3741636,"Russian Federation","High income",FALSE,15131586941.1894,51796869.9909267,96950332.4204536,14158294168.9197,1.21001043558375,25.6783464596893,0.0000203051581839246,FALSE,FALSE,"Russia",9.19847266996149,3.89647787681148,TRUE,NA,NA,NA,NA,NA,NA,NA,65.800003,7.3877001,0.452378922110466,23317666.9690462,22661130.6210304,0.110382739,0.293836493,0.404219232,FALSE,5907871509.31492,6244931828.49083,0.225774717,29,NA,NA
"RUS-2020","RUS","Russia",2020,"Alta renda","Europe & Central Asia",FALSE,4177,TRUE,38055,194,TRUE,183,FALSE,29,TRUE,28,TRUE,4177,194,NA,38055,FALSE,118.690501577198,1.04697858863637,30362379.0704548,29315400.4818184,145245148,2710.16353,1.09099,1422766794859.9,9632.3251953125,5373058291699.62,88564.43,57.2232854739754,84.99466978,23.1557041794102,9.19363897787208,59.5836264990744,46.530736489909,8.16184118410632,6.899168,23759,11225,45.9669082029127,-0.0973087,-0.7821594,-0.8304037,-0.4569597,"Russian Federation","High income",FALSE,15522243455.242,29677030.687877,111836279.749258,15131586941.1894,1.3356728446447,28.758275629283,0.0000213403764975022,FALSE,FALSE,"Russia",9.17287992895049,3.82792175071298,TRUE,NA,NA,NA,NA,NA,NA,NA,65.458298,6.7350001,0.450674593274537,32456336.2477276,23317666.9690462,0.108133633,0.360437372,0.468571005,FALSE,6666672669.48132,5907871509.31492,0.225774717,29,NA,NA
"RUS-2021","RUS","Russia",2021,"Alta renda","Europe & Central Asia",FALSE,4718,TRUE,41314,60,TRUE,59,FALSE,22,TRUE,6,TRUE,4718,60,NA,NA,FALSE,124.266413825838,1,22000000,6000000,144746762,2647.79283,0.96602,1506233291829.03,10231.318359375,5688268314339.54,90676.68,54.9542479280814,88.21384578,23.7409106485411,9.72984772707015,54.6422447762479,46.0231916726114,6.10135444843519,6.866006,19569,11408,50.5861954621752,-0.1675532,-0.7861165,-0.9100135,-0.3814448,"Russian Federation","High income",FALSE,14550514845.7268,30362379.0704548,82039409.7583318,15522243455.242,0.414517044602352,32.5948569405649,0.000014605971146266,FALSE,FALSE,"Russia",9.23320872252657,3.92367872211905,TRUE,NA,NA,NA,NA,NA,NA,NA,31.796,4.8687,0.219666399169606,13000000,32456336.2477276,NA,NA,0.468571005,TRUE,7057772473.16787,6666672669.48132,0.225774717,29,NA,NA
"RUS-2022","RUS","Russia",2022,"Alta renda","Europe & Central Asia",FALSE,3665,TRUE,30829,NA,NA,NA,NA,1,TRUE,NA,NA,3665,NA,NA,NA,FALSE,134.21120616846,0.92590192259997,925901.92259997,NA,144236933,2657.93662,0.91494,1484613261468.36,10119.115234375,5606620581333.77,83451.32,53.9151941239211,90.41799163,24.6345568628262,NA,NA,23.1234662414818,5.50983446091328,NA,NA,NA,42.7663082313349,-0.2576916,-0.7812284,-1.0736315,-0.9108216,"Russian Federation","High income",FALSE,13583320574.4786,22000000,53288280.9930548,14550514845.7268,NA,25.4095807763744,0.000000623665399354041,FALSE,TRUE,"Russia",9.22218151158616,3.75575060173367,FALSE,NA,NA,NA,NA,NA,NA,NA,NA,NA,NA,3703607.69039988,13000000,NA,NA,0.468571005,TRUE,6956467279.62557,7057772473.16787,0.225774717,29,NA,NA
"RUS-2023","RUS","Russia",2023,"Alta renda","Europe & Central Asia",FALSE,3638,TRUE,21172,NA,NA,NA,NA,117,TRUE,1,TRUE,3638,NA,NA,NA,FALSE,139.73579356326,0.889295510169921,104047574.689881,889295.510169921,143826130,2652.98533,0.93518,1544986751583.49,10560.4658203125,5834620196473.69,85558.11,93.7277679443359,92.24496346,25.8238695549039,NA,NA,31.7887215832447,4.50692606999785,NA,NA,NA,41.3395116492933,-0.2578287,-0.8959548,-1.0895776,-0.9082641,"Russian Federation","High income",FALSE,14448407103.4585,925901.92259997,126973476.612481,13583320574.4786,NA,25.2944301567455,0.0000673452860247768,FALSE,FALSE,"Russia",9.26487266805937,3.72181874115272,FALSE,NA,NA,NA,NA,NA,NA,NA,NA,NA,NA,0,3703607.69039988,NA,NA,0.468571005,TRUE,7239359949.01161,6956467279.62557,0.225774717,29,NA,NA
"RUS-2024","RUS","Russia",2024,"Alta renda","Europe & Central Asia",FALSE,3371,TRUE,12615,NA,NA,NA,NA,131,TRUE,4,TRUE,3371,NA,NA,NA,FALSE,143.857336014608,0.863817009743732,113160028.276429,3455268.03897493,143669648,2638.56451,0.93706,1621026050317.24,11092.6337890625,6121781512040.27,NA,60.3891235376867,94.36495368,27.1333512124875,NA,NA,NA,NA,NA,NA,NA,39.4184058815423,-0.3647474,-0.8993239,-1.1820718,-1.0971394,"Russian Federation","High income",FALSE,15189986707.1027,104047574.689881,218133504.88891,14448407103.4585,NA,23.4635502134731,0.0000698076556229823,FALSE,FALSE,"Russia",9.31403654439849,3.67423286157513,FALSE,NA,NA,NA,NA,NA,NA,NA,NA,NA,NA,0,0,NA,NA,0.468571005,TRUE,7595658055.2833,7239359949.01161,0.225774717,29,NA,NA
"SAU-2016","SAU","Saudi Arabia",2016,"Alta renda","Middle East, North Africa, Afghanistan & Pakistan",FALSE,653,TRUE,23825,NA,NA,NA,NA,1063,TRUE,1002,TRUE,653,NA,NA,23825,FALSE,110.06700893427,1.12900691159917,1200134347.02991,1131264925.42236,30954198,NA,0.47618,705230509999.152,22783.0328538685,1773937059241.04,9057.32,63.9826623355369,74.8792746891625,20.82681485606,1.30537351092227,54.375771847036,65.1159785322029,1.38335895995773,21.9313,1070,2196,57.9216635110364,0.162969,0.1140279,-0.1791671,0.1503529,"Saudi Arabia","High income",TRUE,3358166642.51396,NA,NA,NA,NA,21.0956846628687,0.00170176180697479,FALSE,FALSE,"Saudi Arabia",10.0337713648324,4.05909146850474,FALSE,0.15,0.14,0.16,NA,NA,NA,NA,4,1,0.129223183233499,0,NA,NA,NA,NA,TRUE,NA,NA,0.155166756,13,0.65,0.37
"SAU-2017","SAU","Saudi Arabia",2017,"Alta renda","Middle East, North Africa, Afghanistan & Pakistan",FALSE,757,TRUE,32747,NA,NA,NA,NA,22,TRUE,20,TRUE,757,NA,NA,32747,FALSE,112.411557302308,1.10545941011785,24320107.0225926,22109188.202357,30977355,NA,0.47618,713567089638.542,23035.1199977707,1794906894436.69,9764.42,70.7471342981424,94.1755996113911,21.6139435772426,0.734713774616693,50.1375935809361,60.8929532461216,1.61364907195792,23.45901,909,2282,59.5319791578229,0.0773243,0.1041828,-0.3246127,0.0892115,"Saudi Arabia","High income",TRUE,3397863767.44081,1200134347.02991,NA,3358166642.51396,NA,24.4372058234152,0.000034082439304918,FALSE,FALSE,"Saudi Arabia",10.0447752867235,4.08651363300645,FALSE,0.17,0.16,0.18,NA,NA,NA,NA,13.9167,6.25,0.449253979237414,NA,0,NA,NA,NA,TRUE,NA,NA,0.155166756,13,0.65,0.37
"SAU-2018","SAU","Saudi Arabia",2018,"Alta renda","Middle East, North Africa, Afghanistan & Pakistan",FALSE,1013,TRUE,39283,2,TRUE,NA,NA,791,TRUE,24,TRUE,1013,2,NA,39283,FALSE,115.157303224791,1.07910145814431,853569253.392146,25898434.9954634,30196281,NA,0.47618,736593549189.516,24393.5188306638,1852827658444.24,10329.52,73.1971736383918,93.3100018480347,22.4661479201746,0.544773695868422,NA,55.9861140437789,1.95231785727138,22.69943,1078,2321,59.1029104697141,0.1515551,0.1494341,-0.2421556,0.0640959,"Saudi Arabia","High income",TRUE,3507511162.53064,24320107.0225926,2078023707.44465,3397863767.44081,0.066233321911397,33.5471775481226,0.00115880631093137,FALSE,FALSE,"Saudi Arabia",10.1020727543035,4.07928016972595,TRUE,0.195,0.19,0.2,187.199166666667,12,NA,NA,13.981,4.8590002,0.46300403682162,22661130.6210304,NA,NA,NA,NA,TRUE,NA,NA,0.155166756,13,0.65,0.37
"SAU-2019","SAU","Saudi Arabia",2019,"Alta renda","Middle East, North Africa, Afghanistan & Pakistan",FALSE,1539,TRUE,61778,1,TRUE,1,TRUE,205,TRUE,39,TRUE,1539,1,1,61778,FALSE,117.244195476228,1.05989395313846,217278260.393385,41335864.1724001,30063799,NA,0.47618,748759049109.6,24905.6697428558,1883428760986.53,12289.58,77.9664942011008,95.7247355953812,22.3213703520821,0.644531120548462,NA,270.766825926444,1.85839038526168,23.47289,1188,2463,56.7938204886513,0.1405598,0.2066026,-0.1863906,0.142719,"Saudi Arabia","High income",TRUE,3565440840.05009,853569253.392146,1095167620.80812,3507511162.53064,0.0332625959879522,51.1911352254584,0.000290184486787526,FALSE,FALSE,"Saudi Arabia",10.1228507570493,4.0394275255947,TRUE,0.23,0.24,0.22,44.78,12,0.1,NA,19.5833,0.66670001,0.651391396010863,6359363.71883078,22661130.6210304,NA,NA,NA,TRUE,NA,NA,0.155166756,13,0.65,0.37
"SAU-2020","SAU","Saudi Arabia",2020,"Alta renda","Middle East, North Africa, Afghanistan & Pakistan",FALSE,2312,TRUE,103958,NA,NA,NA,NA,29722,TRUE,91,TRUE,2312,NA,NA,103958,FALSE,118.690501577198,1.04697858863637,31118297611.4503,95275051.56591,31552510,512.05775,0.47618,720270347023.097,22827.671935548,1811768270289.69,16098.89,73.7510866368859,97.8623325,25.4596763527151,0.605067588286761,NA,316.309469924651,2.21159921239074,21.82094,1294,2274,47.533159225048,0.0280841,0.31569,-0.2064911,0.1358,"Saudi Arabia","High income",FALSE,3429783338.45458,217278260.393385,32189145125.2358,3565440840.05009,NA,73.2746776722359,0.0432036356071902,FALSE,FALSE,"Saudi Arabia",10.0357287604104,3.86142755643822,FALSE,0.275,0.3,0.25,30.045,12,0.12,NA,40.400002,1.5,1.28040533066941,9422807.29772736,6359363.71883078,NA,NA,NA,TRUE,NA,NA,0.155166756,13,0.65,0.37
"SAU-2021","SAU","Saudi Arabia",2021,"Alta renda","Middle East, North Africa, Afghanistan & Pakistan",FALSE,3247,TRUE,129847,1,TRUE,1,FALSE,2345,TRUE,2263,TRUE,3247,1,NA,NA,FALSE,124.266413825838,1,2345000000,2263000000,30784383,794.29927,0.39379,767229070838.89,24922.6716948944,1929888259783.05,19810.93,74.3924865722656,100,33.7973610185654,0.305715240109385,NA,271.846631622595,1.86810170169937,24.37054,1398,2581,50.8839263398787,0.2772241,0.2311585,-0.1741499,0.3305062,"Saudi Arabia","High income",FALSE,3021271358.05646,31118297611.4503,33680575871.8437,3429783338.45458,0.0324840033337683,105.475558824746,0.00305645352754422,FALSE,FALSE,"Saudi Arabia",10.1235331780253,3.92954708468421,TRUE,0.325,0.37,0.28,17.8816666666667,12,0.29,NA,36.216702,1.1667,1.17646346850609,172000000,9422807.29772736,NA,NA,NA,TRUE,NA,NA,0.155166756,13,0.65,0.37
"SAU-2022","SAU","Saudi Arabia",2022,"Alta renda","Middle East, North Africa, Afghanistan & Pakistan",FALSE,4803,TRUE,148255,2,FALSE,2,FALSE,1928,TRUE,1810,TRUE,4803,NA,NA,NA,FALSE,134.21120616846,0.92590192259997,1785138906.77274,1675882479.90594,32175224,958.18871,0.41439,859301066620.788,26706.917926066,2161486188573.72,22901.43,73.7492065429688,100,41.8230078726101,0.29527343068195,NA,212.948427181821,1.80253047265234,NA,NA,NA,56.8241647749332,0.4323815,0.3013417,0.0921253,0.4840547,"Saudi Arabia","High income",FALSE,3560857689.96988,2345000000,35248436518.223,3021271358.05646,NA,149.276350026343,0.00207743127073358,FALSE,FALSE,"Saudi Arabia",10.1926779091827,4.0399616714332,FALSE,0.355,0.42,0.29,11.505,12,0.46,NA,NA,NA,NA,97219701.8729968,172000000,NA,NA,NA,TRUE,NA,NA,0.155166756,13,0.65,0.37
"SAU-2023","SAU","Saudi Arabia",2023,"Alta renda","Middle East, North Africa, Afghanistan & Pakistan",FALSE,5240,TRUE,134707,1,FALSE,1,FALSE,2553,TRUE,2172,TRUE,5240,NA,NA,NA,FALSE,139.73579356326,0.889295510169921,2270371437.46381,1931549848.08907,33702731,1120.62603,0.49487,863963569239.897,25634.8237547841,2173214249211.45,24594.79,NA,100,43.5732045642216,0.590629141767828,NA,247.448068447924,1.51347587802945,NA,NA,NA,55.7974682325487,0.605606,0.4697294,0.1674146,0.530087,"Saudi Arabia","High income",FALSE,4275496515.09748,1785138906.77274,6400510344.23655,3560857689.96988,NA,155.477014607511,0.00262785552342358,FALSE,FALSE,"Saudi Arabia",10.1517070090151,4.02172849618137,FALSE,0.41,0.49,0.33,5.13666666666667,12,0.97,NA,NA,NA,NA,48021957.5491757,97219701.8729968,NA,NA,NA,TRUE,NA,NA,0.155166756,13,0.65,0.37
"SAU-2024","SAU","Saudi Arabia",2024,"Alta renda","Middle East, North Africa, Afghanistan & Pakistan",FALSE,5259,TRUE,81858,NA,NA,NA,NA,1902,TRUE,288,TRUE,5259,NA,NA,NA,FALSE,143.857336014608,0.863817009743732,1642979952.53258,248779298.806195,35300280,1234.71384,0.63522,886849365316.209,25123.0122060281,2230781188268.09,NA,83.884129573915,100,44.0705800179885,0.544002126713625,NA,217.439811383219,1.24535587233852,NA,NA,NA,56.4049374147889,0.6467366,0.7475804,0.2811129,0.6285589,"Saudi Arabia","High income",FALSE,5633444538.36162,2270371437.46381,5698490296.76913,4275496515.09748,NA,148.978988268648,0.0018526031779329,FALSE,FALSE,"Saudi Arabia",10.1315395260535,4.03255669748777,FALSE,0.5,0.6,0.4,28.5333333333333,12,1.61,NA,NA,NA,NA,120070564.354379,48021957.5491757,NA,NA,NA,TRUE,NA,NA,0.155166756,13,0.65,0.37
"SGP-2016","SGP","Singapore",2016,"Alta renda","East Asia & Pacific",TRUE,1606,TRUE,104551,60,TRUE,50,TRUE,174,TRUE,96,TRUE,1606,60,50,104551,FALSE,110.06700893427,1.12900691159917,196447202.618255,108384663.51352,5607283,7052.85651,2.06892,320044223810.303,57076.5241936787,632052647907.152,12012.77,83.9409778236648,84.4522678893074,28.5392609803278,52.2327295013631,123.054693783234,199.659910613532,1.22253307180161,31.47979,1601,9379,301.338866227561,2.0860171,2.1054938,1.5526461,2.1506539,"Singapore","High income",FALSE,6621458955.25612,NA,NA,NA,10.7003695015928,286.413223659302,0.000613812679633592,FALSE,FALSE,"Singapore",10.9521481761431,5.70823543293015,FALSE,0.615,0.48,0.75,NA,NA,NA,NA,20.9167,3.7435999,3.73027364589945,155802953.800685,NA,0.639311473,0.232875736,0.872187209,FALSE,2791384783.2168,NA,7.27106726,239,0.86,1.64
"SGP-2017","SGP","Singapore",2017,"Alta renda","East Asia & Pacific",TRUE,1637,TRUE,128365,115,TRUE,84,TRUE,660,TRUE,566,TRUE,1637,115,84,128365,FALSE,112.411557302308,1.10545941011785,729603210.677779,625690026.126702,5612253,6950.10748,1.89683,333891877148.001,59493.3758595703,659400262106.181,12325.92,84.7929138455372,84.4522678893074,26.3326099315534,53.0720442885638,120.442638051885,228.325543527304,1.40020092664899,30.39888,1609,9321,315.401433455385,2.0605418,2.1139715,1.5008012,2.1073347,"Singapore","High income",FALSE,6333361293.30643,196447202.618255,NA,6621458955.25612,20.4908795095303,291.68321527914,0.00218514812911838,FALSE,FALSE,"Singapore",10.9936202552448,5.75384621939935,TRUE,0.69,0.54,0.84,NA,NA,NA,NA,33.278599,4.1833,5.92963271613022,336059660.675826,155802953.800685,0.562597563,0.21294829,0.775545853,FALSE,2589484606.72518,2791384783.2168,7.27106726,239,0.86,1.64
"SGP-2018","SGP","Singapore",2018,"Alta renda","East Asia & Pacific",TRUE,2013,TRUE,159508,220,TRUE,160,TRUE,1132,TRUE,769,TRUE,2013,220,160,159508,FALSE,115.157303224791,1.07910145814431,1221542850.61935,829829021.312972,5638676,7002.45715,1.80836,344531704035.059,61101.5252578902,680412766806.86,11922.18,88.8864453410769,88.1656360313447,26.50873593831,51.57228009959,117.439858431353,181.825431007786,1.30951785160199,30.09148,1575,10270,325.725809994853,2.0570443,2.1269883,1.5343058,2.109533,"Singapore","High income",FALSE,6230373523.08839,729603210.677779,2147593263.91538,6333361293.30643,39.0162513327597,356.998699694751,0.00354551652667369,FALSE,FALSE,"Singapore",11.0202921081524,5.78605595383041,TRUE,0.81,0.63,0.99,17.5283333333333,12,NA,NA,53.307899,5.3189001,9.45397447911531,713286063.833387,336059660.675826,0.521793589,0.21068027,0.732473859,FALSE,2523604668.02406,2589484606.72518,7.27106726,239,0.86,1.64
"SGP-2019","SGP","Singapore",2019,"Alta renda","East Asia & Pacific",TRUE,2369,TRUE,199108,157,TRUE,117,TRUE,2059,TRUE,1947,TRUE,2369,157,117,199108,FALSE,117.244195476228,1.05989395313846,2182321649.5121,2063613526.76059,5703569,7509.61271,1.88845,348524066699.398,61106.3119775351,688297250280.296,11605.14,91.0889904414776,88.9492526850762,26.5276177370284,51.8165690079601,119.256588972207,185.037326564786,1.30642223339991,30.40521,1727,12409,324.270088576625,2.0798104,2.1195067,1.5275488,2.1545953,"Singapore","High income",FALSE,6581702737.58478,1221542850.61935,4133467710.80923,6230373523.08839,27.5266241190384,415.353965210204,0.00626160962190985,FALSE,FALSE,"Singapore",11.020370445512,5.7815767752532,TRUE,0.935,0.74,1.13,20.95,12,-0.21,NA,73.209099,9.4493999,12.8356646513788,879711981.104924,713286063.833387,0.52138103,0.217506909,0.738887939,FALSE,2575202293.35417,2523604668.02406,7.27106726,239,0.86,1.64
"SGP-2020","SGP","Singapore",2020,"Alta renda","East Asia & Pacific",TRUE,2838,TRUE,205281,53,TRUE,31,FALSE,1232,TRUE,921,TRUE,2838,53,NA,205281,FALSE,118.690501577198,1.04697858863637,1289877621.20001,964267280.1341,5685807,7503.32643,2.15983,335939410470.424,59083.8574841572,663443918456.882,12173.97,93.134767179468,92.00434653,26.8622723592787,55.2615580095711,128.43285830434,185.810181595974,NA,28.14932,1778,11487,331.080556828077,2.0499885,2.1289105,1.489221,2.0998596,"Singapore","High income",FALSE,7255720169.16336,2182321649.5121,4693742121.33146,6581702737.58478,9.32145603957363,499.13758943981,0.00383961387380469,FALSE,FALSE,"Singapore",10.986713027069,5.80236171986934,TRUE,1.07,0.86,1.28,21.0516666666667,12,0.92,5.47,99.775597,9.5661001,17.5481856841078,818737256.313644,879711981.104924,0.537480716,0.273072095,0.810552811,FALSE,2722966334.82485,2575202293.35417,7.27106726,239,0.86,1.64
"SGP-2021","SGP","Singapore",2021,"Alta renda","East Asia & Pacific",TRUE,3357,TRUE,200738,6,TRUE,4,FALSE,3471,TRUE,2545,TRUE,3357,6,NA,NA,FALSE,124.266413825838,1,3471000000,2545000000,5453566,7956.39818,1.93761,370007310021.275,67846.8565377728,730724326968.531,12432.16,97.0989103061521,96.92468156,27.5210996900631,54.9722752514087,NA,150.390406289954,NA,28.62815,2024,12566,326.53325458764,2.0840607,2.0828348,1.4589739,2.1108142,"Singapore","High income",FALSE,7169298639.70323,1289877621.20001,6943199270.71211,7255720169.16336,1.10019755880831,615.56053415325,0.00938089574446629,FALSE,FALSE,"Singapore",11.1250083346065,5.7885317952532,TRUE,1.205,0.98,1.43,10.0308333333333,12,0.24,3.92,141.86749,20.633301,26.0137110287104,3153000000,818737256.313644,NA,NA,0.810552811,TRUE,2999104652.28293,2722966334.82485,7.27106726,239,0.86,1.64
"SGP-2022","SGP","Singapore",2022,"Alta renda","East Asia & Pacific",TRUE,3409,TRUE,136753,NA,NA,NA,NA,4114,TRUE,1453,TRUE,3409,NA,NA,NA,FALSE,134.21120616846,0.92590192259997,3809160509.57627,1345335493.53776,5637022,8781.74332,1.80821,384845634898.987,68271.0897525302,760028410066.194,12402.6,98.02222650098,95.95386476,27.5510032505086,56.8269189876243,NA,120.439207890818,NA,NA,NA,NA,330.246917062891,2.0829036,2.0355991,1.4654359,2.0394843,"Singapore","High income",FALSE,6958817254.80697,3471000000,8570038130.77628,7169298639.70323,NA,604.751941716743,0.0098978919445873,FALSE,FALSE,"Singapore",11.1312416726773,5.79984060819729,FALSE,1.3,1.07,1.53,0.816666666666667,12,1.98,3.61,NA,NA,NA,1782361201.00494,3153000000,NA,NA,0.810552811,TRUE,3119377111.68454,2999104652.28293,7.27106726,239,0.86,1.64
"SGP-2023","SGP","Singapore",2023,"Alta renda","East Asia & Pacific",TRUE,4477,TRUE,158290,NA,NA,NA,NA,2123,TRUE,1642,TRUE,4477,NA,NA,NA,FALSE,139.73579356326,0.889295510169921,1887974368.09074,1460223227.69901,5917648,NA,1.80821,390426927063.444,65976.7068036903,771050857055.831,11893.6,97.2886546863037,94.28518987,27.4343636046425,56.1383758562278,NA,118.99999884971,NA,NA,NA,NA,323.7012199919,2.0970289,1.9204264,1.4524749,2.1349414,"Singapore","High income",TRUE,7059738737.8539,3809160509.57627,9168134877.66701,6958817254.80697,NA,756.550575498914,0.00483566638779488,FALSE,FALSE,"Singapore",11.0970570314983,5.77982092982191,FALSE,1.445,1.2,1.69,6.64416666666667,12,1.31,2.67,NA,NA,NA,1838173819.52123,1782361201.00494,NA,NA,0.810552811,TRUE,3164616432.21366,3119377111.68454,7.27106726,239,0.86,1.64
"SGP-2024","SGP","Singapore",2024,"Alta renda","East Asia & Pacific",TRUE,3992,TRUE,67056,NA,NA,NA,NA,6288,TRUE,5822,TRUE,3992,NA,NA,NA,FALSE,143.857336014608,0.863817009743732,5431681357.26859,5029142630.72801,6036860,NA,1.80821,411289436837.416,68129.6960402288,812252052277.036,NA,NA,94.37757178,27.813655026664,59.429782938503,NA,111.303120986406,NA,NA,NA,NA,313.299377202408,2.1107584,1.9699986,1.474428,2.0877188,"Singapore","High income",TRUE,7436976725.83784,1887974368.09074,11128816234.9356,7059738737.8539,NA,661.270925613647,0.0132064693881641,FALSE,FALSE,"Singapore",11.1291684622904,5.74715921009281,FALSE,1.63,1.35,1.91,18.3441666666667,12,1.26,3.27,NA,NA,NA,3033725338.21999,1838173819.52123,NA,NA,0.810552811,TRUE,3333718091.63174,3164616432.21366,7.27106726,239,0.86,1.64
"SRB-2016","SRB","Serbia",2016,"Renda média-alta","Europe & Central Asia",FALSE,244,TRUE,6247,2,TRUE,NA,NA,NA,NA,NA,NA,244,2,NA,6247,FALSE,110.06700893427,1.12900691159917,NA,NA,7058322,2121.8924,0.80779,42526090399.794,6024.95754653784,133327338006.983,4888.18,62.1369705200195,67.0568413716938,20.6094025912635,NA,39.4038438717395,NA,NA,NA,192,21,97.6906940431804,0.1304601,-0.3788439,-0.0289416,0.0415308,"Serbia","Upper middle income",FALSE,343521505.640496,NA,NA,NA,0.283353465597064,34.5691228028418,NA,FALSE,FALSE,"Serbia",8.70366571211625,4.58180630418645,FALSE,NA,NA,NA,NA,NA,NA,NA,NA,NA,NA,NA,NA,0.29,0.21,0.5,FALSE,212630451.99897,NA,0.010291385,2,NA,NA
"SRB-2017","SRB","Serbia",2017,"Renda média-alta","Europe & Central Asia",FALSE,256,TRUE,9229,3,TRUE,2,TRUE,0,TRUE,0,TRUE,256,3,2,9229,FALSE,112.411557302308,1.10545941011785,0,0,7020858,2067.73261,0.83834,43531153349.2666,6200.26118592152,136478400479.993,4714.4,66.4867401123047,70.3308355269141,21.1492657800305,NA,38.7133440067721,NA,NA,NA,171,13,102.740445166934,0.1780714,-0.4365539,-0.0678526,0.0635837,"Serbia","Upper middle income",FALSE,364939070.988242,NA,NA,343521505.640496,0.427298202014626,36.462779905248,0,TRUE,FALSE,"Serbia",8.73234669690741,4.63220585797634,FALSE,NA,NA,NA,NA,NA,NA,NA,NA,NA,NA,NA,NA,0.3,0.23,0.53,FALSE,230715112.751113,212630451.99897,0.010291385,2,NA,NA
"SRB-2018","SRB","Serbia",2018,"Renda média-alta","Europe & Central Asia",FALSE,269,TRUE,6001,6,TRUE,3,TRUE,1,TRUE,1,TRUE,269,6,3,6001,FALSE,115.157303224791,1.07910145814431,1079101.45814431,1079101.45814431,6982604,2075.98604,0.88154,45555069182.0072,6524.08029755191,142823759477.085,4693.51,67.1586608886719,73.360709154564,22.2890953800272,NA,39.7209777742175,NA,NA,NA,163,11,105.563713028559,0.2138094,-0.3886174,-0.0747997,0.1501904,"Serbia","Upper middle income",FALSE,401586156.867066,0,NA,364939070.988242,0.859278286438698,38.5243098420016,0.0000236878458867651,FALSE,TRUE,"Serbia",8.78325527168967,4.65931468559551,FALSE,NA,NA,NA,NA,NA,NA,NA,NA,NA,NA,0,NA,0.29,0.25,0.54,FALSE,245997373.582839,230715112.751113,0.010291385,2,NA,NA
"SRB-2019","SRB","Serbia",2019,"Renda média-alta","Europe & Central Asia",FALSE,345,TRUE,6475,6,TRUE,2,TRUE,0,TRUE,0,TRUE,345,6,2,6475,FALSE,117.244195476228,1.05989395313846,0,0,6945235,2087.27636,0.84798,47719029694.9033,6870.75810896296,149608185038.529,4809.74,67.7898406982422,77.4167736219802,23.4424592934158,NA,40.1665718331813,NA,NA,NA,168,9,107.577309546092,0.1505127,-0.3661102,-0.039413,0.1231844,"Serbia","Upper middle income",FALSE,404647828.006841,1079101.45814431,1079101.45814431,401586156.867066,0.863901653435773,49.6743450725569,0,TRUE,FALSE,"Serbia",8.83502972977784,4.67820974766541,TRUE,NA,NA,NA,NA,NA,NA,NA,NA,NA,NA,NA,0,0.29,0.22,0.51,FALSE,243367051.444007,245997373.582839,0.010291385,2,NA,NA
"SRB-2020","SRB","Serbia",2020,"Renda média-alta","Europe & Central Asia",FALSE,346,TRUE,9088,6,TRUE,1,FALSE,0,TRUE,0,TRUE,346,6,NA,9088,FALSE,118.690501577198,1.04697858863637,0,0,6899126,2149.85336,0.86478,47265687464.123,6850.96742168834,148186871386.89,4569.29,68.1431121826172,78.36804864,25.1834994361532,NA,43.4490578103864,NA,NA,NA,138,8,100.324460810129,0.04033,-0.3707807,-0.1087775,0.1235506,"Serbia","Upper middle income",FALSE,408744212.052243,0,1079101.45814431,404647828.006841,0.869675376272299,50.1512800317026,0,TRUE,FALSE,"Serbia",8.83214515072789,4.60840954170673,FALSE,NA,NA,NA,NA,NA,NA,NA,NA,NA,NA,NA,NA,0.27,0.25,0.52,FALSE,245781574.81344,243367051.444007,0.010291385,2,NA,NA
"SRB-2021","SRB","Serbia",2021,"Renda média-alta","Europe & Central Asia",FALSE,458,TRUE,8374,6,TRUE,1,FALSE,0,TRUE,0,TRUE,458,6,NA,NA,FALSE,124.266413825838,1,0,0,6834326,2206.70833,0.94784,51022863667.9918,7465.67601077148,159966329526.014,4878.41,69.1800231933594,81.16588116,26.4794202826056,NA,41.4324145562729,NA,NA,NA,138,18,112.342298324945,0.0845481,-0.4734606,-0.1640914,0.1150626,"Serbia","Upper middle income",FALSE,483615110.990693,0,0,408744212.052243,0.877921246367235,67.0146551393656,0,TRUE,FALSE,"Serbia",8.91807126324381,4.72155044554683,FALSE,NA,NA,NA,NA,NA,NA,NA,NA,NA,NA,0,NA,0.27,0.25,0.52,FALSE,265318891.073557,245781574.81344,0.010291385,2,NA,NA
"SRB-2022","SRB","Serbia",2022,"Renda média-alta","Europe & Central Asia",FALSE,537,TRUE,8998,3,FALSE,NA,NA,8,TRUE,8,TRUE,537,NA,NA,NA,FALSE,134.21120616846,0.92590192259997,7407215.38079976,7407215.38079976,6664449,2349.67681,0.91938,52402255080.2826,7862.95387364846,164290982541.174,4938.83,69.8046798706055,83.53825397,29.3457941392192,NA,38.3866557415795,NA,NA,NA,NA,NA,131.913292283516,0.1911998,-0.4884475,-0.127244,0.1474083,"Serbia","Upper middle income",FALSE,481775852.757102,0,7407215.38079976,483615110.990693,NA,80.5768038738086,0.000141352988901939,FALSE,FALSE,"Serbia",8.96991762572078,4.88214483010836,FALSE,NA,NA,NA,NA,NA,NA,NA,NA,NA,NA,NA,0,0.28,0.24,0.52,FALSE,272491726.41747,265318891.073557,0.010291385,2,NA,NA
"SRB-2023","SRB","Serbia",2023,"Renda média-alta","Europe & Central Asia",FALSE,539,TRUE,6432,7,FALSE,3,FALSE,44,TRUE,43,TRUE,539,NA,NA,NA,FALSE,139.73579356326,0.889295510169921,39129002.4474765,38239706.9373066,6623183,2515.31463,0.87816,54366256509.8452,8208.4786891507,170448498550.376,5173.1,73.2060012817383,85.35746686,31.2695286708104,NA,33.044281917872,NA,NA,NA,NA,NA,114.49206464322,0.1452306,-0.4997947,-0.1799478,0.0960988,"Serbia","Upper middle income",FALSE,477422718.166857,7407215.38079976,46536217.8282763,481775852.757102,NA,81.3808104049065,0.000719729570499132,FALSE,FALSE,"Serbia",9.01292288553832,4.7405055161666,FALSE,NA,NA,NA,NA,NA,NA,NA,NA,NA,NA,NA,NA,0.26,0.23,0.49,FALSE,266394656.898241,272491726.41747,0.010291385,2,NA,NA
"SRB-2024","SRB","Serbia",2024,"Renda média-alta","Europe & Central Asia",FALSE,532,TRUE,4134,9,FALSE,NA,NA,50,TRUE,6,TRUE,532,NA,NA,NA,FALSE,143.857336014608,0.863817009743732,43190850.4871866,5182902.05846239,6586476,2687.54708,0.93978,56513683533.7835,8580.26105823259,177181088496.32,NA,70.582649230957,87.69071294,33.3746847922718,NA,32.6365244902661,NA,NA,NA,NA,NA,111.725028388916,0.0828137,-0.5554987,-0.2099129,0.0672016,"Serbia","Upper middle income",FALSE,531104295.113791,39129002.4474765,89727068.3154629,477422718.166857,NA,80.7715688935935,0.000764254739498044,FALSE,FALSE,"Serbia",9.05721961838657,4.71604074891584,FALSE,NA,NA,NA,NA,NA,NA,NA,NA,NA,NA,NA,NA,0.26,0.24,0.5,FALSE,282568417.668918,266394656.898241,0.010291385,2,NA,NA
"SVN-2016","SVN","Slovenia",2016,"Alta renda","Europe & Central Asia",TRUE,191,TRUE,7283,3,TRUE,3,TRUE,1,TRUE,1,TRUE,191,3,3,7283,FALSE,110.06700893427,1.12900691159917,1129006.91159917,1129006.91159917,2065042,3939.83347,2.02922,44005450729.606,21309.7122138949,81930320713.0589,3360.12,79.4747467041016,75.4985042610791,28.5889065200718,7.14418674805758,47.1423210691584,11.8815726069095,5.07141393661737,5.40246,NA,NA,148.238448080388,1.1807718,0.7494562,0.8389182,0.7116461,"Slovenia","High income",FALSE,892967407.295311,NA,NA,NA,1.45275495607353,92.4920655366816,0.0000256560697113732,FALSE,TRUE,"Slovenia",9.96691822025698,4.99882211295568,FALSE,NA,NA,NA,NA,NA,NA,NA,0.5,0,0.242125826012255,1129006.91159917,NA,0.217467865,0.269837586,0.487305451,FALSE,214440960.142489,NA,0.025633238,3,0.23,0.72
"SVN-2017","SVN","Slovenia",2017,"Alta renda","Europe & Central Asia",TRUE,226,TRUE,6626,NA,NA,NA,NA,1,TRUE,0,TRUE,226,NA,NA,6626,FALSE,112.411557302308,1.10545941011785,1105459.41011785,0,2066388,4510.81305,1.88219,46282469720.8281,22397.7634988337,86169724994.2889,3373.97,79.2703475952148,78.8854263554775,29.180424842781,6.50844824804584,45.4705282131968,13.1213293868957,3.20363588164703,5.510128,NA,NA,158.70213584467,1.201628,0.7824621,0.7500335,0.6581037,"Slovenia","High income",FALSE,871124016.838454,1129006.91159917,NA,892967407.295311,NA,109.369585963527,0.0000238850566269667,FALSE,TRUE,"Slovenia",10.0167163890563,5.06702908582031,FALSE,NA,NA,NA,NA,NA,NA,NA,0.25,0,0.120984055269388,0,1129006.91159917,0.208979938,0.25733006,0.466309998,FALSE,215819783.629544,214440960.142489,0.025633238,3,0.23,0.72
"SVN-2018","SVN","Slovenia",2018,"Alta renda","Europe & Central Asia",TRUE,259,TRUE,8457,9,TRUE,8,TRUE,0,TRUE,NA,NA,259,9,8,8457,FALSE,115.157303224791,1.07910145814431,0,NA,2073894,4880.49036,1.96365,48309217703.4135,23293.966665323,89943169180.5122,3237.85,77.3015975952148,79.7499765956562,29.6086313428343,6.83053982321457,43.7031144504248,13.5344499717059,6.00921749143581,5.371148,255,23,162.613493975851,1.2566126,0.8209671,0.7719256,0.7260598,"Slovenia","High income",FALSE,948623953.433079,1105459.41011785,2234466.32171702,871124016.838454,4.33966248998261,124.885842767277,0,TRUE,FALSE,"Slovenia",10.0559496646202,5.0913761824517,TRUE,NA,NA,NA,12.2558333333333,12,NA,NA,2.875,0,1.38628107318889,14028318.955876,0,0.231860523,0.263603874,0.495464397,FALSE,239354974.189635,215819783.629544,0.025633238,3,0.23,0.72
"SVN-2019","SVN","Slovenia",2019,"Alta renda","Europe & Central Asia",TRUE,281,TRUE,9095,1,TRUE,1,TRUE,0,TRUE,0,TRUE,281,1,1,9095,FALSE,117.244195476228,1.05989395313846,0,0,2088385,5060.56961,2.05725,50002578162.6734,23943.1800949889,93095905107.7604,3531.2,76.4720077514648,83.1083578026717,30.1395433223627,7.35392450360767,42.7155413062598,14.6972942975039,3.364772691154,5.114887,NA,NA,160.044275685249,1.2355779,0.8516506,0.9358594,0.916817,"Slovenia","High income",FALSE,1028678039.2516,0,1105459.41011785,948623953.433079,0.478838911407619,134.553734105541,0,TRUE,FALSE,"Slovenia",10.083438806338,5.07545049998588,FALSE,NA,NA,NA,14.4766666666667,12,-0.06,NA,0.1111,0.42860001,0.0531990030573865,1059893.95313846,14028318.955876,0.24028466,0.281250191,0.521534851,FALSE,260780871.516857,239354974.189635,0.025633238,3,0.23,0.72
"SVN-2020","SVN","Slovenia",2020,"Alta renda","Europe & Central Asia",TRUE,325,TRUE,10518,NA,NA,NA,NA,5,TRUE,4,TRUE,325,NA,NA,10518,FALSE,118.690501577198,1.04697858863637,5234892.94318187,4187914.35454549,2102419,5187.16109,2.15559,47959972369.9892,22811.8050540778,89292936500.2289,3692.85,75.8166809082031,86.60130109,30.9930132861242,7.79985278570807,43.5705752100631,15.8257712100048,3.01762967051171,4.711134,232,12,147.549008584942,1.1944506,0.7089589,0.9114028,0.8733107,"Slovenia","High income",FALSE,1033820368.41025,0,5234892.94318187,1028678039.2516,NA,154.58383890176,0.000109151291889767,FALSE,FALSE,"Slovenia",10.0350334464779,4.99416038218604,FALSE,NA,NA,NA,13.0775,12,-0.34,NA,0,0,0,5234892.94318187,1059893.95313846,0.261948251,0.294593102,0.556541353,FALSE,266917079.126364,260780871.516857,0.025633238,3,0.23,0.72
"SVN-2021","SVN","Slovenia",2021,"Alta renda","Europe & Central Asia",TRUE,410,TRUE,9659,NA,NA,NA,NA,0,TRUE,NA,NA,410,NA,NA,NA,FALSE,124.266413825838,1,0,NA,2108079,5235.17998,2.13847,51996698295.6593,24665.4410464026,96808602042.5058,4058,82.2400436401367,89.00399524,31.5502669986288,6.20930603257085,41.1011816349725,17.5071946752625,2.0551823830108,4.485082,222,17,161.788727511439,1.2249399,0.7147282,0.9380515,0.8681552,"Slovenia","High income",FALSE,1111933794.04319,5234892.94318187,5234892.94318187,1033820368.41025,NA,194.489864943392,0,TRUE,FALSE,"Slovenia",10.1131583949757,5.0862913329232,FALSE,NA,NA,NA,29.135,12,-0.16,NA,0.1429,0.71429998,0.0677868334156357,0,5234892.94318187,0.262526015,0.287341009,0.549867024,FALSE,285912697.4966,266917079.126364,0.025633238,3,0.23,0.72
"SVN-2022","SVN","Slovenia",2022,"Alta renda","Europe & Central Asia",TRUE,356,TRUE,6292,1,FALSE,1,FALSE,10,TRUE,10,TRUE,356,NA,NA,NA,FALSE,134.21120616846,0.92590192259997,9259019.22599969,9259019.22599969,2112076,5370.37458,2.1,53384233078.3164,25275.715967757,99391944966.1392,3741.92,82.3922576904297,88.91248552,32.0104972135392,8.56978643924213,41.1837741977308,13.641720125715,1.75022880209529,NA,NA,NA,186.647076274632,1.1905872,0.7633346,0.9389376,0.7721195,"Slovenia","High income",FALSE,1121068894.64464,0,14493912.1691816,1111933794.04319,NA,168.554540650999,0.000173441083482766,FALSE,FALSE,"Slovenia",10.1375993705995,5.22921954102485,FALSE,NA,NA,NA,9.83,12,-0.1,NA,NA,NA,NA,14814430.7615995,0,NA,NA,0.549867024,TRUE,293542293.712962,285912697.4966,0.025633238,3,0.23,0.72
"SVN-2023","SVN","Slovenia",2023,"Alta renda","Europe & Central Asia",TRUE,426,TRUE,7457,1,FALSE,NA,NA,20,TRUE,20,TRUE,426,NA,NA,NA,FALSE,139.73579356326,0.889295510169921,17785910.2033984,17785910.2033984,2120461,5616.34857,2.13385,54652553125.6646,25773.9015835069,101753331260.863,3567.56,80.0806884765625,90.37794678,31.8814801387465,8.20345582131026,36.341915835514,14.5965799295832,1.5154631696917,NA,NA,NA,160.1596693009,1.1376579,0.7478285,0.9363106,0.7179775,"Slovenia","High income",FALSE,1166203504.87199,9259019.22599969,27044929.4293981,1121068894.64464,NA,200.899710015888,0.000325436035211431,FALSE,FALSE,"Slovenia",10.1571176924002,5.07617125076021,FALSE,NA,NA,NA,7.2725,12,-0.11,NA,NA,NA,NA,34682524.8966269,14814430.7615995,NA,NA,0.549867024,TRUE,300516367.412111,293542293.712962,0.025633238,3,0.23,0.72
"SVN-2024","SVN","Slovenia",2024,"Alta renda","Europe & Central Asia",TRUE,379,TRUE,3371,NA,NA,NA,NA,NA,NA,NA,NA,379,NA,NA,NA,FALSE,143.857336014608,0.863817009743732,NA,NA,2127400,NA,2.13385,55598805913.7619,26134.627203987,103515085614.45,NA,NA,90.76355487,34.2332575162942,8.34338034336379,35.4165073993057,15.6772016903403,1.64627596187691,NA,NA,NA,155.657928684474,1.1133019,0.6676462,0.9306459,0.7244268,"Slovenia","High income",TRUE,1186395119.99081,17785910.2033984,NA,1166203504.87199,NA,178.15173451161,NA,FALSE,FALSE,"Slovenia",10.1710164268014,5.04766083477737,FALSE,NA,NA,NA,15.8466666666667,12,0.36,NA,NA,NA,NA,NA,34682524.8966269,NA,NA,0.549867024,TRUE,305719499.457539,300516367.412111,0.025633238,3,0.23,0.72
"SWE-2016","SWE","Sweden",2016,"Alta renda","Europe & Central Asia",FALSE,1060,TRUE,39778,12,TRUE,11,TRUE,65,TRUE,46,TRUE,1060,12,11,39778,FALSE,110.06700893427,1.12900691159917,73385449.2539458,51934317.9335616,9923085,7143.443,3.25643,512292396637.964,51626.3235312369,590029484727.143,20912.37,68.306037902832,89.6509476102355,37.0821744423215,17.8376016375053,129.172366333007,NA,1.06459067890898,35.88554,2032,352,83.4519478574149,1.8009837,2.1025188,1.9491354,1.762656,"Sweden","High income",FALSE,16682443291.8377,NA,NA,NA,1.20930134126635,106.821618478528,0.000143249147821741,FALSE,FALSE,"Sweden",10.8517869673436,4.42427099144616,FALSE,0.525,0.34,0.71,NA,NA,NA,NA,47.326,16,4.76928293973094,95965587.4859291,NA,0.870933862,0.11055415,0.981488012,FALSE,5028088459.38911,NA,7.267975111,112,0.71,0.9
"SWE-2017","SWE","Sweden",2017,"Alta renda","Europe & Central Asia",FALSE,1063,TRUE,47639,13,TRUE,11,TRUE,398,TRUE,40,TRUE,1063,13,11,47639,FALSE,112.411557302308,1.10545941011785,439972845.226903,44218376.4047139,10057698,7316.6476,3.39374,521937949816.044,51894.3748177808,601138688785.06,21054.18,70.4342498779297,93.0062669652127,38.3266046004608,15.1103424459526,132.715906095455,NA,1.11978084734838,36.46971,1992,305,86.0693088740521,1.8573301,2.1151145,1.8795855,1.7128711,"Sweden","High income",FALSE,17713216978.087,73385449.2539458,NA,16682443291.8377,1.29254228949805,105.690188748956,0.000842960059489774,FALSE,FALSE,"Sweden",10.856965678266,4.45515288881681,TRUE,0.565,0.36,0.77,NA,NA,NA,NA,58.395199,11.3333,5.80602032393496,137076966.854613,95965587.4859291,0.838491066,0.121792119,0.960283185,FALSE,5012082368.21721,5028088459.38911,7.267975111,112,0.71,0.9
"SWE-2018","SWE","Sweden",2018,"Alta renda","Europe & Central Asia",FALSE,1208,TRUE,55530,33,TRUE,21,TRUE,130,TRUE,103,TRUE,1208,33,21,55530,FALSE,115.157303224791,1.07910145814431,140283189.55876,111147450.188864,10175214,7425.66896,3.34602,531177584320.755,52203.0872589761,611780378612.314,20850.05,73.4083786010742,89.2469631588137,38.7413375683818,14.1643140590828,133.266789972115,NA,0.494908669779694,37.74024,1838,442,90.4087142361701,1.8919539,2.1212909,1.8320787,1.7292099,"Sweden","High income",FALSE,17773308206.8893,439972845.226903,653641484.039609,17713216978.087,3.24317503297719,118.719861813226,0.000264098474219592,FALSE,FALSE,"Sweden",10.8628969150141,4.5043406591701,TRUE,0.615,0.38,0.85,8.2075,12,NA,NA,82.349998,9.4499998,8.09319568119157,191000958.091542,137076966.854613,0.840874626,0.120104235,0.960978861,FALSE,5104504299.69291,5012082368.21721,7.267975111,112,0.71,0.9
"SWE-2019","SWE","Sweden",2019,"Alta renda","Europe & Central Asia",FALSE,1459,TRUE,70948,20,TRUE,9,TRUE,181,TRUE,68,TRUE,1459,20,9,70948,FALSE,117.244195476228,1.05989395313846,191840805.518062,72072788.8134155,10278887,7685.83827,3.39847,545031918111.884,53024.4099494317,627737018768.726,20887.94,75.1148529052734,94.4934434072202,39.2905524546107,14.5057835745267,131.822474370602,NA,0.581325196187855,37.49242,1802,388,92.7511390290561,1.8664255,2.1341677,1.8635921,1.7448014,"Sweden","High income",FALSE,18522746227.4569,140283189.55876,772096840.303725,17773308206.8893,1.94573595370783,141.941437822986,0.000351980864134788,FALSE,FALSE,"Sweden",10.8785076515903,4.52991998204886,TRUE,0.67,0.42,0.92,15.0458333333333,12,-0.32,0.89,132.1333,23.9167,12.8548256246031,780081949.509909,191000958.091542,0.801862477,0.152863018,0.954725495,FALSE,5203558678.10168,5104504299.69291,7.267975111,112,0.71,0.9
"SWE-2020","SWE","Sweden",2020,"Alta renda","Europe & Central Asia",FALSE,1885,TRUE,77885,31,TRUE,22,FALSE,3600,TRUE,3539,TRUE,1885,31,NA,77885,FALSE,118.690501577198,1.04697858863637,3769122919.09094,3705257225.18412,10353442,7754.64384,3.50181,534492107010.626,51624.5811789573,615597858878.77,21153.6,79.1196365356445,94.53943122,40.3679810262741,15.1359508380239,138.459181444506,NA,0.513361451406936,38.10057,1764,432,84.4745958141618,1.8477749,2.143466,1.8039228,1.6865501,"Sweden","High income",FALSE,18716898052.5088,191840805.518062,4101246914.16776,18522746227.4569,2.99417333868292,182.065056239268,0.00705178405752586,FALSE,FALSE,"Sweden",10.8517532174741,4.43645084790896,TRUE,0.72,0.45,0.99,11.2658333333333,12,0.85,1.2,161.7968,28.648399,15.6273440272327,1174709976.45001,780081949.509909,0.807456449,0.153397672,0.960854121,FALSE,5135689436.63133,5203558678.10168,7.267975111,112,0.71,0.9
"SWE-2021","SWE","Sweden",2021,"Alta renda","Europe & Central Asia",FALSE,2115,TRUE,72326,26,TRUE,19,FALSE,18369,TRUE,5059,TRUE,2115,26,NA,NA,FALSE,124.266413825838,1,18369000000,5059000000,10415811,8159.79705,3.41565,562423939232.591,53997.1337068799,647768167635.192,22021.79,85.9426193237305,94.6703163,40.8351431063991,13.9348317468926,136.797864800213,NA,0.417650657609338,39.34783,1771,425,91.1102374413042,1.9315071,2.0962255,1.7954818,1.6510465,"Sweden","High income",FALSE,19210433280.398,3769122919.09094,22329963724.609,18716898052.5088,2.49620504826748,203.056679887913,0.0326604163134732,FALSE,FALSE,"Sweden",10.8966862446354,4.51207017381725,TRUE,0.785,0.5,1.07,13.5533333333333,12,0.95,1.26,163.44209,20.298,15.691729621438,2304000000,1174709976.45001,0.783387306,0.150142617,0.933529923,FALSE,5250395766.85157,5135689436.63133,7.267975111,112,0.71,0.9
"SWE-2022","SWE","Sweden",2022,"Alta renda","Europe & Central Asia",FALSE,2333,TRUE,57608,36,FALSE,24,FALSE,4145,TRUE,601,TRUE,2333,NA,NA,NA,FALSE,134.21120616846,0.92590192259997,3837863469.17687,556467055.482582,10486941,8639.24439,3.47239,569484812988.256,54304.1877501033,655900483732.64,21514.5,83.8976135253906,95.00970335,40.6093424279832,17.2566541363702,136.077652643424,NA,0.304298366340019,NA,NA,NA,107.111751826512,1.8929411,2.03287,1.7512833,1.6030531,"Sweden","High income",FALSE,19774733697.7229,18369000000,25975986388.2678,19210433280.398,NA,222.467161777681,0.0067391849293372,FALSE,FALSE,"Sweden",10.9023566254179,4.67387269903922,FALSE,0.83,0.53,1.13,5.42916666666667,12,1.19,1.04,NA,NA,NA,5523930870.23142,2304000000,NA,NA,0.933529923,TRUE,5316311136.18596,5250395766.85157,7.267975111,112,0.71,0.9
"SWE-2023","SWE","Sweden",2023,"Alta renda","Europe & Central Asia",FALSE,2650,TRUE,52582,34,FALSE,21,FALSE,289,TRUE,228,TRUE,2650,NA,NA,NA,FALSE,139.73579356326,0.889295510169921,257006402.439107,202759376.318742,10536632,8910.73864,3.59978,568322714847.714,53937.7967122429,654562044646.746,21243.62,81.3998184204102,95.70327461,40.7340135908716,17.6238520277113,129.136765656002,NA,0.381163170019899,NA,NA,NA,107.619709443974,1.7157207,1.988578,1.7195397,1.6458676,"Sweden","High income",FALSE,20458367424.545,3837863469.17687,22463869871.616,19774733697.7229,NA,251.503516493696,0.000452219127838263,FALSE,FALSE,"Sweden",10.8955867488488,4.67860380422464,FALSE,0.87,0.56,1.18,3.75583333333333,12,0.49,1.05,NA,NA,NA,1839063115.0314,5523930870.23142,NA,NA,0.933529923,TRUE,5305462602.30937,5316311136.18596,7.267975111,112,0.71,0.9
"SWE-2024","SWE","Sweden",2024,"Alta renda","Europe & Central Asia",FALSE,2385,TRUE,28688,20,FALSE,9,FALSE,5469,TRUE,5449,TRUE,2385,NA,NA,NA,FALSE,143.857336014608,0.863817009743732,4724215226.28847,4706938886.0936,10569709,NA,3.59978,574107082599.29,54316.2619329718,661224153134.658,NA,83.9988098144531,95.52930428,40.6156538715616,17.6524551082203,125.28961467527,NA,0.506332050543119,NA,NA,NA,105.967492313344,1.7700629,1.9508588,1.7415427,1.6366317,"Sweden","High income",TRUE,20666591937.9927,257006402.439107,8819085097.90445,20458367424.545,NA,225.644811981106,0.00822880499035027,FALSE,FALSE,"Sweden",10.9025789441977,4.66313237078807,FALSE,0.9,0.58,1.22,13.0716666666667,12,0.41,1.31,NA,NA,NA,921692749.396562,1839063115.0314,NA,NA,0.933529923,TRUE,5359461406.1267,5305462602.30937,7.267975111,112,0.71,0.9
"TUR-2016","TUR","Turkey",2016,"Renda média-alta","Europe & Central Asia",FALSE,1482,TRUE,50211,8,TRUE,1,TRUE,106,TRUE,105,TRUE,1482,8,1,50211,FALSE,110.06700893427,1.12900691159917,119674732.629512,118545725.717912,79277962,1263.789,1.11979,894225044186.927,11279.6169531569,2100044965183.79,33734,103.71558380127,58.3477340145685,12.859061240418,3.03814599740941,69.2826364676667,19.7245502231899,3.10968373133546,10.64479,6230,618,48.870183807987,0.2835884,-0.1119166,-0.5103199,0.1203997,"Turkiye","Upper middle income",FALSE,10013442622.3008,NA,NA,NA,0.100910767610298,18.6937196998076,0.000133830665342555,FALSE,FALSE,"Turkey",9.330752566422,3.88916747243699,FALSE,0.125,0.11,0.14,NA,NA,NA,NA,7.1666999,3,0.0903996485177053,4516027.64639666,NA,0.475623912,0.089027972,0.564651884,FALSE,5049258559.20132,NA,0.867281275,25,0.94,0.36
"TUR-2017","TUR","Turkey",2017,"Renda média-alta","Europe & Central Asia",FALSE,1763,TRUE,45347,11,TRUE,3,TRUE,180,TRUE,180,TRUE,1763,11,3,45347,FALSE,112.411557302308,1.10545941011785,198982693.821213,198982693.821213,80312698,1420.59574,1.17632,964205820086.089,12005.6459824832,2264391487395.45,32262.33,110.534072875977,64.6846176835371,14.3528880563786,3.23291293505096,70.0844027288208,26.3362113489672,2.84271365893526,10.83999,8175,380,56.1356585158689,0.3578757,-0.0937917,-0.5761393,0.1110961,"Turkiye","Upper middle income",FALSE,11342145902.8367,119674732.629512,NA,10013442622.3008,0.136964642876273,21.9516968537155,0.000206369521606338,FALSE,FALSE,"Turkey",9.39313231666067,4.02777123477396,TRUE,0.145,0.13,0.16,NA,NA,NA,NA,10.25,2,0.127626144498346,7738215.87082493,4516027.64639666,0.497442176,0.091215852,0.588658028,FALSE,5675874966.38,5049258559.20132,0.867281275,25,0.94,0.36
"TUR-2018","TUR","Turkey",2018,"Renda média-alta","Europe & Central Asia",FALSE,2118,TRUE,48144,19,TRUE,5,TRUE,511,TRUE,508,TRUE,2118,19,5,48144,FALSE,115.157303224791,1.07910145814431,551420845.111741,548183540.737308,81407204,1585.08328,1.27093,997645953748.995,12255.0082146169,2342924050076.82,32298.1,115.462463378906,71.0427608433809,15.8823338271459,2.67353129854845,66.6976668187438,18.9334987440389,3.68690904641213,10.53031,7156,310,62.8251323851165,0.0724162,-0.2349292,-0.6738236,0.0183903,"Turkiye","Upper middle income",FALSE,12679381719.9821,198982693.821213,870078271.562466,11342145902.8367,0.233394577708381,26.0173534519132,0.0005527219782124,FALSE,FALSE,"Turkey",9.41368996626936,4.14035519063184,TRUE,0.175,0.15,0.2,50.25,12,NA,NA,8.9167004,2,0.109532080232113,3237304.37443292,7738215.87082493,0.503243436,0.094690825,0.597934261,FALSE,5965266960.94546,5675874966.38,0.867281275,25,0.94,0.36
"TUR-2019","TUR","Turkey",2019,"Renda média-alta","Europe & Central Asia",FALSE,2357,TRUE,60119,25,TRUE,4,TRUE,17,TRUE,10,TRUE,2357,25,4,60119,FALSE,117.244195476228,1.05989395313846,18018197.2033539,10598939.5313846,82579440,1737.57621,1.3196,1010631549472.6,12238.2950220128,2373420103722.98,37204.76,117.005470275879,73.9767022871511,16.6733436685105,3.02817669225913,64.2557519386267,23.8403441910817,5.0229492930967,10.12361,7871,217,62.5784589326239,0.2160473,-0.1848387,-0.5676882,0.026219,"Turkiye","Upper middle income",FALSE,13336293926.8404,551420845.111741,768421736.136308,12679381719.9821,0.302738793094262,28.542213412927,0.000017828651018026,FALSE,FALSE,"Turkey",9.4123252507766,4.13642111238022,TRUE,0.205,0.18,0.23,37.0158333333333,12,-0.36,NA,6.5833001,1,0.0797208130740533,4239575.81255385,3237304.37443292,0.510062623,0.070609326,0.580671949,FALSE,5868453915.53145,5965266960.94546,0.867281275,25,0.94,0.36
"TUR-2020","TUR","Turkey",2020,"Renda média-alta","Europe & Central Asia",FALSE,2779,TRUE,78331,45,TRUE,4,FALSE,13,TRUE,8,TRUE,2779,45,NA,78331,FALSE,118.690501577198,1.04697858863637,13610721.6522729,8375828.70909099,83384680,1964.65668,1.36748,1028853867659.94,12338.643833135,2416214350889.36,40758.58,118.883682250977,77.6695605,19.4384064376386,3.15277011329118,75.2676019236764,32.3697487020909,3.8900924404522,9.152713,7920,238,60.389853117297,0.1256071,-0.3275191,-0.6868905,-0.1049635,"Turkiye","Upper middle income",FALSE,14069370869.4761,18018197.2033539,583049763.967368,13336293926.8404,0.539667478486456,33.3274649491969,0.0000132290134489455,FALSE,FALSE,"Turkey",9.42049139134983,4.10082109608133,TRUE,0.245,0.21,0.28,34.105,12,-0.27,NA,14.5,3,0.173892854178969,19892593.1840911,4239575.81255385,0.531194865,0.073624499,0.604819364,FALSE,6222707418.87025,5868453915.53145,0.867281275,25,0.94,0.36
"TUR-2021","TUR","Turkey",2021,"Renda média-alta","Europe & Central Asia",FALSE,3568,TRUE,67295,60,TRUE,6,FALSE,104,TRUE,36,TRUE,3568,60,NA,NA,FALSE,124.266413825838,1,104000000,36000000,84147318,2209.69913,1.40209,1150372769727.98,13670.938029516,2701595710002.02,46843.54,125.763786315918,81.40843745,20.9211211378579,3.28362739970141,70.9983608541485,16.4768268498906,2.97599400811766,7.293731,8234,242,69.6088976086437,0.0643543,-0.402684,-0.7408787,-0.0683072,"Turkiye","Upper middle income",FALSE,16129261567.079,13610721.6522729,135628918.855627,14069370869.4761,0.713035203332327,42.4018267581624,0.0000904054778909554,FALSE,FALSE,"Turkey",9.52302754693335,4.24289239837429,TRUE,0.285,0.25,0.32,24.4416666666667,12,-0.58,NA,17.2778,2,0.205327993935588,1926000000,19892593.1840911,0.4794471,0.063232757,0.542679857,FALSE,6242841301.72674,6222707418.87025,0.867281275,25,0.94,0.36
"TUR-2022","TUR","Turkey",2022,"Renda média-alta","Europe & Central Asia",FALSE,3942,TRUE,60981,56,FALSE,NA,NA,62,TRUE,54,TRUE,3942,NA,NA,NA,FALSE,134.21120616846,0.92590192259997,57405919.2011981,49998703.8203984,84979913,2478.67633,1.32342,1212967141770.11,14273.5747654873,2848595614232.43,49827.29,127.577972412109,83.43716576,21.8230372591075,3.66403554879462,53.4262221477913,35.6345879593311,1.97901752159552,NA,NA,NA,79.8982722314341,0.0024379,-0.4364161,-0.7383873,-0.1775484,"Turkiye","Upper middle income",FALSE,16052649747.614,104000000,175016640.853471,16129261567.079,NA,46.3874327571976,0.0000473268543098574,FALSE,FALSE,"Turkey",9.56616518824288,4.38075422840118,FALSE,0.33,0.29,0.37,4.86583333333333,12,-0.32,NA,NA,NA,NA,43517390.3621986,1926000000,NA,NA,0.542679857,TRUE,6582528350.41502,6242841301.72674,0.867281275,25,0.94,0.36
"TUR-2023","TUR","Turkey",2023,"Renda média-alta","Europe & Central Asia",FALSE,4596,TRUE,58140,112,FALSE,1,FALSE,68,TRUE,61,TRUE,4596,NA,NA,NA,FALSE,139.73579356326,0.889295510169921,60472094.6915546,54247026.1203652,85325965,2644.6573,1.42224,1274162834489.99,14932.8851363122,2992310786629.76,50180.49,105.88606262207,85.96074155,22.4591697943845,4.51829098986852,48.7952169007544,29.5804723476915,1.48012751953029,NA,NA,NA,65.6832084738667,-0.085658,-0.4274348,-0.7833876,-0.1666255,"Turkiye","Upper middle income",FALSE,18121653497.2504,57405919.2011981,221878013.892753,16052649747.614,NA,53.8640260324041,0.0000474602562989995,FALSE,FALSE,"Turkey",9.61132111609118,4.18484331404037,FALSE,0.355,0.31,0.4,-4.44916666666667,12,-0.55,NA,NA,NA,NA,39129002.4474765,43517390.3621986,NA,NA,0.542679857,TRUE,6914625048.15742,6582528350.41502,0.867281275,25,0.94,0.36
"TUR-2024","TUR","Turkey",2024,"Renda média-alta","Europe & Central Asia",FALSE,4906,TRUE,42186,105,FALSE,NA,NA,109,TRUE,92,TRUE,4906,NA,NA,NA,FALSE,143.857336014608,0.863817009743732,94156054.0620668,79471164.8964234,85518661,NA,1.42224,1316562171166.78,15395.0278894893,3091883611271.66,NA,NA,87.3078767,23.4317347919186,5.13775956987065,42.9671022144841,27.8827608424366,1.6536819200798,NA,NA,NA,54.5988061195916,-0.0527008,-0.5557808,-0.8310313,-0.1649602,"Turkiye","Upper middle income",TRUE,18724673823.2024,60472094.6915546,212034067.95482,18121653497.2504,NA,57.36759606187,0.0000715166029558807,FALSE,FALSE,"Turkey",9.64179987195094,4.00001201657025,FALSE,0.375,0.33,0.42,12.46,12,-0.49,NA,NA,NA,NA,4319085.04871866,39129002.4474765,NA,NA,0.542679857,TRUE,7144717707.80398,6914625048.15742,0.867281275,25,0.94,0.36
"UKR-2016","UKR","Ukraine",2016,"Renda média-alta","Europe & Central Asia",TRUE,420,TRUE,4177,4,TRUE,4,TRUE,0,TRUE,0,TRUE,420,4,4,4177,FALSE,110.06700893427,1.12900691159917,0,0,45616832,1037.24086,0.48339,93253017277.0895,2156.0830078125,685824964588.112,7441.45,77.0398374695438,53.0009695981884,12.0342584918375,6.67894123051556,47.3071300933367,4.77023033306238,38.9524888709753,3.860387,2233,1862,105.521204913122,-0.4895322,-1.0005196,-0.6407553,-0.5611707,"Ukraine","Upper middle income",FALSE,450775760.215723,NA,NA,NA,0.0876869309995048,9.207127754948,0,TRUE,FALSE,"Ukraine",7.67604843212843,4.65891192715662,FALSE,NA,NA,NA,NA,NA,NA,NA,2.5999999,0,0.0569965029575048,NA,NA,NA,NA,NA,TRUE,NA,NA,0.015,4,NA,NA
"UKR-2017","UKR","Ukraine",2017,"Renda média-alta","Europe & Central Asia",TRUE,520,TRUE,7830,3,TRUE,2,TRUE,0,TRUE,0,TRUE,520,3,2,7830,FALSE,112.411557302308,1.10545941011785,0,0,45436041,994.07744,0.44878,95453762636.0202,2217.7529296875,702010243648.534,8390.3,80.1990246943391,58.8894794459775,12.3535432124088,6.16592909585636,38.3051472985389,4.63732409467645,54.8232758416852,4.761672,2283,1764,104.034982911399,-0.4949632,-0.9381937,-0.5681903,-0.3732959,"Ukraine","Upper middle income",FALSE,428377395.957931,0,NA,450775760.215723,0.0660268794105543,11.4446590978294,0,TRUE,FALSE,"Ukraine",7.70424976841775,4.64472721672834,FALSE,NA,NA,NA,NA,NA,NA,NA,0.95560002,0.40000001,0.0210317624284211,0,NA,NA,NA,NA,TRUE,NA,NA,0.015,4,NA,NA
"UKR-2018","UKR","Ukraine",2018,"Renda média-alta","Europe & Central Asia",TRUE,737,TRUE,10076,7,TRUE,7,TRUE,0,TRUE,0,TRUE,737,7,7,10076,FALSE,115.157303224791,1.07910145814431,0,0,45208907,988.07663,0.47113,98783535744.1445,2308.6669921875,726498904612.503,9591.79,81.4946716210446,62.5531553933869,12.8032560497243,5.42495174066934,34.5118586409828,3.37336946125581,54.4100172630313,6.016317,2107,1861,99.1998150718675,-0.3553057,-0.9926663,-0.5140459,-0.3548631,"Ukraine","Upper middle income",FALSE,465398871.951388,0,0,428377395.957931,0.154836744891886,16.3020972836171,0,TRUE,FALSE,"Ukraine",7.74442557729374,4.59713615009421,FALSE,NA,NA,NA,NA,NA,NA,NA,2.5999999,0,0.0575107887478899,0,0,NA,NA,NA,TRUE,NA,NA,0.015,4,NA,NA
"UKR-2019","UKR","Ukraine",2019,"Renda média-alta","Europe & Central Asia",TRUE,901,TRUE,7792,4,TRUE,2,TRUE,31,TRUE,7,TRUE,901,4,2,7792,FALSE,117.244195476228,1.05989395313846,32856712.5472924,7419257.67196924,44957458,880.55411,0.43384,101944118786.821,2398.07836914063,749743265134.165,13766.38,84.48135621115,70.1248442995263,16.1591311845578,5.48014872729842,30.0270685880178,NA,50.5258505757218,8.60972,2097,1755,90.5112342910763,-0.3872976,-0.7875048,-0.58486,-0.2523184,"Ukraine","Upper middle income",FALSE,442274364.944744,0,32856712.5472924,465398871.951388,0.0889730019877903,20.0411686977498,0.000322301207154483,FALSE,FALSE,"Ukraine",7.78242301609624,4.50547397881467,FALSE,NA,NA,NA,NA,NA,NA,NA,8.5249996,0.625,0.189623701589178,0,0,NA,NA,NA,TRUE,NA,NA,0.015,4,NA,NA
"UKR-2020","UKR","Ukraine",2020,"Renda média-alta","Europe & Central Asia",TRUE,1139,TRUE,7721,NA,NA,NA,NA,10,TRUE,7,TRUE,1139,NA,NA,7721,FALSE,118.690501577198,1.04697858863637,10469785.8863637,7328850.12045461,44680014,846.24846,0.40318,98118341608.386,2324.107421875,721606765377.531,15062.95,82.1345992180731,75.03790912,18.617022844321,5.85239384495226,28.1751542458628,NA,43.4686522704986,6.299481,1361,1822,79.1564523761815,-0.3865934,-0.835821,-0.5736859,-0.3069011,"Ukraine","Upper middle income",FALSE,395593529.696691,32856712.5472924,43326498.4336561,442274364.944744,NA,25.4923823434791,0.000106705695538059,FALSE,FALSE,"Ukraine",7.75109133974134,4.3714263038658,FALSE,NA,NA,NA,NA,NA,NA,NA,10.6667,0.8222,0.238735377298673,6281871.53181824,0,NA,NA,NA,TRUE,NA,NA,0.015,4,NA,NA
"UKR-2021","UKR","Ukraine",2021,"Renda média-alta","Europe & Central Asia",TRUE,1077,TRUE,6037,8,TRUE,8,FALSE,22,TRUE,1,TRUE,1077,8,NA,NA,FALSE,124.266413825838,1,22000000,1000000,44298640,774.07275,0.38478,101499127457.564,2426.6123046875,746470597165.436,15639.81,75.9079435107907,79.21829353,18.2677942438439,4.51050792257841,23.5556488725733,NA,31.7178311337651,5.184459,1302,2091,82.69796136345,-0.4293441,-0.8085784,-0.575673,-0.3288378,"Ukraine","Upper middle income",FALSE,390548342.631215,10469785.8863637,65326498.4336561,395593529.696691,0.180592451596708,24.3122587962068,0.000216750631764771,FALSE,FALSE,"Ukraine",7.7942514503572,4.41519495073971,TRUE,NA,NA,NA,NA,NA,NA,NA,6.0047998,0,0.135552689653678,NA,6281871.53181824,NA,NA,NA,TRUE,NA,NA,0.015,4,NA,NA
"UKR-2022","UKR","Ukraine",2022,"Renda média-alta","Europe & Central Asia",TRUE,991,TRUE,5790,4,FALSE,4,FALSE,0,TRUE,0,TRUE,991,NA,NA,NA,FALSE,134.21120616846,0.92590192259997,0,0,41048766,586.07925,0.32673,72309415409.6738,1874.66296386719,531796221835.605,14645.92,NA,80.47429657,17.5398140646824,5.73613565623019,23.3160378131569,NA,38.1191801712499,NA,NA,NA,87.3965139907244,-0.657217,-0.6889365,-0.7869351,-0.3731122,"Ukraine","Upper middle income",FALSE,236256552.968027,22000000,32469785.8863637,390548342.631215,NA,24.1420168391907,0,TRUE,FALSE,"Ukraine",7.53618416964291,4.47045539617638,FALSE,NA,NA,NA,NA,NA,NA,NA,NA,NA,NA,NA,NA,NA,NA,NA,TRUE,NA,NA,0.015,4,NA,NA
"UKR-2023","UKR","Ukraine",2023,"Renda média-alta","Europe & Central Asia",TRUE,1425,TRUE,8360,9,FALSE,9,FALSE,6,TRUE,3,TRUE,1425,NA,NA,NA,FALSE,139.73579356326,0.889295510169921,5335773.06101952,2667886.53050976,37732836,NA,0.32209,76311548883.8968,2164.26123046875,561229725741.223,15498.36,82.5533599853516,81.58059692,21.3774151510902,6.68812192869261,18.6466208363539,NA,37.3513584049094,NA,NA,NA,77.5096141935657,-0.5637618,-0.7263766,-0.7931106,-0.3226085,"Ukraine","Upper middle income",FALSE,245791867.800143,0,27335773.0610195,236256552.968027,NA,37.7655154253447,0.0000699209115665777,FALSE,FALSE,"Ukraine",7.67983434916351,4.35040198277575,FALSE,NA,NA,NA,NA,NA,NA,NA,NA,NA,NA,1778591.02033984,NA,NA,NA,NA,TRUE,NA,NA,0.015,4,NA,NA
"UKR-2024","UKR","Ukraine",2024,"Renda média-alta","Europe & Central Asia",TRUE,1239,TRUE,4703,14,FALSE,14,FALSE,285,TRUE,4,TRUE,1239,NA,NA,NA,FALSE,143.857336014608,0.863817009743732,246187847.776964,3455268.03897493,37860221,NA,0.36988,78790238103.5768,2226.05810546875,579459129957.29,NA,87.1920013427734,82.47489929,21.6539327212609,6.37028789775054,18.1641435001026,NA,30.2882706427491,NA,NA,NA,79.6884673892276,-0.5711421,-0.6839975,-0.7587339,-0.251565,"Ukraine","Upper middle income",FALSE,291429332.69751,5335773.06101952,251523620.837984,245791867.800143,NA,32.725640983448,0.00312459834749234,FALSE,FALSE,"Ukraine",7.7079876345805,4.37812487506544,FALSE,NA,NA,NA,NA,NA,NA,NA,NA,NA,NA,1727634.01948746,1778591.02033984,NA,NA,NA,TRUE,NA,NA,0.015,4,NA,NA
"USA-2016","USA","United States",2016,"Alta renda","North America",TRUE,21143,TRUE,1830096,6870,TRUE,5688,TRUE,21263,TRUE,13688,TRUE,21143,6870,5688,1830096,FALSE,110.06700893427,1.12900691159917,24006073961.3331,15453846605.9694,324353340,3897.11007,2.83677,18627887993795.5,57430.8499298804,21091395615523.2,431807.73,88.8350524902344,85.5444212887222,32.1144006365866,22.4192942002286,186.327051044306,145.452418312172,1.32052217577727,33.66898,295327,310244,26.4525977865465,1.5477767,1.2343216,1.4039729,1.3824367,"United States","High income",FALSE,528430338241.593,NA,NA,NA,21.1806050771668,65.1850848830476,0.00128871689422488,FALSE,FALSE,"United States",10.9583368931547,3.27535436847384,FALSE,0.335,0.23,0.44,NA,NA,NA,0.79,1633.3536,454.1694,5.03572307903473,23855916042.0904,NA,0.362618966,0.280864949,0.643483915,FALSE,119867462944.29,NA,470.9223112,6956,2.63,0.78
"USA-2017","USA","United States",2017,"Alta renda","North America",TRUE,23637,TRUE,1962550,10911,TRUE,9054,TRUE,26733,TRUE,15239,TRUE,23637,10911,9054,1962550,FALSE,112.411557302308,1.10545941011785,29552246410.6804,16846095950.7859,326608609,4020.59227,2.88315,19085691123385.5,58435.9707535619,21609742457818.2,435377.24,88.1673889160156,87.2748891687657,32.5702836317829,19.2659699620243,194.090996653847,163.780010169231,1.12682415706513,33.62495,293904,313052,27.1253382222874,1.5489727,1.3055781,1.3334397,1.4812831,"United States","High income",FALSE,550269103623.889,24006073961.3331,NA,528430338241.593,33.4069577449503,72.3710255904492,0.00154839802340039,FALSE,FALSE,"United States",10.9756869167656,3.30046828080731,TRUE,0.375,0.25,0.5,NA,NA,NA,1.06,2248.4612,520.6698,6.8842680138906,36506691559.7318,23855916042.0904,0.365111514,0.277907601,0.643019115,FALSE,122724642153.227,119867462944.29,470.9223112,6956,2.63,0.78
"USA-2018","USA","United States",2018,"Alta renda","North America",TRUE,29526,TRUE,2313570,14638,TRUE,12642,TRUE,57431,TRUE,38571,TRUE,29526,14638,12642,2313570,FALSE,115.157303224791,1.07910145814431,61973875842.6857,41622022342.084,328529577,4322.78826,2.98956,19651869117636.5,59817.6556798612,22250796562799.2,441099.68,88.2991790771484,88.498903165152,33.0559177307939,18.4842699258676,183.054001756212,147.344852587919,0.913161529735837,34.68312,285095,312046,27.4453591302618,1.5838527,1.2630214,1.1605612,1.4433717,"United States","High income",FALSE,587504418393.214,29552246410.6804,115532196214.699,550269103623.889,44.5561100880728,89.8731866689738,0.00315358684060579,FALSE,FALSE,"United States",10.999056141845,3.31219708736939,TRUE,0.42,0.28,0.56,17.855,12,NA,1.38,3211.3953,757.09119,9.775056874103,54006869777.2062,36506691559.7318,0.364670474,0.293273413,0.657943887,FALSE,129298271540.73,122724642153.227,470.9223112,6956,2.63,0.78
"USA-2019","USA","United States",2019,"Alta renda","North America",TRUE,36330,TRUE,2220861,16515,TRUE,15199,TRUE,103086,TRUE,35690,TRUE,36330,16515,15199,2220861,FALSE,117.244195476228,1.05989395313846,109260228053.232,37827615187.5117,330226227,4367.20971,3.14297,20159639089819,61047.9648238812,22825718280631.8,442656.75,87.8887100219727,89.4302848575712,33.835216356436,18.6853939276571,194.735258917444,158.243991893772,0.855251960083455,35.16919,285113,336340,26.2584806245428,1.5019207,1.17362,1.1332344,1.3411877,"United States","High income",FALSE,633611408701.284,61973875842.6857,200786350306.598,587504418393.214,50.0111700697837,110.015489472313,0.00541975119526869,FALSE,FALSE,"United States",11.019415142765,3.26798900827246,TRUE,0.475,0.32,0.63,19.325,12,0.44,1.52,3874.8608,899.58337,11.733958369091,59333923390.6443,54006869777.2062,0.365493137,0.303077839,0.668570976,FALSE,134781495820.88,129298271540.73,470.9223112,6956,2.63,0.78
"USA-2020","USA","United States",2020,"Alta renda","North America",TRUE,42988,TRUE,2267545,16913,TRUE,14944,FALSE,81290,TRUE,41506,TRUE,42988,16913,NA,2267545,FALSE,118.690501577198,1.04697858863637,85108889470.2508,43455893299.9413,331578104,4567.79267,3.41788,19740041204593.2,59533.609024416,22350629263579.3,453889.89,87.5676574707031,90.34470367,35.7156999293054,19.4939761609452,217.264343389463,194.476328849197,1.06536914566418,30.29941,269586,327586,23.1399437509149,1.341265,1.1253726,1.0290946,1.2601752,"United States","High income",FALSE,674690920323.55,109260228053.232,256342993366.168,633611408701.284,51.0075900548608,129.646678961648,0.00431148489449188,FALSE,FALSE,"United States",10.994296289615,3.14156029094645,TRUE,0.52,0.35,0.69,17.3508333333333,12,0.08,1.37,4179.2363,942.43268,12.6040780424995,72808985010.9507,59333923390.6443,0.383856508,0.316426876,0.700283384,FALSE,138236228550.52,134781495820.88,470.9223112,6956,2.63,0.78
"USA-2021","USA","United States",2021,"Alta renda","North America",TRUE,46801,TRUE,1755131,15629,TRUE,12264,FALSE,177302,TRUE,109209,TRUE,46801,15629,NA,NA,FALSE,124.266413825838,1,177302000000,109209000000,332100166,4900.77179,3.4689,20954452976799.5,63096.7856149746,23725645000000.1,471378.18,84.8550872802734,91.2684021,37.0074278936277,19.9014614131792,219.125940110191,204.624734627868,0.813464699477564,31.06195,262244,329229,25.2327260228331,1.345482,1.1264247,1.0727276,1.4663447,"United States","High income",FALSE,726889019312.198,85108889470.2508,371671117523.483,674690920323.55,47.0611026433513,140.924349914357,0.00846130415317004,FALSE,FALSE,"United States",11.0524251061062,3.22814180369833,TRUE,0.575,0.39,0.76,8.21166666666667,12,0.63,1.49,3974.1609,848.77509,11.9667537293553,149501000000,72808985010.9507,0.360431945,0.286629928,0.647061873,FALSE,135588275908.583,138236228550.52,470.9223112,6956,2.63,0.78
"USA-2022","USA","United States",2022,"Alta renda","North America",TRUE,43440,TRUE,1152542,12135,FALSE,7779,FALSE,108067,TRUE,69782,TRUE,43440,NA,NA,NA,FALSE,134.21120616846,0.92590192259997,100059443069.611,64611287962.8711,333996304,4937.49441,3.48736,21483388181185,64322.2332819139,24324531017265.7,447538.91,79.361930847168,92.72850037,37.4887954801437,20.5789833007379,187.087355429321,154.667347288277,0.71607362746051,NA,NA,NA,26.9078981557739,1.387141,1.2017362,1.0943336,1.4618304,"United States","High income",FALSE,749203086075.373,177302000000,362470332539.862,726889019312.198,NA,130.061319480948,0.00465752618840832,FALSE,FALSE,"United States",11.0716606246729,3.29241985525111,FALSE,0.625,0.43,0.82,6.86666666666667,12,0.86,1.69,NA,NA,NA,78279452144.2918,149501000000,NA,NA,0.647061873,TRUE,139010813949.036,135588275908.583,470.9223112,6956,2.63,0.78
"USA-2023","USA","United States",2023,"Alta renda","North America",TRUE,50230,TRUE,1093113,8057,FALSE,4385,FALSE,92996,TRUE,59585,TRUE,50230,NA,NA,NA,FALSE,139.73579356326,0.889295510169921,82700925263.7619,52988672973.4747,336755052,NA,3.44716,22113788823329.1,65667.281580468,25038301109944.5,430843.27,NA,93.52559662,38.0939254696383,21.8459878355521,191.075390105862,176.111924063689,0.846592385960373,NA,NA,NA,24.9292981752847,1.2911161,1.1902343,1.0209621,1.4161692,"United States","High income",FALSE,762297682802.271,100059443069.611,360062368333.373,749203086075.373,NA,149.158861022818,0.00373978995297793,FALSE,FALSE,"United States",11.0923560831777,3.21604374532551,FALSE,0.685,0.47,0.9,-0.995,12,0.99,1.39,NA,NA,NA,65541079099.5231,78279452144.2918,NA,NA,0.647061873,TRUE,143089896151.498,139010813949.036,470.9223112,6956,2.63,0.78
"USA-2024","USA","United States",2024,"Alta renda","North America",TRUE,48876,TRUE,563732,5277,FALSE,1531,FALSE,184951,TRUE,128834,TRUE,48876,NA,NA,NA,FALSE,143.857336014608,0.863817009743732,159763819769.113,111289000633.324,340003797,NA,3.44716,22731468331925.1,66856.5131698371,25737667720036.7,NA,NA,94.69380188,38.8571729185246,24.322982844202,195.875075677875,212.252227889994,0.972922460845953,NA,NA,NA,25.0160172978284,1.3020638,1.0793605,0.9971818,1.3253728,"United States","High income",TRUE,783590083750.789,82700925263.7619,342524188102.486,762297682802.271,NA,143.751335812288,0.0070283105972848,FALSE,FALSE,"United States",11.1103040074002,3.2195163116259,FALSE,0.75,0.51,0.99,12.6316666666667,12,1.07,1.79,NA,NA,NA,91707132839.4433,65541079099.5231,NA,NA,0.647061873,TRUE,147086664748.956,143089896151.498,470.9223112,6956,2.63,0.78
"ZAF-2016","ZAF","South Africa",2016,"Renda média-alta","Sub-Saharan Africa ",TRUE,346,TRUE,6276,3,TRUE,2,TRUE,53,TRUE,1,TRUE,346,3,2,6276,FALSE,110.06700893427,1.12900691159917,59837366.3147558,1129006.91159917,57259551,481.99586,0.74992,349013858372.625,6095.295060428,830336826521.729,11955.09,18.9292980324153,54,2.00974331775672,6.65712319984824,124.360496111764,293.993488633205,2.85780789685003,16.06648,704,6506,55.8612575048782,0.3264101,0.0429536,0.0449363,0.2780186,"South Africa","Upper middle income",FALSE,2617324726.70799,NA,NA,NA,0.0523930060157126,6.04266002714551,0.000171446963721625,FALSE,FALSE,"South Africa",8.71527245098613,4.02287107198721,FALSE,0.18,0.14,0.22,NA,NA,NA,NA,0,0,0,3387020.7347975,NA,0.244965352,0.173016832,0.417982184,FALSE,1458815747.68856,NA,0.226762699,20,0.62,0.31
"ZAF-2017","ZAF","South Africa",2017,"Renda média-alta","Sub-Saharan Africa ",TRUE,311,TRUE,10799,4,TRUE,3,TRUE,80,TRUE,74,TRUE,311,4,3,10799,FALSE,112.411557302308,1.10545941011785,88436752.8094278,81803996.3487207,57635162,516.53674,0.76257,353055253707.071,6125.6920507497,839951686494.254,12809.68,21.0902909603212,56.16740036,1.94879126044618,5.67982442723305,127.030283858454,322.710975289918,2.84200004498428,17.25503,728,6816,53.5359318293741,0.3444004,-0.063436,0.0158355,0.250417,"South Africa","Upper middle income",FALSE,2692293448.19401,59837366.3147558,NA,2617324726.70799,0.0694020778496294,5.39601155280868,0.000250489836593123,FALSE,FALSE,"South Africa",8.72024701690778,3.98035305144314,TRUE,0.195,0.15,0.24,NA,NA,NA,NA,4.6666999,0.66670001,0.0809696674401644,34269241.7136533,3387020.7347975,0.25619119,0.17012398,0.42631517,FALSE,1505128105.03523,1458815747.68856,0.226762699,20,0.62,0.31
"ZAF-2018","ZAF","South Africa",2018,"Renda média-alta","Sub-Saharan Africa ",TRUE,383,TRUE,10025,7,TRUE,6,TRUE,70,TRUE,59,TRUE,383,7,6,10025,FALSE,115.157303224791,1.07910145814431,75537102.0701014,63666986.0305141,58613001,500.79079,0.68586,358551560868.533,6117.2701406047,853027918674.021,13232.48,22.3515425184231,62.40000153,1.88868165955195,5.27331266850248,118.380857963487,213.52368956176,3.72802083553832,15.94073,657,6258,54.4855451276341,0.2515039,-0.0408398,-0.0857459,0.0953946,"South Africa","Upper middle income",FALSE,2459161735.37292,88436752.8094278,223811221.194285,2692293448.19401,0.119427428737184,6.53438645804879,0.000210672913784352,FALSE,FALSE,"South Africa",8.7188712205373,3.9979354394744,TRUE,0.22,0.17,0.27,28.0658333333333,12,NA,NA,7.3333001,0,0.125113882157305,89565421.0259774,34269241.7136533,0.245807402,0.14296176,0.388769162,FALSE,1393937898.52652,1505128105.03523,0.226762699,20,0.62,0.31
"ZAF-2019","ZAF","South Africa",2019,"Renda média-alta","Sub-Saharan Africa ",TRUE,469,TRUE,17744,5,TRUE,4,TRUE,166,TRUE,15,TRUE,469,5,4,17744,FALSE,117.244195476228,1.05989395313846,175942396.220985,15898409.2970769,59587885,479.86558,0.61304,359483563936.676,6032.82972598668,855245241715.343,14690.16,22.2442465104023,69.69689941,2.09833928490665,4.89552263425361,117.185556861489,271.322875855492,3.8923903817602,15.87728,567,6347,53.8979964081406,0.2893485,0.0522945,-0.0792966,0.1445492,"South Africa","Upper middle income",FALSE,2203778040.3574,75537102.0701014,339916251.100514,2459161735.37292,0.0839096739211335,7.87072741380232,0.000489430988983902,FALSE,FALSE,"South Africa",8.70497145427099,3.98709330483333,TRUE,0.25,0.19,0.31,20.6558333333333,12,-0.13,NA,5.5179,0.125,0.0926010379458845,20137985.1096308,89565421.0259774,0.252061153,0.143850827,0.39591198,FALSE,1423238495.75626,1393937898.52652,0.226762699,20,0.62,0.31
"ZAF-2020","ZAF","South Africa",2020,"Renda média-alta","Sub-Saharan Africa ",TRUE,692,TRUE,18366,6,TRUE,3,FALSE,150,TRUE,91,TRUE,692,6,NA,18366,FALSE,118.690501577198,1.04697858863637,157046788.295456,95275051.56591,60562381,459.98774,0.60296,337307318679.639,5569.58483319272,802485866495.244,15308.72,22.6148742572009,72.1128006,2.15159473337087,5.62171975958479,109.054691372725,311.126474477926,5.18028329482246,13.42673,542,6146,50.7596590804177,0.1938322,0.0428832,-0.0427723,0.1302661,"South Africa","Upper middle income",FALSE,2033828208.71075,175942396.220985,408526286.586542,2203778040.3574,0.0990714020969552,11.4262350418488,0.000465589625834987,FALSE,FALSE,"South Africa",8.62507579391226,3.9271019265198,TRUE,0.27,0.2,0.34,15.0225,12,-0.23,NA,13.5714,0,0.224089604403103,94228072.9772736,20137985.1096308,0.247589821,0.146192221,0.393782042,FALSE,1328255647.31213,1423238495.75626,0.226762699,20,0.62,0.31
"ZAF-2021","ZAF","South Africa",2021,"Renda média-alta","Sub-Saharan Africa ",TRUE,804,TRUE,21195,23,TRUE,22,FALSE,143,TRUE,140,TRUE,804,23,NA,NA,FALSE,124.266413825838,1,143000000,140000000,61502603,454.79773,0.6139,353695896167.047,5750.90937479584,841475835218.983,15478.5,22.3431289991291,74.96859741,2.75540858002384,5.54756049045268,93.1963897397387,272.152558910335,4.4542556212951,15.46206,1804,9156,56.1647136277546,0.1309068,0.0753075,0.1404507,0.05637,"South Africa","Upper middle income",FALSE,2171339106.5695,157046788.295456,475989184.516441,2033828208.71075,0.373967911569531,13.0726174305175,0.000404302118146326,FALSE,FALSE,"South Africa",8.65711327342507,4.02828868831359,TRUE,0.285,0.21,0.36,5.96583333333333,12,-0.19,NA,0.86669999,1,0.0140920863138102,193000000,94228072.9772736,NA,NA,0.393782042,TRUE,1392790922.3968,1328255647.31213,0.226762699,20,0.62,0.31
"ZAF-2022","ZAF","South Africa",2022,"Renda média-alta","Sub-Saharan Africa ",TRUE,841,TRUE,21838,71,FALSE,71,FALSE,200,TRUE,141,TRUE,841,NA,NA,NA,FALSE,134.21120616846,0.92590192259997,185180384.519994,130552171.086596,62378410,444.16298,0.61479,360975440918.611,5786.86505344736,858794557506.174,15880.81,23.7271036201865,78.29319763,3.12297476001713,5.52196923336353,91.5697287634873,287.477798160284,4.14167269623936,NA,NA,NA,64.94713440234,0.0755406,-0.1493557,0.0340185,-0.0246849,"South Africa","Upper middle income",FALSE,2219240913.22353,143000000,485227172.81545,2171339106.5695,NA,13.4822288673277,0.0005129999538161,FALSE,FALSE,"South Africa",8.66334598238841,4.17357362208694,FALSE,0.29,0.21,0.37,6.04666666666667,12,-0.33,NA,NA,NA,NA,68516742.2723978,193000000,NA,NA,0.393782042,TRUE,1421456462.36781,1392790922.3968,0.226762699,20,0.62,0.31
"ZAF-2023","ZAF","South Africa",2023,"Renda média-alta","Sub-Saharan Africa ",TRUE,1113,TRUE,20948,99,FALSE,99,FALSE,80,TRUE,51,TRUE,1113,NA,NA,NA,FALSE,139.73579356326,0.889295510169921,71143640.8135936,45354071.018666,63212384,NA,0.61479,363885280375.697,5756.55049453121,865717339517.612,14949.03,23.493768799339,78.33670044,3.4056617766544,4.95551571209936,89.7117995863871,268.934860421172,4.72216238902933,NA,NA,NA,65.6798759740707,-0.1046157,-0.1842437,0.0621842,-0.0687678,"South Africa","Upper middle income",TRUE,2237130315.22175,185180384.519994,399324025.333588,2219240913.22353,NA,17.6073093525471,0.000195511180721959,FALSE,FALSE,"South Africa",8.65809370181697,4.18479257680607,FALSE,0.305,0.22,0.39,0.645833333333333,12,-0.29,NA,NA,NA,NA,114719120.81192,68516742.2723978,NA,NA,0.393782042,TRUE,1432914887.60084,1421456462.36781,0.226762699,20,0.62,0.31
"ZAF-2024","ZAF","South Africa",2024,"Renda média-alta","Sub-Saharan Africa ",TRUE,1087,TRUE,16585,134,FALSE,132,FALSE,242,TRUE,9,TRUE,1087,NA,NA,NA,FALSE,143.857336014608,0.863817009743732,209043716.357983,7774353.08769359,64007187,NA,0.61479,365831497261.341,5715.47531469148,870347572712.603,NA,NA,78.35759735,5.34791194620067,5.70923344153222,89.4476360173443,245.720967230413,4.53555112448807,NA,NA,NA,61.646770473025,-0.1559159,-0.1632967,0.0357268,-0.0679269,"South Africa","Upper middle income",TRUE,2249095462.013,71143640.8135936,465367741.691571,2237130315.22175,NA,16.9824679219226,0.000571420771374006,FALSE,FALSE,"South Africa",8.6509327424453,4.12142084337244,FALSE,0.325,0.24,0.41,10.6725,12,-0.22,NA,NA,NA,NA,15548706.1753872,114719120.81192,NA,NA,0.393782042,TRUE,1440578740.19488,1432914887.60084,0.226762699,20,0.62,0.31
