"iso3c","pais","ano","valor","codigo"
"AFG","Afghanistan",2021,24.91561,"GFDD.SI.01"
"AFG","Afghanistan",2020,17.68296,"GFDD.SI.01"
"AFG","Afghanistan",2019,19.31851,"GFDD.SI.01"
"AFG","Afghanistan",2018,17.00372,"GFDD.SI.01"
"AFG","Afghanistan",2017,17.73415,"GFDD.SI.01"
"AFG","Afghanistan",2016,19.55651,"GFDD.SI.01"
"AFG","Afghanistan",2015,16.86543,"GFDD.SI.01"
"AFG","Afghanistan",2014,16.59461,"GFDD.SI.01"
"AFG","Afghanistan",2013,18.98689,"GFDD.SI.01"
"AFG","Afghanistan",2012,18.89366,"GFDD.SI.01"
"AFG","Afghanistan",2011,18.97911,"GFDD.SI.01"
"AFG","Afghanistan",2010,24.95099,"GFDD.SI.01"
"ALB","Albania",2021,19.05608,"GFDD.SI.01"
"ALB","Albania",2020,20.24314,"GFDD.SI.01"
"ALB","Albania",2019,20.55072,"GFDD.SI.01"
"ALB","Albania",2018,19.98183,"GFDD.SI.01"
"ALB","Albania",2017,21.7047,"GFDD.SI.01"
"ALB","Albania",2016,23.78067,"GFDD.SI.01"
"ALB","Albania",2015,22.14953,"GFDD.SI.01"
"ALB","Albania",2014,22.15308,"GFDD.SI.01"
"ALB","Albania",2013,22.08734,"GFDD.SI.01"
"ALB","Albania",2012,22.32134,"GFDD.SI.01"
"ALB","Albania",2011,22.15,"GFDD.SI.01"
"ALB","Albania",2010,21.02804,"GFDD.SI.01"
"DZA","Algeria",2021,NA,"GFDD.SI.01"
"DZA","Algeria",2020,24.82232,"GFDD.SI.01"
"DZA","Algeria",2019,22.43565,"GFDD.SI.01"
"DZA","Algeria",2018,24.28966,"GFDD.SI.01"
"DZA","Algeria",2017,23.12142,"GFDD.SI.01"
"DZA","Algeria",2016,22.13776,"GFDD.SI.01"
"DZA","Algeria",2015,19.96733,"GFDD.SI.01"
"DZA","Algeria",2014,18.82034,"GFDD.SI.01"
"DZA","Algeria",2013,20.54717,"GFDD.SI.01"
"DZA","Algeria",2012,20.49009,"GFDD.SI.01"
"DZA","Algeria",2011,19.90931,"GFDD.SI.01"
"DZA","Algeria",2010,19.23774,"GFDD.SI.01"
"AND","Andorra",2021,NA,"GFDD.SI.01"
"AND","Andorra",2020,29.13949,"GFDD.SI.01"
"AND","Andorra",2019,27.46493,"GFDD.SI.01"
"AND","Andorra",2018,25.15558,"GFDD.SI.01"
"AND","Andorra",2017,25.39093,"GFDD.SI.01"
"AND","Andorra",2016,21.04386,"GFDD.SI.01"
"AND","Andorra",2015,31.50115,"GFDD.SI.01"
"AND","Andorra",2014,28.30516,"GFDD.SI.01"
"AND","Andorra",2013,29.63145,"GFDD.SI.01"
"AND","Andorra",2012,28.4331,"GFDD.SI.01"
"AND","Andorra",2011,27.64352,"GFDD.SI.01"
"AND","Andorra",2010,32.91191,"GFDD.SI.01"
"AGO","Angola",2021,15.54836,"GFDD.SI.01"
"AGO","Angola",2020,8.44287,"GFDD.SI.01"
"AGO","Angola",2019,15.27698,"GFDD.SI.01"
"AGO","Angola",2018,12.03643,"GFDD.SI.01"
"AGO","Angola",2017,8.975831,"GFDD.SI.01"
"AGO","Angola",2016,8.226519,"GFDD.SI.01"
"AGO","Angola",2015,8.2767,"GFDD.SI.01"
"AGO","Angola",2014,8.564436,"GFDD.SI.01"
"AGO","Angola",2013,9.455144,"GFDD.SI.01"
"AGO","Angola",2012,9.03674,"GFDD.SI.01"
"AGO","Angola",2011,10.48486,"GFDD.SI.01"
"AGO","Angola",2010,10.50042,"GFDD.SI.01"
"ATG","Antigua and Barbuda",2021,NA,"GFDD.SI.01"
"ATG","Antigua and Barbuda",2020,NA,"GFDD.SI.01"
"ATG","Antigua and Barbuda",2019,NA,"GFDD.SI.01"
"ATG","Antigua and Barbuda",2018,NA,"GFDD.SI.01"
"ATG","Antigua and Barbuda",2017,NA,"GFDD.SI.01"
"ATG","Antigua and Barbuda",2016,NA,"GFDD.SI.01"
"ATG","Antigua and Barbuda",2015,NA,"GFDD.SI.01"
"ATG","Antigua and Barbuda",2014,NA,"GFDD.SI.01"
"ATG","Antigua and Barbuda",2013,NA,"GFDD.SI.01"
"ATG","Antigua and Barbuda",2012,NA,"GFDD.SI.01"
"ATG","Antigua and Barbuda",2011,NA,"GFDD.SI.01"
"ATG","Antigua and Barbuda",2010,NA,"GFDD.SI.01"
"ARG","Argentina",2021,9.083421,"GFDD.SI.01"
"ARG","Argentina",2020,9.249464,"GFDD.SI.01"
"ARG","Argentina",2019,9.317062,"GFDD.SI.01"
"ARG","Argentina",2018,7.21939,"GFDD.SI.01"
"ARG","Argentina",2017,7.50613,"GFDD.SI.01"
"ARG","Argentina",2016,7.426713,"GFDD.SI.01"
"ARG","Argentina",2015,8.448619,"GFDD.SI.01"
"ARG","Argentina",2014,8.4206,"GFDD.SI.01"
"ARG","Argentina",2013,7.65534,"GFDD.SI.01"
"ARG","Argentina",2012,7.497633,"GFDD.SI.01"
"ARG","Argentina",2011,7.025817,"GFDD.SI.01"
"ARG","Argentina",2010,7.177739,"GFDD.SI.01"
"ARM","Armenia",2021,12.31924,"GFDD.SI.01"
"ARM","Armenia",2020,12.8254,"GFDD.SI.01"
"ARM","Armenia",2019,14.2648,"GFDD.SI.01"
"ARM","Armenia",2018,14.4391,"GFDD.SI.01"
"ARM","Armenia",2017,14.88844,"GFDD.SI.01"
"ARM","Armenia",2016,14.90953,"GFDD.SI.01"
"ARM","Armenia",2015,13.70702,"GFDD.SI.01"
"ARM","Armenia",2014,13.38436,"GFDD.SI.01"
"ARM","Armenia",2013,15.40515,"GFDD.SI.01"
"ARM","Armenia",2012,16.44,"GFDD.SI.01"
"ARM","Armenia",2011,17.66952,"GFDD.SI.01"
"ARM","Armenia",2010,20.03384,"GFDD.SI.01"
"ABW","Aruba",2021,NA,"GFDD.SI.01"
"ABW","Aruba",2020,NA,"GFDD.SI.01"
"ABW","Aruba",2019,NA,"GFDD.SI.01"
"ABW","Aruba",2018,NA,"GFDD.SI.01"
"ABW","Aruba",2017,NA,"GFDD.SI.01"
"ABW","Aruba",2016,NA,"GFDD.SI.01"
"ABW","Aruba",2015,NA,"GFDD.SI.01"
"ABW","Aruba",2014,NA,"GFDD.SI.01"
"ABW","Aruba",2013,NA,"GFDD.SI.01"
"ABW","Aruba",2012,NA,"GFDD.SI.01"
"ABW","Aruba",2011,NA,"GFDD.SI.01"
"ABW","Aruba",2010,NA,"GFDD.SI.01"
"AUS","Australia",2021,14.14526,"GFDD.SI.01"
"AUS","Australia",2020,13.24647,"GFDD.SI.01"
"AUS","Australia",2019,13.46988,"GFDD.SI.01"
"AUS","Australia",2018,13.97005,"GFDD.SI.01"
"AUS","Australia",2017,13.63942,"GFDD.SI.01"
"AUS","Australia",2016,12.99751,"GFDD.SI.01"
"AUS","Australia",2015,13.33152,"GFDD.SI.01"
"AUS","Australia",2014,13.48903,"GFDD.SI.01"
"AUS","Australia",2013,13.73787,"GFDD.SI.01"
"AUS","Australia",2012,13.89547,"GFDD.SI.01"
"AUS","Australia",2011,14.39567,"GFDD.SI.01"
"AUS","Australia",2010,15.33082,"GFDD.SI.01"
"AUT","Austria",2021,30.90653,"GFDD.SI.01"
"AUT","Austria",2020,31.84211,"GFDD.SI.01"
"AUT","Austria",2019,36.66615,"GFDD.SI.01"
"AUT","Austria",2018,35.68405,"GFDD.SI.01"
"AUT","Austria",2017,34.54782,"GFDD.SI.01"
"AUT","Austria",2016,32.52342,"GFDD.SI.01"
"AUT","Austria",2015,30.07913,"GFDD.SI.01"
"AUT","Austria",2014,26.82064,"GFDD.SI.01"
"AUT","Austria",2013,27.50797,"GFDD.SI.01"
"AUT","Austria",2012,22.59156,"GFDD.SI.01"
"AUT","Austria",2011,23.6625,"GFDD.SI.01"
"AUT","Austria",2010,23.39857,"GFDD.SI.01"
"AZE","Azerbaijan",2021,4.744682,"GFDD.SI.01"
"AZE","Azerbaijan",2020,5.39014,"GFDD.SI.01"
"AZE","Azerbaijan",2019,5.426664,"GFDD.SI.01"
"AZE","Azerbaijan",2018,5.460769,"GFDD.SI.01"
"AZE","Azerbaijan",2017,5.979235,"GFDD.SI.01"
"AZE","Azerbaijan",2016,3.811226,"GFDD.SI.01"
"AZE","Azerbaijan",2015,1.471681,"GFDD.SI.01"
"AZE","Azerbaijan",2014,6.574747,"GFDD.SI.01"
"AZE","Azerbaijan",2013,5.775506,"GFDD.SI.01"
"AZE","Azerbaijan",2012,5.090334,"GFDD.SI.01"
"AZE","Azerbaijan",2011,4.435929,"GFDD.SI.01"
"AZE","Azerbaijan",2010,4.935725,"GFDD.SI.01"
"BHS","Bahamas, The",2021,13.22551,"GFDD.SI.01"
"BHS","Bahamas, The",2020,13.54524,"GFDD.SI.01"
"BHS","Bahamas, The",2019,15.69522,"GFDD.SI.01"
"BHS","Bahamas, The",2018,17.77508,"GFDD.SI.01"
"BHS","Bahamas, The",2017,17.4459,"GFDD.SI.01"
"BHS","Bahamas, The",2016,16.34087,"GFDD.SI.01"
"BHS","Bahamas, The",2015,15.2718,"GFDD.SI.01"
"BHS","Bahamas, The",2014,12.99366,"GFDD.SI.01"
"BHS","Bahamas, The",2013,17.16841,"GFDD.SI.01"
"BHS","Bahamas, The",2012,17.84337,"GFDD.SI.01"
"BHS","Bahamas, The",2011,15.20251,"GFDD.SI.01"
"BHS","Bahamas, The",2010,20.05996,"GFDD.SI.01"
"BHR","Bahrain",2021,7.814275,"GFDD.SI.01"
"BHR","Bahrain",2020,7.434731,"GFDD.SI.01"
"BHR","Bahrain",2019,8.855496,"GFDD.SI.01"
"BHR","Bahrain",2018,8.34296,"GFDD.SI.01"
"BHR","Bahrain",2017,8.824603,"GFDD.SI.01"
"BHR","Bahrain",2016,8.660233,"GFDD.SI.01"
"BHR","Bahrain",2015,8.311663,"GFDD.SI.01"
"BHR","Bahrain",2014,8.107829,"GFDD.SI.01"
"BHR","Bahrain",2013,8.06957,"GFDD.SI.01"
"BHR","Bahrain",2012,7.485067,"GFDD.SI.01"
"BHR","Bahrain",2011,7.201674,"GFDD.SI.01"
"BHR","Bahrain",2010,7.530514,"GFDD.SI.01"
"BGD","Bangladesh",2021,12.7788,"GFDD.SI.01"
"BGD","Bangladesh",2020,13.64848,"GFDD.SI.01"
"BGD","Bangladesh",2019,14.0125,"GFDD.SI.01"
"BGD","Bangladesh",2018,14.11607,"GFDD.SI.01"
"BGD","Bangladesh",2017,14.76704,"GFDD.SI.01"
"BGD","Bangladesh",2016,14.90764,"GFDD.SI.01"
"BGD","Bangladesh",2015,17.40561,"GFDD.SI.01"
"BGD","Bangladesh",2014,16.54761,"GFDD.SI.01"
"BGD","Bangladesh",2013,17.39595,"GFDD.SI.01"
"BGD","Bangladesh",2012,15.32456,"GFDD.SI.01"
"BGD","Bangladesh",2011,19.36574,"GFDD.SI.01"
"BGD","Bangladesh",2010,20.10011,"GFDD.SI.01"
"BRB","Barbados",2021,13.9577,"GFDD.SI.01"
"BRB","Barbados",2020,13.33107,"GFDD.SI.01"
"BRB","Barbados",2019,NA,"GFDD.SI.01"
"BRB","Barbados",2018,NA,"GFDD.SI.01"
"BRB","Barbados",2017,14.93573,"GFDD.SI.01"
"BRB","Barbados",2016,17.0683,"GFDD.SI.01"
"BRB","Barbados",2015,16.59562,"GFDD.SI.01"
"BRB","Barbados",2014,18.66439,"GFDD.SI.01"
"BRB","Barbados",2013,17.49197,"GFDD.SI.01"
"BRB","Barbados",2012,16.24925,"GFDD.SI.01"
"BRB","Barbados",2011,14.8103,"GFDD.SI.01"
"BRB","Barbados",2010,16.24163,"GFDD.SI.01"
"BLR","Belarus",2021,17.12395,"GFDD.SI.01"
"BLR","Belarus",2020,17.6692,"GFDD.SI.01"
"BLR","Belarus",2019,18.61382,"GFDD.SI.01"
"BLR","Belarus",2018,18.86887,"GFDD.SI.01"
"BLR","Belarus",2017,18.70259,"GFDD.SI.01"
"BLR","Belarus",2016,16.9789,"GFDD.SI.01"
"BLR","Belarus",2015,16.10306,"GFDD.SI.01"
"BLR","Belarus",2014,19.87708,"GFDD.SI.01"
"BLR","Belarus",2013,20.09407,"GFDD.SI.01"
"BLR","Belarus",2012,20.06017,"GFDD.SI.01"
"BLR","Belarus",2011,14.27075,"GFDD.SI.01"
"BLR","Belarus",2010,22.92909,"GFDD.SI.01"
"BEL","Belgium",2021,15.4485,"GFDD.SI.01"
"BEL","Belgium",2020,16.52576,"GFDD.SI.01"
"BEL","Belgium",2019,18.25408,"GFDD.SI.01"
"BEL","Belgium",2018,17.78204,"GFDD.SI.01"
"BEL","Belgium",2017,18.16668,"GFDD.SI.01"
"BEL","Belgium",2016,16.37894,"GFDD.SI.01"
"BEL","Belgium",2015,15.67043,"GFDD.SI.01"
"BEL","Belgium",2014,14.36594,"GFDD.SI.01"
"BEL","Belgium",2013,14.23736,"GFDD.SI.01"
"BEL","Belgium",2012,12.44705,"GFDD.SI.01"
"BEL","Belgium",2011,9.672375,"GFDD.SI.01"
"BEL","Belgium",2010,10.51593,"GFDD.SI.01"
"BLZ","Belize",2021,NA,"GFDD.SI.01"
"BLZ","Belize",2020,6.773071,"GFDD.SI.01"
"BLZ","Belize",2019,9.817226,"GFDD.SI.01"
"BLZ","Belize",2018,10.3004,"GFDD.SI.01"
"BLZ","Belize",2017,10.25167,"GFDD.SI.01"
"BLZ","Belize",2016,8.181306,"GFDD.SI.01"
"BLZ","Belize",2015,8.833839,"GFDD.SI.01"
"BLZ","Belize",2014,NA,"GFDD.SI.01"
"BLZ","Belize",2013,NA,"GFDD.SI.01"
"BLZ","Belize",2012,NA,"GFDD.SI.01"
"BLZ","Belize",2011,NA,"GFDD.SI.01"
"BLZ","Belize",2010,NA,"GFDD.SI.01"
"BEN","Benin",2021,NA,"GFDD.SI.01"
"BEN","Benin",2020,NA,"GFDD.SI.01"
"BEN","Benin",2019,11.90162,"GFDD.SI.01"
"BEN","Benin",2018,11.88513,"GFDD.SI.01"
"BEN","Benin",2017,7.838364,"GFDD.SI.01"
"BEN","Benin",2016,8.608675,"GFDD.SI.01"
"BEN","Benin",2015,9.922345,"GFDD.SI.01"
"BEN","Benin",2014,NA,"GFDD.SI.01"
"BEN","Benin",2013,12.0286,"GFDD.SI.01"
"BEN","Benin",2012,14.32835,"GFDD.SI.01"
"BEN","Benin",2011,14.79733,"GFDD.SI.01"
"BEN","Benin",2010,15.00294,"GFDD.SI.01"
"BMU","Bermuda",2021,18.72809,"GFDD.SI.01"
"BMU","Bermuda",2020,20.18716,"GFDD.SI.01"
"BMU","Bermuda",2019,22.26934,"GFDD.SI.01"
"BMU","Bermuda",2018,26.09518,"GFDD.SI.01"
"BMU","Bermuda",2017,23.82868,"GFDD.SI.01"
"BMU","Bermuda",2016,21.16991,"GFDD.SI.01"
"BMU","Bermuda",2015,22.614,"GFDD.SI.01"
"BMU","Bermuda",2014,22.03606,"GFDD.SI.01"
"BMU","Bermuda",2013,19.62559,"GFDD.SI.01"
"BMU","Bermuda",2012,25.20727,"GFDD.SI.01"
"BMU","Bermuda",2011,25.30446,"GFDD.SI.01"
"BMU","Bermuda",2010,27.50932,"GFDD.SI.01"
"BTN","Bhutan",2021,12.46007,"GFDD.SI.01"
"BTN","Bhutan",2020,11.20364,"GFDD.SI.01"
"BTN","Bhutan",2019,16.36592,"GFDD.SI.01"
"BTN","Bhutan",2018,18.50756,"GFDD.SI.01"
"BTN","Bhutan",2017,18.26993,"GFDD.SI.01"
"BTN","Bhutan",2016,19.42956,"GFDD.SI.01"
"BTN","Bhutan",2015,21.60773,"GFDD.SI.01"
"BTN","Bhutan",2014,21.42044,"GFDD.SI.01"
"BTN","Bhutan",2013,23.08103,"GFDD.SI.01"
"BTN","Bhutan",2012,NA,"GFDD.SI.01"
"BTN","Bhutan",2011,NA,"GFDD.SI.01"
"BTN","Bhutan",2010,NA,"GFDD.SI.01"
"BOL","Bolivia",2021,8.322064,"GFDD.SI.01"
"BOL","Bolivia",2020,8.104293,"GFDD.SI.01"
"BOL","Bolivia",2019,9.595237,"GFDD.SI.01"
"BOL","Bolivia",2018,9.244541,"GFDD.SI.01"
"BOL","Bolivia",2017,9.5578,"GFDD.SI.01"
"BOL","Bolivia",2016,10.6695,"GFDD.SI.01"
"BOL","Bolivia",2015,10.18686,"GFDD.SI.01"
"BOL","Bolivia",2014,10.94711,"GFDD.SI.01"
"BOL","Bolivia",2013,11.04395,"GFDD.SI.01"
"BOL","Bolivia",2012,12.22055,"GFDD.SI.01"
"BOL","Bolivia",2011,12.14597,"GFDD.SI.01"
"BOL","Bolivia",2010,12.15186,"GFDD.SI.01"
"BIH","Bosnia and Herzegovina",2021,15.29255,"GFDD.SI.01"
"BIH","Bosnia and Herzegovina",2020,15.29625,"GFDD.SI.01"
"BIH","Bosnia and Herzegovina",2019,16.79659,"GFDD.SI.01"
"BIH","Bosnia and Herzegovina",2018,17.08238,"GFDD.SI.01"
"BIH","Bosnia and Herzegovina",2017,18.97532,"GFDD.SI.01"
"BIH","Bosnia and Herzegovina",2016,18.51242,"GFDD.SI.01"
"BIH","Bosnia and Herzegovina",2015,17.95149,"GFDD.SI.01"
"BIH","Bosnia and Herzegovina",2014,18.65933,"GFDD.SI.01"
"BIH","Bosnia and Herzegovina",2013,17.76029,"GFDD.SI.01"
"BIH","Bosnia and Herzegovina",2012,18.76711,"GFDD.SI.01"
"BIH","Bosnia and Herzegovina",2011,17.87443,"GFDD.SI.01"
"BIH","Bosnia and Herzegovina",2010,14.12737,"GFDD.SI.01"
"BWA","Botswana",2021,9.001644,"GFDD.SI.01"
"BWA","Botswana",2020,8.288707,"GFDD.SI.01"
"BWA","Botswana",2019,8.500373,"GFDD.SI.01"
"BWA","Botswana",2018,8.37,"GFDD.SI.01"
"BWA","Botswana",2017,8.347235,"GFDD.SI.01"
"BWA","Botswana",2016,8.435014,"GFDD.SI.01"
"BWA","Botswana",2015,8.128801,"GFDD.SI.01"
"BWA","Botswana",2014,9.374351,"GFDD.SI.01"
"BWA","Botswana",2013,9.692696,"GFDD.SI.01"
"BWA","Botswana",2012,8.96806,"GFDD.SI.01"
"BWA","Botswana",2011,8.421167,"GFDD.SI.01"
"BWA","Botswana",2010,7.555939,"GFDD.SI.01"
"BRA","Brazil",2021,16.35463,"GFDD.SI.01"
"BRA","Brazil",2020,15.71668,"GFDD.SI.01"
"BRA","Brazil",2019,18.54721,"GFDD.SI.01"
"BRA","Brazil",2018,16.93262,"GFDD.SI.01"
"BRA","Brazil",2017,16.98571,"GFDD.SI.01"
"BRA","Brazil",2016,15.95113,"GFDD.SI.01"
"BRA","Brazil",2015,15.58268,"GFDD.SI.01"
"BRA","Brazil",2014,14.76513,"GFDD.SI.01"
"BRA","Brazil",2013,14.53454,"GFDD.SI.01"
"BRA","Brazil",2012,14.96336,"GFDD.SI.01"
"BRA","Brazil",2011,14.67711,"GFDD.SI.01"
"BRA","Brazil",2010,15.3085,"GFDD.SI.01"
"VGB","British Virgin Islands",2021,NA,"GFDD.SI.01"
"VGB","British Virgin Islands",2020,NA,"GFDD.SI.01"
"VGB","British Virgin Islands",2019,NA,"GFDD.SI.01"
"VGB","British Virgin Islands",2018,NA,"GFDD.SI.01"
"VGB","British Virgin Islands",2017,NA,"GFDD.SI.01"
"VGB","British Virgin Islands",2016,NA,"GFDD.SI.01"
"VGB","British Virgin Islands",2015,NA,"GFDD.SI.01"
"VGB","British Virgin Islands",2014,NA,"GFDD.SI.01"
"VGB","British Virgin Islands",2013,NA,"GFDD.SI.01"
"VGB","British Virgin Islands",2012,NA,"GFDD.SI.01"
"VGB","British Virgin Islands",2011,NA,"GFDD.SI.01"
"VGB","British Virgin Islands",2010,NA,"GFDD.SI.01"
"BRN","Brunei Darussalam",2021,NA,"GFDD.SI.01"
"BRN","Brunei Darussalam",2020,NA,"GFDD.SI.01"
"BRN","Brunei Darussalam",2019,NA,"GFDD.SI.01"
"BRN","Brunei Darussalam",2018,NA,"GFDD.SI.01"
"BRN","Brunei Darussalam",2017,NA,"GFDD.SI.01"
"BRN","Brunei Darussalam",2016,NA,"GFDD.SI.01"
"BRN","Brunei Darussalam",2015,NA,"GFDD.SI.01"
"BRN","Brunei Darussalam",2014,NA,"GFDD.SI.01"
"BRN","Brunei Darussalam",2013,NA,"GFDD.SI.01"
"BRN","Brunei Darussalam",2012,NA,"GFDD.SI.01"
"BRN","Brunei Darussalam",2011,NA,"GFDD.SI.01"
"BRN","Brunei Darussalam",2010,NA,"GFDD.SI.01"
"BGR","Bulgaria",2021,7.869337,"GFDD.SI.01"
"BGR","Bulgaria",2020,7.749717,"GFDD.SI.01"
"BGR","Bulgaria",2019,8.123374,"GFDD.SI.01"
"BGR","Bulgaria",2018,8.719459,"GFDD.SI.01"
"BGR","Bulgaria",2017,8.928413,"GFDD.SI.01"
"BGR","Bulgaria",2016,9.149668,"GFDD.SI.01"
"BGR","Bulgaria",2015,8.708157,"GFDD.SI.01"
"BGR","Bulgaria",2014,8.748191,"GFDD.SI.01"
"BGR","Bulgaria",2013,8.415757,"GFDD.SI.01"
"BGR","Bulgaria",2012,8.641701,"GFDD.SI.01"
"BGR","Bulgaria",2011,8.659687,"GFDD.SI.01"
"BGR","Bulgaria",2010,8.595153,"GFDD.SI.01"
"BFA","Burkina Faso",2021,NA,"GFDD.SI.01"
"BFA","Burkina Faso",2020,9.561109,"GFDD.SI.01"
"BFA","Burkina Faso",2019,9.860801,"GFDD.SI.01"
"BFA","Burkina Faso",2018,9.451686,"GFDD.SI.01"
"BFA","Burkina Faso",2017,9.320739,"GFDD.SI.01"
"BFA","Burkina Faso",2016,9.226456,"GFDD.SI.01"
"BFA","Burkina Faso",2015,8.678128,"GFDD.SI.01"
"BFA","Burkina Faso",2014,9.803467,"GFDD.SI.01"
"BFA","Burkina Faso",2013,10.56312,"GFDD.SI.01"
"BFA","Burkina Faso",2012,10.22394,"GFDD.SI.01"
"BFA","Burkina Faso",2011,10.09764,"GFDD.SI.01"
"BFA","Burkina Faso",2010,8.4382,"GFDD.SI.01"
"BDI","Burundi",2021,18.70014,"GFDD.SI.01"
"BDI","Burundi",2020,18.15346,"GFDD.SI.01"
"BDI","Burundi",2019,16.97139,"GFDD.SI.01"
"BDI","Burundi",2018,14.59352,"GFDD.SI.01"
"BDI","Burundi",2017,14.72019,"GFDD.SI.01"
"BDI","Burundi",2016,14.90026,"GFDD.SI.01"
"BDI","Burundi",2015,15.64894,"GFDD.SI.01"
"BDI","Burundi",2014,NA,"GFDD.SI.01"
"BDI","Burundi",2013,12.32024,"GFDD.SI.01"
"BDI","Burundi",2012,15.15737,"GFDD.SI.01"
"BDI","Burundi",2011,16.54954,"GFDD.SI.01"
"BDI","Burundi",2010,13.08737,"GFDD.SI.01"
"CPV","Cabo Verde",2021,27.08953,"GFDD.SI.01"
"CPV","Cabo Verde",2020,25.47081,"GFDD.SI.01"
"CPV","Cabo Verde",2019,22.8945,"GFDD.SI.01"
"CPV","Cabo Verde",2018,18.53158,"GFDD.SI.01"
"CPV","Cabo Verde",2017,19.36932,"GFDD.SI.01"
"CPV","Cabo Verde",2016,20.14221,"GFDD.SI.01"
"CPV","Cabo Verde",2015,20.58774,"GFDD.SI.01"
"CPV","Cabo Verde",2014,19.79964,"GFDD.SI.01"
"CPV","Cabo Verde",2013,20.17573,"GFDD.SI.01"
"CPV","Cabo Verde",2012,20.33684,"GFDD.SI.01"
"CPV","Cabo Verde",2011,19.8768,"GFDD.SI.01"
"CPV","Cabo Verde",2010,19.49653,"GFDD.SI.01"
"KHM","Cambodia",2021,26.77147,"GFDD.SI.01"
"KHM","Cambodia",2020,26.42809,"GFDD.SI.01"
"KHM","Cambodia",2019,26.36913,"GFDD.SI.01"
"KHM","Cambodia",2018,25.48395,"GFDD.SI.01"
"KHM","Cambodia",2017,25.39946,"GFDD.SI.01"
"KHM","Cambodia",2016,25.0181,"GFDD.SI.01"
"KHM","Cambodia",2015,26.17611,"GFDD.SI.01"
"KHM","Cambodia",2014,26.16084,"GFDD.SI.01"
"KHM","Cambodia",2013,28.38683,"GFDD.SI.01"
"KHM","Cambodia",2012,27.55399,"GFDD.SI.01"
"KHM","Cambodia",2011,28.7236,"GFDD.SI.01"
"KHM","Cambodia",2010,29.11961,"GFDD.SI.01"
"CMR","Cameroon",2021,NA,"GFDD.SI.01"
"CMR","Cameroon",2020,10.58627,"GFDD.SI.01"
"CMR","Cameroon",2019,9.844123,"GFDD.SI.01"
"CMR","Cameroon",2018,8.825315,"GFDD.SI.01"
"CMR","Cameroon",2017,10.53425,"GFDD.SI.01"
"CMR","Cameroon",2016,9.955661,"GFDD.SI.01"
"CMR","Cameroon",2015,10.15607,"GFDD.SI.01"
"CMR","Cameroon",2014,9.666199,"GFDD.SI.01"
"CMR","Cameroon",2013,12.00264,"GFDD.SI.01"
"CMR","Cameroon",2012,9.855334,"GFDD.SI.01"
"CMR","Cameroon",2011,9.635683,"GFDD.SI.01"
"CMR","Cameroon",2010,9.63721,"GFDD.SI.01"
"CAN","Canada",2021,13.85122,"GFDD.SI.01"
"CAN","Canada",2020,13.06755,"GFDD.SI.01"
"CAN","Canada",2019,14.20599,"GFDD.SI.01"
"CAN","Canada",2018,14.37822,"GFDD.SI.01"
"CAN","Canada",2017,14.48891,"GFDD.SI.01"
"CAN","Canada",2016,14.19255,"GFDD.SI.01"
"CAN","Canada",2015,13.88616,"GFDD.SI.01"
"CAN","Canada",2014,13.69585,"GFDD.SI.01"
"CAN","Canada",2013,13.66008,"GFDD.SI.01"
"CAN","Canada",2012,13.65419,"GFDD.SI.01"
"CAN","Canada",2011,14.12581,"GFDD.SI.01"
"CAN","Canada",2010,17.38711,"GFDD.SI.01"
"CYM","Cayman Islands",2021,NA,"GFDD.SI.01"
"CYM","Cayman Islands",2020,NA,"GFDD.SI.01"
"CYM","Cayman Islands",2019,NA,"GFDD.SI.01"
"CYM","Cayman Islands",2018,NA,"GFDD.SI.01"
"CYM","Cayman Islands",2017,NA,"GFDD.SI.01"
"CYM","Cayman Islands",2016,17.26295,"GFDD.SI.01"
"CYM","Cayman Islands",2015,18.50337,"GFDD.SI.01"
"CYM","Cayman Islands",2014,NA,"GFDD.SI.01"
"CYM","Cayman Islands",2013,NA,"GFDD.SI.01"
"CYM","Cayman Islands",2012,26.23828,"GFDD.SI.01"
"CYM","Cayman Islands",2011,25.07313,"GFDD.SI.01"
"CYM","Cayman Islands",2010,21.65476,"GFDD.SI.01"
"CAF","Central African Republic",2021,NA,"GFDD.SI.01"
"CAF","Central African Republic",2020,NA,"GFDD.SI.01"
"CAF","Central African Republic",2019,NA,"GFDD.SI.01"
"CAF","Central African Republic",2018,NA,"GFDD.SI.01"
"CAF","Central African Republic",2017,NA,"GFDD.SI.01"
"CAF","Central African Republic",2016,NA,"GFDD.SI.01"
"CAF","Central African Republic",2015,NA,"GFDD.SI.01"
"CAF","Central African Republic",2014,NA,"GFDD.SI.01"
"CAF","Central African Republic",2013,NA,"GFDD.SI.01"
"CAF","Central African Republic",2012,NA,"GFDD.SI.01"
"CAF","Central African Republic",2011,NA,"GFDD.SI.01"
"CAF","Central African Republic",2010,NA,"GFDD.SI.01"
"TCD","Chad",2021,NA,"GFDD.SI.01"
"TCD","Chad",2020,NA,"GFDD.SI.01"
"TCD","Chad",2019,NA,"GFDD.SI.01"
"TCD","Chad",2018,NA,"GFDD.SI.01"
"TCD","Chad",2017,NA,"GFDD.SI.01"
"TCD","Chad",2016,8.417172,"GFDD.SI.01"
"TCD","Chad",2015,8.117155,"GFDD.SI.01"
"TCD","Chad",2014,NA,"GFDD.SI.01"
"TCD","Chad",2013,11.0981,"GFDD.SI.01"
"TCD","Chad",2012,11.72726,"GFDD.SI.01"
"TCD","Chad",2011,12.38179,"GFDD.SI.01"
"TCD","Chad",2010,NA,"GFDD.SI.01"
"CHL","Chile",2021,7.446439,"GFDD.SI.01"
"CHL","Chile",2020,6.652649,"GFDD.SI.01"
"CHL","Chile",2019,7.761494,"GFDD.SI.01"
"CHL","Chile",2018,8.552716,"GFDD.SI.01"
"CHL","Chile",2017,8.689783,"GFDD.SI.01"
"CHL","Chile",2016,8.49224,"GFDD.SI.01"
"CHL","Chile",2015,8.528882,"GFDD.SI.01"
"CHL","Chile",2014,9.340874,"GFDD.SI.01"
"CHL","Chile",2013,9.083609,"GFDD.SI.01"
"CHL","Chile",2012,9.288716,"GFDD.SI.01"
"CHL","Chile",2011,8.775351,"GFDD.SI.01"
"CHL","Chile",2010,8.018787,"GFDD.SI.01"
"CHN","China",2021,25.01797,"GFDD.SI.01"
"CHN","China",2020,24.44535,"GFDD.SI.01"
"CHN","China",2019,24.55772,"GFDD.SI.01"
"CHN","China",2018,23.32925,"GFDD.SI.01"
"CHN","China",2017,22.5563,"GFDD.SI.01"
"CHN","China",2016,21.81829,"GFDD.SI.01"
"CHN","China",2015,23.62905,"GFDD.SI.01"
"CHN","China",2014,20.26328,"GFDD.SI.01"
"CHN","China",2013,19.63847,"GFDD.SI.01"
"CHN","China",2012,19.79619,"GFDD.SI.01"
"CHN","China",2011,18.63039,"GFDD.SI.01"
"CHN","China",2010,19.80638,"GFDD.SI.01"
"COL","Colombia",2021,4.320385,"GFDD.SI.01"
"COL","Colombia",2020,5.253978,"GFDD.SI.01"
"COL","Colombia",2019,6.134324,"GFDD.SI.01"
"COL","Colombia",2018,6.019376,"GFDD.SI.01"
"COL","Colombia",2017,5.932585,"GFDD.SI.01"
"COL","Colombia",2016,6.471997,"GFDD.SI.01"
"COL","Colombia",2015,6.413251,"GFDD.SI.01"
"COL","Colombia",2014,NA,"GFDD.SI.01"
"COL","Colombia",2013,NA,"GFDD.SI.01"
"COL","Colombia",2012,5.837483,"GFDD.SI.01"
"COL","Colombia",2011,5.447982,"GFDD.SI.01"
"COL","Colombia",2010,5.984405,"GFDD.SI.01"
"COM","Comoros",2021,NA,"GFDD.SI.01"
"COM","Comoros",2020,NA,"GFDD.SI.01"
"COM","Comoros",2019,NA,"GFDD.SI.01"
"COM","Comoros",2018,NA,"GFDD.SI.01"
"COM","Comoros",2017,NA,"GFDD.SI.01"
"COM","Comoros",2016,NA,"GFDD.SI.01"
"COM","Comoros",2015,NA,"GFDD.SI.01"
"COM","Comoros",2014,NA,"GFDD.SI.01"
"COM","Comoros",2013,NA,"GFDD.SI.01"
"COM","Comoros",2012,NA,"GFDD.SI.01"
"COM","Comoros",2011,NA,"GFDD.SI.01"
"COM","Comoros",2010,NA,"GFDD.SI.01"
"COG","Congo, Rep.",2021,NA,"GFDD.SI.01"
"COG","Congo, Rep.",2020,NA,"GFDD.SI.01"
"COG","Congo, Rep.",2019,NA,"GFDD.SI.01"
"COG","Congo, Rep.",2018,NA,"GFDD.SI.01"
"COG","Congo, Rep.",2017,NA,"GFDD.SI.01"
"COG","Congo, Rep.",2016,NA,"GFDD.SI.01"
"COG","Congo, Rep.",2015,NA,"GFDD.SI.01"
"COG","Congo, Rep.",2014,NA,"GFDD.SI.01"
"COG","Congo, Rep.",2013,NA,"GFDD.SI.01"
"COG","Congo, Rep.",2012,NA,"GFDD.SI.01"
"COG","Congo, Rep.",2011,NA,"GFDD.SI.01"
"COG","Congo, Rep.",2010,NA,"GFDD.SI.01"
"CRI","Costa Rica",2021,19.60885,"GFDD.SI.01"
"CRI","Costa Rica",2020,18.81415,"GFDD.SI.01"
"CRI","Costa Rica",2019,20.40005,"GFDD.SI.01"
"CRI","Costa Rica",2018,19.15008,"GFDD.SI.01"
"CRI","Costa Rica",2017,18.72457,"GFDD.SI.01"
"CRI","Costa Rica",2016,20.19376,"GFDD.SI.01"
"CRI","Costa Rica",2015,17.436,"GFDD.SI.01"
"CRI","Costa Rica",2014,17.49226,"GFDD.SI.01"
"CRI","Costa Rica",2013,20.18664,"GFDD.SI.01"
"CRI","Costa Rica",2012,21.49812,"GFDD.SI.01"
"CRI","Costa Rica",2011,21.45408,"GFDD.SI.01"
"CRI","Costa Rica",2010,21.14773,"GFDD.SI.01"
"CIV","Cote d'Ivoire",2021,19.02191,"GFDD.SI.01"
"CIV","Cote d'Ivoire",2020,16.94303,"GFDD.SI.01"
"CIV","Cote d'Ivoire",2019,17.51922,"GFDD.SI.01"
"CIV","Cote d'Ivoire",2018,16.5086,"GFDD.SI.01"
"CIV","Cote d'Ivoire",2017,16.31917,"GFDD.SI.01"
"CIV","Cote d'Ivoire",2016,16.23994,"GFDD.SI.01"
"CIV","Cote d'Ivoire",2015,16.3723,"GFDD.SI.01"
"CIV","Cote d'Ivoire",2014,16.24919,"GFDD.SI.01"
"CIV","Cote d'Ivoire",2013,17.57693,"GFDD.SI.01"
"CIV","Cote d'Ivoire",2012,17.64459,"GFDD.SI.01"
"CIV","Cote d'Ivoire",2011,19.43423,"GFDD.SI.01"
"CIV","Cote d'Ivoire",2010,20.50408,"GFDD.SI.01"
"HRV","Croatia",2021,7.392629,"GFDD.SI.01"
"HRV","Croatia",2020,7.289279,"GFDD.SI.01"
"HRV","Croatia",2019,7.937998,"GFDD.SI.01"
"HRV","Croatia",2018,7.880998,"GFDD.SI.01"
"HRV","Croatia",2017,8.239655,"GFDD.SI.01"
"HRV","Croatia",2016,8.026342,"GFDD.SI.01"
"HRV","Croatia",2015,6.566321,"GFDD.SI.01"
"HRV","Croatia",2014,7.605237,"GFDD.SI.01"
"HRV","Croatia",2013,7.394768,"GFDD.SI.01"
"HRV","Croatia",2012,7.861647,"GFDD.SI.01"
"HRV","Croatia",2011,7.637905,"GFDD.SI.01"
"HRV","Croatia",2010,7.730999,"GFDD.SI.01"
"CUB","Cuba",2021,NA,"GFDD.SI.01"
"CUB","Cuba",2020,22.44986,"GFDD.SI.01"
"CUB","Cuba",2019,19.55267,"GFDD.SI.01"
"CUB","Cuba",2018,18.59676,"GFDD.SI.01"
"CUB","Cuba",2017,18.41802,"GFDD.SI.01"
"CUB","Cuba",2016,19.88058,"GFDD.SI.01"
"CUB","Cuba",2015,22.1516,"GFDD.SI.01"
"CUB","Cuba",2014,NA,"GFDD.SI.01"
"CUB","Cuba",2013,NA,"GFDD.SI.01"
"CUB","Cuba",2012,NA,"GFDD.SI.01"
"CUB","Cuba",2011,NA,"GFDD.SI.01"
"CUB","Cuba",2010,NA,"GFDD.SI.01"
"CUW","Curaçao",2021,11.01254,"GFDD.SI.01"
"CUW","Curaçao",2020,10.57251,"GFDD.SI.01"
"CUW","Curaçao",2019,11.20895,"GFDD.SI.01"
"CUW","Curaçao",2018,10.97103,"GFDD.SI.01"
"CUW","Curaçao",2017,9.513255,"GFDD.SI.01"
"CUW","Curaçao",2016,11.69734,"GFDD.SI.01"
"CUW","Curaçao",2015,12.06164,"GFDD.SI.01"
"CUW","Curaçao",2014,11.19544,"GFDD.SI.01"
"CUW","Curaçao",2013,7.078376,"GFDD.SI.01"
"CUW","Curaçao",2012,8.28106,"GFDD.SI.01"
"CUW","Curaçao",2011,11.30552,"GFDD.SI.01"
"CUW","Curaçao",2010,10.73049,"GFDD.SI.01"
"CYP","Cyprus",2021,6.074417,"GFDD.SI.01"
"CYP","Cyprus",2020,7.120387,"GFDD.SI.01"
"CYP","Cyprus",2019,8.028267,"GFDD.SI.01"
"CYP","Cyprus",2018,7.88143,"GFDD.SI.01"
"CYP","Cyprus",2017,7.110081,"GFDD.SI.01"
"CYP","Cyprus",2016,9.832859,"GFDD.SI.01"
"CYP","Cyprus",2015,8.268928,"GFDD.SI.01"
"CYP","Cyprus",2014,8.272057,"GFDD.SI.01"
"CYP","Cyprus",2013,9.23225,"GFDD.SI.01"
"CYP","Cyprus",2012,8.428222,"GFDD.SI.01"
"CYP","Cyprus",2011,1.576496,"GFDD.SI.01"
"CYP","Cyprus",2010,8.160662,"GFDD.SI.01"
"CZE","Czech Republic",2021,10.34125,"GFDD.SI.01"
"CZE","Czech Republic",2020,10.51501,"GFDD.SI.01"
"CZE","Czech Republic",2019,10.83713,"GFDD.SI.01"
"CZE","Czech Republic",2018,10.2291,"GFDD.SI.01"
"CZE","Czech Republic",2017,10.4291,"GFDD.SI.01"
"CZE","Czech Republic",2016,11.56156,"GFDD.SI.01"
"CZE","Czech Republic",2015,12.14578,"GFDD.SI.01"
"CZE","Czech Republic",2014,12.24763,"GFDD.SI.01"
"CZE","Czech Republic",2013,11.67634,"GFDD.SI.01"
"CZE","Czech Republic",2012,12.21091,"GFDD.SI.01"
"CZE","Czech Republic",2011,10.76262,"GFDD.SI.01"
"CZE","Czech Republic",2010,11.02247,"GFDD.SI.01"
"DNK","Denmark",2021,26.42471,"GFDD.SI.01"
"DNK","Denmark",2020,22.6822,"GFDD.SI.01"
"DNK","Denmark",2019,25.57506,"GFDD.SI.01"
"DNK","Denmark",2018,25.77088,"GFDD.SI.01"
"DNK","Denmark",2017,NA,"GFDD.SI.01"
"DNK","Denmark",2016,NA,"GFDD.SI.01"
"DNK","Denmark",2015,24.38521,"GFDD.SI.01"
"DNK","Denmark",2014,18.40098,"GFDD.SI.01"
"DNK","Denmark",2013,18.28209,"GFDD.SI.01"
"DNK","Denmark",2012,16.10142,"GFDD.SI.01"
"DNK","Denmark",2011,14.58393,"GFDD.SI.01"
"DNK","Denmark",2010,13.78698,"GFDD.SI.01"
"DJI","Djibouti",2021,NA,"GFDD.SI.01"
"DJI","Djibouti",2020,NA,"GFDD.SI.01"
"DJI","Djibouti",2019,16.97244,"GFDD.SI.01"
"DJI","Djibouti",2018,13.12097,"GFDD.SI.01"
"DJI","Djibouti",2017,10.34672,"GFDD.SI.01"
"DJI","Djibouti",2016,NA,"GFDD.SI.01"
"DJI","Djibouti",2015,11.8607,"GFDD.SI.01"
"DJI","Djibouti",2014,13.68825,"GFDD.SI.01"
"DJI","Djibouti",2013,17.0551,"GFDD.SI.01"
"DJI","Djibouti",2012,15.9094,"GFDD.SI.01"
"DJI","Djibouti",2011,11.45902,"GFDD.SI.01"
"DJI","Djibouti",2010,9.134362,"GFDD.SI.01"
"DMA","Dominica",2021,NA,"GFDD.SI.01"
"DMA","Dominica",2020,NA,"GFDD.SI.01"
"DMA","Dominica",2019,NA,"GFDD.SI.01"
"DMA","Dominica",2018,NA,"GFDD.SI.01"
"DMA","Dominica",2017,NA,"GFDD.SI.01"
"DMA","Dominica",2016,NA,"GFDD.SI.01"
"DMA","Dominica",2015,NA,"GFDD.SI.01"
"DMA","Dominica",2014,NA,"GFDD.SI.01"
"DMA","Dominica",2013,NA,"GFDD.SI.01"
"DMA","Dominica",2012,NA,"GFDD.SI.01"
"DMA","Dominica",2011,NA,"GFDD.SI.01"
"DMA","Dominica",2010,NA,"GFDD.SI.01"
"DOM","Dominican Republic",2021,32.58395,"GFDD.SI.01"
"DOM","Dominican Republic",2020,31.06544,"GFDD.SI.01"
"DOM","Dominican Republic",2019,34.62232,"GFDD.SI.01"
"DOM","Dominican Republic",2018,34.36922,"GFDD.SI.01"
"DOM","Dominican Republic",2017,34.46243,"GFDD.SI.01"
"DOM","Dominican Republic",2016,38.14822,"GFDD.SI.01"
"DOM","Dominican Republic",2015,36.20605,"GFDD.SI.01"
"DOM","Dominican Republic",2014,31.62562,"GFDD.SI.01"
"DOM","Dominican Republic",2013,32.09081,"GFDD.SI.01"
"DOM","Dominican Republic",2012,33.06392,"GFDD.SI.01"
"DOM","Dominican Republic",2011,32.62072,"GFDD.SI.01"
"DOM","Dominican Republic",2010,32.25481,"GFDD.SI.01"
"ECU","Ecuador",2021,9.514566,"GFDD.SI.01"
"ECU","Ecuador",2020,9.297792,"GFDD.SI.01"
"ECU","Ecuador",2019,10.8558,"GFDD.SI.01"
"ECU","Ecuador",2018,10.69763,"GFDD.SI.01"
"ECU","Ecuador",2017,11.06853,"GFDD.SI.01"
"ECU","Ecuador",2016,10.61249,"GFDD.SI.01"
"ECU","Ecuador",2015,11.11825,"GFDD.SI.01"
"ECU","Ecuador",2014,10.07726,"GFDD.SI.01"
"ECU","Ecuador",2013,10.14678,"GFDD.SI.01"
"ECU","Ecuador",2012,10.94596,"GFDD.SI.01"
"ECU","Ecuador",2011,10.78709,"GFDD.SI.01"
"ECU","Ecuador",2010,10.13134,"GFDD.SI.01"
"EGY","Egypt, Arab Rep.",2021,20.59571,"GFDD.SI.01"
"EGY","Egypt, Arab Rep.",2020,22.12914,"GFDD.SI.01"
"EGY","Egypt, Arab Rep.",2019,23.47762,"GFDD.SI.01"
"EGY","Egypt, Arab Rep.",2018,20.86885,"GFDD.SI.01"
"EGY","Egypt, Arab Rep.",2017,21.54849,"GFDD.SI.01"
"EGY","Egypt, Arab Rep.",2016,19.92265,"GFDD.SI.01"
"EGY","Egypt, Arab Rep.",2015,21.43956,"GFDD.SI.01"
"EGY","Egypt, Arab Rep.",2014,21.54306,"GFDD.SI.01"
"EGY","Egypt, Arab Rep.",2013,20.85235,"GFDD.SI.01"
"EGY","Egypt, Arab Rep.",2012,20.00707,"GFDD.SI.01"
"EGY","Egypt, Arab Rep.",2011,17.60347,"GFDD.SI.01"
"EGY","Egypt, Arab Rep.",2010,17.11292,"GFDD.SI.01"
"SLV","El Salvador",2021,20.56678,"GFDD.SI.01"
"SLV","El Salvador",2020,19.58387,"GFDD.SI.01"
"SLV","El Salvador",2019,20.60951,"GFDD.SI.01"
"SLV","El Salvador",2018,20.48226,"GFDD.SI.01"
"SLV","El Salvador",2017,21.02519,"GFDD.SI.01"
"SLV","El Salvador",2016,20.30752,"GFDD.SI.01"
"SLV","El Salvador",2015,22.07014,"GFDD.SI.01"
"SLV","El Salvador",2014,24.32444,"GFDD.SI.01"
"SLV","El Salvador",2013,26.22984,"GFDD.SI.01"
"SLV","El Salvador",2012,26.77973,"GFDD.SI.01"
"SLV","El Salvador",2011,28.53621,"GFDD.SI.01"
"SLV","El Salvador",2010,26.18802,"GFDD.SI.01"
"GNQ","Equatorial Guinea",2021,NA,"GFDD.SI.01"
"GNQ","Equatorial Guinea",2020,NA,"GFDD.SI.01"
"GNQ","Equatorial Guinea",2019,NA,"GFDD.SI.01"
"GNQ","Equatorial Guinea",2018,NA,"GFDD.SI.01"
"GNQ","Equatorial Guinea",2017,NA,"GFDD.SI.01"
"GNQ","Equatorial Guinea",2016,NA,"GFDD.SI.01"
"GNQ","Equatorial Guinea",2015,NA,"GFDD.SI.01"
"GNQ","Equatorial Guinea",2014,NA,"GFDD.SI.01"
"GNQ","Equatorial Guinea",2013,NA,"GFDD.SI.01"
"GNQ","Equatorial Guinea",2012,NA,"GFDD.SI.01"
"GNQ","Equatorial Guinea",2011,NA,"GFDD.SI.01"
"GNQ","Equatorial Guinea",2010,NA,"GFDD.SI.01"
"ERI","Eritrea",2021,NA,"GFDD.SI.01"
"ERI","Eritrea",2020,NA,"GFDD.SI.01"
"ERI","Eritrea",2019,NA,"GFDD.SI.01"
"ERI","Eritrea",2018,NA,"GFDD.SI.01"
"ERI","Eritrea",2017,NA,"GFDD.SI.01"
"ERI","Eritrea",2016,NA,"GFDD.SI.01"
"ERI","Eritrea",2015,NA,"GFDD.SI.01"
"ERI","Eritrea",2014,NA,"GFDD.SI.01"
"ERI","Eritrea",2013,NA,"GFDD.SI.01"
"ERI","Eritrea",2012,NA,"GFDD.SI.01"
"ERI","Eritrea",2011,NA,"GFDD.SI.01"
"ERI","Eritrea",2010,NA,"GFDD.SI.01"
"EST","Estonia",2021,8.421521,"GFDD.SI.01"
"EST","Estonia",2020,8.281074,"GFDD.SI.01"
"EST","Estonia",2019,8.922285,"GFDD.SI.01"
"EST","Estonia",2018,9.10916,"GFDD.SI.01"
"EST","Estonia",2017,9.926767,"GFDD.SI.01"
"EST","Estonia",2016,9.927593,"GFDD.SI.01"
"EST","Estonia",2015,12.61989,"GFDD.SI.01"
"EST","Estonia",2014,12.67973,"GFDD.SI.01"
"EST","Estonia",2013,13.33931,"GFDD.SI.01"
"EST","Estonia",2012,11.60134,"GFDD.SI.01"
"EST","Estonia",2011,11.6433,"GFDD.SI.01"
"EST","Estonia",2010,8.940306,"GFDD.SI.01"
"SWZ","Eswatini",2021,NA,"GFDD.SI.01"
"SWZ","Eswatini",2020,NA,"GFDD.SI.01"
"SWZ","Eswatini",2019,24.41746,"GFDD.SI.01"
"SWZ","Eswatini",2018,22.89897,"GFDD.SI.01"
"SWZ","Eswatini",2017,24.12191,"GFDD.SI.01"
"SWZ","Eswatini",2016,24.39738,"GFDD.SI.01"
"SWZ","Eswatini",2015,24.72169,"GFDD.SI.01"
"SWZ","Eswatini",2014,23.63356,"GFDD.SI.01"
"SWZ","Eswatini",2013,22.00786,"GFDD.SI.01"
"SWZ","Eswatini",2012,25.19922,"GFDD.SI.01"
"SWZ","Eswatini",2011,27.0177,"GFDD.SI.01"
"SWZ","Eswatini",2010,24.94608,"GFDD.SI.01"
"ETH","Ethiopia",2021,11.55515,"GFDD.SI.01"
"ETH","Ethiopia",2020,9.03286,"GFDD.SI.01"
"ETH","Ethiopia",2019,9.928329,"GFDD.SI.01"
"ETH","Ethiopia",2018,9.96612,"GFDD.SI.01"
"ETH","Ethiopia",2017,11.29838,"GFDD.SI.01"
"ETH","Ethiopia",2016,8.479112,"GFDD.SI.01"
"ETH","Ethiopia",2015,8.840451,"GFDD.SI.01"
"ETH","Ethiopia",2014,8.62554,"GFDD.SI.01"
"ETH","Ethiopia",2013,10.14572,"GFDD.SI.01"
"ETH","Ethiopia",2012,12.38283,"GFDD.SI.01"
"ETH","Ethiopia",2011,8.953142,"GFDD.SI.01"
"ETH","Ethiopia",2010,10.19397,"GFDD.SI.01"
"FRO","Faroe Islands",2021,NA,"GFDD.SI.01"
"FRO","Faroe Islands",2020,NA,"GFDD.SI.01"
"FRO","Faroe Islands",2019,NA,"GFDD.SI.01"
"FRO","Faroe Islands",2018,NA,"GFDD.SI.01"
"FRO","Faroe Islands",2017,NA,"GFDD.SI.01"
"FRO","Faroe Islands",2016,NA,"GFDD.SI.01"
"FRO","Faroe Islands",2015,NA,"GFDD.SI.01"
"FRO","Faroe Islands",2014,NA,"GFDD.SI.01"
"FRO","Faroe Islands",2013,NA,"GFDD.SI.01"
"FRO","Faroe Islands",2012,NA,"GFDD.SI.01"
"FRO","Faroe Islands",2011,NA,"GFDD.SI.01"
"FRO","Faroe Islands",2010,NA,"GFDD.SI.01"
"FJI","Fiji",2021,33.01206,"GFDD.SI.01"
"FJI","Fiji",2020,28.73934,"GFDD.SI.01"
"FJI","Fiji",2019,31.69231,"GFDD.SI.01"
"FJI","Fiji",2018,28.90173,"GFDD.SI.01"
"FJI","Fiji",2017,27.2409,"GFDD.SI.01"
"FJI","Fiji",2016,27.55059,"GFDD.SI.01"
"FJI","Fiji",2015,26.31531,"GFDD.SI.01"
"FJI","Fiji",2014,NA,"GFDD.SI.01"
"FJI","Fiji",2013,NA,"GFDD.SI.01"
"FJI","Fiji",2012,NA,"GFDD.SI.01"
"FJI","Fiji",2011,NA,"GFDD.SI.01"
"FJI","Fiji",2010,NA,"GFDD.SI.01"
"FIN","Finland",2021,17.11392,"GFDD.SI.01"
"FIN","Finland",2020,17.83522,"GFDD.SI.01"
"FIN","Finland",2019,16.28398,"GFDD.SI.01"
"FIN","Finland",2018,17.20489,"GFDD.SI.01"
"FIN","Finland",2017,13.97095,"GFDD.SI.01"
"FIN","Finland",2016,15.04451,"GFDD.SI.01"
"FIN","Finland",2015,11.05559,"GFDD.SI.01"
"FIN","Finland",2014,9.067446,"GFDD.SI.01"
"FIN","Finland",2013,9.557652,"GFDD.SI.01"
"FIN","Finland",2012,8.522068,"GFDD.SI.01"
"FIN","Finland",2011,8.436144,"GFDD.SI.01"
"FIN","Finland",2010,10.77478,"GFDD.SI.01"
"FRA","France",2021,19.97747,"GFDD.SI.01"
"FRA","France",2020,18.992,"GFDD.SI.01"
"FRA","France",2019,19.79179,"GFDD.SI.01"
"FRA","France",2018,19.20898,"GFDD.SI.01"
"FRA","France",2017,20.00664,"GFDD.SI.01"
"FRA","France",2016,19.79079,"GFDD.SI.01"
"FRA","France",2015,18.60366,"GFDD.SI.01"
"FRA","France",2014,16.62016,"GFDD.SI.01"
"FRA","France",2013,19.35971,"GFDD.SI.01"
"FRA","France",2012,16.91441,"GFDD.SI.01"
"FRA","France",2011,15.13395,"GFDD.SI.01"
"FRA","France",2010,16.63905,"GFDD.SI.01"
"PYF","French Polynesia",2021,NA,"GFDD.SI.01"
"PYF","French Polynesia",2020,NA,"GFDD.SI.01"
"PYF","French Polynesia",2019,NA,"GFDD.SI.01"
"PYF","French Polynesia",2018,NA,"GFDD.SI.01"
"PYF","French Polynesia",2017,NA,"GFDD.SI.01"
"PYF","French Polynesia",2016,NA,"GFDD.SI.01"
"PYF","French Polynesia",2015,NA,"GFDD.SI.01"
"PYF","French Polynesia",2014,NA,"GFDD.SI.01"
"PYF","French Polynesia",2013,NA,"GFDD.SI.01"
"PYF","French Polynesia",2012,NA,"GFDD.SI.01"
"PYF","French Polynesia",2011,NA,"GFDD.SI.01"
"PYF","French Polynesia",2010,NA,"GFDD.SI.01"
"GAB","Gabon",2021,NA,"GFDD.SI.01"
"GAB","Gabon",2020,NA,"GFDD.SI.01"
"GAB","Gabon",2019,16.63204,"GFDD.SI.01"
"GAB","Gabon",2018,16.20967,"GFDD.SI.01"
"GAB","Gabon",2017,15.17335,"GFDD.SI.01"
"GAB","Gabon",2016,15.34644,"GFDD.SI.01"
"GAB","Gabon",2015,12.30445,"GFDD.SI.01"
"GAB","Gabon",2014,14.75315,"GFDD.SI.01"
"GAB","Gabon",2013,21.20304,"GFDD.SI.01"
"GAB","Gabon",2012,17.34224,"GFDD.SI.01"
"GAB","Gabon",2011,19.54315,"GFDD.SI.01"
"GAB","Gabon",2010,11.16093,"GFDD.SI.01"
"GMB","Gambia, The",2021,NA,"GFDD.SI.01"
"GMB","Gambia, The",2020,10.93436,"GFDD.SI.01"
"GMB","Gambia, The",2019,13.33075,"GFDD.SI.01"
"GMB","Gambia, The",2018,14.03069,"GFDD.SI.01"
"GMB","Gambia, The",2017,13.87274,"GFDD.SI.01"
"GMB","Gambia, The",2016,13.95776,"GFDD.SI.01"
"GMB","Gambia, The",2015,13.49336,"GFDD.SI.01"
"GMB","Gambia, The",2014,NA,"GFDD.SI.01"
"GMB","Gambia, The",2013,NA,"GFDD.SI.01"
"GMB","Gambia, The",2012,NA,"GFDD.SI.01"
"GMB","Gambia, The",2011,NA,"GFDD.SI.01"
"GMB","Gambia, The",2010,NA,"GFDD.SI.01"
"GEO","Georgia",2021,7.905212,"GFDD.SI.01"
"GEO","Georgia",2020,6.229876,"GFDD.SI.01"
"GEO","Georgia",2019,7.351558,"GFDD.SI.01"
"GEO","Georgia",2018,7.368607,"GFDD.SI.01"
"GEO","Georgia",2017,7.838501,"GFDD.SI.01"
"GEO","Georgia",2016,7.087701,"GFDD.SI.01"
"GEO","Georgia",2015,7.856631,"GFDD.SI.01"
"GEO","Georgia",2014,10.48764,"GFDD.SI.01"
"GEO","Georgia",2013,10.5402,"GFDD.SI.01"
"GEO","Georgia",2012,9.618122,"GFDD.SI.01"
"GEO","Georgia",2011,7.746837,"GFDD.SI.01"
"GEO","Georgia",2010,9.136015,"GFDD.SI.01"
"DEU","Germany",2021,16.04881,"GFDD.SI.01"
"DEU","Germany",2020,15.46659,"GFDD.SI.01"
"DEU","Germany",2019,16.76535,"GFDD.SI.01"
"DEU","Germany",2018,22.48842,"GFDD.SI.01"
"DEU","Germany",2017,18.60744,"GFDD.SI.01"
"DEU","Germany",2016,16.76427,"GFDD.SI.01"
"DEU","Germany",2015,16.08827,"GFDD.SI.01"
"DEU","Germany",2014,16.60348,"GFDD.SI.01"
"DEU","Germany",2013,15.58472,"GFDD.SI.01"
"DEU","Germany",2012,12.77894,"GFDD.SI.01"
"DEU","Germany",2011,11.49593,"GFDD.SI.01"
"DEU","Germany",2010,12.41928,"GFDD.SI.01"
"GHA","Ghana",2021,13.92242,"GFDD.SI.01"
"GHA","Ghana",2020,14.15553,"GFDD.SI.01"
"GHA","Ghana",2019,14.12575,"GFDD.SI.01"
"GHA","Ghana",2018,13.92056,"GFDD.SI.01"
"GHA","Ghana",2017,13.94477,"GFDD.SI.01"
"GHA","Ghana",2016,12.63036,"GFDD.SI.01"
"GHA","Ghana",2015,13.37064,"GFDD.SI.01"
"GHA","Ghana",2014,13.386,"GFDD.SI.01"
"GHA","Ghana",2013,14.68872,"GFDD.SI.01"
"GHA","Ghana",2012,13.40157,"GFDD.SI.01"
"GHA","Ghana",2011,11.809,"GFDD.SI.01"
"GHA","Ghana",2010,12.12848,"GFDD.SI.01"
"GIB","Gibraltar",2021,NA,"GFDD.SI.01"
"GIB","Gibraltar",2020,NA,"GFDD.SI.01"
"GIB","Gibraltar",2019,NA,"GFDD.SI.01"
"GIB","Gibraltar",2018,NA,"GFDD.SI.01"
"GIB","Gibraltar",2017,NA,"GFDD.SI.01"
"GIB","Gibraltar",2016,NA,"GFDD.SI.01"
"GIB","Gibraltar",2015,NA,"GFDD.SI.01"
"GIB","Gibraltar",2014,NA,"GFDD.SI.01"
"GIB","Gibraltar",2013,NA,"GFDD.SI.01"
"GIB","Gibraltar",2012,NA,"GFDD.SI.01"
"GIB","Gibraltar",2011,NA,"GFDD.SI.01"
"GIB","Gibraltar",2010,NA,"GFDD.SI.01"
"GRC","Greece",2021,6.641998,"GFDD.SI.01"
"GRC","Greece",2020,7.356091,"GFDD.SI.01"
"GRC","Greece",2019,7.77626,"GFDD.SI.01"
"GRC","Greece",2018,7.744936,"GFDD.SI.01"
"GRC","Greece",2017,9.335051,"GFDD.SI.01"
"GRC","Greece",2016,7.967101,"GFDD.SI.01"
"GRC","Greece",2015,5.945258,"GFDD.SI.01"
"GRC","Greece",2014,5.429644,"GFDD.SI.01"
"GRC","Greece",2013,7.468579,"GFDD.SI.01"
"GRC","Greece",2012,2.27715,"GFDD.SI.01"
"GRC","Greece",2011,-0.1872253,"GFDD.SI.01"
"GRC","Greece",2010,3.888523,"GFDD.SI.01"
"GRL","Greenland",2021,NA,"GFDD.SI.01"
"GRL","Greenland",2020,NA,"GFDD.SI.01"
"GRL","Greenland",2019,NA,"GFDD.SI.01"
"GRL","Greenland",2018,NA,"GFDD.SI.01"
"GRL","Greenland",2017,NA,"GFDD.SI.01"
"GRL","Greenland",2016,NA,"GFDD.SI.01"
"GRL","Greenland",2015,NA,"GFDD.SI.01"
"GRL","Greenland",2014,NA,"GFDD.SI.01"
"GRL","Greenland",2013,NA,"GFDD.SI.01"
"GRL","Greenland",2012,NA,"GFDD.SI.01"
"GRL","Greenland",2011,NA,"GFDD.SI.01"
"GRL","Greenland",2010,NA,"GFDD.SI.01"
"GRD","Grenada",2021,NA,"GFDD.SI.01"
"GRD","Grenada",2020,NA,"GFDD.SI.01"
"GRD","Grenada",2019,NA,"GFDD.SI.01"
"GRD","Grenada",2018,NA,"GFDD.SI.01"
"GRD","Grenada",2017,NA,"GFDD.SI.01"
"GRD","Grenada",2016,NA,"GFDD.SI.01"
"GRD","Grenada",2015,NA,"GFDD.SI.01"
"GRD","Grenada",2014,NA,"GFDD.SI.01"
"GRD","Grenada",2013,NA,"GFDD.SI.01"
"GRD","Grenada",2012,NA,"GFDD.SI.01"
"GRD","Grenada",2011,NA,"GFDD.SI.01"
"GRD","Grenada",2010,NA,"GFDD.SI.01"
"GUM","Guam",2021,NA,"GFDD.SI.01"
"GUM","Guam",2020,NA,"GFDD.SI.01"
"GUM","Guam",2019,NA,"GFDD.SI.01"
"GUM","Guam",2018,NA,"GFDD.SI.01"
"GUM","Guam",2017,NA,"GFDD.SI.01"
"GUM","Guam",2016,NA,"GFDD.SI.01"
"GUM","Guam",2015,NA,"GFDD.SI.01"
"GUM","Guam",2014,NA,"GFDD.SI.01"
"GUM","Guam",2013,NA,"GFDD.SI.01"
"GUM","Guam",2012,NA,"GFDD.SI.01"
"GUM","Guam",2011,NA,"GFDD.SI.01"
"GUM","Guam",2010,NA,"GFDD.SI.01"
"GTM","Guatemala",2021,30.71606,"GFDD.SI.01"
"GTM","Guatemala",2020,29.76083,"GFDD.SI.01"
"GTM","Guatemala",2019,31.63215,"GFDD.SI.01"
"GTM","Guatemala",2018,30.28761,"GFDD.SI.01"
"GTM","Guatemala",2017,30.12516,"GFDD.SI.01"
"GTM","Guatemala",2016,29.15103,"GFDD.SI.01"
"GTM","Guatemala",2015,30.32703,"GFDD.SI.01"
"GTM","Guatemala",2014,30.54368,"GFDD.SI.01"
"GTM","Guatemala",2013,30.36126,"GFDD.SI.01"
"GTM","Guatemala",2012,29.66189,"GFDD.SI.01"
"GTM","Guatemala",2011,30.51082,"GFDD.SI.01"
"GTM","Guatemala",2010,31.0119,"GFDD.SI.01"
"GIN","Guinea",2021,NA,"GFDD.SI.01"
"GIN","Guinea",2020,25.43583,"GFDD.SI.01"
"GIN","Guinea",2019,26.6458,"GFDD.SI.01"
"GIN","Guinea",2018,26.72409,"GFDD.SI.01"
"GIN","Guinea",2017,27.94649,"GFDD.SI.01"
"GIN","Guinea",2016,27.55684,"GFDD.SI.01"
"GIN","Guinea",2015,23.25316,"GFDD.SI.01"
"GIN","Guinea",2014,NA,"GFDD.SI.01"
"GIN","Guinea",2013,24.32562,"GFDD.SI.01"
"GIN","Guinea",2012,23.34181,"GFDD.SI.01"
"GIN","Guinea",2011,19.92868,"GFDD.SI.01"
"GIN","Guinea",2010,14.88611,"GFDD.SI.01"
"GNB","Guinea-Bissau",2021,NA,"GFDD.SI.01"
"GNB","Guinea-Bissau",2020,NA,"GFDD.SI.01"
"GNB","Guinea-Bissau",2019,NA,"GFDD.SI.01"
"GNB","Guinea-Bissau",2018,NA,"GFDD.SI.01"
"GNB","Guinea-Bissau",2017,NA,"GFDD.SI.01"
"GNB","Guinea-Bissau",2016,NA,"GFDD.SI.01"
"GNB","Guinea-Bissau",2015,NA,"GFDD.SI.01"
"GNB","Guinea-Bissau",2014,NA,"GFDD.SI.01"
"GNB","Guinea-Bissau",2013,NA,"GFDD.SI.01"
"GNB","Guinea-Bissau",2012,NA,"GFDD.SI.01"
"GNB","Guinea-Bissau",2011,NA,"GFDD.SI.01"
"GNB","Guinea-Bissau",2010,NA,"GFDD.SI.01"
"GUY","Guyana",2021,26.12195,"GFDD.SI.01"
"GUY","Guyana",2020,27.29902,"GFDD.SI.01"
"GUY","Guyana",2019,29.48428,"GFDD.SI.01"
"GUY","Guyana",2018,29.90983,"GFDD.SI.01"
"GUY","Guyana",2017,29.58506,"GFDD.SI.01"
"GUY","Guyana",2016,27.6426,"GFDD.SI.01"
"GUY","Guyana",2015,28.44514,"GFDD.SI.01"
"GUY","Guyana",2014,23.95271,"GFDD.SI.01"
"GUY","Guyana",2013,21.45928,"GFDD.SI.01"
"GUY","Guyana",2012,21.20683,"GFDD.SI.01"
"GUY","Guyana",2011,20.56034,"GFDD.SI.01"
"GUY","Guyana",2010,20.90873,"GFDD.SI.01"
"HTI","Haiti",2021,11.54701,"GFDD.SI.01"
"HTI","Haiti",2020,13.172,"GFDD.SI.01"
"HTI","Haiti",2019,12.23497,"GFDD.SI.01"
"HTI","Haiti",2018,12.95728,"GFDD.SI.01"
"HTI","Haiti",2017,16.87527,"GFDD.SI.01"
"HTI","Haiti",2016,14.86317,"GFDD.SI.01"
"HTI","Haiti",2015,11.69901,"GFDD.SI.01"
"HTI","Haiti",2014,12.30199,"GFDD.SI.01"
"HTI","Haiti",2013,12.03902,"GFDD.SI.01"
"HTI","Haiti",2012,11.10097,"GFDD.SI.01"
"HTI","Haiti",2011,10.98901,"GFDD.SI.01"
"HTI","Haiti",2010,9.960195,"GFDD.SI.01"
"HND","Honduras",2021,28.60143,"GFDD.SI.01"
"HND","Honduras",2020,27.60089,"GFDD.SI.01"
"HND","Honduras",2019,31.60967,"GFDD.SI.01"
"HND","Honduras",2018,31.68338,"GFDD.SI.01"
"HND","Honduras",2017,32.48211,"GFDD.SI.01"
"HND","Honduras",2016,34.15448,"GFDD.SI.01"
"HND","Honduras",2015,33.64914,"GFDD.SI.01"
"HND","Honduras",2014,28.98955,"GFDD.SI.01"
"HND","Honduras",2013,28.76967,"GFDD.SI.01"
"HND","Honduras",2012,29.45166,"GFDD.SI.01"
"HND","Honduras",2011,29.84337,"GFDD.SI.01"
"HND","Honduras",2010,31.16599,"GFDD.SI.01"
"HKG","Hong Kong SAR, China",2021,19.74722,"GFDD.SI.01"
"HKG","Hong Kong SAR, China",2020,20.07034,"GFDD.SI.01"
"HKG","Hong Kong SAR, China",2019,20.99495,"GFDD.SI.01"
"HKG","Hong Kong SAR, China",2018,20.58956,"GFDD.SI.01"
"HKG","Hong Kong SAR, China",2017,20.23917,"GFDD.SI.01"
"HKG","Hong Kong SAR, China",2016,19.90074,"GFDD.SI.01"
"HKG","Hong Kong SAR, China",2015,21.06087,"GFDD.SI.01"
"HKG","Hong Kong SAR, China",2014,18.38844,"GFDD.SI.01"
"HKG","Hong Kong SAR, China",2013,18.59706,"GFDD.SI.01"
"HKG","Hong Kong SAR, China",2012,15.40095,"GFDD.SI.01"
"HKG","Hong Kong SAR, China",2011,14.6562,"GFDD.SI.01"
"HKG","Hong Kong SAR, China",2010,15.10732,"GFDD.SI.01"
"HUN","Hungary",2021,7.074254,"GFDD.SI.01"
"HUN","Hungary",2020,7.338471,"GFDD.SI.01"
"HUN","Hungary",2019,9.339087,"GFDD.SI.01"
"HUN","Hungary",2018,9.478704,"GFDD.SI.01"
"HUN","Hungary",2017,9.697723,"GFDD.SI.01"
"HUN","Hungary",2016,9.585453,"GFDD.SI.01"
"HUN","Hungary",2015,8.316404,"GFDD.SI.01"
"HUN","Hungary",2014,6.695463,"GFDD.SI.01"
"HUN","Hungary",2013,8.120221,"GFDD.SI.01"
"HUN","Hungary",2012,7.459937,"GFDD.SI.01"
"HUN","Hungary",2011,5.913123,"GFDD.SI.01"
"HUN","Hungary",2010,6.409255,"GFDD.SI.01"
"ISL","Iceland",2021,1.276241,"GFDD.SI.01"
"ISL","Iceland",2020,1.22992,"GFDD.SI.01"
"ISL","Iceland",2019,1.302398,"GFDD.SI.01"
"ISL","Iceland",2018,1.348341,"GFDD.SI.01"
"ISL","Iceland",2017,1.555702,"GFDD.SI.01"
"ISL","Iceland",2016,1.665123,"GFDD.SI.01"
"ISL","Iceland",2015,5.466418,"GFDD.SI.01"
"ISL","Iceland",2014,1.604244,"GFDD.SI.01"
"ISL","Iceland",2013,1.44737,"GFDD.SI.01"
"ISL","Iceland",2012,1.373734,"GFDD.SI.01"
"ISL","Iceland",2011,1.108705,"GFDD.SI.01"
"ISL","Iceland",2010,1.364644,"GFDD.SI.01"
"IND","India",2021,19.43808,"GFDD.SI.01"
"IND","India",2020,19.00172,"GFDD.SI.01"
"IND","India",2019,17.56805,"GFDD.SI.01"
"IND","India",2018,16.4891,"GFDD.SI.01"
"IND","India",2017,15.45114,"GFDD.SI.01"
"IND","India",2016,17.14082,"GFDD.SI.01"
"IND","India",2015,16.17971,"GFDD.SI.01"
"IND","India",2014,16.44565,"GFDD.SI.01"
"IND","India",2013,17.16692,"GFDD.SI.01"
"IND","India",2012,17.02201,"GFDD.SI.01"
"IND","India",2011,16.88878,"GFDD.SI.01"
"IND","India",2010,17.18352,"GFDD.SI.01"
"IDN","Indonesia",2021,5.274584,"GFDD.SI.01"
"IDN","Indonesia",2020,4.944037,"GFDD.SI.01"
"IDN","Indonesia",2019,5.495973,"GFDD.SI.01"
"IDN","Indonesia",2018,5.272263,"GFDD.SI.01"
"IDN","Indonesia",2017,5.249229,"GFDD.SI.01"
"IDN","Indonesia",2016,5.101857,"GFDD.SI.01"
"IDN","Indonesia",2015,4.737085,"GFDD.SI.01"
"IDN","Indonesia",2014,4.607392,"GFDD.SI.01"
"IDN","Indonesia",2013,4.511139,"GFDD.SI.01"
"IDN","Indonesia",2012,4.466622,"GFDD.SI.01"
"IDN","Indonesia",2011,4.370431,"GFDD.SI.01"
"IDN","Indonesia",2010,4.097018,"GFDD.SI.01"
"IRN","Iran, Islamic Rep.",2021,NA,"GFDD.SI.01"
"IRN","Iran, Islamic Rep.",2020,NA,"GFDD.SI.01"
"IRN","Iran, Islamic Rep.",2019,NA,"GFDD.SI.01"
"IRN","Iran, Islamic Rep.",2018,NA,"GFDD.SI.01"
"IRN","Iran, Islamic Rep.",2017,NA,"GFDD.SI.01"
"IRN","Iran, Islamic Rep.",2016,NA,"GFDD.SI.01"
"IRN","Iran, Islamic Rep.",2015,NA,"GFDD.SI.01"
"IRN","Iran, Islamic Rep.",2014,NA,"GFDD.SI.01"
"IRN","Iran, Islamic Rep.",2013,NA,"GFDD.SI.01"
"IRN","Iran, Islamic Rep.",2012,NA,"GFDD.SI.01"
"IRN","Iran, Islamic Rep.",2011,NA,"GFDD.SI.01"
"IRN","Iran, Islamic Rep.",2010,NA,"GFDD.SI.01"
"IRQ","Iraq",2021,37.25005,"GFDD.SI.01"
"IRQ","Iraq",2020,13.96709,"GFDD.SI.01"
"IRQ","Iraq",2019,15.62685,"GFDD.SI.01"
"IRQ","Iraq",2018,17.83978,"GFDD.SI.01"
"IRQ","Iraq",2017,19.81134,"GFDD.SI.01"
"IRQ","Iraq",2016,19.44309,"GFDD.SI.01"
"IRQ","Iraq",2015,15.28461,"GFDD.SI.01"
"IRQ","Iraq",2014,24.77637,"GFDD.SI.01"
"IRQ","Iraq",2013,24.16522,"GFDD.SI.01"
"IRQ","Iraq",2012,19.23451,"GFDD.SI.01"
"IRQ","Iraq",2011,22.42129,"GFDD.SI.01"
"IRQ","Iraq",2010,17.04441,"GFDD.SI.01"
"IRL","Ireland",2021,10.9863,"GFDD.SI.01"
"IRL","Ireland",2020,11.42363,"GFDD.SI.01"
"IRL","Ireland",2019,15.26282,"GFDD.SI.01"
"IRL","Ireland",2018,15.39093,"GFDD.SI.01"
"IRL","Ireland",2017,14.6578,"GFDD.SI.01"
"IRL","Ireland",2016,14.43176,"GFDD.SI.01"
"IRL","Ireland",2015,16.06367,"GFDD.SI.01"
"IRL","Ireland",2014,10.70941,"GFDD.SI.01"
"IRL","Ireland",2013,6.858834,"GFDD.SI.01"
"IRL","Ireland",2012,6.780249,"GFDD.SI.01"
"IRL","Ireland",2011,5.305152,"GFDD.SI.01"
"IRL","Ireland",2010,0.0173334,"GFDD.SI.01"
"IMN","Isle of Man",2021,NA,"GFDD.SI.01"
"IMN","Isle of Man",2020,NA,"GFDD.SI.01"
"IMN","Isle of Man",2019,NA,"GFDD.SI.01"
"IMN","Isle of Man",2018,NA,"GFDD.SI.01"
"IMN","Isle of Man",2017,NA,"GFDD.SI.01"
"IMN","Isle of Man",2016,NA,"GFDD.SI.01"
"IMN","Isle of Man",2015,NA,"GFDD.SI.01"
"IMN","Isle of Man",2014,NA,"GFDD.SI.01"
"IMN","Isle of Man",2013,NA,"GFDD.SI.01"
"IMN","Isle of Man",2012,NA,"GFDD.SI.01"
"IMN","Isle of Man",2011,NA,"GFDD.SI.01"
"IMN","Isle of Man",2010,NA,"GFDD.SI.01"
"ISR","Israel",2021,29.30272,"GFDD.SI.01"
"ISR","Israel",2020,28.46502,"GFDD.SI.01"
"ISR","Israel",2019,32.36272,"GFDD.SI.01"
"ISR","Israel",2018,32.04547,"GFDD.SI.01"
"ISR","Israel",2017,31.23741,"GFDD.SI.01"
"ISR","Israel",2016,30.28489,"GFDD.SI.01"
"ISR","Israel",2015,29.72975,"GFDD.SI.01"
"ISR","Israel",2014,31.43754,"GFDD.SI.01"
"ISR","Israel",2013,32.07264,"GFDD.SI.01"
"ISR","Israel",2012,31.12056,"GFDD.SI.01"
"ISR","Israel",2011,29.23821,"GFDD.SI.01"
"ISR","Israel",2010,31.0246,"GFDD.SI.01"
"ITA","Italy",2021,13.16945,"GFDD.SI.01"
"ITA","Italy",2020,11.82571,"GFDD.SI.01"
"ITA","Italy",2019,13.60503,"GFDD.SI.01"
"ITA","Italy",2018,14.28886,"GFDD.SI.01"
"ITA","Italy",2017,15.72168,"GFDD.SI.01"
"ITA","Italy",2016,11.89046,"GFDD.SI.01"
"ITA","Italy",2015,14.51827,"GFDD.SI.01"
"ITA","Italy",2014,12.98474,"GFDD.SI.01"
"ITA","Italy",2013,10.923,"GFDD.SI.01"
"ITA","Italy",2012,13.69699,"GFDD.SI.01"
"ITA","Italy",2011,12.07697,"GFDD.SI.01"
"ITA","Italy",2010,16.3626,"GFDD.SI.01"
"JAM","Jamaica",2021,15.47712,"GFDD.SI.01"
"JAM","Jamaica",2020,17.06366,"GFDD.SI.01"
"JAM","Jamaica",2019,18.18927,"GFDD.SI.01"
"JAM","Jamaica",2018,17.92842,"GFDD.SI.01"
"JAM","Jamaica",2017,17.78896,"GFDD.SI.01"
"JAM","Jamaica",2016,18.98878,"GFDD.SI.01"
"JAM","Jamaica",2015,20.69767,"GFDD.SI.01"
"JAM","Jamaica",2014,18.18909,"GFDD.SI.01"
"JAM","Jamaica",2013,17.7556,"GFDD.SI.01"
"JAM","Jamaica",2012,19.91226,"GFDD.SI.01"
"JAM","Jamaica",2011,24.82473,"GFDD.SI.01"
"JAM","Jamaica",2010,18.52735,"GFDD.SI.01"
"JPN","Japan",2021,12.85732,"GFDD.SI.01"
"JPN","Japan",2020,14.28424,"GFDD.SI.01"
"JPN","Japan",2019,14.27734,"GFDD.SI.01"
"JPN","Japan",2018,16.26689,"GFDD.SI.01"
"JPN","Japan",2017,16.95478,"GFDD.SI.01"
"JPN","Japan",2016,16.86931,"GFDD.SI.01"
"JPN","Japan",2015,17.35316,"GFDD.SI.01"
"JPN","Japan",2014,17.33325,"GFDD.SI.01"
"JPN","Japan",2013,17.22339,"GFDD.SI.01"
"JPN","Japan",2012,16.07545,"GFDD.SI.01"
"JPN","Japan",2011,15.69216,"GFDD.SI.01"
"JPN","Japan",2010,15.36315,"GFDD.SI.01"
"JOR","Jordan",2021,50.10564,"GFDD.SI.01"
"JOR","Jordan",2020,50.48962,"GFDD.SI.01"
"JOR","Jordan",2019,54.2682,"GFDD.SI.01"
"JOR","Jordan",2018,55.21555,"GFDD.SI.01"
"JOR","Jordan",2017,55.93142,"GFDD.SI.01"
"JOR","Jordan",2016,56.04966,"GFDD.SI.01"
"JOR","Jordan",2015,54.55595,"GFDD.SI.01"
"JOR","Jordan",2014,55.66782,"GFDD.SI.01"
"JOR","Jordan",2013,62.43721,"GFDD.SI.01"
"JOR","Jordan",2012,61.39158,"GFDD.SI.01"
"JOR","Jordan",2011,60.349,"GFDD.SI.01"
"JOR","Jordan",2010,60.39407,"GFDD.SI.01"
"KAZ","Kazakhstan",2021,2.950683,"GFDD.SI.01"
"KAZ","Kazakhstan",2020,2.811964,"GFDD.SI.01"
"KAZ","Kazakhstan",2019,3.061974,"GFDD.SI.01"
"KAZ","Kazakhstan",2018,2.589877,"GFDD.SI.01"
"KAZ","Kazakhstan",2017,2.127621,"GFDD.SI.01"
"KAZ","Kazakhstan",2016,2.061025,"GFDD.SI.01"
"KAZ","Kazakhstan",2015,2.022221,"GFDD.SI.01"
"KAZ","Kazakhstan",2014,2.330827,"GFDD.SI.01"
"KAZ","Kazakhstan",2013,2.447769,"GFDD.SI.01"
"KAZ","Kazakhstan",2012,2.888314,"GFDD.SI.01"
"KAZ","Kazakhstan",2011,2.477125,"GFDD.SI.01"
"KAZ","Kazakhstan",2010,7.133468,"GFDD.SI.01"
"KEN","Kenya",2021,23.23094,"GFDD.SI.01"
"KEN","Kenya",2020,21.51275,"GFDD.SI.01"
"KEN","Kenya",2019,24.18792,"GFDD.SI.01"
"KEN","Kenya",2018,23.96219,"GFDD.SI.01"
"KEN","Kenya",2017,24.62016,"GFDD.SI.01"
"KEN","Kenya",2016,23.69231,"GFDD.SI.01"
"KEN","Kenya",2015,21.19606,"GFDD.SI.01"
"KEN","Kenya",2014,25.37654,"GFDD.SI.01"
"KEN","Kenya",2013,22.99755,"GFDD.SI.01"
"KEN","Kenya",2012,22.17769,"GFDD.SI.01"
"KEN","Kenya",2011,20.42355,"GFDD.SI.01"
"KEN","Kenya",2010,23.05273,"GFDD.SI.01"
"KIR","Kiribati",2021,NA,"GFDD.SI.01"
"KIR","Kiribati",2020,NA,"GFDD.SI.01"
"KIR","Kiribati",2019,NA,"GFDD.SI.01"
"KIR","Kiribati",2018,NA,"GFDD.SI.01"
"KIR","Kiribati",2017,NA,"GFDD.SI.01"
"KIR","Kiribati",2016,NA,"GFDD.SI.01"
"KIR","Kiribati",2015,NA,"GFDD.SI.01"
"KIR","Kiribati",2014,NA,"GFDD.SI.01"
"KIR","Kiribati",2013,NA,"GFDD.SI.01"
"KIR","Kiribati",2012,NA,"GFDD.SI.01"
"KIR","Kiribati",2011,NA,"GFDD.SI.01"
"KIR","Kiribati",2010,NA,"GFDD.SI.01"
"PRK","Korea, Dem. Rep.",2021,NA,"GFDD.SI.01"
"PRK","Korea, Dem. Rep.",2020,NA,"GFDD.SI.01"
"PRK","Korea, Dem. Rep.",2019,NA,"GFDD.SI.01"
"PRK","Korea, Dem. Rep.",2018,NA,"GFDD.SI.01"
"PRK","Korea, Dem. Rep.",2017,NA,"GFDD.SI.01"
"PRK","Korea, Dem. Rep.",2016,NA,"GFDD.SI.01"
"PRK","Korea, Dem. Rep.",2015,NA,"GFDD.SI.01"
"PRK","Korea, Dem. Rep.",2014,NA,"GFDD.SI.01"
"PRK","Korea, Dem. Rep.",2013,NA,"GFDD.SI.01"
"PRK","Korea, Dem. Rep.",2012,NA,"GFDD.SI.01"
"PRK","Korea, Dem. Rep.",2011,NA,"GFDD.SI.01"
"PRK","Korea, Dem. Rep.",2010,NA,"GFDD.SI.01"
"KOR","Korea, Rep.",2021,10.19327,"GFDD.SI.01"
"KOR","Korea, Rep.",2020,10.48836,"GFDD.SI.01"
"KOR","Korea, Rep.",2019,11.27304,"GFDD.SI.01"
"KOR","Korea, Rep.",2018,11.44263,"GFDD.SI.01"
"KOR","Korea, Rep.",2017,11.6591,"GFDD.SI.01"
"KOR","Korea, Rep.",2016,11.16038,"GFDD.SI.01"
"KOR","Korea, Rep.",2015,10.98631,"GFDD.SI.01"
"KOR","Korea, Rep.",2014,11.51376,"GFDD.SI.01"
"KOR","Korea, Rep.",2013,11.80614,"GFDD.SI.01"
"KOR","Korea, Rep.",2012,11.91095,"GFDD.SI.01"
"KOR","Korea, Rep.",2011,12.09469,"GFDD.SI.01"
"KOR","Korea, Rep.",2010,12.1465,"GFDD.SI.01"
"XKX","Kosovo",2021,NA,"GFDD.SI.01"
"XKX","Kosovo",2020,NA,"GFDD.SI.01"
"XKX","Kosovo",2019,NA,"GFDD.SI.01"
"XKX","Kosovo",2018,NA,"GFDD.SI.01"
"XKX","Kosovo",2017,NA,"GFDD.SI.01"
"XKX","Kosovo",2016,NA,"GFDD.SI.01"
"XKX","Kosovo",2015,NA,"GFDD.SI.01"
"XKX","Kosovo",2014,NA,"GFDD.SI.01"
"XKX","Kosovo",2013,NA,"GFDD.SI.01"
"XKX","Kosovo",2012,NA,"GFDD.SI.01"
"XKX","Kosovo",2011,NA,"GFDD.SI.01"
"XKX","Kosovo",2010,NA,"GFDD.SI.01"
"KWT","Kuwait",2021,16.57787,"GFDD.SI.01"
"KWT","Kuwait",2020,16.10375,"GFDD.SI.01"
"KWT","Kuwait",2019,17.63516,"GFDD.SI.01"
"KWT","Kuwait",2018,17.17954,"GFDD.SI.01"
"KWT","Kuwait",2017,16.65886,"GFDD.SI.01"
"KWT","Kuwait",2016,16.71043,"GFDD.SI.01"
"KWT","Kuwait",2015,16.55494,"GFDD.SI.01"
"KWT","Kuwait",2014,15.78601,"GFDD.SI.01"
"KWT","Kuwait",2013,16.96409,"GFDD.SI.01"
"KWT","Kuwait",2012,18.24903,"GFDD.SI.01"
"KWT","Kuwait",2011,18.887,"GFDD.SI.01"
"KWT","Kuwait",2010,18.97585,"GFDD.SI.01"
"KGZ","Kyrgyz Republic",2021,14.62098,"GFDD.SI.01"
"KGZ","Kyrgyz Republic",2020,16.39312,"GFDD.SI.01"
"KGZ","Kyrgyz Republic",2019,16.8391,"GFDD.SI.01"
"KGZ","Kyrgyz Republic",2018,15.92686,"GFDD.SI.01"
"KGZ","Kyrgyz Republic",2017,16.07154,"GFDD.SI.01"
"KGZ","Kyrgyz Republic",2016,15.35707,"GFDD.SI.01"
"KGZ","Kyrgyz Republic",2015,14.13635,"GFDD.SI.01"
"KGZ","Kyrgyz Republic",2014,14.94015,"GFDD.SI.01"
"KGZ","Kyrgyz Republic",2013,16.64027,"GFDD.SI.01"
"KGZ","Kyrgyz Republic",2012,17.91123,"GFDD.SI.01"
"KGZ","Kyrgyz Republic",2011,18.99195,"GFDD.SI.01"
"KGZ","Kyrgyz Republic",2010,16.40867,"GFDD.SI.01"
"LAO","Lao PDR",2021,19.47947,"GFDD.SI.01"
"LAO","Lao PDR",2020,9.840033,"GFDD.SI.01"
"LAO","Lao PDR",2019,10.80275,"GFDD.SI.01"
"LAO","Lao PDR",2018,12.10984,"GFDD.SI.01"
"LAO","Lao PDR",2017,11.69519,"GFDD.SI.01"
"LAO","Lao PDR",2016,9.661771,"GFDD.SI.01"
"LAO","Lao PDR",2015,11.45338,"GFDD.SI.01"
"LAO","Lao PDR",2014,12.22057,"GFDD.SI.01"
"LAO","Lao PDR",2013,15.68997,"GFDD.SI.01"
"LAO","Lao PDR",2012,11.36226,"GFDD.SI.01"
"LAO","Lao PDR",2011,8.428925,"GFDD.SI.01"
"LAO","Lao PDR",2010,NA,"GFDD.SI.01"
"LVA","Latvia",2021,7.114153,"GFDD.SI.01"
"LVA","Latvia",2020,6.765033,"GFDD.SI.01"
"LVA","Latvia",2019,7.930617,"GFDD.SI.01"
"LVA","Latvia",2018,8.351654,"GFDD.SI.01"
"LVA","Latvia",2017,7.095502,"GFDD.SI.01"
"LVA","Latvia",2016,8.138029,"GFDD.SI.01"
"LVA","Latvia",2015,8.277837,"GFDD.SI.01"
"LVA","Latvia",2014,7.384685,"GFDD.SI.01"
"LVA","Latvia",2013,7.21825,"GFDD.SI.01"
"LVA","Latvia",2012,6.852037,"GFDD.SI.01"
"LVA","Latvia",2011,6.085433,"GFDD.SI.01"
"LVA","Latvia",2010,4.127305,"GFDD.SI.01"
"LBN","Lebanon",2021,20.1897,"GFDD.SI.01"
"LBN","Lebanon",2020,17.7362,"GFDD.SI.01"
"LBN","Lebanon",2019,14.52089,"GFDD.SI.01"
"LBN","Lebanon",2018,18.79907,"GFDD.SI.01"
"LBN","Lebanon",2017,20.47074,"GFDD.SI.01"
"LBN","Lebanon",2016,20.62111,"GFDD.SI.01"
"LBN","Lebanon",2015,20.47624,"GFDD.SI.01"
"LBN","Lebanon",2014,19.9906,"GFDD.SI.01"
"LBN","Lebanon",2013,19.7054,"GFDD.SI.01"
"LBN","Lebanon",2012,20.166,"GFDD.SI.01"
"LBN","Lebanon",2011,18.57228,"GFDD.SI.01"
"LBN","Lebanon",2010,20.7356,"GFDD.SI.01"
"LSO","Lesotho",2021,16.92211,"GFDD.SI.01"
"LSO","Lesotho",2020,20.19481,"GFDD.SI.01"
"LSO","Lesotho",2019,22.37866,"GFDD.SI.01"
"LSO","Lesotho",2018,19.59272,"GFDD.SI.01"
"LSO","Lesotho",2017,20.05368,"GFDD.SI.01"
"LSO","Lesotho",2016,21.73222,"GFDD.SI.01"
"LSO","Lesotho",2015,17.66736,"GFDD.SI.01"
"LSO","Lesotho",2014,18.02627,"GFDD.SI.01"
"LSO","Lesotho",2013,17.15207,"GFDD.SI.01"
"LSO","Lesotho",2012,18.7845,"GFDD.SI.01"
"LSO","Lesotho",2011,16.24013,"GFDD.SI.01"
"LSO","Lesotho",2010,15.42929,"GFDD.SI.01"
"LBR","Liberia",2021,9.723547,"GFDD.SI.01"
"LBR","Liberia",2020,6.244452,"GFDD.SI.01"
"LBR","Liberia",2019,9.998554,"GFDD.SI.01"
"LBR","Liberia",2018,9.941512,"GFDD.SI.01"
"LBR","Liberia",2017,7.988188,"GFDD.SI.01"
"LBR","Liberia",2016,8.177073,"GFDD.SI.01"
"LBR","Liberia",2015,6.730481,"GFDD.SI.01"
"LBR","Liberia",2014,NA,"GFDD.SI.01"
"LBR","Liberia",2013,NA,"GFDD.SI.01"
"LBR","Liberia",2012,NA,"GFDD.SI.01"
"LBR","Liberia",2011,NA,"GFDD.SI.01"
"LBR","Liberia",2010,NA,"GFDD.SI.01"
"LBY","Libya",2021,NA,"GFDD.SI.01"
"LBY","Libya",2020,32.0531,"GFDD.SI.01"
"LBY","Libya",2019,26.63289,"GFDD.SI.01"
"LBY","Libya",2018,24.68672,"GFDD.SI.01"
"LBY","Libya",2017,21.22112,"GFDD.SI.01"
"LBY","Libya",2016,19.04932,"GFDD.SI.01"
"LBY","Libya",2015,24.39205,"GFDD.SI.01"
"LBY","Libya",2014,33.48941,"GFDD.SI.01"
"LBY","Libya",2013,43.78758,"GFDD.SI.01"
"LBY","Libya",2012,49.8479,"GFDD.SI.01"
"LBY","Libya",2011,66.63377,"GFDD.SI.01"
"LBY","Libya",2010,51.32356,"GFDD.SI.01"
"LIE","Liechtenstein",2021,NA,"GFDD.SI.01"
"LIE","Liechtenstein",2020,NA,"GFDD.SI.01"
"LIE","Liechtenstein",2019,NA,"GFDD.SI.01"
"LIE","Liechtenstein",2018,NA,"GFDD.SI.01"
"LIE","Liechtenstein",2017,NA,"GFDD.SI.01"
"LIE","Liechtenstein",2016,NA,"GFDD.SI.01"
"LIE","Liechtenstein",2015,NA,"GFDD.SI.01"
"LIE","Liechtenstein",2014,NA,"GFDD.SI.01"
"LIE","Liechtenstein",2013,NA,"GFDD.SI.01"
"LIE","Liechtenstein",2012,NA,"GFDD.SI.01"
"LIE","Liechtenstein",2011,NA,"GFDD.SI.01"
"LIE","Liechtenstein",2010,NA,"GFDD.SI.01"
"LTU","Lithuania",2021,5.122434,"GFDD.SI.01"
"LTU","Lithuania",2020,5.52647,"GFDD.SI.01"
"LTU","Lithuania",2019,6.270332,"GFDD.SI.01"
"LTU","Lithuania",2018,6.853796,"GFDD.SI.01"
"LTU","Lithuania",2017,6.807589,"GFDD.SI.01"
"LTU","Lithuania",2016,7.18599,"GFDD.SI.01"
"LTU","Lithuania",2015,8.752463,"GFDD.SI.01"
"LTU","Lithuania",2014,7.878546,"GFDD.SI.01"
"LTU","Lithuania",2013,8.231067,"GFDD.SI.01"
"LTU","Lithuania",2012,7.503041,"GFDD.SI.01"
"LTU","Lithuania",2011,7.235579,"GFDD.SI.01"
"LTU","Lithuania",2010,4.874434,"GFDD.SI.01"
"LUX","Luxembourg",2021,51.66831,"GFDD.SI.01"
"LUX","Luxembourg",2020,54.36499,"GFDD.SI.01"
"LUX","Luxembourg",2019,55.10573,"GFDD.SI.01"
"LUX","Luxembourg",2018,53.49949,"GFDD.SI.01"
"LUX","Luxembourg",2017,57.44071,"GFDD.SI.01"
"LUX","Luxembourg",2016,54.32573,"GFDD.SI.01"
"LUX","Luxembourg",2015,46.61733,"GFDD.SI.01"
"LUX","Luxembourg",2014,38.70667,"GFDD.SI.01"
"LUX","Luxembourg",2013,44.26462,"GFDD.SI.01"
"LUX","Luxembourg",2012,41.28843,"GFDD.SI.01"
"LUX","Luxembourg",2011,34.29649,"GFDD.SI.01"
"LUX","Luxembourg",2010,35.6054,"GFDD.SI.01"
"MAC","Macao SAR, China",2021,20.2597,"GFDD.SI.01"
"MAC","Macao SAR, China",2020,22.18295,"GFDD.SI.01"
"MAC","Macao SAR, China",2019,22.96726,"GFDD.SI.01"
"MAC","Macao SAR, China",2018,23.13064,"GFDD.SI.01"
"MAC","Macao SAR, China",2017,23.34351,"GFDD.SI.01"
"MAC","Macao SAR, China",2016,22.864,"GFDD.SI.01"
"MAC","Macao SAR, China",2015,22.87301,"GFDD.SI.01"
"MAC","Macao SAR, China",2014,17.12971,"GFDD.SI.01"
"MAC","Macao SAR, China",2013,17.05116,"GFDD.SI.01"
"MAC","Macao SAR, China",2012,18.66265,"GFDD.SI.01"
"MAC","Macao SAR, China",2011,40.18044,"GFDD.SI.01"
"MAC","Macao SAR, China",2010,37.46931,"GFDD.SI.01"
"MDG","Madagascar",2021,NA,"GFDD.SI.01"
"MDG","Madagascar",2020,14.06469,"GFDD.SI.01"
"MDG","Madagascar",2019,15.92543,"GFDD.SI.01"
"MDG","Madagascar",2018,16.66277,"GFDD.SI.01"
"MDG","Madagascar",2017,16.45541,"GFDD.SI.01"
"MDG","Madagascar",2016,16.61008,"GFDD.SI.01"
"MDG","Madagascar",2015,18.53925,"GFDD.SI.01"
"MDG","Madagascar",2014,16.85603,"GFDD.SI.01"
"MDG","Madagascar",2013,15.21086,"GFDD.SI.01"
"MDG","Madagascar",2012,13.12575,"GFDD.SI.01"
"MDG","Madagascar",2011,14.0358,"GFDD.SI.01"
"MDG","Madagascar",2010,12.91804,"GFDD.SI.01"
"MWI","Malawi",2021,14.50642,"GFDD.SI.01"
"MWI","Malawi",2020,16.98583,"GFDD.SI.01"
"MWI","Malawi",2019,16.12405,"GFDD.SI.01"
"MWI","Malawi",2018,15.4544,"GFDD.SI.01"
"MWI","Malawi",2017,15.36753,"GFDD.SI.01"
"MWI","Malawi",2016,16.3916,"GFDD.SI.01"
"MWI","Malawi",2015,17.33309,"GFDD.SI.01"
"MWI","Malawi",2014,21.38731,"GFDD.SI.01"
"MWI","Malawi",2013,18.55195,"GFDD.SI.01"
"MWI","Malawi",2012,16.93449,"GFDD.SI.01"
"MWI","Malawi",2011,17.56169,"GFDD.SI.01"
"MWI","Malawi",2010,18.39302,"GFDD.SI.01"
"MYS","Malaysia",2021,20.71885,"GFDD.SI.01"
"MYS","Malaysia",2020,20.40033,"GFDD.SI.01"
"MYS","Malaysia",2019,21.13619,"GFDD.SI.01"
"MYS","Malaysia",2018,20.40258,"GFDD.SI.01"
"MYS","Malaysia",2017,19.69873,"GFDD.SI.01"
"MYS","Malaysia",2016,18.00918,"GFDD.SI.01"
"MYS","Malaysia",2015,16.5578,"GFDD.SI.01"
"MYS","Malaysia",2014,19.77577,"GFDD.SI.01"
"MYS","Malaysia",2013,19.0734,"GFDD.SI.01"
"MYS","Malaysia",2012,19.24909,"GFDD.SI.01"
"MYS","Malaysia",2011,20.73016,"GFDD.SI.01"
"MYS","Malaysia",2010,15.13594,"GFDD.SI.01"
"MDV","Maldives",2021,NA,"GFDD.SI.01"
"MDV","Maldives",2020,14.79171,"GFDD.SI.01"
"MDV","Maldives",2019,18.9871,"GFDD.SI.01"
"MDV","Maldives",2018,19.15519,"GFDD.SI.01"
"MDV","Maldives",2017,18.73351,"GFDD.SI.01"
"MDV","Maldives",2016,18.85819,"GFDD.SI.01"
"MDV","Maldives",2015,NA,"GFDD.SI.01"
"MDV","Maldives",2014,NA,"GFDD.SI.01"
"MDV","Maldives",2013,NA,"GFDD.SI.01"
"MDV","Maldives",2012,NA,"GFDD.SI.01"
"MDV","Maldives",2011,NA,"GFDD.SI.01"
"MDV","Maldives",2010,NA,"GFDD.SI.01"
"MLI","Mali",2021,NA,"GFDD.SI.01"
"MLI","Mali",2020,12.82675,"GFDD.SI.01"
"MLI","Mali",2019,14.01081,"GFDD.SI.01"
"MLI","Mali",2018,14.88264,"GFDD.SI.01"
"MLI","Mali",2017,13.06048,"GFDD.SI.01"
"MLI","Mali",2016,13.93234,"GFDD.SI.01"
"MLI","Mali",2015,13.5586,"GFDD.SI.01"
"MLI","Mali",2014,12.17493,"GFDD.SI.01"
"MLI","Mali",2013,16.00088,"GFDD.SI.01"
"MLI","Mali",2012,19.01946,"GFDD.SI.01"
"MLI","Mali",2011,15.23003,"GFDD.SI.01"
"MLI","Mali",2010,16.33547,"GFDD.SI.01"
"MLT","Malta",2021,18.40884,"GFDD.SI.01"
"MLT","Malta",2020,19.10613,"GFDD.SI.01"
"MLT","Malta",2019,20.78991,"GFDD.SI.01"
"MLT","Malta",2018,19.53803,"GFDD.SI.01"
"MLT","Malta",2017,20.53146,"GFDD.SI.01"
"MLT","Malta",2016,18.69421,"GFDD.SI.01"
"MLT","Malta",2015,18.29171,"GFDD.SI.01"
"MLT","Malta",2014,19.47697,"GFDD.SI.01"
"MLT","Malta",2013,26.27657,"GFDD.SI.01"
"MLT","Malta",2012,26.66566,"GFDD.SI.01"
"MLT","Malta",2011,23.10364,"GFDD.SI.01"
"MLT","Malta",2010,24.20641,"GFDD.SI.01"
"MHL","Marshall Islands",2021,NA,"GFDD.SI.01"
"MHL","Marshall Islands",2020,NA,"GFDD.SI.01"
"MHL","Marshall Islands",2019,NA,"GFDD.SI.01"
"MHL","Marshall Islands",2018,NA,"GFDD.SI.01"
"MHL","Marshall Islands",2017,NA,"GFDD.SI.01"
"MHL","Marshall Islands",2016,NA,"GFDD.SI.01"
"MHL","Marshall Islands",2015,NA,"GFDD.SI.01"
"MHL","Marshall Islands",2014,NA,"GFDD.SI.01"
"MHL","Marshall Islands",2013,NA,"GFDD.SI.01"
"MHL","Marshall Islands",2012,NA,"GFDD.SI.01"
"MHL","Marshall Islands",2011,NA,"GFDD.SI.01"
"MHL","Marshall Islands",2010,NA,"GFDD.SI.01"
"MRT","Mauritania",2021,NA,"GFDD.SI.01"
"MRT","Mauritania",2020,23.53199,"GFDD.SI.01"
"MRT","Mauritania",2019,21.98047,"GFDD.SI.01"
"MRT","Mauritania",2018,24.45073,"GFDD.SI.01"
"MRT","Mauritania",2017,20.30035,"GFDD.SI.01"
"MRT","Mauritania",2016,21.39767,"GFDD.SI.01"
"MRT","Mauritania",2015,24.95151,"GFDD.SI.01"
"MRT","Mauritania",2014,23.91242,"GFDD.SI.01"
"MRT","Mauritania",2013,25.43288,"GFDD.SI.01"
"MRT","Mauritania",2012,21.61819,"GFDD.SI.01"
"MRT","Mauritania",2011,24.89534,"GFDD.SI.01"
"MRT","Mauritania",2010,26.75399,"GFDD.SI.01"
"MUS","Mauritius",2021,10.95238,"GFDD.SI.01"
"MUS","Mauritius",2020,14.39066,"GFDD.SI.01"
"MUS","Mauritius",2019,16.01738,"GFDD.SI.01"
"MUS","Mauritius",2018,17.68518,"GFDD.SI.01"
"MUS","Mauritius",2017,17.02202,"GFDD.SI.01"
"MUS","Mauritius",2016,16.75397,"GFDD.SI.01"
"MUS","Mauritius",2015,17.02521,"GFDD.SI.01"
"MUS","Mauritius",2014,15.97996,"GFDD.SI.01"
"MUS","Mauritius",2013,17.24109,"GFDD.SI.01"
"MUS","Mauritius",2012,17.53375,"GFDD.SI.01"
"MUS","Mauritius",2011,17.67597,"GFDD.SI.01"
"MUS","Mauritius",2010,17.50082,"GFDD.SI.01"
"MEX","Mexico",2021,23.75342,"GFDD.SI.01"
"MEX","Mexico",2020,20.47244,"GFDD.SI.01"
"MEX","Mexico",2019,22.35756,"GFDD.SI.01"
"MEX","Mexico",2018,21.71797,"GFDD.SI.01"
"MEX","Mexico",2017,21.13066,"GFDD.SI.01"
"MEX","Mexico",2016,19.35907,"GFDD.SI.01"
"MEX","Mexico",2015,22.39428,"GFDD.SI.01"
"MEX","Mexico",2014,18.84009,"GFDD.SI.01"
"MEX","Mexico",2013,19.81271,"GFDD.SI.01"
"MEX","Mexico",2012,14.99272,"GFDD.SI.01"
"MEX","Mexico",2011,14.61256,"GFDD.SI.01"
"MEX","Mexico",2010,15.17652,"GFDD.SI.01"
"FSM","Micronesia, Fed. Sts.",2021,NA,"GFDD.SI.01"
"FSM","Micronesia, Fed. Sts.",2020,NA,"GFDD.SI.01"
"FSM","Micronesia, Fed. Sts.",2019,NA,"GFDD.SI.01"
"FSM","Micronesia, Fed. Sts.",2018,NA,"GFDD.SI.01"
"FSM","Micronesia, Fed. Sts.",2017,NA,"GFDD.SI.01"
"FSM","Micronesia, Fed. Sts.",2016,NA,"GFDD.SI.01"
"FSM","Micronesia, Fed. Sts.",2015,NA,"GFDD.SI.01"
"FSM","Micronesia, Fed. Sts.",2014,NA,"GFDD.SI.01"
"FSM","Micronesia, Fed. Sts.",2013,NA,"GFDD.SI.01"
"FSM","Micronesia, Fed. Sts.",2012,NA,"GFDD.SI.01"
"FSM","Micronesia, Fed. Sts.",2011,NA,"GFDD.SI.01"
"FSM","Micronesia, Fed. Sts.",2010,NA,"GFDD.SI.01"
"MDA","Moldova",2021,8.722918,"GFDD.SI.01"
"MDA","Moldova",2020,9.040374,"GFDD.SI.01"
"MDA","Moldova",2019,9.961493,"GFDD.SI.01"
"MDA","Moldova",2018,9.097478,"GFDD.SI.01"
"MDA","Moldova",2017,9.310052,"GFDD.SI.01"
"MDA","Moldova",2016,9.396053,"GFDD.SI.01"
"MDA","Moldova",2015,8.596913,"GFDD.SI.01"
"MDA","Moldova",2014,6.707672,"GFDD.SI.01"
"MDA","Moldova",2013,8.458534,"GFDD.SI.01"
"MDA","Moldova",2012,8.629447,"GFDD.SI.01"
"MDA","Moldova",2011,10.30095,"GFDD.SI.01"
"MDA","Moldova",2010,9.576328,"GFDD.SI.01"
"MCO","Monaco",2021,NA,"GFDD.SI.01"
"MCO","Monaco",2020,NA,"GFDD.SI.01"
"MCO","Monaco",2019,NA,"GFDD.SI.01"
"MCO","Monaco",2018,NA,"GFDD.SI.01"
"MCO","Monaco",2017,NA,"GFDD.SI.01"
"MCO","Monaco",2016,NA,"GFDD.SI.01"
"MCO","Monaco",2015,NA,"GFDD.SI.01"
"MCO","Monaco",2014,NA,"GFDD.SI.01"
"MCO","Monaco",2013,NA,"GFDD.SI.01"
"MCO","Monaco",2012,NA,"GFDD.SI.01"
"MCO","Monaco",2011,NA,"GFDD.SI.01"
"MCO","Monaco",2010,NA,"GFDD.SI.01"
"MNG","Mongolia",2021,36.25018,"GFDD.SI.01"
"MNG","Mongolia",2020,36.30239,"GFDD.SI.01"
"MNG","Mongolia",2019,34.44346,"GFDD.SI.01"
"MNG","Mongolia",2018,36.64899,"GFDD.SI.01"
"MNG","Mongolia",2017,37.57542,"GFDD.SI.01"
"MNG","Mongolia",2016,36.04773,"GFDD.SI.01"
"MNG","Mongolia",2015,37.57253,"GFDD.SI.01"
"MNG","Mongolia",2014,29.4281,"GFDD.SI.01"
"MNG","Mongolia",2013,26.49039,"GFDD.SI.01"
"MNG","Mongolia",2012,27.65587,"GFDD.SI.01"
"MNG","Mongolia",2011,28.3377,"GFDD.SI.01"
"MNG","Mongolia",2010,28.22292,"GFDD.SI.01"
"MNE","Montenegro",2021,8.927644,"GFDD.SI.01"
"MNE","Montenegro",2020,9.419744,"GFDD.SI.01"
"MNE","Montenegro",2019,9.970045,"GFDD.SI.01"
"MNE","Montenegro",2018,9.301689,"GFDD.SI.01"
"MNE","Montenegro",2017,9.150633,"GFDD.SI.01"
"MNE","Montenegro",2016,8.939162,"GFDD.SI.01"
"MNE","Montenegro",2015,8.815902,"GFDD.SI.01"
"MNE","Montenegro",2014,10.42877,"GFDD.SI.01"
"MNE","Montenegro",2013,9.251592,"GFDD.SI.01"
"MNE","Montenegro",2012,6.395607,"GFDD.SI.01"
"MNE","Montenegro",2011,7.327251,"GFDD.SI.01"
"MNE","Montenegro",2010,4.102098,"GFDD.SI.01"
"MAR","Morocco",2021,42.40052,"GFDD.SI.01"
"MAR","Morocco",2020,41.71841,"GFDD.SI.01"
"MAR","Morocco",2019,44.51421,"GFDD.SI.01"
"MAR","Morocco",2018,41.84574,"GFDD.SI.01"
"MAR","Morocco",2017,42.1162,"GFDD.SI.01"
"MAR","Morocco",2016,43.3387,"GFDD.SI.01"
"MAR","Morocco",2015,41.86846,"GFDD.SI.01"
"MAR","Morocco",2014,42.38619,"GFDD.SI.01"
"MAR","Morocco",2013,39.99622,"GFDD.SI.01"
"MAR","Morocco",2012,40.08586,"GFDD.SI.01"
"MAR","Morocco",2011,37.75892,"GFDD.SI.01"
"MAR","Morocco",2010,39.649,"GFDD.SI.01"
"MOZ","Mozambique",2021,7.062472,"GFDD.SI.01"
"MOZ","Mozambique",2020,5.940557,"GFDD.SI.01"
"MOZ","Mozambique",2019,6.985748,"GFDD.SI.01"
"MOZ","Mozambique",2018,6.786724,"GFDD.SI.01"
"MOZ","Mozambique",2017,7.122042,"GFDD.SI.01"
"MOZ","Mozambique",2016,5.308121,"GFDD.SI.01"
"MOZ","Mozambique",2015,5.312698,"GFDD.SI.01"
"MOZ","Mozambique",2014,5.422138,"GFDD.SI.01"
"MOZ","Mozambique",2013,5.233314,"GFDD.SI.01"
"MOZ","Mozambique",2012,5.611869,"GFDD.SI.01"
"MOZ","Mozambique",2011,4.918438,"GFDD.SI.01"
"MOZ","Mozambique",2010,4.268024,"GFDD.SI.01"
"MMR","Myanmar",2021,7.594283,"GFDD.SI.01"
"MMR","Myanmar",2020,7.592739,"GFDD.SI.01"
"MMR","Myanmar",2019,7.482056,"GFDD.SI.01"
"MMR","Myanmar",2018,6.971704,"GFDD.SI.01"
"MMR","Myanmar",2017,5.645101,"GFDD.SI.01"
"MMR","Myanmar",2016,6.535042,"GFDD.SI.01"
"MMR","Myanmar",2015,6.443028,"GFDD.SI.01"
"MMR","Myanmar",2014,2.775956,"GFDD.SI.01"
"MMR","Myanmar",2013,3.098038,"GFDD.SI.01"
"MMR","Myanmar",2012,5.423186,"GFDD.SI.01"
"MMR","Myanmar",2011,0.5361353,"GFDD.SI.01"
"MMR","Myanmar",2010,0.5014642,"GFDD.SI.01"
"NAM","Namibia",2021,23.72112,"GFDD.SI.01"
"NAM","Namibia",2020,25.25618,"GFDD.SI.01"
"NAM","Namibia",2019,24.37314,"GFDD.SI.01"
"NAM","Namibia",2018,25.31444,"GFDD.SI.01"
"NAM","Namibia",2017,26.93535,"GFDD.SI.01"
"NAM","Namibia",2016,25.55405,"GFDD.SI.01"
"NAM","Namibia",2015,25.37547,"GFDD.SI.01"
"NAM","Namibia",2014,21.85556,"GFDD.SI.01"
"NAM","Namibia",2013,21.62047,"GFDD.SI.01"
"NAM","Namibia",2012,25.26302,"GFDD.SI.01"
"NAM","Namibia",2011,26.79571,"GFDD.SI.01"
"NAM","Namibia",2010,25.30744,"GFDD.SI.01"
"NRU","Nauru",2021,NA,"GFDD.SI.01"
"NRU","Nauru",2020,NA,"GFDD.SI.01"
"NRU","Nauru",2019,NA,"GFDD.SI.01"
"NRU","Nauru",2018,NA,"GFDD.SI.01"
"NRU","Nauru",2017,NA,"GFDD.SI.01"
"NRU","Nauru",2016,NA,"GFDD.SI.01"
"NRU","Nauru",2015,NA,"GFDD.SI.01"
"NRU","Nauru",2014,NA,"GFDD.SI.01"
"NRU","Nauru",2013,NA,"GFDD.SI.01"
"NRU","Nauru",2012,NA,"GFDD.SI.01"
"NRU","Nauru",2011,NA,"GFDD.SI.01"
"NRU","Nauru",2010,NA,"GFDD.SI.01"
"NPL","Nepal",2021,28.87113,"GFDD.SI.01"
"NPL","Nepal",2020,30.41902,"GFDD.SI.01"
"NPL","Nepal",2019,33.88417,"GFDD.SI.01"
"NPL","Nepal",2018,35.74821,"GFDD.SI.01"
"NPL","Nepal",2017,35.6377,"GFDD.SI.01"
"NPL","Nepal",2016,28.35333,"GFDD.SI.01"
"NPL","Nepal",2015,26.58828,"GFDD.SI.01"
"NPL","Nepal",2014,24.46841,"GFDD.SI.01"
"NPL","Nepal",2013,25.40979,"GFDD.SI.01"
"NPL","Nepal",2012,27.58294,"GFDD.SI.01"
"NPL","Nepal",2011,29.92086,"GFDD.SI.01"
"NPL","Nepal",2010,27.12056,"GFDD.SI.01"
"NLD","Netherlands",2021,13.0423,"GFDD.SI.01"
"NLD","Netherlands",2020,12.50759,"GFDD.SI.01"
"NLD","Netherlands",2019,13.05325,"GFDD.SI.01"
"NLD","Netherlands",2018,12.15548,"GFDD.SI.01"
"NLD","Netherlands",2017,12.20702,"GFDD.SI.01"
"NLD","Netherlands",2016,11.03037,"GFDD.SI.01"
"NLD","Netherlands",2015,9.511075,"GFDD.SI.01"
"NLD","Netherlands",2014,9.642394,"GFDD.SI.01"
"NLD","Netherlands",2013,8.942967,"GFDD.SI.01"
"NLD","Netherlands",2012,8.412597,"GFDD.SI.01"
"NLD","Netherlands",2011,7.153244,"GFDD.SI.01"
"NLD","Netherlands",2010,7.759908,"GFDD.SI.01"
"NCL","New Caledonia",2021,NA,"GFDD.SI.01"
"NCL","New Caledonia",2020,NA,"GFDD.SI.01"
"NCL","New Caledonia",2019,NA,"GFDD.SI.01"
"NCL","New Caledonia",2018,NA,"GFDD.SI.01"
"NCL","New Caledonia",2017,NA,"GFDD.SI.01"
"NCL","New Caledonia",2016,NA,"GFDD.SI.01"
"NCL","New Caledonia",2015,NA,"GFDD.SI.01"
"NCL","New Caledonia",2014,NA,"GFDD.SI.01"
"NCL","New Caledonia",2013,NA,"GFDD.SI.01"
"NCL","New Caledonia",2012,NA,"GFDD.SI.01"
"NCL","New Caledonia",2011,NA,"GFDD.SI.01"
"NCL","New Caledonia",2010,NA,"GFDD.SI.01"
"NZL","New Zealand",2021,44.78266,"GFDD.SI.01"
"NZL","New Zealand",2020,41.67757,"GFDD.SI.01"
"NZL","New Zealand",2019,43.03194,"GFDD.SI.01"
"NZL","New Zealand",2018,43.92428,"GFDD.SI.01"
"NZL","New Zealand",2017,43.05983,"GFDD.SI.01"
"NZL","New Zealand",2016,42.01978,"GFDD.SI.01"
"NZL","New Zealand",2015,42.18798,"GFDD.SI.01"
"NZL","New Zealand",2014,40.38385,"GFDD.SI.01"
"NZL","New Zealand",2013,41.52512,"GFDD.SI.01"
"NZL","New Zealand",2012,37.26256,"GFDD.SI.01"
"NZL","New Zealand",2011,33.97509,"GFDD.SI.01"
"NZL","New Zealand",2010,33.18513,"GFDD.SI.01"
"NIC","Nicaragua",2021,25.13264,"GFDD.SI.01"
"NIC","Nicaragua",2020,24.29852,"GFDD.SI.01"
"NIC","Nicaragua",2019,25.54876,"GFDD.SI.01"
"NIC","Nicaragua",2018,23.91312,"GFDD.SI.01"
"NIC","Nicaragua",2017,20.62994,"GFDD.SI.01"
"NIC","Nicaragua",2016,19.82819,"GFDD.SI.01"
"NIC","Nicaragua",2015,19.46932,"GFDD.SI.01"
"NIC","Nicaragua",2014,18.50164,"GFDD.SI.01"
"NIC","Nicaragua",2013,18.28453,"GFDD.SI.01"
"NIC","Nicaragua",2012,17.92966,"GFDD.SI.01"
"NIC","Nicaragua",2011,16.47563,"GFDD.SI.01"
"NIC","Nicaragua",2010,15.84764,"GFDD.SI.01"
"NER","Niger",2021,NA,"GFDD.SI.01"
"NER","Niger",2020,NA,"GFDD.SI.01"
"NER","Niger",2019,14.38157,"GFDD.SI.01"
"NER","Niger",2018,13.56817,"GFDD.SI.01"
"NER","Niger",2017,14.26589,"GFDD.SI.01"
"NER","Niger",2016,11.95529,"GFDD.SI.01"
"NER","Niger",2015,17.69081,"GFDD.SI.01"
"NER","Niger",2014,15.53562,"GFDD.SI.01"
"NER","Niger",2013,16.61559,"GFDD.SI.01"
"NER","Niger",2012,16.5979,"GFDD.SI.01"
"NER","Niger",2011,16.34802,"GFDD.SI.01"
"NER","Niger",2010,14.399,"GFDD.SI.01"
"NGA","Nigeria",2021,12.19272,"GFDD.SI.01"
"NGA","Nigeria",2020,13.62957,"GFDD.SI.01"
"NGA","Nigeria",2019,15.37705,"GFDD.SI.01"
"NGA","Nigeria",2018,14.80313,"GFDD.SI.01"
"NGA","Nigeria",2017,18.36757,"GFDD.SI.01"
"NGA","Nigeria",2016,16.43923,"GFDD.SI.01"
"NGA","Nigeria",2015,16.78471,"GFDD.SI.01"
"NGA","Nigeria",2014,16.4411,"GFDD.SI.01"
"NGA","Nigeria",2013,16.28585,"GFDD.SI.01"
"NGA","Nigeria",2012,17.77566,"GFDD.SI.01"
"NGA","Nigeria",2011,14.99784,"GFDD.SI.01"
"NGA","Nigeria",2010,NA,"GFDD.SI.01"
"MKD","North Macedonia",2021,9.520221,"GFDD.SI.01"
"MKD","North Macedonia",2020,11.27912,"GFDD.SI.01"
"MKD","North Macedonia",2019,11.19481,"GFDD.SI.01"
"MKD","North Macedonia",2018,11.10239,"GFDD.SI.01"
"MKD","North Macedonia",2017,11.05696,"GFDD.SI.01"
"MKD","North Macedonia",2016,10.55469,"GFDD.SI.01"
"MKD","North Macedonia",2015,10.20535,"GFDD.SI.01"
"MKD","North Macedonia",2014,9.87875,"GFDD.SI.01"
"MKD","North Macedonia",2013,9.987813,"GFDD.SI.01"
"MKD","North Macedonia",2012,9.64795,"GFDD.SI.01"
"MKD","North Macedonia",2011,9.218356,"GFDD.SI.01"
"MKD","North Macedonia",2010,9.369726,"GFDD.SI.01"
"NOR","Norway",2021,12.5704,"GFDD.SI.01"
"NOR","Norway",2020,13.04555,"GFDD.SI.01"
"NOR","Norway",2019,12.82647,"GFDD.SI.01"
"NOR","Norway",2018,12.59829,"GFDD.SI.01"
"NOR","Norway",2017,11.44286,"GFDD.SI.01"
"NOR","Norway",2016,11.29774,"GFDD.SI.01"
"NOR","Norway",2015,10.52222,"GFDD.SI.01"
"NOR","Norway",2014,8.873162,"GFDD.SI.01"
"NOR","Norway",2013,8.557817,"GFDD.SI.01"
"NOR","Norway",2012,8.035648,"GFDD.SI.01"
"NOR","Norway",2011,7.611197,"GFDD.SI.01"
"NOR","Norway",2010,7.570398,"GFDD.SI.01"
"OMN","Oman",2021,19.64149,"GFDD.SI.01"
"OMN","Oman",2020,19.42753,"GFDD.SI.01"
"OMN","Oman",2019,19.83832,"GFDD.SI.01"
"OMN","Oman",2018,19.60067,"GFDD.SI.01"
"OMN","Oman",2017,19.41836,"GFDD.SI.01"
"OMN","Oman",2016,17.84947,"GFDD.SI.01"
"OMN","Oman",2015,16.71706,"GFDD.SI.01"
"OMN","Oman",2014,14.93049,"GFDD.SI.01"
"OMN","Oman",2013,15.59619,"GFDD.SI.01"
"OMN","Oman",2012,15.2999,"GFDD.SI.01"
"OMN","Oman",2011,15.50242,"GFDD.SI.01"
"OMN","Oman",2010,17.86692,"GFDD.SI.01"
"PAK","Pakistan",2021,8.854549,"GFDD.SI.01"
"PAK","Pakistan",2020,10.05904,"GFDD.SI.01"
"PAK","Pakistan",2019,9.704996,"GFDD.SI.01"
"PAK","Pakistan",2018,9.251515,"GFDD.SI.01"
"PAK","Pakistan",2017,9.721706,"GFDD.SI.01"
"PAK","Pakistan",2016,11.63105,"GFDD.SI.01"
"PAK","Pakistan",2015,12.2764,"GFDD.SI.01"
"PAK","Pakistan",2014,13.11812,"GFDD.SI.01"
"PAK","Pakistan",2013,11.91086,"GFDD.SI.01"
"PAK","Pakistan",2012,13.29162,"GFDD.SI.01"
"PAK","Pakistan",2011,9.223564,"GFDD.SI.01"
"PAK","Pakistan",2010,7.439963,"GFDD.SI.01"
"PLW","Palau",2021,NA,"GFDD.SI.01"
"PLW","Palau",2020,NA,"GFDD.SI.01"
"PLW","Palau",2019,NA,"GFDD.SI.01"
"PLW","Palau",2018,NA,"GFDD.SI.01"
"PLW","Palau",2017,NA,"GFDD.SI.01"
"PLW","Palau",2016,NA,"GFDD.SI.01"
"PLW","Palau",2015,NA,"GFDD.SI.01"
"PLW","Palau",2014,NA,"GFDD.SI.01"
"PLW","Palau",2013,NA,"GFDD.SI.01"
"PLW","Palau",2012,NA,"GFDD.SI.01"
"PLW","Palau",2011,NA,"GFDD.SI.01"
"PLW","Palau",2010,NA,"GFDD.SI.01"
"PAN","Panama",2021,40.39326,"GFDD.SI.01"
"PAN","Panama",2020,38.07178,"GFDD.SI.01"
"PAN","Panama",2019,43.10234,"GFDD.SI.01"
"PAN","Panama",2018,41.44457,"GFDD.SI.01"
"PAN","Panama",2017,40.26882,"GFDD.SI.01"
"PAN","Panama",2016,38.68009,"GFDD.SI.01"
"PAN","Panama",2015,38.63454,"GFDD.SI.01"
"PAN","Panama",2014,31.2068,"GFDD.SI.01"
"PAN","Panama",2013,29.70273,"GFDD.SI.01"
"PAN","Panama",2012,31.7932,"GFDD.SI.01"
"PAN","Panama",2011,35.60765,"GFDD.SI.01"
"PAN","Panama",2010,34.5708,"GFDD.SI.01"
"PNG","Papua New Guinea",2021,NA,"GFDD.SI.01"
"PNG","Papua New Guinea",2020,NA,"GFDD.SI.01"
"PNG","Papua New Guinea",2019,NA,"GFDD.SI.01"
"PNG","Papua New Guinea",2018,NA,"GFDD.SI.01"
"PNG","Papua New Guinea",2017,NA,"GFDD.SI.01"
"PNG","Papua New Guinea",2016,NA,"GFDD.SI.01"
"PNG","Papua New Guinea",2015,NA,"GFDD.SI.01"
"PNG","Papua New Guinea",2014,NA,"GFDD.SI.01"
"PNG","Papua New Guinea",2013,NA,"GFDD.SI.01"
"PNG","Papua New Guinea",2012,13.47289,"GFDD.SI.01"
"PNG","Papua New Guinea",2011,14.01424,"GFDD.SI.01"
"PNG","Papua New Guinea",2010,12.74083,"GFDD.SI.01"
"PRY","Paraguay",2021,17.13345,"GFDD.SI.01"
"PRY","Paraguay",2020,15.72386,"GFDD.SI.01"
"PRY","Paraguay",2019,16.9332,"GFDD.SI.01"
"PRY","Paraguay",2018,16.14329,"GFDD.SI.01"
"PRY","Paraguay",2017,16.24234,"GFDD.SI.01"
"PRY","Paraguay",2016,15.5635,"GFDD.SI.01"
"PRY","Paraguay",2015,14.70127,"GFDD.SI.01"
"PRY","Paraguay",2014,15.52902,"GFDD.SI.01"
"PRY","Paraguay",2013,15.55966,"GFDD.SI.01"
"PRY","Paraguay",2012,16.69643,"GFDD.SI.01"
"PRY","Paraguay",2011,15.35038,"GFDD.SI.01"
"PRY","Paraguay",2010,16.17668,"GFDD.SI.01"
"PER","Peru",2021,16.93897,"GFDD.SI.01"
"PER","Peru",2020,14.65761,"GFDD.SI.01"
"PER","Peru",2019,20.30264,"GFDD.SI.01"
"PER","Peru",2018,19.55056,"GFDD.SI.01"
"PER","Peru",2017,18.69089,"GFDD.SI.01"
"PER","Peru",2016,17.77991,"GFDD.SI.01"
"PER","Peru",2015,16.02168,"GFDD.SI.01"
"PER","Peru",2014,16.43689,"GFDD.SI.01"
"PER","Peru",2013,16.1249,"GFDD.SI.01"
"PER","Peru",2012,16.88897,"GFDD.SI.01"
"PER","Peru",2011,17.54601,"GFDD.SI.01"
"PER","Peru",2010,16.31833,"GFDD.SI.01"
"PHL","Philippines",2021,24.13341,"GFDD.SI.01"
"PHL","Philippines",2020,22.16999,"GFDD.SI.01"
"PHL","Philippines",2019,22.45145,"GFDD.SI.01"
"PHL","Philippines",2018,21.54946,"GFDD.SI.01"
"PHL","Philippines",2017,21.11479,"GFDD.SI.01"
"PHL","Philippines",2016,20.51461,"GFDD.SI.01"
"PHL","Philippines",2015,20.69572,"GFDD.SI.01"
"PHL","Philippines",2014,19.79133,"GFDD.SI.01"
"PHL","Philippines",2013,19.7629,"GFDD.SI.01"
"PHL","Philippines",2012,23.33885,"GFDD.SI.01"
"PHL","Philippines",2011,21.59678,"GFDD.SI.01"
"PHL","Philippines",2010,19.79657,"GFDD.SI.01"
"POL","Poland",2021,7.048028,"GFDD.SI.01"
"POL","Poland",2020,8.105345,"GFDD.SI.01"
"POL","Poland",2019,9.372567,"GFDD.SI.01"
"POL","Poland",2018,9.395756,"GFDD.SI.01"
"POL","Poland",2017,10.03586,"GFDD.SI.01"
"POL","Poland",2016,9.633597,"GFDD.SI.01"
"POL","Poland",2015,9.74675,"GFDD.SI.01"
"POL","Poland",2014,9.930735,"GFDD.SI.01"
"POL","Poland",2013,9.654583,"GFDD.SI.01"
"POL","Poland",2012,10.08323,"GFDD.SI.01"
"POL","Poland",2011,8.706203,"GFDD.SI.01"
"POL","Poland",2010,8.923556,"GFDD.SI.01"
"PRT","Portugal",2021,16.09242,"GFDD.SI.01"
"PRT","Portugal",2020,15.55049,"GFDD.SI.01"
"PRT","Portugal",2019,17.5525,"GFDD.SI.01"
"PRT","Portugal",2018,16.8905,"GFDD.SI.01"
"PRT","Portugal",2017,16.44999,"GFDD.SI.01"
"PRT","Portugal",2016,10.70251,"GFDD.SI.01"
"PRT","Portugal",2015,12.36677,"GFDD.SI.01"
"PRT","Portugal",2014,9.327741,"GFDD.SI.01"
"PRT","Portugal",2013,7.895902,"GFDD.SI.01"
"PRT","Portugal",2012,10.34659,"GFDD.SI.01"
"PRT","Portugal",2011,9.49471,"GFDD.SI.01"
"PRT","Portugal",2010,11.76088,"GFDD.SI.01"
"PRI","Puerto Rico",2021,NA,"GFDD.SI.01"
"PRI","Puerto Rico",2020,NA,"GFDD.SI.01"
"PRI","Puerto Rico",2019,NA,"GFDD.SI.01"
"PRI","Puerto Rico",2018,NA,"GFDD.SI.01"
"PRI","Puerto Rico",2017,NA,"GFDD.SI.01"
"PRI","Puerto Rico",2016,NA,"GFDD.SI.01"
"PRI","Puerto Rico",2015,NA,"GFDD.SI.01"
"PRI","Puerto Rico",2014,NA,"GFDD.SI.01"
"PRI","Puerto Rico",2013,NA,"GFDD.SI.01"
"PRI","Puerto Rico",2012,NA,"GFDD.SI.01"
"PRI","Puerto Rico",2011,NA,"GFDD.SI.01"
"PRI","Puerto Rico",2010,NA,"GFDD.SI.01"
"QAT","Qatar",2021,18.45945,"GFDD.SI.01"
"QAT","Qatar",2020,18.67844,"GFDD.SI.01"
"QAT","Qatar",2019,19.90375,"GFDD.SI.01"
"QAT","Qatar",2018,20.28576,"GFDD.SI.01"
"QAT","Qatar",2017,20.11039,"GFDD.SI.01"
"QAT","Qatar",2016,20.25505,"GFDD.SI.01"
"QAT","Qatar",2015,22.81017,"GFDD.SI.01"
"QAT","Qatar",2014,23.9167,"GFDD.SI.01"
"QAT","Qatar",2013,24.51735,"GFDD.SI.01"
"QAT","Qatar",2012,26.31853,"GFDD.SI.01"
"QAT","Qatar",2011,28.05485,"GFDD.SI.01"
"QAT","Qatar",2010,25.84643,"GFDD.SI.01"
"ROU","Romania",2021,10.34337,"GFDD.SI.01"
"ROU","Romania",2020,10.99972,"GFDD.SI.01"
"ROU","Romania",2019,11.0667,"GFDD.SI.01"
"ROU","Romania",2018,11.30402,"GFDD.SI.01"
"ROU","Romania",2017,11.23704,"GFDD.SI.01"
"ROU","Romania",2016,10.84487,"GFDD.SI.01"
"ROU","Romania",2015,10.88855,"GFDD.SI.01"
"ROU","Romania",2014,7.786754,"GFDD.SI.01"
"ROU","Romania",2013,9.323071,"GFDD.SI.01"
"ROU","Romania",2012,8.485225,"GFDD.SI.01"
"ROU","Romania",2011,10.13173,"GFDD.SI.01"
"ROU","Romania",2010,10.20629,"GFDD.SI.01"
"RUS","Russian Federation",2021,6.866006,"GFDD.SI.01"
"RUS","Russian Federation",2020,6.899168,"GFDD.SI.01"
"RUS","Russian Federation",2019,7.673623,"GFDD.SI.01"
"RUS","Russian Federation",2018,7.177286,"GFDD.SI.01"
"RUS","Russian Federation",2017,7.379331,"GFDD.SI.01"
"RUS","Russian Federation",2016,6.669628,"GFDD.SI.01"
"RUS","Russian Federation",2015,5.400071,"GFDD.SI.01"
"RUS","Russian Federation",2014,6.317936,"GFDD.SI.01"
"RUS","Russian Federation",2013,6.807406,"GFDD.SI.01"
"RUS","Russian Federation",2012,6.76555,"GFDD.SI.01"
"RUS","Russian Federation",2011,7.385437,"GFDD.SI.01"
"RUS","Russian Federation",2010,7.224441,"GFDD.SI.01"
"RWA","Rwanda",2021,21.42436,"GFDD.SI.01"
"RWA","Rwanda",2020,21.75867,"GFDD.SI.01"
"RWA","Rwanda",2019,23.55324,"GFDD.SI.01"
"RWA","Rwanda",2018,22.24675,"GFDD.SI.01"
"RWA","Rwanda",2017,18.42664,"GFDD.SI.01"
"RWA","Rwanda",2016,20.22506,"GFDD.SI.01"
"RWA","Rwanda",2015,20.39169,"GFDD.SI.01"
"RWA","Rwanda",2014,18.74671,"GFDD.SI.01"
"RWA","Rwanda",2013,17.65331,"GFDD.SI.01"
"RWA","Rwanda",2012,22.81995,"GFDD.SI.01"
"RWA","Rwanda",2011,21.64436,"GFDD.SI.01"
"RWA","Rwanda",2010,19.62815,"GFDD.SI.01"
"WSM","Samoa",2021,NA,"GFDD.SI.01"
"WSM","Samoa",2020,NA,"GFDD.SI.01"
"WSM","Samoa",2019,NA,"GFDD.SI.01"
"WSM","Samoa",2018,NA,"GFDD.SI.01"
"WSM","Samoa",2017,NA,"GFDD.SI.01"
"WSM","Samoa",2016,NA,"GFDD.SI.01"
"WSM","Samoa",2015,NA,"GFDD.SI.01"
"WSM","Samoa",2014,NA,"GFDD.SI.01"
"WSM","Samoa",2013,NA,"GFDD.SI.01"
"WSM","Samoa",2012,NA,"GFDD.SI.01"
"WSM","Samoa",2011,NA,"GFDD.SI.01"
"WSM","Samoa",2010,NA,"GFDD.SI.01"
"SMR","San Marino",2021,NA,"GFDD.SI.01"
"SMR","San Marino",2020,NA,"GFDD.SI.01"
"SMR","San Marino",2019,NA,"GFDD.SI.01"
"SMR","San Marino",2018,NA,"GFDD.SI.01"
"SMR","San Marino",2017,11.20281,"GFDD.SI.01"
"SMR","San Marino",2016,9.715286,"GFDD.SI.01"
"SMR","San Marino",2015,9.490186,"GFDD.SI.01"
"SMR","San Marino",2014,NA,"GFDD.SI.01"
"SMR","San Marino",2013,8.504087,"GFDD.SI.01"
"SMR","San Marino",2012,8.635167,"GFDD.SI.01"
"SMR","San Marino",2011,12.08994,"GFDD.SI.01"
"SMR","San Marino",2010,10.91494,"GFDD.SI.01"
"STP","São Tomé and Principe",2021,NA,"GFDD.SI.01"
"STP","São Tomé and Principe",2020,NA,"GFDD.SI.01"
"STP","São Tomé and Principe",2019,NA,"GFDD.SI.01"
"STP","São Tomé and Principe",2018,NA,"GFDD.SI.01"
"STP","São Tomé and Principe",2017,NA,"GFDD.SI.01"
"STP","São Tomé and Principe",2016,NA,"GFDD.SI.01"
"STP","São Tomé and Principe",2015,NA,"GFDD.SI.01"
"STP","São Tomé and Principe",2014,NA,"GFDD.SI.01"
"STP","São Tomé and Principe",2013,NA,"GFDD.SI.01"
"STP","São Tomé and Principe",2012,NA,"GFDD.SI.01"
"STP","São Tomé and Principe",2011,NA,"GFDD.SI.01"
"STP","São Tomé and Principe",2010,NA,"GFDD.SI.01"
"SAU","Saudi Arabia",2021,24.37054,"GFDD.SI.01"
"SAU","Saudi Arabia",2020,21.82094,"GFDD.SI.01"
"SAU","Saudi Arabia",2019,23.47289,"GFDD.SI.01"
"SAU","Saudi Arabia",2018,22.69943,"GFDD.SI.01"
"SAU","Saudi Arabia",2017,23.45901,"GFDD.SI.01"
"SAU","Saudi Arabia",2016,21.9313,"GFDD.SI.01"
"SAU","Saudi Arabia",2015,20.9861,"GFDD.SI.01"
"SAU","Saudi Arabia",2014,20.10879,"GFDD.SI.01"
"SAU","Saudi Arabia",2013,20.13049,"GFDD.SI.01"
"SAU","Saudi Arabia",2012,20.28142,"GFDD.SI.01"
"SAU","Saudi Arabia",2011,20.33305,"GFDD.SI.01"
"SAU","Saudi Arabia",2010,19.66166,"GFDD.SI.01"
"SEN","Senegal",2021,NA,"GFDD.SI.01"
"SEN","Senegal",2020,15.87033,"GFDD.SI.01"
"SEN","Senegal",2019,15.72905,"GFDD.SI.01"
"SEN","Senegal",2018,14.17325,"GFDD.SI.01"
"SEN","Senegal",2017,14.24647,"GFDD.SI.01"
"SEN","Senegal",2016,13.84004,"GFDD.SI.01"
"SEN","Senegal",2015,12.98558,"GFDD.SI.01"
"SEN","Senegal",2014,11.45501,"GFDD.SI.01"
"SEN","Senegal",2013,16.22482,"GFDD.SI.01"
"SEN","Senegal",2012,15.82616,"GFDD.SI.01"
"SEN","Senegal",2011,16.5556,"GFDD.SI.01"
"SEN","Senegal",2010,17.7976,"GFDD.SI.01"
"SYC","Seychelles",2021,NA,"GFDD.SI.01"
"SYC","Seychelles",2020,10.41336,"GFDD.SI.01"
"SYC","Seychelles",2019,13.49258,"GFDD.SI.01"
"SYC","Seychelles",2018,14.33822,"GFDD.SI.01"
"SYC","Seychelles",2017,15.03939,"GFDD.SI.01"
"SYC","Seychelles",2016,15.66881,"GFDD.SI.01"
"SYC","Seychelles",2015,16.14088,"GFDD.SI.01"
"SYC","Seychelles",2014,NA,"GFDD.SI.01"
"SYC","Seychelles",2013,13.62648,"GFDD.SI.01"
"SYC","Seychelles",2012,16.37605,"GFDD.SI.01"
"SYC","Seychelles",2011,15.82073,"GFDD.SI.01"
"SYC","Seychelles",2010,15.39346,"GFDD.SI.01"
"SLE","Sierra Leone",2021,NA,"GFDD.SI.01"
"SLE","Sierra Leone",2020,NA,"GFDD.SI.01"
"SLE","Sierra Leone",2019,6.342023,"GFDD.SI.01"
"SLE","Sierra Leone",2018,4.798911,"GFDD.SI.01"
"SLE","Sierra Leone",2017,4.344736,"GFDD.SI.01"
"SLE","Sierra Leone",2016,2.730522,"GFDD.SI.01"
"SLE","Sierra Leone",2015,3.957631,"GFDD.SI.01"
"SLE","Sierra Leone",2014,4.296255,"GFDD.SI.01"
"SLE","Sierra Leone",2013,2.794639,"GFDD.SI.01"
"SLE","Sierra Leone",2012,5.187551,"GFDD.SI.01"
"SLE","Sierra Leone",2011,4.752051,"GFDD.SI.01"
"SLE","Sierra Leone",2010,5.019616,"GFDD.SI.01"
"SGP","Singapore",2021,28.62815,"GFDD.SI.01"
"SGP","Singapore",2020,28.14932,"GFDD.SI.01"
"SGP","Singapore",2019,30.40521,"GFDD.SI.01"
"SGP","Singapore",2018,30.09148,"GFDD.SI.01"
"SGP","Singapore",2017,30.39888,"GFDD.SI.01"
"SGP","Singapore",2016,31.47979,"GFDD.SI.01"
"SGP","Singapore",2015,31.09669,"GFDD.SI.01"
"SGP","Singapore",2014,30.30799,"GFDD.SI.01"
"SGP","Singapore",2013,29.91776,"GFDD.SI.01"
"SGP","Singapore",2012,35.28123,"GFDD.SI.01"
"SGP","Singapore",2011,33.22896,"GFDD.SI.01"
"SGP","Singapore",2010,36.93113,"GFDD.SI.01"
"SXM","Sint Maarten (Dutch part)",2021,NA,"GFDD.SI.01"
"SXM","Sint Maarten (Dutch part)",2020,NA,"GFDD.SI.01"
"SXM","Sint Maarten (Dutch part)",2019,NA,"GFDD.SI.01"
"SXM","Sint Maarten (Dutch part)",2018,NA,"GFDD.SI.01"
"SXM","Sint Maarten (Dutch part)",2017,NA,"GFDD.SI.01"
"SXM","Sint Maarten (Dutch part)",2016,NA,"GFDD.SI.01"
"SXM","Sint Maarten (Dutch part)",2015,NA,"GFDD.SI.01"
"SXM","Sint Maarten (Dutch part)",2014,NA,"GFDD.SI.01"
"SXM","Sint Maarten (Dutch part)",2013,NA,"GFDD.SI.01"
"SXM","Sint Maarten (Dutch part)",2012,NA,"GFDD.SI.01"
"SXM","Sint Maarten (Dutch part)",2011,NA,"GFDD.SI.01"
"SXM","Sint Maarten (Dutch part)",2010,NA,"GFDD.SI.01"
"SVK","Slovak Republic",2021,18.92566,"GFDD.SI.01"
"SVK","Slovak Republic",2020,21.19142,"GFDD.SI.01"
"SVK","Slovak Republic",2019,21.82637,"GFDD.SI.01"
"SVK","Slovak Republic",2018,22.45472,"GFDD.SI.01"
"SVK","Slovak Republic",2017,23.39309,"GFDD.SI.01"
"SVK","Slovak Republic",2016,24.57373,"GFDD.SI.01"
"SVK","Slovak Republic",2015,25.17801,"GFDD.SI.01"
"SVK","Slovak Republic",2014,25.37936,"GFDD.SI.01"
"SVK","Slovak Republic",2013,25.41874,"GFDD.SI.01"
"SVK","Slovak Republic",2012,26.04955,"GFDD.SI.01"
"SVK","Slovak Republic",2011,22.58274,"GFDD.SI.01"
"SVK","Slovak Republic",2010,20.42406,"GFDD.SI.01"
"SVN","Slovenia",2021,4.485082,"GFDD.SI.01"
"SVN","Slovenia",2020,4.711134,"GFDD.SI.01"
"SVN","Slovenia",2019,5.114887,"GFDD.SI.01"
"SVN","Slovenia",2018,5.371148,"GFDD.SI.01"
"SVN","Slovenia",2017,5.510128,"GFDD.SI.01"
"SVN","Slovenia",2016,5.40246,"GFDD.SI.01"
"SVN","Slovenia",2015,5.031046,"GFDD.SI.01"
"SVN","Slovenia",2014,4.522314,"GFDD.SI.01"
"SVN","Slovenia",2013,-0.3259739,"GFDD.SI.01"
"SVN","Slovenia",2012,2.405031,"GFDD.SI.01"
"SVN","Slovenia",2011,2.739588,"GFDD.SI.01"
"SVN","Slovenia",2010,3.073049,"GFDD.SI.01"
"SLB","Solomon Islands",2021,NA,"GFDD.SI.01"
"SLB","Solomon Islands",2020,NA,"GFDD.SI.01"
"SLB","Solomon Islands",2019,NA,"GFDD.SI.01"
"SLB","Solomon Islands",2018,NA,"GFDD.SI.01"
"SLB","Solomon Islands",2017,NA,"GFDD.SI.01"
"SLB","Solomon Islands",2016,NA,"GFDD.SI.01"
"SLB","Solomon Islands",2015,NA,"GFDD.SI.01"
"SLB","Solomon Islands",2014,NA,"GFDD.SI.01"
"SLB","Solomon Islands",2013,NA,"GFDD.SI.01"
"SLB","Solomon Islands",2012,NA,"GFDD.SI.01"
"SLB","Solomon Islands",2011,NA,"GFDD.SI.01"
"SLB","Solomon Islands",2010,NA,"GFDD.SI.01"
"SOM","Somalia",2021,NA,"GFDD.SI.01"
"SOM","Somalia",2020,NA,"GFDD.SI.01"
"SOM","Somalia",2019,NA,"GFDD.SI.01"
"SOM","Somalia",2018,NA,"GFDD.SI.01"
"SOM","Somalia",2017,NA,"GFDD.SI.01"
"SOM","Somalia",2016,NA,"GFDD.SI.01"
"SOM","Somalia",2015,NA,"GFDD.SI.01"
"SOM","Somalia",2014,NA,"GFDD.SI.01"
"SOM","Somalia",2013,NA,"GFDD.SI.01"
"SOM","Somalia",2012,NA,"GFDD.SI.01"
"SOM","Somalia",2011,NA,"GFDD.SI.01"
"SOM","Somalia",2010,NA,"GFDD.SI.01"
"ZAF","South Africa",2021,15.46206,"GFDD.SI.01"
"ZAF","South Africa",2020,13.42673,"GFDD.SI.01"
"ZAF","South Africa",2019,15.87728,"GFDD.SI.01"
"ZAF","South Africa",2018,15.94073,"GFDD.SI.01"
"ZAF","South Africa",2017,17.25503,"GFDD.SI.01"
"ZAF","South Africa",2016,16.06648,"GFDD.SI.01"
"ZAF","South Africa",2015,14.85629,"GFDD.SI.01"
"ZAF","South Africa",2014,14.72688,"GFDD.SI.01"
"ZAF","South Africa",2013,14.81967,"GFDD.SI.01"
"ZAF","South Africa",2012,15.86341,"GFDD.SI.01"
"ZAF","South Africa",2011,14.67227,"GFDD.SI.01"
"ZAF","South Africa",2010,14.02741,"GFDD.SI.01"
"SSD","South Sudan",2021,NA,"GFDD.SI.01"
"SSD","South Sudan",2020,NA,"GFDD.SI.01"
"SSD","South Sudan",2019,8.104209,"GFDD.SI.01"
"SSD","South Sudan",2018,6.846589,"GFDD.SI.01"
"SSD","South Sudan",2017,4.289039,"GFDD.SI.01"
"SSD","South Sudan",2016,NA,"GFDD.SI.01"
"SSD","South Sudan",2015,NA,"GFDD.SI.01"
"SSD","South Sudan",2014,NA,"GFDD.SI.01"
"SSD","South Sudan",2013,4.130285,"GFDD.SI.01"
"SSD","South Sudan",2012,3.672943,"GFDD.SI.01"
"SSD","South Sudan",2011,NA,"GFDD.SI.01"
"SSD","South Sudan",2010,5.395299,"GFDD.SI.01"
"ESP","Spain",2021,16.91558,"GFDD.SI.01"
"ESP","Spain",2020,16.41497,"GFDD.SI.01"
"ESP","Spain",2019,20.44179,"GFDD.SI.01"
"ESP","Spain",2018,20.27938,"GFDD.SI.01"
"ESP","Spain",2017,19.42108,"GFDD.SI.01"
"ESP","Spain",2016,20.35452,"GFDD.SI.01"
"ESP","Spain",2015,20.02979,"GFDD.SI.01"
"ESP","Spain",2014,18.74563,"GFDD.SI.01"
"ESP","Spain",2013,17.31865,"GFDD.SI.01"
"ESP","Spain",2012,13.64231,"GFDD.SI.01"
"ESP","Spain",2011,14.76838,"GFDD.SI.01"
"ESP","Spain",2010,17.04772,"GFDD.SI.01"
"LKA","Sri Lanka",2021,35.08618,"GFDD.SI.01"
"LKA","Sri Lanka",2020,34.32776,"GFDD.SI.01"
"LKA","Sri Lanka",2019,37.86711,"GFDD.SI.01"
"LKA","Sri Lanka",2018,35.95676,"GFDD.SI.01"
"LKA","Sri Lanka",2017,38.6281,"GFDD.SI.01"
"LKA","Sri Lanka",2016,36.23138,"GFDD.SI.01"
"LKA","Sri Lanka",2015,35.51081,"GFDD.SI.01"
"LKA","Sri Lanka",2014,36.22636,"GFDD.SI.01"
"LKA","Sri Lanka",2013,36.00288,"GFDD.SI.01"
"LKA","Sri Lanka",2012,36.1428,"GFDD.SI.01"
"LKA","Sri Lanka",2011,35.03069,"GFDD.SI.01"
"LKA","Sri Lanka",2010,NA,"GFDD.SI.01"
"KNA","St. Kitts and Nevis",2021,NA,"GFDD.SI.01"
"KNA","St. Kitts and Nevis",2020,NA,"GFDD.SI.01"
"KNA","St. Kitts and Nevis",2019,NA,"GFDD.SI.01"
"KNA","St. Kitts and Nevis",2018,NA,"GFDD.SI.01"
"KNA","St. Kitts and Nevis",2017,NA,"GFDD.SI.01"
"KNA","St. Kitts and Nevis",2016,NA,"GFDD.SI.01"
"KNA","St. Kitts and Nevis",2015,NA,"GFDD.SI.01"
"KNA","St. Kitts and Nevis",2014,NA,"GFDD.SI.01"
"KNA","St. Kitts and Nevis",2013,NA,"GFDD.SI.01"
"KNA","St. Kitts and Nevis",2012,NA,"GFDD.SI.01"
"KNA","St. Kitts and Nevis",2011,NA,"GFDD.SI.01"
"KNA","St. Kitts and Nevis",2010,NA,"GFDD.SI.01"
"LCA","St. Lucia",2021,NA,"GFDD.SI.01"
"LCA","St. Lucia",2020,NA,"GFDD.SI.01"
"LCA","St. Lucia",2019,NA,"GFDD.SI.01"
"LCA","St. Lucia",2018,4.902126,"GFDD.SI.01"
"LCA","St. Lucia",2017,3.837077,"GFDD.SI.01"
"LCA","St. Lucia",2016,-0.0174934,"GFDD.SI.01"
"LCA","St. Lucia",2015,NA,"GFDD.SI.01"
"LCA","St. Lucia",2014,NA,"GFDD.SI.01"
"LCA","St. Lucia",2013,3.341492,"GFDD.SI.01"
"LCA","St. Lucia",2012,2.21522,"GFDD.SI.01"
"LCA","St. Lucia",2011,5.518075,"GFDD.SI.01"
"LCA","St. Lucia",2010,5.875018,"GFDD.SI.01"
"VCT","St. Vincent and the Grenadines",2021,NA,"GFDD.SI.01"
"VCT","St. Vincent and the Grenadines",2020,NA,"GFDD.SI.01"
"VCT","St. Vincent and the Grenadines",2019,NA,"GFDD.SI.01"
"VCT","St. Vincent and the Grenadines",2018,NA,"GFDD.SI.01"
"VCT","St. Vincent and the Grenadines",2017,NA,"GFDD.SI.01"
"VCT","St. Vincent and the Grenadines",2016,NA,"GFDD.SI.01"
"VCT","St. Vincent and the Grenadines",2015,NA,"GFDD.SI.01"
"VCT","St. Vincent and the Grenadines",2014,NA,"GFDD.SI.01"
"VCT","St. Vincent and the Grenadines",2013,NA,"GFDD.SI.01"
"VCT","St. Vincent and the Grenadines",2012,NA,"GFDD.SI.01"
"VCT","St. Vincent and the Grenadines",2011,NA,"GFDD.SI.01"
"VCT","St. Vincent and the Grenadines",2010,NA,"GFDD.SI.01"
"SDN","Sudan",2021,NA,"GFDD.SI.01"
"SDN","Sudan",2020,NA,"GFDD.SI.01"
"SDN","Sudan",2019,NA,"GFDD.SI.01"
"SDN","Sudan",2018,NA,"GFDD.SI.01"
"SDN","Sudan",2017,NA,"GFDD.SI.01"
"SDN","Sudan",2016,NA,"GFDD.SI.01"
"SDN","Sudan",2015,NA,"GFDD.SI.01"
"SDN","Sudan",2014,NA,"GFDD.SI.01"
"SDN","Sudan",2013,NA,"GFDD.SI.01"
"SDN","Sudan",2012,27.5923,"GFDD.SI.01"
"SDN","Sudan",2011,37.3532,"GFDD.SI.01"
"SDN","Sudan",2010,31.93995,"GFDD.SI.01"
"SUR","Suriname",2021,NA,"GFDD.SI.01"
"SUR","Suriname",2020,NA,"GFDD.SI.01"
"SUR","Suriname",2019,8.664505,"GFDD.SI.01"
"SUR","Suriname",2018,6.982873,"GFDD.SI.01"
"SUR","Suriname",2017,6.575426,"GFDD.SI.01"
"SUR","Suriname",2016,4.516824,"GFDD.SI.01"
"SUR","Suriname",2015,11.31005,"GFDD.SI.01"
"SUR","Suriname",2014,11.82271,"GFDD.SI.01"
"SUR","Suriname",2013,10.90247,"GFDD.SI.01"
"SUR","Suriname",2012,10.7328,"GFDD.SI.01"
"SUR","Suriname",2011,10.88271,"GFDD.SI.01"
"SUR","Suriname",2010,10.59429,"GFDD.SI.01"
"SWE","Sweden",2021,39.34783,"GFDD.SI.01"
"SWE","Sweden",2020,38.10057,"GFDD.SI.01"
"SWE","Sweden",2019,37.49242,"GFDD.SI.01"
"SWE","Sweden",2018,37.74024,"GFDD.SI.01"
"SWE","Sweden",2017,36.46971,"GFDD.SI.01"
"SWE","Sweden",2016,35.88554,"GFDD.SI.01"
"SWE","Sweden",2015,35.28246,"GFDD.SI.01"
"SWE","Sweden",2014,30.10648,"GFDD.SI.01"
"SWE","Sweden",2013,32.0802,"GFDD.SI.01"
"SWE","Sweden",2012,27.67975,"GFDD.SI.01"
"SWE","Sweden",2011,26.37774,"GFDD.SI.01"
"SWE","Sweden",2010,26.79791,"GFDD.SI.01"
"CHE","Switzerland",2021,15.33865,"GFDD.SI.01"
"CHE","Switzerland",2020,16.76671,"GFDD.SI.01"
"CHE","Switzerland",2019,16.18968,"GFDD.SI.01"
"CHE","Switzerland",2018,19.26855,"GFDD.SI.01"
"CHE","Switzerland",2017,19.02053,"GFDD.SI.01"
"CHE","Switzerland",2016,16.85371,"GFDD.SI.01"
"CHE","Switzerland",2015,15.62121,"GFDD.SI.01"
"CHE","Switzerland",2014,14.9826,"GFDD.SI.01"
"CHE","Switzerland",2013,15.6484,"GFDD.SI.01"
"CHE","Switzerland",2012,11.64402,"GFDD.SI.01"
"CHE","Switzerland",2011,12.65542,"GFDD.SI.01"
"CHE","Switzerland",2010,11.69864,"GFDD.SI.01"
"SYR","Syrian Arab Republic",2021,8.792208,"GFDD.SI.01"
"SYR","Syrian Arab Republic",2020,9.372055,"GFDD.SI.01"
"SYR","Syrian Arab Republic",2019,2.623254,"GFDD.SI.01"
"SYR","Syrian Arab Republic",2018,3.113435,"GFDD.SI.01"
"SYR","Syrian Arab Republic",2017,3.419148,"GFDD.SI.01"
"SYR","Syrian Arab Republic",2016,5.753487,"GFDD.SI.01"
"SYR","Syrian Arab Republic",2015,6.838799,"GFDD.SI.01"
"SYR","Syrian Arab Republic",2014,3.344634,"GFDD.SI.01"
"SYR","Syrian Arab Republic",2013,3.063167,"GFDD.SI.01"
"SYR","Syrian Arab Republic",2012,2.849408,"GFDD.SI.01"
"SYR","Syrian Arab Republic",2011,3.023136,"GFDD.SI.01"
"SYR","Syrian Arab Republic",2010,2.798519,"GFDD.SI.01"
"TJK","Tajikistan",2021,15.34032,"GFDD.SI.01"
"TJK","Tajikistan",2020,13.97075,"GFDD.SI.01"
"TJK","Tajikistan",2019,18.69821,"GFDD.SI.01"
"TJK","Tajikistan",2018,20.97309,"GFDD.SI.01"
"TJK","Tajikistan",2017,21.07333,"GFDD.SI.01"
"TJK","Tajikistan",2016,18.21367,"GFDD.SI.01"
"TJK","Tajikistan",2015,11.55853,"GFDD.SI.01"
"TJK","Tajikistan",2014,NA,"GFDD.SI.01"
"TJK","Tajikistan",2013,15.77714,"GFDD.SI.01"
"TJK","Tajikistan",2012,9.731053,"GFDD.SI.01"
"TJK","Tajikistan",2011,8.646214,"GFDD.SI.01"
"TJK","Tajikistan",2010,11.49546,"GFDD.SI.01"
"TZA","Tanzania",2021,22.17841,"GFDD.SI.01"
"TZA","Tanzania",2020,20.59105,"GFDD.SI.01"
"TZA","Tanzania",2019,19.88124,"GFDD.SI.01"
"TZA","Tanzania",2018,19.07788,"GFDD.SI.01"
"TZA","Tanzania",2017,19.81609,"GFDD.SI.01"
"TZA","Tanzania",2016,20.63968,"GFDD.SI.01"
"TZA","Tanzania",2015,19.10769,"GFDD.SI.01"
"TZA","Tanzania",2014,18.89168,"GFDD.SI.01"
"TZA","Tanzania",2013,18.02408,"GFDD.SI.01"
"TZA","Tanzania",2012,15.53863,"GFDD.SI.01"
"TZA","Tanzania",2011,14.57891,"GFDD.SI.01"
"TZA","Tanzania",2010,15.84764,"GFDD.SI.01"
"THA","Thailand",2021,7.883829,"GFDD.SI.01"
"THA","Thailand",2020,8.126854,"GFDD.SI.01"
"THA","Thailand",2019,8.738443,"GFDD.SI.01"
"THA","Thailand",2018,8.163969,"GFDD.SI.01"
"THA","Thailand",2017,8.129345,"GFDD.SI.01"
"THA","Thailand",2016,7.903003,"GFDD.SI.01"
"THA","Thailand",2015,7.614891,"GFDD.SI.01"
"THA","Thailand",2014,7.410934,"GFDD.SI.01"
"THA","Thailand",2013,7.276725,"GFDD.SI.01"
"THA","Thailand",2012,6.889478,"GFDD.SI.01"
"THA","Thailand",2011,6.819876,"GFDD.SI.01"
"THA","Thailand",2010,6.658918,"GFDD.SI.01"
"TGO","Togo",2021,NA,"GFDD.SI.01"
"TGO","Togo",2020,NA,"GFDD.SI.01"
"TGO","Togo",2019,9.571691,"GFDD.SI.01"
"TGO","Togo",2018,8.886737,"GFDD.SI.01"
"TGO","Togo",2017,8.087381,"GFDD.SI.01"
"TGO","Togo",2016,10.8687,"GFDD.SI.01"
"TGO","Togo",2015,5.290282,"GFDD.SI.01"
"TGO","Togo",2014,NA,"GFDD.SI.01"
"TGO","Togo",2013,10.73865,"GFDD.SI.01"
"TGO","Togo",2012,9.926262,"GFDD.SI.01"
"TGO","Togo",2011,11.58256,"GFDD.SI.01"
"TGO","Togo",2010,11.42257,"GFDD.SI.01"
"TON","Tonga",2021,NA,"GFDD.SI.01"
"TON","Tonga",2020,NA,"GFDD.SI.01"
"TON","Tonga",2019,NA,"GFDD.SI.01"
"TON","Tonga",2018,NA,"GFDD.SI.01"
"TON","Tonga",2017,NA,"GFDD.SI.01"
"TON","Tonga",2016,NA,"GFDD.SI.01"
"TON","Tonga",2015,NA,"GFDD.SI.01"
"TON","Tonga",2014,NA,"GFDD.SI.01"
"TON","Tonga",2013,NA,"GFDD.SI.01"
"TON","Tonga",2012,NA,"GFDD.SI.01"
"TON","Tonga",2011,NA,"GFDD.SI.01"
"TON","Tonga",2010,NA,"GFDD.SI.01"
"TTO","Trinidad and Tobago",2021,21.36008,"GFDD.SI.01"
"TTO","Trinidad and Tobago",2020,18.65594,"GFDD.SI.01"
"TTO","Trinidad and Tobago",2019,23.68393,"GFDD.SI.01"
"TTO","Trinidad and Tobago",2018,NA,"GFDD.SI.01"
"TTO","Trinidad and Tobago",2017,17.37579,"GFDD.SI.01"
"TTO","Trinidad and Tobago",2016,23.41025,"GFDD.SI.01"
"TTO","Trinidad and Tobago",2015,25.53329,"GFDD.SI.01"
"TTO","Trinidad and Tobago",2014,NA,"GFDD.SI.01"
"TTO","Trinidad and Tobago",2013,13.2947,"GFDD.SI.01"
"TTO","Trinidad and Tobago",2012,15.58006,"GFDD.SI.01"
"TTO","Trinidad and Tobago",2011,21.00059,"GFDD.SI.01"
"TTO","Trinidad and Tobago",2010,24.07717,"GFDD.SI.01"
"TUN","Tunisia",2021,38.68149,"GFDD.SI.01"
"TUN","Tunisia",2020,34.96373,"GFDD.SI.01"
"TUN","Tunisia",2019,34.97545,"GFDD.SI.01"
"TUN","Tunisia",2018,32.28979,"GFDD.SI.01"
"TUN","Tunisia",2017,32.75764,"GFDD.SI.01"
"TUN","Tunisia",2016,32.3149,"GFDD.SI.01"
"TUN","Tunisia",2015,31.16502,"GFDD.SI.01"
"TUN","Tunisia",2014,31.44749,"GFDD.SI.01"
"TUN","Tunisia",2013,27.52403,"GFDD.SI.01"
"TUN","Tunisia",2012,27.04214,"GFDD.SI.01"
"TUN","Tunisia",2011,30.2056,"GFDD.SI.01"
"TUN","Tunisia",2010,32.24989,"GFDD.SI.01"
"TUR","Turkey",2021,7.293731,"GFDD.SI.01"
"TUR","Turkey",2020,9.152713,"GFDD.SI.01"
"TUR","Turkey",2019,10.12361,"GFDD.SI.01"
"TUR","Turkey",2018,10.53031,"GFDD.SI.01"
"TUR","Turkey",2017,10.83999,"GFDD.SI.01"
"TUR","Turkey",2016,10.64479,"GFDD.SI.01"
"TUR","Turkey",2015,10.39792,"GFDD.SI.01"
"TUR","Turkey",2014,11.04237,"GFDD.SI.01"
"TUR","Turkey",2013,10.55661,"GFDD.SI.01"
"TUR","Turkey",2012,12.54728,"GFDD.SI.01"
"TUR","Turkey",2011,10.97805,"GFDD.SI.01"
"TUR","Turkey",2010,12.76875,"GFDD.SI.01"
"TKM","Turkmenistan",2021,NA,"GFDD.SI.01"
"TKM","Turkmenistan",2020,NA,"GFDD.SI.01"
"TKM","Turkmenistan",2019,40.62386,"GFDD.SI.01"
"TKM","Turkmenistan",2018,37.17676,"GFDD.SI.01"
"TKM","Turkmenistan",2017,36.26733,"GFDD.SI.01"
"TKM","Turkmenistan",2016,38.7388,"GFDD.SI.01"
"TKM","Turkmenistan",2015,43.35146,"GFDD.SI.01"
"TKM","Turkmenistan",2014,NA,"GFDD.SI.01"
"TKM","Turkmenistan",2013,NA,"GFDD.SI.01"
"TKM","Turkmenistan",2012,NA,"GFDD.SI.01"
"TKM","Turkmenistan",2011,NA,"GFDD.SI.01"
"TKM","Turkmenistan",2010,NA,"GFDD.SI.01"
"TCA","Turks and Caicos Islands",2021,NA,"GFDD.SI.01"
"TCA","Turks and Caicos Islands",2020,NA,"GFDD.SI.01"
"TCA","Turks and Caicos Islands",2019,NA,"GFDD.SI.01"
"TCA","Turks and Caicos Islands",2018,NA,"GFDD.SI.01"
"TCA","Turks and Caicos Islands",2017,NA,"GFDD.SI.01"
"TCA","Turks and Caicos Islands",2016,NA,"GFDD.SI.01"
"TCA","Turks and Caicos Islands",2015,NA,"GFDD.SI.01"
"TCA","Turks and Caicos Islands",2014,NA,"GFDD.SI.01"
"TCA","Turks and Caicos Islands",2013,NA,"GFDD.SI.01"
"TCA","Turks and Caicos Islands",2012,NA,"GFDD.SI.01"
"TCA","Turks and Caicos Islands",2011,NA,"GFDD.SI.01"
"TCA","Turks and Caicos Islands",2010,NA,"GFDD.SI.01"
"TUV","Tuvalu",2021,NA,"GFDD.SI.01"
"TUV","Tuvalu",2020,NA,"GFDD.SI.01"
"TUV","Tuvalu",2019,NA,"GFDD.SI.01"
"TUV","Tuvalu",2018,NA,"GFDD.SI.01"
"TUV","Tuvalu",2017,NA,"GFDD.SI.01"
"TUV","Tuvalu",2016,NA,"GFDD.SI.01"
"TUV","Tuvalu",2015,NA,"GFDD.SI.01"
"TUV","Tuvalu",2014,NA,"GFDD.SI.01"
"TUV","Tuvalu",2013,NA,"GFDD.SI.01"
"TUV","Tuvalu",2012,NA,"GFDD.SI.01"
"TUV","Tuvalu",2011,NA,"GFDD.SI.01"
"TUV","Tuvalu",2010,NA,"GFDD.SI.01"
"UGA","Uganda",2021,16.67534,"GFDD.SI.01"
"UGA","Uganda",2020,15.13282,"GFDD.SI.01"
"UGA","Uganda",2019,16.70738,"GFDD.SI.01"
"UGA","Uganda",2018,15.02385,"GFDD.SI.01"
"UGA","Uganda",2017,16.19445,"GFDD.SI.01"
"UGA","Uganda",2016,15.14695,"GFDD.SI.01"
"UGA","Uganda",2015,13.19216,"GFDD.SI.01"
"UGA","Uganda",2014,14.16196,"GFDD.SI.01"
"UGA","Uganda",2013,14.00582,"GFDD.SI.01"
"UGA","Uganda",2012,15.23922,"GFDD.SI.01"
"UGA","Uganda",2011,14.04612,"GFDD.SI.01"
"UGA","Uganda",2010,12.08893,"GFDD.SI.01"
"UKR","Ukraine",2021,5.184459,"GFDD.SI.01"
"UKR","Ukraine",2020,6.299481,"GFDD.SI.01"
"UKR","Ukraine",2019,8.60972,"GFDD.SI.01"
"UKR","Ukraine",2018,6.016317,"GFDD.SI.01"
"UKR","Ukraine",2017,4.761672,"GFDD.SI.01"
"UKR","Ukraine",2016,3.860387,"GFDD.SI.01"
"UKR","Ukraine",2015,4.351729,"GFDD.SI.01"
"UKR","Ukraine",2014,4.335921,"GFDD.SI.01"
"UKR","Ukraine",2013,5.549157,"GFDD.SI.01"
"UKR","Ukraine",2012,5.752451,"GFDD.SI.01"
"UKR","Ukraine",2011,4.781734,"GFDD.SI.01"
"UKR","Ukraine",2010,4.660158,"GFDD.SI.01"
"ARE","United Arab Emirates",2021,22.2884,"GFDD.SI.01"
"ARE","United Arab Emirates",2020,22.13758,"GFDD.SI.01"
"ARE","United Arab Emirates",2019,24.59051,"GFDD.SI.01"
"ARE","United Arab Emirates",2018,25.3181,"GFDD.SI.01"
"ARE","United Arab Emirates",2017,26.54524,"GFDD.SI.01"
"ARE","United Arab Emirates",2016,25.03958,"GFDD.SI.01"
"ARE","United Arab Emirates",2015,26.12293,"GFDD.SI.01"
"ARE","United Arab Emirates",2014,25.85413,"GFDD.SI.01"
"ARE","United Arab Emirates",2013,25.6896,"GFDD.SI.01"
"ARE","United Arab Emirates",2012,25.89978,"GFDD.SI.01"
"ARE","United Arab Emirates",2011,25.3222,"GFDD.SI.01"
"ARE","United Arab Emirates",2010,24.87537,"GFDD.SI.01"
"GBR","United Kingdom",2021,18.10662,"GFDD.SI.01"
"GBR","United Kingdom",2020,17.62722,"GFDD.SI.01"
"GBR","United Kingdom",2019,18.37656,"GFDD.SI.01"
"GBR","United Kingdom",2018,18.69784,"GFDD.SI.01"
"GBR","United Kingdom",2017,15.88067,"GFDD.SI.01"
"GBR","United Kingdom",2016,17.51455,"GFDD.SI.01"
"GBR","United Kingdom",2015,18.29168,"GFDD.SI.01"
"GBR","United Kingdom",2014,11.64929,"GFDD.SI.01"
"GBR","United Kingdom",2013,9.626945,"GFDD.SI.01"
"GBR","United Kingdom",2012,8.717099,"GFDD.SI.01"
"GBR","United Kingdom",2011,9.097598,"GFDD.SI.01"
"GBR","United Kingdom",2010,8.494985,"GFDD.SI.01"
"USA","United States",2021,31.06195,"GFDD.SI.01"
"USA","United States",2020,30.29941,"GFDD.SI.01"
"USA","United States",2019,35.16919,"GFDD.SI.01"
"USA","United States",2018,34.68312,"GFDD.SI.01"
"USA","United States",2017,33.62495,"GFDD.SI.01"
"USA","United States",2016,33.66898,"GFDD.SI.01"
"USA","United States",2015,34.13966,"GFDD.SI.01"
"USA","United States",2014,34.10872,"GFDD.SI.01"
"USA","United States",2013,33.92561,"GFDD.SI.01"
"USA","United States",2012,33.74696,"GFDD.SI.01"
"USA","United States",2011,33.65604,"GFDD.SI.01"
"USA","United States",2010,33.21235,"GFDD.SI.01"
"URY","Uruguay",2021,6.076103,"GFDD.SI.01"
"URY","Uruguay",2020,6.931973,"GFDD.SI.01"
"URY","Uruguay",2019,7.862775,"GFDD.SI.01"
"URY","Uruguay",2018,7.47792,"GFDD.SI.01"
"URY","Uruguay",2017,7.863129,"GFDD.SI.01"
"URY","Uruguay",2016,6.04098,"GFDD.SI.01"
"URY","Uruguay",2015,5.536208,"GFDD.SI.01"
"URY","Uruguay",2014,5.608903,"GFDD.SI.01"
"URY","Uruguay",2013,6.102961,"GFDD.SI.01"
"URY","Uruguay",2012,6.347547,"GFDD.SI.01"
"URY","Uruguay",2011,6.238244,"GFDD.SI.01"
"URY","Uruguay",2010,6.150074,"GFDD.SI.01"
"UZB","Uzbekistan",2021,11.21105,"GFDD.SI.01"
"UZB","Uzbekistan",2020,11.46811,"GFDD.SI.01"
"UZB","Uzbekistan",2019,13.91469,"GFDD.SI.01"
"UZB","Uzbekistan",2018,9.80123,"GFDD.SI.01"
"UZB","Uzbekistan",2017,10.16162,"GFDD.SI.01"
"UZB","Uzbekistan",2016,7.46652,"GFDD.SI.01"
"UZB","Uzbekistan",2015,8.791997,"GFDD.SI.01"
"UZB","Uzbekistan",2014,7.107892,"GFDD.SI.01"
"UZB","Uzbekistan",2013,7.400607,"GFDD.SI.01"
"UZB","Uzbekistan",2012,7.533541,"GFDD.SI.01"
"UZB","Uzbekistan",2011,7.150289,"GFDD.SI.01"
"UZB","Uzbekistan",2010,7.955146,"GFDD.SI.01"
"VUT","Vanuatu",2021,NA,"GFDD.SI.01"
"VUT","Vanuatu",2020,NA,"GFDD.SI.01"
"VUT","Vanuatu",2019,NA,"GFDD.SI.01"
"VUT","Vanuatu",2018,NA,"GFDD.SI.01"
"VUT","Vanuatu",2017,NA,"GFDD.SI.01"
"VUT","Vanuatu",2016,NA,"GFDD.SI.01"
"VUT","Vanuatu",2015,NA,"GFDD.SI.01"
"VUT","Vanuatu",2014,NA,"GFDD.SI.01"
"VUT","Vanuatu",2013,NA,"GFDD.SI.01"
"VUT","Vanuatu",2012,NA,"GFDD.SI.01"
"VUT","Vanuatu",2011,NA,"GFDD.SI.01"
"VUT","Vanuatu",2010,NA,"GFDD.SI.01"
"VEN","Venezuela, RB",2021,12.70259,"GFDD.SI.01"
"VEN","Venezuela, RB",2020,15.00152,"GFDD.SI.01"
"VEN","Venezuela, RB",2019,12.48392,"GFDD.SI.01"
"VEN","Venezuela, RB",2018,12.87113,"GFDD.SI.01"
"VEN","Venezuela, RB",2017,NA,"GFDD.SI.01"
"VEN","Venezuela, RB",2016,NA,"GFDD.SI.01"
"VEN","Venezuela, RB",2015,NA,"GFDD.SI.01"
"VEN","Venezuela, RB",2014,7.323114,"GFDD.SI.01"
"VEN","Venezuela, RB",2013,7.061074,"GFDD.SI.01"
"VEN","Venezuela, RB",2012,8.208526,"GFDD.SI.01"
"VEN","Venezuela, RB",2011,8.048985,"GFDD.SI.01"
"VEN","Venezuela, RB",2010,6.856344,"GFDD.SI.01"
"VNM","Vietnam",2021,14.66488,"GFDD.SI.01"
"VNM","Vietnam",2020,13.61867,"GFDD.SI.01"
"VNM","Vietnam",2019,13.02772,"GFDD.SI.01"
"VNM","Vietnam",2018,13.25171,"GFDD.SI.01"
"VNM","Vietnam",2017,12.60946,"GFDD.SI.01"
"VNM","Vietnam",2016,12.81347,"GFDD.SI.01"
"VNM","Vietnam",2015,13.85397,"GFDD.SI.01"
"VNM","Vietnam",2014,14.67904,"GFDD.SI.01"
"VNM","Vietnam",2013,15.32516,"GFDD.SI.01"
"VNM","Vietnam",2012,15.61944,"GFDD.SI.01"
"VNM","Vietnam",2011,16.77148,"GFDD.SI.01"
"VNM","Vietnam",2010,17.77522,"GFDD.SI.01"
"VIR","Virgin Islands (U.S.)",2021,NA,"GFDD.SI.01"
"VIR","Virgin Islands (U.S.)",2020,NA,"GFDD.SI.01"
"VIR","Virgin Islands (U.S.)",2019,NA,"GFDD.SI.01"
"VIR","Virgin Islands (U.S.)",2018,NA,"GFDD.SI.01"
"VIR","Virgin Islands (U.S.)",2017,NA,"GFDD.SI.01"
"VIR","Virgin Islands (U.S.)",2016,NA,"GFDD.SI.01"
"VIR","Virgin Islands (U.S.)",2015,NA,"GFDD.SI.01"
"VIR","Virgin Islands (U.S.)",2014,NA,"GFDD.SI.01"
"VIR","Virgin Islands (U.S.)",2013,NA,"GFDD.SI.01"
"VIR","Virgin Islands (U.S.)",2012,NA,"GFDD.SI.01"
"VIR","Virgin Islands (U.S.)",2011,NA,"GFDD.SI.01"
"VIR","Virgin Islands (U.S.)",2010,NA,"GFDD.SI.01"
"ZMB","Zambia",2021,8.85603,"GFDD.SI.01"
"ZMB","Zambia",2020,6.457372,"GFDD.SI.01"
"ZMB","Zambia",2019,9.179658,"GFDD.SI.01"
"ZMB","Zambia",2018,8.958558,"GFDD.SI.01"
"ZMB","Zambia",2017,11.92899,"GFDD.SI.01"
"ZMB","Zambia",2016,10.32383,"GFDD.SI.01"
"ZMB","Zambia",2015,10.26718,"GFDD.SI.01"
"ZMB","Zambia",2014,12.87714,"GFDD.SI.01"
"ZMB","Zambia",2013,11.85641,"GFDD.SI.01"
"ZMB","Zambia",2012,10.19427,"GFDD.SI.01"
"ZMB","Zambia",2011,8.927444,"GFDD.SI.01"
"ZMB","Zambia",2010,7.509999,"GFDD.SI.01"
"ZWE","Zimbabwe",2021,8.08499,"GFDD.SI.01"
"ZWE","Zimbabwe",2020,7.084079,"GFDD.SI.01"
"ZWE","Zimbabwe",2019,7.479496,"GFDD.SI.01"
"ZWE","Zimbabwe",2018,5.264899,"GFDD.SI.01"
"ZWE","Zimbabwe",2017,5.127896,"GFDD.SI.01"
"ZWE","Zimbabwe",2016,5.268896,"GFDD.SI.01"
"ZWE","Zimbabwe",2015,5.497109,"GFDD.SI.01"
"ZWE","Zimbabwe",2014,5.057956,"GFDD.SI.01"
"ZWE","Zimbabwe",2013,5.302338,"GFDD.SI.01"
"ZWE","Zimbabwe",2012,5.439702,"GFDD.SI.01"
"ZWE","Zimbabwe",2011,5.008511,"GFDD.SI.01"
"ZWE","Zimbabwe",2010,4.590675,"GFDD.SI.01"
