"iso3c","pais","ano","valor","codigo"
"AFG","Afghanistan",2024,-1.5542299,"GOV_WGI_RQ.EST"
"AFG","Afghanistan",2023,-1.4252907,"GOV_WGI_RQ.EST"
"AFG","Afghanistan",2022,-1.4190498,"GOV_WGI_RQ.EST"
"AFG","Afghanistan",2021,-1.4472426,"GOV_WGI_RQ.EST"
"AFG","Afghanistan",2020,-1.3399532,"GOV_WGI_RQ.EST"
"AFG","Afghanistan",2019,-1.3150215,"GOV_WGI_RQ.EST"
"AFG","Afghanistan",2018,-1.3374635,"GOV_WGI_RQ.EST"
"AFG","Afghanistan",2017,-1.4515507,"GOV_WGI_RQ.EST"
"AFG","Afghanistan",2016,-1.4090961,"GOV_WGI_RQ.EST"
"AFG","Afghanistan",2015,-1.0908923,"GOV_WGI_RQ.EST"
"AFG","Afghanistan",2014,-1.21386,"GOV_WGI_RQ.EST"
"AFG","Afghanistan",2013,-1.2958743,"GOV_WGI_RQ.EST"
"AFG","Afghanistan",2012,-1.2742499,"GOV_WGI_RQ.EST"
"AFG","Afghanistan",2011,-1.4698916,"GOV_WGI_RQ.EST"
"AFG","Afghanistan",2010,-1.460423,"GOV_WGI_RQ.EST"
"ALB","Albania",2024,0.2527435,"GOV_WGI_RQ.EST"
"ALB","Albania",2023,0.1040899,"GOV_WGI_RQ.EST"
"ALB","Albania",2022,0.0598038,"GOV_WGI_RQ.EST"
"ALB","Albania",2021,0.0569661,"GOV_WGI_RQ.EST"
"ALB","Albania",2020,0.0591864,"GOV_WGI_RQ.EST"
"ALB","Albania",2019,0.163741,"GOV_WGI_RQ.EST"
"ALB","Albania",2018,0.1338227,"GOV_WGI_RQ.EST"
"ALB","Albania",2017,0.1151517,"GOV_WGI_RQ.EST"
"ALB","Albania",2016,0.0709287,"GOV_WGI_RQ.EST"
"ALB","Albania",2015,0.0419841,"GOV_WGI_RQ.EST"
"ALB","Albania",2014,0.1122108,"GOV_WGI_RQ.EST"
"ALB","Albania",2013,-0.0086184,"GOV_WGI_RQ.EST"
"ALB","Albania",2012,-0.0253159,"GOV_WGI_RQ.EST"
"ALB","Albania",2011,0.0795064,"GOV_WGI_RQ.EST"
"ALB","Albania",2010,0.1260838,"GOV_WGI_RQ.EST"
"DZA","Algeria",2024,-0.8029055,"GOV_WGI_RQ.EST"
"DZA","Algeria",2023,-0.8527341,"GOV_WGI_RQ.EST"
"DZA","Algeria",2022,-0.914939,"GOV_WGI_RQ.EST"
"DZA","Algeria",2021,-1.031772,"GOV_WGI_RQ.EST"
"DZA","Algeria",2020,-1.1221162,"GOV_WGI_RQ.EST"
"DZA","Algeria",2019,-1.1655096,"GOV_WGI_RQ.EST"
"DZA","Algeria",2018,-1.0681927,"GOV_WGI_RQ.EST"
"DZA","Algeria",2017,-0.9664084,"GOV_WGI_RQ.EST"
"DZA","Algeria",2016,-0.9322382,"GOV_WGI_RQ.EST"
"DZA","Algeria",2015,-0.9377155,"GOV_WGI_RQ.EST"
"DZA","Algeria",2014,-1.0418885,"GOV_WGI_RQ.EST"
"DZA","Algeria",2013,-0.8331303,"GOV_WGI_RQ.EST"
"DZA","Algeria",2012,-1.0833303,"GOV_WGI_RQ.EST"
"DZA","Algeria",2011,-1.1510793,"GOV_WGI_RQ.EST"
"DZA","Algeria",2010,-1.0123656,"GOV_WGI_RQ.EST"
"ASM","American Samoa",2024,0.3783401,"GOV_WGI_RQ.EST"
"ASM","American Samoa",2023,0.3802312,"GOV_WGI_RQ.EST"
"ASM","American Samoa",2022,0.379506,"GOV_WGI_RQ.EST"
"ASM","American Samoa",2021,0.3867674,"GOV_WGI_RQ.EST"
"ASM","American Samoa",2020,0.388867,"GOV_WGI_RQ.EST"
"ASM","American Samoa",2019,-0.0796304,"GOV_WGI_RQ.EST"
"ASM","American Samoa",2018,-0.0843446,"GOV_WGI_RQ.EST"
"ASM","American Samoa",2017,-0.086513,"GOV_WGI_RQ.EST"
"ASM","American Samoa",2016,0.1468832,"GOV_WGI_RQ.EST"
"ASM","American Samoa",2015,0.1441808,"GOV_WGI_RQ.EST"
"ASM","American Samoa",2014,0.1381031,"GOV_WGI_RQ.EST"
"ASM","American Samoa",2013,0.5534562,"GOV_WGI_RQ.EST"
"ASM","American Samoa",2012,0.5543086,"GOV_WGI_RQ.EST"
"ASM","American Samoa",2011,0.565094,"GOV_WGI_RQ.EST"
"ASM","American Samoa",2010,0.5626576,"GOV_WGI_RQ.EST"
"AND","Andorra",2024,1.0917245,"GOV_WGI_RQ.EST"
"AND","Andorra",2023,1.0936156,"GOV_WGI_RQ.EST"
"AND","Andorra",2022,1.0928903,"GOV_WGI_RQ.EST"
"AND","Andorra",2021,1.1001518,"GOV_WGI_RQ.EST"
"AND","Andorra",2020,1.1022513,"GOV_WGI_RQ.EST"
"AND","Andorra",2019,1.3471387,"GOV_WGI_RQ.EST"
"AND","Andorra",2018,1.3424245,"GOV_WGI_RQ.EST"
"AND","Andorra",2017,1.3402562,"GOV_WGI_RQ.EST"
"AND","Andorra",2016,1.0980626,"GOV_WGI_RQ.EST"
"AND","Andorra",2015,1.0953602,"GOV_WGI_RQ.EST"
"AND","Andorra",2014,1.0892825,"GOV_WGI_RQ.EST"
"AND","Andorra",2013,1.8018795,"GOV_WGI_RQ.EST"
"AND","Andorra",2012,1.8027319,"GOV_WGI_RQ.EST"
"AND","Andorra",2011,1.8135173,"GOV_WGI_RQ.EST"
"AND","Andorra",2010,1.6327346,"GOV_WGI_RQ.EST"
"AGO","Angola",2024,-0.7250019,"GOV_WGI_RQ.EST"
"AGO","Angola",2023,-0.8800949,"GOV_WGI_RQ.EST"
"AGO","Angola",2022,-0.840825,"GOV_WGI_RQ.EST"
"AGO","Angola",2021,-0.8385356,"GOV_WGI_RQ.EST"
"AGO","Angola",2020,-1.0088898,"GOV_WGI_RQ.EST"
"AGO","Angola",2019,-0.9655411,"GOV_WGI_RQ.EST"
"AGO","Angola",2018,-1.0296557,"GOV_WGI_RQ.EST"
"AGO","Angola",2017,-1.1421661,"GOV_WGI_RQ.EST"
"AGO","Angola",2016,-1.1428145,"GOV_WGI_RQ.EST"
"AGO","Angola",2015,-1.0468871,"GOV_WGI_RQ.EST"
"AGO","Angola",2014,-0.9884234,"GOV_WGI_RQ.EST"
"AGO","Angola",2013,-1.05454,"GOV_WGI_RQ.EST"
"AGO","Angola",2012,-0.9726709,"GOV_WGI_RQ.EST"
"AGO","Angola",2011,-1.0449273,"GOV_WGI_RQ.EST"
"AGO","Angola",2010,-1.0190246,"GOV_WGI_RQ.EST"
"ATG","Antigua and Barbuda",2024,0.6291164,"GOV_WGI_RQ.EST"
"ATG","Antigua and Barbuda",2023,0.618832,"GOV_WGI_RQ.EST"
"ATG","Antigua and Barbuda",2022,0.4536534,"GOV_WGI_RQ.EST"
"ATG","Antigua and Barbuda",2021,0.5490505,"GOV_WGI_RQ.EST"
"ATG","Antigua and Barbuda",2020,0.5770848,"GOV_WGI_RQ.EST"
"ATG","Antigua and Barbuda",2019,0.5809802,"GOV_WGI_RQ.EST"
"ATG","Antigua and Barbuda",2018,0.4911969,"GOV_WGI_RQ.EST"
"ATG","Antigua and Barbuda",2017,0.2399737,"GOV_WGI_RQ.EST"
"ATG","Antigua and Barbuda",2016,0.2118431,"GOV_WGI_RQ.EST"
"ATG","Antigua and Barbuda",2015,0.2103589,"GOV_WGI_RQ.EST"
"ATG","Antigua and Barbuda",2014,0.3758982,"GOV_WGI_RQ.EST"
"ATG","Antigua and Barbuda",2013,0.5534562,"GOV_WGI_RQ.EST"
"ATG","Antigua and Barbuda",2012,0.5543086,"GOV_WGI_RQ.EST"
"ATG","Antigua and Barbuda",2011,0.565094,"GOV_WGI_RQ.EST"
"ATG","Antigua and Barbuda",2010,0.5626576,"GOV_WGI_RQ.EST"
"ARG","Argentina",2024,-0.2400427,"GOV_WGI_RQ.EST"
"ARG","Argentina",2023,-0.487365,"GOV_WGI_RQ.EST"
"ARG","Argentina",2022,-0.5186581,"GOV_WGI_RQ.EST"
"ARG","Argentina",2021,-0.5223176,"GOV_WGI_RQ.EST"
"ARG","Argentina",2020,-0.4978994,"GOV_WGI_RQ.EST"
"ARG","Argentina",2019,-0.4039783,"GOV_WGI_RQ.EST"
"ARG","Argentina",2018,-0.1348354,"GOV_WGI_RQ.EST"
"ARG","Argentina",2017,-0.0841939,"GOV_WGI_RQ.EST"
"ARG","Argentina",2016,-0.2294909,"GOV_WGI_RQ.EST"
"ARG","Argentina",2015,-0.7942927,"GOV_WGI_RQ.EST"
"ARG","Argentina",2014,-0.9850009,"GOV_WGI_RQ.EST"
"ARG","Argentina",2013,-0.8203438,"GOV_WGI_RQ.EST"
"ARG","Argentina",2012,-0.8159461,"GOV_WGI_RQ.EST"
"ARG","Argentina",2011,-0.6846549,"GOV_WGI_RQ.EST"
"ARG","Argentina",2010,-0.7210141,"GOV_WGI_RQ.EST"
"ARM","Armenia",2024,0.2017147,"GOV_WGI_RQ.EST"
"ARM","Armenia",2023,0.1433579,"GOV_WGI_RQ.EST"
"ARM","Armenia",2022,0.1001504,"GOV_WGI_RQ.EST"
"ARM","Armenia",2021,0.2009334,"GOV_WGI_RQ.EST"
"ARM","Armenia",2020,0.2091674,"GOV_WGI_RQ.EST"
"ARM","Armenia",2019,0.2608752,"GOV_WGI_RQ.EST"
"ARM","Armenia",2018,0.2914814,"GOV_WGI_RQ.EST"
"ARM","Armenia",2017,0.2680609,"GOV_WGI_RQ.EST"
"ARM","Armenia",2016,0.2379907,"GOV_WGI_RQ.EST"
"ARM","Armenia",2015,0.2177922,"GOV_WGI_RQ.EST"
"ARM","Armenia",2014,0.1443683,"GOV_WGI_RQ.EST"
"ARM","Armenia",2013,0.3503429,"GOV_WGI_RQ.EST"
"ARM","Armenia",2012,0.4461129,"GOV_WGI_RQ.EST"
"ARM","Armenia",2011,0.4062074,"GOV_WGI_RQ.EST"
"ARM","Armenia",2010,0.4230136,"GOV_WGI_RQ.EST"
"ABW","Aruba",2024,0.9762871,"GOV_WGI_RQ.EST"
"ABW","Aruba",2023,0.977025,"GOV_WGI_RQ.EST"
"ABW","Aruba",2022,0.976742,"GOV_WGI_RQ.EST"
"ABW","Aruba",2021,0.9795755,"GOV_WGI_RQ.EST"
"ABW","Aruba",2020,0.9803948,"GOV_WGI_RQ.EST"
"ABW","Aruba",2019,0.9831623,"GOV_WGI_RQ.EST"
"ABW","Aruba",2018,0.9813228,"GOV_WGI_RQ.EST"
"ABW","Aruba",2017,1.2944645,"GOV_WGI_RQ.EST"
"ABW","Aruba",2016,1.3974107,"GOV_WGI_RQ.EST"
"ABW","Aruba",2015,1.3963562,"GOV_WGI_RQ.EST"
"ABW","Aruba",2014,1.3011934,"GOV_WGI_RQ.EST"
"ABW","Aruba",2013,1.4864682,"GOV_WGI_RQ.EST"
"ABW","Aruba",2012,1.4868008,"GOV_WGI_RQ.EST"
"ABW","Aruba",2011,1.4910095,"GOV_WGI_RQ.EST"
"ABW","Aruba",2010,1.4900588,"GOV_WGI_RQ.EST"
"AUS","Australia",2024,1.694063,"GOV_WGI_RQ.EST"
"AUS","Australia",2023,1.8359557,"GOV_WGI_RQ.EST"
"AUS","Australia",2022,1.8354348,"GOV_WGI_RQ.EST"
"AUS","Australia",2021,1.8067867,"GOV_WGI_RQ.EST"
"AUS","Australia",2020,1.7925436,"GOV_WGI_RQ.EST"
"AUS","Australia",2019,1.8646069,"GOV_WGI_RQ.EST"
"AUS","Australia",2018,1.8493385,"GOV_WGI_RQ.EST"
"AUS","Australia",2017,1.8391528,"GOV_WGI_RQ.EST"
"AUS","Australia",2016,1.8408229,"GOV_WGI_RQ.EST"
"AUS","Australia",2015,1.7704703,"GOV_WGI_RQ.EST"
"AUS","Australia",2014,1.7713062,"GOV_WGI_RQ.EST"
"AUS","Australia",2013,1.9052489,"GOV_WGI_RQ.EST"
"AUS","Australia",2012,1.9173424,"GOV_WGI_RQ.EST"
"AUS","Australia",2011,1.8289104,"GOV_WGI_RQ.EST"
"AUS","Australia",2010,1.6825579,"GOV_WGI_RQ.EST"
"AUT","Austria",2024,1.1804689,"GOV_WGI_RQ.EST"
"AUT","Austria",2023,1.2720541,"GOV_WGI_RQ.EST"
"AUT","Austria",2022,1.388552,"GOV_WGI_RQ.EST"
"AUT","Austria",2021,1.4277058,"GOV_WGI_RQ.EST"
"AUT","Austria",2020,1.4532431,"GOV_WGI_RQ.EST"
"AUT","Austria",2019,1.5390702,"GOV_WGI_RQ.EST"
"AUT","Austria",2018,1.5233548,"GOV_WGI_RQ.EST"
"AUT","Austria",2017,1.4300593,"GOV_WGI_RQ.EST"
"AUT","Austria",2016,1.4096468,"GOV_WGI_RQ.EST"
"AUT","Austria",2015,1.314103,"GOV_WGI_RQ.EST"
"AUT","Austria",2014,1.3355337,"GOV_WGI_RQ.EST"
"AUT","Austria",2013,1.4193653,"GOV_WGI_RQ.EST"
"AUT","Austria",2012,1.5137291,"GOV_WGI_RQ.EST"
"AUT","Austria",2011,1.5576895,"GOV_WGI_RQ.EST"
"AUT","Austria",2010,1.6228877,"GOV_WGI_RQ.EST"
"AZE","Azerbaijan",2024,-0.0106366,"GOV_WGI_RQ.EST"
"AZE","Azerbaijan",2023,-0.0102293,"GOV_WGI_RQ.EST"
"AZE","Azerbaijan",2022,-0.1060242,"GOV_WGI_RQ.EST"
"AZE","Azerbaijan",2021,-0.1046782,"GOV_WGI_RQ.EST"
"AZE","Azerbaijan",2020,-0.1466508,"GOV_WGI_RQ.EST"
"AZE","Azerbaijan",2019,-0.1453362,"GOV_WGI_RQ.EST"
"AZE","Azerbaijan",2018,-0.2183502,"GOV_WGI_RQ.EST"
"AZE","Azerbaijan",2017,-0.2077789,"GOV_WGI_RQ.EST"
"AZE","Azerbaijan",2016,-0.2363019,"GOV_WGI_RQ.EST"
"AZE","Azerbaijan",2015,-0.288138,"GOV_WGI_RQ.EST"
"AZE","Azerbaijan",2014,-0.2724803,"GOV_WGI_RQ.EST"
"AZE","Azerbaijan",2013,-0.3803932,"GOV_WGI_RQ.EST"
"AZE","Azerbaijan",2012,-0.4902948,"GOV_WGI_RQ.EST"
"AZE","Azerbaijan",2011,-0.4463354,"GOV_WGI_RQ.EST"
"AZE","Azerbaijan",2010,-0.4673991,"GOV_WGI_RQ.EST"
"BHS","Bahamas, The",2024,-0.1580753,"GOV_WGI_RQ.EST"
"BHS","Bahamas, The",2023,-0.146744,"GOV_WGI_RQ.EST"
"BHS","Bahamas, The",2022,-0.1247361,"GOV_WGI_RQ.EST"
"BHS","Bahamas, The",2021,-0.0704195,"GOV_WGI_RQ.EST"
"BHS","Bahamas, The",2020,-0.0630748,"GOV_WGI_RQ.EST"
"BHS","Bahamas, The",2019,-0.0614142,"GOV_WGI_RQ.EST"
"BHS","Bahamas, The",2018,0.1059301,"GOV_WGI_RQ.EST"
"BHS","Bahamas, The",2017,0.0444722,"GOV_WGI_RQ.EST"
"BHS","Bahamas, The",2016,0.1991554,"GOV_WGI_RQ.EST"
"BHS","Bahamas, The",2015,0.1640117,"GOV_WGI_RQ.EST"
"BHS","Bahamas, The",2014,0.2813959,"GOV_WGI_RQ.EST"
"BHS","Bahamas, The",2013,0.3583473,"GOV_WGI_RQ.EST"
"BHS","Bahamas, The",2012,0.5140696,"GOV_WGI_RQ.EST"
"BHS","Bahamas, The",2011,0.5171956,"GOV_WGI_RQ.EST"
"BHS","Bahamas, The",2010,0.5681796,"GOV_WGI_RQ.EST"
"BHR","Bahrain",2024,0.9515356,"GOV_WGI_RQ.EST"
"BHR","Bahrain",2023,0.907367,"GOV_WGI_RQ.EST"
"BHR","Bahrain",2022,0.8293575,"GOV_WGI_RQ.EST"
"BHR","Bahrain",2021,0.7647936,"GOV_WGI_RQ.EST"
"BHR","Bahrain",2020,0.5462507,"GOV_WGI_RQ.EST"
"BHR","Bahrain",2019,0.5050842,"GOV_WGI_RQ.EST"
"BHR","Bahrain",2018,0.4788907,"GOV_WGI_RQ.EST"
"BHR","Bahrain",2017,0.4784551,"GOV_WGI_RQ.EST"
"BHR","Bahrain",2016,0.5143309,"GOV_WGI_RQ.EST"
"BHR","Bahrain",2015,0.6958553,"GOV_WGI_RQ.EST"
"BHR","Bahrain",2014,0.5821178,"GOV_WGI_RQ.EST"
"BHR","Bahrain",2013,0.7440567,"GOV_WGI_RQ.EST"
"BHR","Bahrain",2012,0.7583439,"GOV_WGI_RQ.EST"
"BHR","Bahrain",2011,0.8307421,"GOV_WGI_RQ.EST"
"BHR","Bahrain",2010,0.8187209,"GOV_WGI_RQ.EST"
"BGD","Bangladesh",2024,-0.9562646,"GOV_WGI_RQ.EST"
"BGD","Bangladesh",2023,-0.9124984,"GOV_WGI_RQ.EST"
"BGD","Bangladesh",2022,-0.8979595,"GOV_WGI_RQ.EST"
"BGD","Bangladesh",2021,-0.8509744,"GOV_WGI_RQ.EST"
"BGD","Bangladesh",2020,-0.8887157,"GOV_WGI_RQ.EST"
"BGD","Bangladesh",2019,-0.8832624,"GOV_WGI_RQ.EST"
"BGD","Bangladesh",2018,-0.7921536,"GOV_WGI_RQ.EST"
"BGD","Bangladesh",2017,-0.7648264,"GOV_WGI_RQ.EST"
"BGD","Bangladesh",2016,-0.7770939,"GOV_WGI_RQ.EST"
"BGD","Bangladesh",2015,-0.7889472,"GOV_WGI_RQ.EST"
"BGD","Bangladesh",2014,-0.8922894,"GOV_WGI_RQ.EST"
"BGD","Bangladesh",2013,-0.9437445,"GOV_WGI_RQ.EST"
"BGD","Bangladesh",2012,-0.973843,"GOV_WGI_RQ.EST"
"BGD","Bangladesh",2011,-0.8427506,"GOV_WGI_RQ.EST"
"BGD","Bangladesh",2010,-0.8473194,"GOV_WGI_RQ.EST"
"BRB","Barbados",2024,0.4456402,"GOV_WGI_RQ.EST"
"BRB","Barbados",2023,0.4372336,"GOV_WGI_RQ.EST"
"BRB","Barbados",2022,0.415917,"GOV_WGI_RQ.EST"
"BRB","Barbados",2021,0.4825419,"GOV_WGI_RQ.EST"
"BRB","Barbados",2020,0.423284,"GOV_WGI_RQ.EST"
"BRB","Barbados",2019,0.392552,"GOV_WGI_RQ.EST"
"BRB","Barbados",2018,0.402708,"GOV_WGI_RQ.EST"
"BRB","Barbados",2017,0.4177642,"GOV_WGI_RQ.EST"
"BRB","Barbados",2016,0.5163567,"GOV_WGI_RQ.EST"
"BRB","Barbados",2015,0.5576231,"GOV_WGI_RQ.EST"
"BRB","Barbados",2014,0.3597117,"GOV_WGI_RQ.EST"
"BRB","Barbados",2013,0.622936,"GOV_WGI_RQ.EST"
"BRB","Barbados",2012,0.6309704,"GOV_WGI_RQ.EST"
"BRB","Barbados",2011,0.6907814,"GOV_WGI_RQ.EST"
"BRB","Barbados",2010,0.5910044,"GOV_WGI_RQ.EST"
"BLR","Belarus",2024,-1.2576624,"GOV_WGI_RQ.EST"
"BLR","Belarus",2023,-1.205106,"GOV_WGI_RQ.EST"
"BLR","Belarus",2022,-1.1133463,"GOV_WGI_RQ.EST"
"BLR","Belarus",2021,-0.8364114,"GOV_WGI_RQ.EST"
"BLR","Belarus",2020,-0.7404249,"GOV_WGI_RQ.EST"
"BLR","Belarus",2019,-0.5743442,"GOV_WGI_RQ.EST"
"BLR","Belarus",2018,-0.7879892,"GOV_WGI_RQ.EST"
"BLR","Belarus",2017,-0.890527,"GOV_WGI_RQ.EST"
"BLR","Belarus",2016,-0.9321664,"GOV_WGI_RQ.EST"
"BLR","Belarus",2015,-1.042701,"GOV_WGI_RQ.EST"
"BLR","Belarus",2014,-0.9876367,"GOV_WGI_RQ.EST"
"BLR","Belarus",2013,-1.1133147,"GOV_WGI_RQ.EST"
"BLR","Belarus",2012,-1.1095944,"GOV_WGI_RQ.EST"
"BLR","Belarus",2011,-1.3607386,"GOV_WGI_RQ.EST"
"BLR","Belarus",2010,-1.2125854,"GOV_WGI_RQ.EST"
"BEL","Belgium",2024,1.2038426,"GOV_WGI_RQ.EST"
"BEL","Belgium",2023,1.256937,"GOV_WGI_RQ.EST"
"BEL","Belgium",2022,1.3961432,"GOV_WGI_RQ.EST"
"BEL","Belgium",2021,1.3995015,"GOV_WGI_RQ.EST"
"BEL","Belgium",2020,1.372603,"GOV_WGI_RQ.EST"
"BEL","Belgium",2019,1.305463,"GOV_WGI_RQ.EST"
"BEL","Belgium",2018,1.2880934,"GOV_WGI_RQ.EST"
"BEL","Belgium",2017,1.3038297,"GOV_WGI_RQ.EST"
"BEL","Belgium",2016,1.3426854,"GOV_WGI_RQ.EST"
"BEL","Belgium",2015,1.2232349,"GOV_WGI_RQ.EST"
"BEL","Belgium",2014,0.9817084,"GOV_WGI_RQ.EST"
"BEL","Belgium",2013,1.1465812,"GOV_WGI_RQ.EST"
"BEL","Belgium",2012,1.1275658,"GOV_WGI_RQ.EST"
"BEL","Belgium",2011,1.1001442,"GOV_WGI_RQ.EST"
"BEL","Belgium",2010,1.1740332,"GOV_WGI_RQ.EST"
"BLZ","Belize",2024,-0.4558281,"GOV_WGI_RQ.EST"
"BLZ","Belize",2023,-0.4951679,"GOV_WGI_RQ.EST"
"BLZ","Belize",2022,-0.6162046,"GOV_WGI_RQ.EST"
"BLZ","Belize",2021,-0.6069963,"GOV_WGI_RQ.EST"
"BLZ","Belize",2020,-0.5824191,"GOV_WGI_RQ.EST"
"BLZ","Belize",2019,-0.5807515,"GOV_WGI_RQ.EST"
"BLZ","Belize",2018,-0.6593506,"GOV_WGI_RQ.EST"
"BLZ","Belize",2017,-0.5269099,"GOV_WGI_RQ.EST"
"BLZ","Belize",2016,-0.4716693,"GOV_WGI_RQ.EST"
"BLZ","Belize",2015,-0.4769202,"GOV_WGI_RQ.EST"
"BLZ","Belize",2014,-0.5297169,"GOV_WGI_RQ.EST"
"BLZ","Belize",2013,-0.3336984,"GOV_WGI_RQ.EST"
"BLZ","Belize",2012,-0.3334735,"GOV_WGI_RQ.EST"
"BLZ","Belize",2011,-0.2917466,"GOV_WGI_RQ.EST"
"BLZ","Belize",2010,-0.256136,"GOV_WGI_RQ.EST"
"BEN","Benin",2024,-0.3306579,"GOV_WGI_RQ.EST"
"BEN","Benin",2023,-0.2863171,"GOV_WGI_RQ.EST"
"BEN","Benin",2022,-0.3072676,"GOV_WGI_RQ.EST"
"BEN","Benin",2021,-0.3987017,"GOV_WGI_RQ.EST"
"BEN","Benin",2020,-0.4615966,"GOV_WGI_RQ.EST"
"BEN","Benin",2019,-0.5089023,"GOV_WGI_RQ.EST"
"BEN","Benin",2018,-0.4596744,"GOV_WGI_RQ.EST"
"BEN","Benin",2017,-0.4649515,"GOV_WGI_RQ.EST"
"BEN","Benin",2016,-0.4658203,"GOV_WGI_RQ.EST"
"BEN","Benin",2015,-0.5367098,"GOV_WGI_RQ.EST"
"BEN","Benin",2014,-0.5453788,"GOV_WGI_RQ.EST"
"BEN","Benin",2013,-0.5554674,"GOV_WGI_RQ.EST"
"BEN","Benin",2012,-0.5252078,"GOV_WGI_RQ.EST"
"BEN","Benin",2011,-0.4618602,"GOV_WGI_RQ.EST"
"BEN","Benin",2010,-0.4288292,"GOV_WGI_RQ.EST"
"BMU","Bermuda",2024,0.6161348,"GOV_WGI_RQ.EST"
"BMU","Bermuda",2023,0.6180258,"GOV_WGI_RQ.EST"
"BMU","Bermuda",2022,0.8550957,"GOV_WGI_RQ.EST"
"BMU","Bermuda",2021,0.8623571,"GOV_WGI_RQ.EST"
"BMU","Bermuda",2020,0.8644567,"GOV_WGI_RQ.EST"
"BMU","Bermuda",2019,0.871549,"GOV_WGI_RQ.EST"
"BMU","Bermuda",2018,0.8668348,"GOV_WGI_RQ.EST"
"BMU","Bermuda",2017,0.8646665,"GOV_WGI_RQ.EST"
"BMU","Bermuda",2016,0.860268,"GOV_WGI_RQ.EST"
"BMU","Bermuda",2015,0.6197705,"GOV_WGI_RQ.EST"
"BMU","Bermuda",2014,0.6136928,"GOV_WGI_RQ.EST"
"BMU","Bermuda",2013,1.4451873,"GOV_WGI_RQ.EST"
"BMU","Bermuda",2012,1.4460397,"GOV_WGI_RQ.EST"
"BMU","Bermuda",2011,1.4568251,"GOV_WGI_RQ.EST"
"BMU","Bermuda",2010,1.4543887,"GOV_WGI_RQ.EST"
"BTN","Bhutan",2024,-0.1136468,"GOV_WGI_RQ.EST"
"BTN","Bhutan",2023,-0.114452,"GOV_WGI_RQ.EST"
"BTN","Bhutan",2022,-0.1145779,"GOV_WGI_RQ.EST"
"BTN","Bhutan",2021,-0.0580684,"GOV_WGI_RQ.EST"
"BTN","Bhutan",2020,-0.0340604,"GOV_WGI_RQ.EST"
"BTN","Bhutan",2019,-0.0684511,"GOV_WGI_RQ.EST"
"BTN","Bhutan",2018,-0.0496736,"GOV_WGI_RQ.EST"
"BTN","Bhutan",2017,-0.1297659,"GOV_WGI_RQ.EST"
"BTN","Bhutan",2016,-0.3542871,"GOV_WGI_RQ.EST"
"BTN","Bhutan",2015,-0.3941749,"GOV_WGI_RQ.EST"
"BTN","Bhutan",2014,-0.8101549,"GOV_WGI_RQ.EST"
"BTN","Bhutan",2013,-0.9194578,"GOV_WGI_RQ.EST"
"BTN","Bhutan",2012,-0.9049799,"GOV_WGI_RQ.EST"
"BTN","Bhutan",2011,-0.9299335,"GOV_WGI_RQ.EST"
"BTN","Bhutan",2010,-0.9325022,"GOV_WGI_RQ.EST"
"BOL","Bolivia",2024,-1.2536368,"GOV_WGI_RQ.EST"
"BOL","Bolivia",2023,-1.1402561,"GOV_WGI_RQ.EST"
"BOL","Bolivia",2022,-1.0907774,"GOV_WGI_RQ.EST"
"BOL","Bolivia",2021,-1.0801655,"GOV_WGI_RQ.EST"
"BOL","Bolivia",2020,-1.0201398,"GOV_WGI_RQ.EST"
"BOL","Bolivia",2019,-0.9563783,"GOV_WGI_RQ.EST"
"BOL","Bolivia",2018,-0.8580125,"GOV_WGI_RQ.EST"
"BOL","Bolivia",2017,-0.8410139,"GOV_WGI_RQ.EST"
"BOL","Bolivia",2016,-0.8539126,"GOV_WGI_RQ.EST"
"BOL","Bolivia",2015,-0.8358526,"GOV_WGI_RQ.EST"
"BOL","Bolivia",2014,-0.8447583,"GOV_WGI_RQ.EST"
"BOL","Bolivia",2013,-0.8522505,"GOV_WGI_RQ.EST"
"BOL","Bolivia",2012,-0.8631061,"GOV_WGI_RQ.EST"
"BOL","Bolivia",2011,-0.8085695,"GOV_WGI_RQ.EST"
"BOL","Bolivia",2010,-0.8416032,"GOV_WGI_RQ.EST"
"BIH","Bosnia and Herzegovina",2024,-0.3602833,"GOV_WGI_RQ.EST"
"BIH","Bosnia and Herzegovina",2023,-0.357889,"GOV_WGI_RQ.EST"
"BIH","Bosnia and Herzegovina",2022,-0.3245083,"GOV_WGI_RQ.EST"
"BIH","Bosnia and Herzegovina",2021,-0.3245771,"GOV_WGI_RQ.EST"
"BIH","Bosnia and Herzegovina",2020,-0.3198876,"GOV_WGI_RQ.EST"
"BIH","Bosnia and Herzegovina",2019,-0.3213861,"GOV_WGI_RQ.EST"
"BIH","Bosnia and Herzegovina",2018,-0.3127593,"GOV_WGI_RQ.EST"
"BIH","Bosnia and Herzegovina",2017,-0.1663657,"GOV_WGI_RQ.EST"
"BIH","Bosnia and Herzegovina",2016,-0.2716019,"GOV_WGI_RQ.EST"
"BIH","Bosnia and Herzegovina",2015,-0.2743926,"GOV_WGI_RQ.EST"
"BIH","Bosnia and Herzegovina",2014,-0.1787786,"GOV_WGI_RQ.EST"
"BIH","Bosnia and Herzegovina",2013,-0.1909242,"GOV_WGI_RQ.EST"
"BIH","Bosnia and Herzegovina",2012,-0.1892953,"GOV_WGI_RQ.EST"
"BIH","Bosnia and Herzegovina",2011,-0.2456496,"GOV_WGI_RQ.EST"
"BIH","Bosnia and Herzegovina",2010,-0.2176698,"GOV_WGI_RQ.EST"
"BWA","Botswana",2024,0.3628064,"GOV_WGI_RQ.EST"
"BWA","Botswana",2023,0.4283562,"GOV_WGI_RQ.EST"
"BWA","Botswana",2022,0.4802442,"GOV_WGI_RQ.EST"
"BWA","Botswana",2021,0.4742426,"GOV_WGI_RQ.EST"
"BWA","Botswana",2020,0.4167935,"GOV_WGI_RQ.EST"
"BWA","Botswana",2019,0.4550541,"GOV_WGI_RQ.EST"
"BWA","Botswana",2018,0.5709515,"GOV_WGI_RQ.EST"
"BWA","Botswana",2017,0.5529658,"GOV_WGI_RQ.EST"
"BWA","Botswana",2016,0.6321371,"GOV_WGI_RQ.EST"
"BWA","Botswana",2015,0.6235673,"GOV_WGI_RQ.EST"
"BWA","Botswana",2014,0.7170235,"GOV_WGI_RQ.EST"
"BWA","Botswana",2013,0.7758215,"GOV_WGI_RQ.EST"
"BWA","Botswana",2012,0.8765939,"GOV_WGI_RQ.EST"
"BWA","Botswana",2011,0.8041714,"GOV_WGI_RQ.EST"
"BWA","Botswana",2010,0.8110211,"GOV_WGI_RQ.EST"
"BRA","Brazil",2024,-0.3825789,"GOV_WGI_RQ.EST"
"BRA","Brazil",2023,-0.3172263,"GOV_WGI_RQ.EST"
"BRA","Brazil",2022,-0.1677479,"GOV_WGI_RQ.EST"
"BRA","Brazil",2021,-0.1226409,"GOV_WGI_RQ.EST"
"BRA","Brazil",2020,-0.1224856,"GOV_WGI_RQ.EST"
"BRA","Brazil",2019,-0.0738371,"GOV_WGI_RQ.EST"
"BRA","Brazil",2018,-0.2113431,"GOV_WGI_RQ.EST"
"BRA","Brazil",2017,-0.076908,"GOV_WGI_RQ.EST"
"BRA","Brazil",2016,-0.0690733,"GOV_WGI_RQ.EST"
"BRA","Brazil",2015,-0.0618638,"GOV_WGI_RQ.EST"
"BRA","Brazil",2014,0.0004755,"GOV_WGI_RQ.EST"
"BRA","Brazil",2013,0.1486036,"GOV_WGI_RQ.EST"
"BRA","Brazil",2012,0.1958017,"GOV_WGI_RQ.EST"
"BRA","Brazil",2011,0.1931333,"GOV_WGI_RQ.EST"
"BRA","Brazil",2010,0.216413,"GOV_WGI_RQ.EST"
"BRN","Brunei Darussalam",2024,0.9168834,"GOV_WGI_RQ.EST"
"BRN","Brunei Darussalam",2023,0.9282307,"GOV_WGI_RQ.EST"
"BRN","Brunei Darussalam",2022,0.9760807,"GOV_WGI_RQ.EST"
"BRN","Brunei Darussalam",2021,0.9779872,"GOV_WGI_RQ.EST"
"BRN","Brunei Darussalam",2020,0.8749411,"GOV_WGI_RQ.EST"
"BRN","Brunei Darussalam",2019,0.8544226,"GOV_WGI_RQ.EST"
"BRN","Brunei Darussalam",2018,0.9049765,"GOV_WGI_RQ.EST"
"BRN","Brunei Darussalam",2017,0.8453785,"GOV_WGI_RQ.EST"
"BRN","Brunei Darussalam",2016,0.7742925,"GOV_WGI_RQ.EST"
"BRN","Brunei Darussalam",2015,0.9009472,"GOV_WGI_RQ.EST"
"BRN","Brunei Darussalam",2014,0.9667414,"GOV_WGI_RQ.EST"
"BRN","Brunei Darussalam",2013,1.0157903,"GOV_WGI_RQ.EST"
"BRN","Brunei Darussalam",2012,0.9920631,"GOV_WGI_RQ.EST"
"BRN","Brunei Darussalam",2011,1.0075711,"GOV_WGI_RQ.EST"
"BRN","Brunei Darussalam",2010,0.9936064,"GOV_WGI_RQ.EST"
"BGR","Bulgaria",2024,0.3459344,"GOV_WGI_RQ.EST"
"BGR","Bulgaria",2023,0.4039459,"GOV_WGI_RQ.EST"
"BGR","Bulgaria",2022,0.3065028,"GOV_WGI_RQ.EST"
"BGR","Bulgaria",2021,0.3814122,"GOV_WGI_RQ.EST"
"BGR","Bulgaria",2020,0.3750972,"GOV_WGI_RQ.EST"
"BGR","Bulgaria",2019,0.5188951,"GOV_WGI_RQ.EST"
"BGR","Bulgaria",2018,0.5143866,"GOV_WGI_RQ.EST"
"BGR","Bulgaria",2017,0.5760623,"GOV_WGI_RQ.EST"
"BGR","Bulgaria",2016,0.5858023,"GOV_WGI_RQ.EST"
"BGR","Bulgaria",2015,0.4294119,"GOV_WGI_RQ.EST"
"BGR","Bulgaria",2014,0.3643771,"GOV_WGI_RQ.EST"
"BGR","Bulgaria",2013,0.3519791,"GOV_WGI_RQ.EST"
"BGR","Bulgaria",2012,0.386603,"GOV_WGI_RQ.EST"
"BGR","Bulgaria",2011,0.3816223,"GOV_WGI_RQ.EST"
"BGR","Bulgaria",2010,0.5229555,"GOV_WGI_RQ.EST"
"BFA","Burkina Faso",2024,-0.559049,"GOV_WGI_RQ.EST"
"BFA","Burkina Faso",2023,-0.4872892,"GOV_WGI_RQ.EST"
"BFA","Burkina Faso",2022,-0.5026834,"GOV_WGI_RQ.EST"
"BFA","Burkina Faso",2021,-0.4659716,"GOV_WGI_RQ.EST"
"BFA","Burkina Faso",2020,-0.5112223,"GOV_WGI_RQ.EST"
"BFA","Burkina Faso",2019,-0.4795083,"GOV_WGI_RQ.EST"
"BFA","Burkina Faso",2018,-0.4262275,"GOV_WGI_RQ.EST"
"BFA","Burkina Faso",2017,-0.4092943,"GOV_WGI_RQ.EST"
"BFA","Burkina Faso",2016,-0.4172458,"GOV_WGI_RQ.EST"
"BFA","Burkina Faso",2015,-0.4087331,"GOV_WGI_RQ.EST"
"BFA","Burkina Faso",2014,-0.3370794,"GOV_WGI_RQ.EST"
"BFA","Burkina Faso",2013,-0.2576762,"GOV_WGI_RQ.EST"
"BFA","Burkina Faso",2012,-0.2362894,"GOV_WGI_RQ.EST"
"BFA","Burkina Faso",2011,-0.18075,"GOV_WGI_RQ.EST"
"BFA","Burkina Faso",2010,-0.1385942,"GOV_WGI_RQ.EST"
"BDI","Burundi",2024,-0.8336064,"GOV_WGI_RQ.EST"
"BDI","Burundi",2023,-0.9002702,"GOV_WGI_RQ.EST"
"BDI","Burundi",2022,-0.9259702,"GOV_WGI_RQ.EST"
"BDI","Burundi",2021,-1.0075327,"GOV_WGI_RQ.EST"
"BDI","Burundi",2020,-1.025358,"GOV_WGI_RQ.EST"
"BDI","Burundi",2019,-0.9329087,"GOV_WGI_RQ.EST"
"BDI","Burundi",2018,-0.9733328,"GOV_WGI_RQ.EST"
"BDI","Burundi",2017,-0.8540883,"GOV_WGI_RQ.EST"
"BDI","Burundi",2016,-0.8934929,"GOV_WGI_RQ.EST"
"BDI","Burundi",2015,-0.8823995,"GOV_WGI_RQ.EST"
"BDI","Burundi",2014,-0.8462878,"GOV_WGI_RQ.EST"
"BDI","Burundi",2013,-0.9587216,"GOV_WGI_RQ.EST"
"BDI","Burundi",2012,-0.9066415,"GOV_WGI_RQ.EST"
"BDI","Burundi",2011,-0.9505353,"GOV_WGI_RQ.EST"
"BDI","Burundi",2010,-1.0015561,"GOV_WGI_RQ.EST"
"CPV","Cabo Verde",2024,0.0277452,"GOV_WGI_RQ.EST"
"CPV","Cabo Verde",2023,0.0921492,"GOV_WGI_RQ.EST"
"CPV","Cabo Verde",2022,0.0920092,"GOV_WGI_RQ.EST"
"CPV","Cabo Verde",2021,0.0688208,"GOV_WGI_RQ.EST"
"CPV","Cabo Verde",2020,0.0101004,"GOV_WGI_RQ.EST"
"CPV","Cabo Verde",2019,-0.0376528,"GOV_WGI_RQ.EST"
"CPV","Cabo Verde",2018,-0.1815908,"GOV_WGI_RQ.EST"
"CPV","Cabo Verde",2017,-0.1188982,"GOV_WGI_RQ.EST"
"CPV","Cabo Verde",2016,-0.1580259,"GOV_WGI_RQ.EST"
"CPV","Cabo Verde",2015,-0.1892595,"GOV_WGI_RQ.EST"
"CPV","Cabo Verde",2014,-0.1619984,"GOV_WGI_RQ.EST"
"CPV","Cabo Verde",2013,-0.1471442,"GOV_WGI_RQ.EST"
"CPV","Cabo Verde",2012,0.0022274,"GOV_WGI_RQ.EST"
"CPV","Cabo Verde",2011,0.017081,"GOV_WGI_RQ.EST"
"CPV","Cabo Verde",2010,-0.101649,"GOV_WGI_RQ.EST"
"KHM","Cambodia",2024,-0.5908336,"GOV_WGI_RQ.EST"
"KHM","Cambodia",2023,-0.6283541,"GOV_WGI_RQ.EST"
"KHM","Cambodia",2022,-0.6440727,"GOV_WGI_RQ.EST"
"KHM","Cambodia",2021,-0.6390096,"GOV_WGI_RQ.EST"
"KHM","Cambodia",2020,-0.6472175,"GOV_WGI_RQ.EST"
"KHM","Cambodia",2019,-0.6016479,"GOV_WGI_RQ.EST"
"KHM","Cambodia",2018,-0.5488339,"GOV_WGI_RQ.EST"
"KHM","Cambodia",2017,-0.5609091,"GOV_WGI_RQ.EST"
"KHM","Cambodia",2016,-0.5270792,"GOV_WGI_RQ.EST"
"KHM","Cambodia",2015,-0.5847811,"GOV_WGI_RQ.EST"
"KHM","Cambodia",2014,-0.5580588,"GOV_WGI_RQ.EST"
"KHM","Cambodia",2013,-0.4575677,"GOV_WGI_RQ.EST"
"KHM","Cambodia",2012,-0.474209,"GOV_WGI_RQ.EST"
"KHM","Cambodia",2011,-0.6052013,"GOV_WGI_RQ.EST"
"KHM","Cambodia",2010,-0.3977561,"GOV_WGI_RQ.EST"
"CMR","Cameroon",2024,-0.8080298,"GOV_WGI_RQ.EST"
"CMR","Cameroon",2023,-0.7852199,"GOV_WGI_RQ.EST"
"CMR","Cameroon",2022,-0.7882917,"GOV_WGI_RQ.EST"
"CMR","Cameroon",2021,-0.8486631,"GOV_WGI_RQ.EST"
"CMR","Cameroon",2020,-0.7821252,"GOV_WGI_RQ.EST"
"CMR","Cameroon",2019,-0.8078157,"GOV_WGI_RQ.EST"
"CMR","Cameroon",2018,-0.8092495,"GOV_WGI_RQ.EST"
"CMR","Cameroon",2017,-0.82541,"GOV_WGI_RQ.EST"
"CMR","Cameroon",2016,-0.7436783,"GOV_WGI_RQ.EST"
"CMR","Cameroon",2015,-0.7868676,"GOV_WGI_RQ.EST"
"CMR","Cameroon",2014,-0.8336348,"GOV_WGI_RQ.EST"
"CMR","Cameroon",2013,-0.9390463,"GOV_WGI_RQ.EST"
"CMR","Cameroon",2012,-0.9131662,"GOV_WGI_RQ.EST"
"CMR","Cameroon",2011,-0.8394605,"GOV_WGI_RQ.EST"
"CMR","Cameroon",2010,-0.7724817,"GOV_WGI_RQ.EST"
"CAN","Canada",2024,1.2871551,"GOV_WGI_RQ.EST"
"CAN","Canada",2023,1.5853255,"GOV_WGI_RQ.EST"
"CAN","Canada",2022,1.6181602,"GOV_WGI_RQ.EST"
"CAN","Canada",2021,1.6247932,"GOV_WGI_RQ.EST"
"CAN","Canada",2020,1.5862738,"GOV_WGI_RQ.EST"
"CAN","Canada",2019,1.6682976,"GOV_WGI_RQ.EST"
"CAN","Canada",2018,1.6345196,"GOV_WGI_RQ.EST"
"CAN","Canada",2017,1.8453764,"GOV_WGI_RQ.EST"
"CAN","Canada",2016,1.7719496,"GOV_WGI_RQ.EST"
"CAN","Canada",2015,1.6504396,"GOV_WGI_RQ.EST"
"CAN","Canada",2014,1.6723072,"GOV_WGI_RQ.EST"
"CAN","Canada",2013,1.7389437,"GOV_WGI_RQ.EST"
"CAN","Canada",2012,1.7023123,"GOV_WGI_RQ.EST"
"CAN","Canada",2011,1.5982351,"GOV_WGI_RQ.EST"
"CAN","Canada",2010,1.625749,"GOV_WGI_RQ.EST"
"CYM","Cayman Islands",2024,1.0809497,"GOV_WGI_RQ.EST"
"CYM","Cayman Islands",2023,1.0816876,"GOV_WGI_RQ.EST"
"CYM","Cayman Islands",2022,1.0814046,"GOV_WGI_RQ.EST"
"CYM","Cayman Islands",2021,1.0842381,"GOV_WGI_RQ.EST"
"CYM","Cayman Islands",2020,1.0850574,"GOV_WGI_RQ.EST"
"CYM","Cayman Islands",2019,1.0878249,"GOV_WGI_RQ.EST"
"CYM","Cayman Islands",2018,1.0859854,"GOV_WGI_RQ.EST"
"CYM","Cayman Islands",2017,0.9923481,"GOV_WGI_RQ.EST"
"CYM","Cayman Islands",2016,0.9906317,"GOV_WGI_RQ.EST"
"CYM","Cayman Islands",2015,0.9895772,"GOV_WGI_RQ.EST"
"CYM","Cayman Islands",2014,0.9872056,"GOV_WGI_RQ.EST"
"CYM","Cayman Islands",2013,1.2420738,"GOV_WGI_RQ.EST"
"CYM","Cayman Islands",2012,1.2424064,"GOV_WGI_RQ.EST"
"CYM","Cayman Islands",2011,1.246615,"GOV_WGI_RQ.EST"
"CYM","Cayman Islands",2010,1.2456643,"GOV_WGI_RQ.EST"
"CAF","Central African Republic",2024,-1.2843018,"GOV_WGI_RQ.EST"
"CAF","Central African Republic",2023,-1.3286002,"GOV_WGI_RQ.EST"
"CAF","Central African Republic",2022,-1.368244,"GOV_WGI_RQ.EST"
"CAF","Central African Republic",2021,-1.3960899,"GOV_WGI_RQ.EST"
"CAF","Central African Republic",2020,-1.3656152,"GOV_WGI_RQ.EST"
"CAF","Central African Republic",2019,-1.366291,"GOV_WGI_RQ.EST"
"CAF","Central African Republic",2018,-1.3668583,"GOV_WGI_RQ.EST"
"CAF","Central African Republic",2017,-1.4196956,"GOV_WGI_RQ.EST"
"CAF","Central African Republic",2016,-1.4252401,"GOV_WGI_RQ.EST"
"CAF","Central African Republic",2015,-1.5156855,"GOV_WGI_RQ.EST"
"CAF","Central African Republic",2014,-1.5019255,"GOV_WGI_RQ.EST"
"CAF","Central African Republic",2013,-1.3936992,"GOV_WGI_RQ.EST"
"CAF","Central African Republic",2012,-1.1291212,"GOV_WGI_RQ.EST"
"CAF","Central African Republic",2011,-1.0971072,"GOV_WGI_RQ.EST"
"CAF","Central African Republic",2010,-1.0842833,"GOV_WGI_RQ.EST"
"TCD","Chad",2024,-1.0819928,"GOV_WGI_RQ.EST"
"TCD","Chad",2023,-1.0712626,"GOV_WGI_RQ.EST"
"TCD","Chad",2022,-1.0263539,"GOV_WGI_RQ.EST"
"TCD","Chad",2021,-1.0739911,"GOV_WGI_RQ.EST"
"TCD","Chad",2020,-1.1302248,"GOV_WGI_RQ.EST"
"TCD","Chad",2019,-1.1336501,"GOV_WGI_RQ.EST"
"TCD","Chad",2018,-1.1089769,"GOV_WGI_RQ.EST"
"TCD","Chad",2017,-1.0807374,"GOV_WGI_RQ.EST"
"TCD","Chad",2016,-1.1289647,"GOV_WGI_RQ.EST"
"TCD","Chad",2015,-1.137344,"GOV_WGI_RQ.EST"
"TCD","Chad",2014,-1.1562554,"GOV_WGI_RQ.EST"
"TCD","Chad",2013,-1.2061575,"GOV_WGI_RQ.EST"
"TCD","Chad",2012,-1.1924089,"GOV_WGI_RQ.EST"
"TCD","Chad",2011,-1.1876388,"GOV_WGI_RQ.EST"
"TCD","Chad",2010,-1.1925249,"GOV_WGI_RQ.EST"
"CHL","Chile",2024,0.7294172,"GOV_WGI_RQ.EST"
"CHL","Chile",2023,0.8260504,"GOV_WGI_RQ.EST"
"CHL","Chile",2022,0.8891167,"GOV_WGI_RQ.EST"
"CHL","Chile",2021,0.9268728,"GOV_WGI_RQ.EST"
"CHL","Chile",2020,0.9379372,"GOV_WGI_RQ.EST"
"CHL","Chile",2019,1.1179577,"GOV_WGI_RQ.EST"
"CHL","Chile",2018,1.2143921,"GOV_WGI_RQ.EST"
"CHL","Chile",2017,1.2610194,"GOV_WGI_RQ.EST"
"CHL","Chile",2016,1.298187,"GOV_WGI_RQ.EST"
"CHL","Chile",2015,1.241921,"GOV_WGI_RQ.EST"
"CHL","Chile",2014,1.3647467,"GOV_WGI_RQ.EST"
"CHL","Chile",2013,1.5283767,"GOV_WGI_RQ.EST"
"CHL","Chile",2012,1.5695684,"GOV_WGI_RQ.EST"
"CHL","Chile",2011,1.5057395,"GOV_WGI_RQ.EST"
"CHL","Chile",2010,1.4932493,"GOV_WGI_RQ.EST"
"CHN","China",2024,-0.0976131,"GOV_WGI_RQ.EST"
"CHN","China",2023,-0.1067498,"GOV_WGI_RQ.EST"
"CHN","China",2022,-0.1056336,"GOV_WGI_RQ.EST"
"CHN","China",2021,-0.0357933,"GOV_WGI_RQ.EST"
"CHN","China",2020,-0.0241071,"GOV_WGI_RQ.EST"
"CHN","China",2019,-0.0734139,"GOV_WGI_RQ.EST"
"CHN","China",2018,-0.0947023,"GOV_WGI_RQ.EST"
"CHN","China",2017,-0.0648382,"GOV_WGI_RQ.EST"
"CHN","China",2016,-0.1251972,"GOV_WGI_RQ.EST"
"CHN","China",2015,-0.1538784,"GOV_WGI_RQ.EST"
"CHN","China",2014,-0.1466444,"GOV_WGI_RQ.EST"
"CHN","China",2013,-0.2672476,"GOV_WGI_RQ.EST"
"CHN","China",2012,-0.2416719,"GOV_WGI_RQ.EST"
"CHN","China",2011,-0.122465,"GOV_WGI_RQ.EST"
"CHN","China",2010,-0.1485768,"GOV_WGI_RQ.EST"
"COL","Colombia",2024,0.0744702,"GOV_WGI_RQ.EST"
"COL","Colombia",2023,0.1954034,"GOV_WGI_RQ.EST"
"COL","Colombia",2022,0.2481942,"GOV_WGI_RQ.EST"
"COL","Colombia",2021,0.3081173,"GOV_WGI_RQ.EST"
"COL","Colombia",2020,0.2329804,"GOV_WGI_RQ.EST"
"COL","Colombia",2019,0.3029486,"GOV_WGI_RQ.EST"
"COL","Colombia",2018,0.1765334,"GOV_WGI_RQ.EST"
"COL","Colombia",2017,0.227566,"GOV_WGI_RQ.EST"
"COL","Colombia",2016,0.3196241,"GOV_WGI_RQ.EST"
"COL","Colombia",2015,0.3549593,"GOV_WGI_RQ.EST"
"COL","Colombia",2014,0.331834,"GOV_WGI_RQ.EST"
"COL","Colombia",2013,0.291792,"GOV_WGI_RQ.EST"
"COL","Colombia",2012,0.2948891,"GOV_WGI_RQ.EST"
"COL","Colombia",2011,0.2639046,"GOV_WGI_RQ.EST"
"COL","Colombia",2010,0.1052822,"GOV_WGI_RQ.EST"
"COM","Comoros",2024,-1.2660921,"GOV_WGI_RQ.EST"
"COM","Comoros",2023,-1.302198,"GOV_WGI_RQ.EST"
"COM","Comoros",2022,-1.2676256,"GOV_WGI_RQ.EST"
"COM","Comoros",2021,-1.3515885,"GOV_WGI_RQ.EST"
"COM","Comoros",2020,-1.2927704,"GOV_WGI_RQ.EST"
"COM","Comoros",2019,-1.2271923,"GOV_WGI_RQ.EST"
"COM","Comoros",2018,-1.2558808,"GOV_WGI_RQ.EST"
"COM","Comoros",2017,-1.2290385,"GOV_WGI_RQ.EST"
"COM","Comoros",2016,-1.229827,"GOV_WGI_RQ.EST"
"COM","Comoros",2015,-1.2505258,"GOV_WGI_RQ.EST"
"COM","Comoros",2014,-1.2670893,"GOV_WGI_RQ.EST"
"COM","Comoros",2013,-1.4149618,"GOV_WGI_RQ.EST"
"COM","Comoros",2012,-1.4564365,"GOV_WGI_RQ.EST"
"COM","Comoros",2011,-1.5007364,"GOV_WGI_RQ.EST"
"COM","Comoros",2010,-1.5152688,"GOV_WGI_RQ.EST"
"COD","Congo, Dem. Rep.",2024,-1.3580021,"GOV_WGI_RQ.EST"
"COD","Congo, Dem. Rep.",2023,-1.2972602,"GOV_WGI_RQ.EST"
"COD","Congo, Dem. Rep.",2022,-1.3330473,"GOV_WGI_RQ.EST"
"COD","Congo, Dem. Rep.",2021,-1.3459554,"GOV_WGI_RQ.EST"
"COD","Congo, Dem. Rep.",2020,-1.3922257,"GOV_WGI_RQ.EST"
"COD","Congo, Dem. Rep.",2019,-1.3875538,"GOV_WGI_RQ.EST"
"COD","Congo, Dem. Rep.",2018,-1.3234403,"GOV_WGI_RQ.EST"
"COD","Congo, Dem. Rep.",2017,-1.3130959,"GOV_WGI_RQ.EST"
"COD","Congo, Dem. Rep.",2016,-1.2402718,"GOV_WGI_RQ.EST"
"COD","Congo, Dem. Rep.",2015,-1.3099706,"GOV_WGI_RQ.EST"
"COD","Congo, Dem. Rep.",2014,-1.2649452,"GOV_WGI_RQ.EST"
"COD","Congo, Dem. Rep.",2013,-1.2895752,"GOV_WGI_RQ.EST"
"COD","Congo, Dem. Rep.",2012,-1.4511356,"GOV_WGI_RQ.EST"
"COD","Congo, Dem. Rep.",2011,-1.4709613,"GOV_WGI_RQ.EST"
"COD","Congo, Dem. Rep.",2010,-1.4961103,"GOV_WGI_RQ.EST"
"COG","Congo, Rep.",2024,-1.197533,"GOV_WGI_RQ.EST"
"COG","Congo, Rep.",2023,-1.2342911,"GOV_WGI_RQ.EST"
"COG","Congo, Rep.",2022,-1.266537,"GOV_WGI_RQ.EST"
"COG","Congo, Rep.",2021,-1.2147628,"GOV_WGI_RQ.EST"
"COG","Congo, Rep.",2020,-1.3520036,"GOV_WGI_RQ.EST"
"COG","Congo, Rep.",2019,-1.2521985,"GOV_WGI_RQ.EST"
"COG","Congo, Rep.",2018,-1.2144266,"GOV_WGI_RQ.EST"
"COG","Congo, Rep.",2017,-1.2244637,"GOV_WGI_RQ.EST"
"COG","Congo, Rep.",2016,-1.1054823,"GOV_WGI_RQ.EST"
"COG","Congo, Rep.",2015,-1.0275164,"GOV_WGI_RQ.EST"
"COG","Congo, Rep.",2014,-1.0861589,"GOV_WGI_RQ.EST"
"COG","Congo, Rep.",2013,-1.1284026,"GOV_WGI_RQ.EST"
"COG","Congo, Rep.",2012,-1.1715584,"GOV_WGI_RQ.EST"
"COG","Congo, Rep.",2011,-1.1990603,"GOV_WGI_RQ.EST"
"COG","Congo, Rep.",2010,-1.1763222,"GOV_WGI_RQ.EST"
"CRI","Costa Rica",2024,0.5214121,"GOV_WGI_RQ.EST"
"CRI","Costa Rica",2023,0.5011563,"GOV_WGI_RQ.EST"
"CRI","Costa Rica",2022,0.6299695,"GOV_WGI_RQ.EST"
"CRI","Costa Rica",2021,0.5983084,"GOV_WGI_RQ.EST"
"CRI","Costa Rica",2020,0.5780707,"GOV_WGI_RQ.EST"
"CRI","Costa Rica",2019,0.7005752,"GOV_WGI_RQ.EST"
"CRI","Costa Rica",2018,0.6899639,"GOV_WGI_RQ.EST"
"CRI","Costa Rica",2017,0.5819467,"GOV_WGI_RQ.EST"
"CRI","Costa Rica",2016,0.6769634,"GOV_WGI_RQ.EST"
"CRI","Costa Rica",2015,0.6372383,"GOV_WGI_RQ.EST"
"CRI","Costa Rica",2014,0.5648134,"GOV_WGI_RQ.EST"
"CRI","Costa Rica",2013,0.7555949,"GOV_WGI_RQ.EST"
"CRI","Costa Rica",2012,0.7012208,"GOV_WGI_RQ.EST"
"CRI","Costa Rica",2011,0.5891619,"GOV_WGI_RQ.EST"
"CRI","Costa Rica",2010,0.6358428,"GOV_WGI_RQ.EST"
"CIV","Cote d'Ivoire",2024,-0.1500272,"GOV_WGI_RQ.EST"
"CIV","Cote d'Ivoire",2023,-0.1739143,"GOV_WGI_RQ.EST"
"CIV","Cote d'Ivoire",2022,-0.2131312,"GOV_WGI_RQ.EST"
"CIV","Cote d'Ivoire",2021,-0.2893898,"GOV_WGI_RQ.EST"
"CIV","Cote d'Ivoire",2020,-0.3240704,"GOV_WGI_RQ.EST"
"CIV","Cote d'Ivoire",2019,-0.3179975,"GOV_WGI_RQ.EST"
"CIV","Cote d'Ivoire",2018,-0.3030327,"GOV_WGI_RQ.EST"
"CIV","Cote d'Ivoire",2017,-0.4107069,"GOV_WGI_RQ.EST"
"CIV","Cote d'Ivoire",2016,-0.4469759,"GOV_WGI_RQ.EST"
"CIV","Cote d'Ivoire",2015,-0.4544885,"GOV_WGI_RQ.EST"
"CIV","Cote d'Ivoire",2014,-0.5506334,"GOV_WGI_RQ.EST"
"CIV","Cote d'Ivoire",2013,-0.7128024,"GOV_WGI_RQ.EST"
"CIV","Cote d'Ivoire",2012,-0.8007106,"GOV_WGI_RQ.EST"
"CIV","Cote d'Ivoire",2011,-0.9398114,"GOV_WGI_RQ.EST"
"CIV","Cote d'Ivoire",2010,-0.9543104,"GOV_WGI_RQ.EST"
"HRV","Croatia",2024,0.3764126,"GOV_WGI_RQ.EST"
"HRV","Croatia",2023,0.4430918,"GOV_WGI_RQ.EST"
"HRV","Croatia",2022,0.3257747,"GOV_WGI_RQ.EST"
"HRV","Croatia",2021,0.3530119,"GOV_WGI_RQ.EST"
"HRV","Croatia",2020,0.2456156,"GOV_WGI_RQ.EST"
"HRV","Croatia",2019,0.4597819,"GOV_WGI_RQ.EST"
"HRV","Croatia",2018,0.4281534,"GOV_WGI_RQ.EST"
"HRV","Croatia",2017,0.3055827,"GOV_WGI_RQ.EST"
"HRV","Croatia",2016,0.1876652,"GOV_WGI_RQ.EST"
"HRV","Croatia",2015,0.1107381,"GOV_WGI_RQ.EST"
"HRV","Croatia",2014,0.168167,"GOV_WGI_RQ.EST"
"HRV","Croatia",2013,0.264888,"GOV_WGI_RQ.EST"
"HRV","Croatia",2012,0.2536337,"GOV_WGI_RQ.EST"
"HRV","Croatia",2011,0.3117884,"GOV_WGI_RQ.EST"
"HRV","Croatia",2010,0.351437,"GOV_WGI_RQ.EST"
"CUB","Cuba",2024,-1.4605744,"GOV_WGI_RQ.EST"
"CUB","Cuba",2023,-1.2659289,"GOV_WGI_RQ.EST"
"CUB","Cuba",2022,-1.2064338,"GOV_WGI_RQ.EST"
"CUB","Cuba",2021,-1.1989513,"GOV_WGI_RQ.EST"
"CUB","Cuba",2020,-1.2457504,"GOV_WGI_RQ.EST"
"CUB","Cuba",2019,-1.2443422,"GOV_WGI_RQ.EST"
"CUB","Cuba",2018,-1.2452782,"GOV_WGI_RQ.EST"
"CUB","Cuba",2017,-1.1643306,"GOV_WGI_RQ.EST"
"CUB","Cuba",2016,-1.1652039,"GOV_WGI_RQ.EST"
"CUB","Cuba",2015,-1.0410179,"GOV_WGI_RQ.EST"
"CUB","Cuba",2014,-1.1441535,"GOV_WGI_RQ.EST"
"CUB","Cuba",2013,-1.3643854,"GOV_WGI_RQ.EST"
"CUB","Cuba",2012,-1.3836217,"GOV_WGI_RQ.EST"
"CUB","Cuba",2011,-1.6167862,"GOV_WGI_RQ.EST"
"CUB","Cuba",2010,-1.6173136,"GOV_WGI_RQ.EST"
"CYP","Cyprus",2024,0.7560111,"GOV_WGI_RQ.EST"
"CYP","Cyprus",2023,0.7735946,"GOV_WGI_RQ.EST"
"CYP","Cyprus",2022,0.759956,"GOV_WGI_RQ.EST"
"CYP","Cyprus",2021,0.8760421,"GOV_WGI_RQ.EST"
"CYP","Cyprus",2020,0.9307067,"GOV_WGI_RQ.EST"
"CYP","Cyprus",2019,1.0560492,"GOV_WGI_RQ.EST"
"CYP","Cyprus",2018,0.9383218,"GOV_WGI_RQ.EST"
"CYP","Cyprus",2017,0.9380908,"GOV_WGI_RQ.EST"
"CYP","Cyprus",2016,0.9615773,"GOV_WGI_RQ.EST"
"CYP","Cyprus",2015,0.9799822,"GOV_WGI_RQ.EST"
"CYP","Cyprus",2014,1.018073,"GOV_WGI_RQ.EST"
"CYP","Cyprus",2013,0.8604359,"GOV_WGI_RQ.EST"
"CYP","Cyprus",2012,1.0680956,"GOV_WGI_RQ.EST"
"CYP","Cyprus",2011,1.2266259,"GOV_WGI_RQ.EST"
"CYP","Cyprus",2010,1.4221742,"GOV_WGI_RQ.EST"
"CZE","Czechia",2024,1.1324896,"GOV_WGI_RQ.EST"
"CZE","Czechia",2023,1.1396935,"GOV_WGI_RQ.EST"
"CZE","Czechia",2022,1.3277615,"GOV_WGI_RQ.EST"
"CZE","Czechia",2021,1.2471172,"GOV_WGI_RQ.EST"
"CZE","Czechia",2020,1.1179729,"GOV_WGI_RQ.EST"
"CZE","Czechia",2019,1.1499589,"GOV_WGI_RQ.EST"
"CZE","Czechia",2018,1.170117,"GOV_WGI_RQ.EST"
"CZE","Czechia",2017,1.1451692,"GOV_WGI_RQ.EST"
"CZE","Czechia",2016,0.9536951,"GOV_WGI_RQ.EST"
"CZE","Czechia",2015,1.008372,"GOV_WGI_RQ.EST"
"CZE","Czechia",2014,0.8473107,"GOV_WGI_RQ.EST"
"CZE","Czechia",2013,0.9692849,"GOV_WGI_RQ.EST"
"CZE","Czechia",2012,0.9577662,"GOV_WGI_RQ.EST"
"CZE","Czechia",2011,1.0498124,"GOV_WGI_RQ.EST"
"CZE","Czechia",2010,1.1160691,"GOV_WGI_RQ.EST"
"DNK","Denmark",2024,1.8039876,"GOV_WGI_RQ.EST"
"DNK","Denmark",2023,1.8660022,"GOV_WGI_RQ.EST"
"DNK","Denmark",2022,1.9887255,"GOV_WGI_RQ.EST"
"DNK","Denmark",2021,1.9811905,"GOV_WGI_RQ.EST"
"DNK","Denmark",2020,1.9637656,"GOV_WGI_RQ.EST"
"DNK","Denmark",2019,1.9115559,"GOV_WGI_RQ.EST"
"DNK","Denmark",2018,1.8373827,"GOV_WGI_RQ.EST"
"DNK","Denmark",2017,1.7872393,"GOV_WGI_RQ.EST"
"DNK","Denmark",2016,1.7724188,"GOV_WGI_RQ.EST"
"DNK","Denmark",2015,1.7936136,"GOV_WGI_RQ.EST"
"DNK","Denmark",2014,1.6888612,"GOV_WGI_RQ.EST"
"DNK","Denmark",2013,1.8363162,"GOV_WGI_RQ.EST"
"DNK","Denmark",2012,1.8394717,"GOV_WGI_RQ.EST"
"DNK","Denmark",2011,2.0154484,"GOV_WGI_RQ.EST"
"DNK","Denmark",2010,1.9766134,"GOV_WGI_RQ.EST"
"DJI","Djibouti",2024,-0.8549024,"GOV_WGI_RQ.EST"
"DJI","Djibouti",2023,-0.8065714,"GOV_WGI_RQ.EST"
"DJI","Djibouti",2022,-0.7814041,"GOV_WGI_RQ.EST"
"DJI","Djibouti",2021,-0.7805302,"GOV_WGI_RQ.EST"
"DJI","Djibouti",2020,-0.8459786,"GOV_WGI_RQ.EST"
"DJI","Djibouti",2019,-0.7852148,"GOV_WGI_RQ.EST"
"DJI","Djibouti",2018,-0.7608257,"GOV_WGI_RQ.EST"
"DJI","Djibouti",2017,-0.6975892,"GOV_WGI_RQ.EST"
"DJI","Djibouti",2016,-0.7315075,"GOV_WGI_RQ.EST"
"DJI","Djibouti",2015,-0.7470588,"GOV_WGI_RQ.EST"
"DJI","Djibouti",2014,-0.73838,"GOV_WGI_RQ.EST"
"DJI","Djibouti",2013,-0.7695262,"GOV_WGI_RQ.EST"
"DJI","Djibouti",2012,-0.707315,"GOV_WGI_RQ.EST"
"DJI","Djibouti",2011,-0.7714013,"GOV_WGI_RQ.EST"
"DJI","Djibouti",2010,-0.7825948,"GOV_WGI_RQ.EST"
"DMA","Dominica",2024,0.0641328,"GOV_WGI_RQ.EST"
"DMA","Dominica",2023,0.1677715,"GOV_WGI_RQ.EST"
"DMA","Dominica",2022,0.161692,"GOV_WGI_RQ.EST"
"DMA","Dominica",2021,0.1643524,"GOV_WGI_RQ.EST"
"DMA","Dominica",2020,0.1688682,"GOV_WGI_RQ.EST"
"DMA","Dominica",2019,0.1266445,"GOV_WGI_RQ.EST"
"DMA","Dominica",2018,0.1691257,"GOV_WGI_RQ.EST"
"DMA","Dominica",2017,0.1878105,"GOV_WGI_RQ.EST"
"DMA","Dominica",2016,0.2476611,"GOV_WGI_RQ.EST"
"DMA","Dominica",2015,0.2468478,"GOV_WGI_RQ.EST"
"DMA","Dominica",2014,0.3804915,"GOV_WGI_RQ.EST"
"DMA","Dominica",2013,0.5170353,"GOV_WGI_RQ.EST"
"DMA","Dominica",2012,0.517376,"GOV_WGI_RQ.EST"
"DMA","Dominica",2011,0.4627794,"GOV_WGI_RQ.EST"
"DMA","Dominica",2010,0.5725017,"GOV_WGI_RQ.EST"
"DOM","Dominican Republic",2024,0.2328788,"GOV_WGI_RQ.EST"
"DOM","Dominican Republic",2023,0.0457336,"GOV_WGI_RQ.EST"
"DOM","Dominican Republic",2022,-0.0256955,"GOV_WGI_RQ.EST"
"DOM","Dominican Republic",2021,0.0346847,"GOV_WGI_RQ.EST"
"DOM","Dominican Republic",2020,-0.0426309,"GOV_WGI_RQ.EST"
"DOM","Dominican Republic",2019,-0.045595,"GOV_WGI_RQ.EST"
"DOM","Dominican Republic",2018,-0.0805501,"GOV_WGI_RQ.EST"
"DOM","Dominican Republic",2017,-0.0485765,"GOV_WGI_RQ.EST"
"DOM","Dominican Republic",2016,-0.0173811,"GOV_WGI_RQ.EST"
"DOM","Dominican Republic",2015,-0.0546976,"GOV_WGI_RQ.EST"
"DOM","Dominican Republic",2014,-0.1042154,"GOV_WGI_RQ.EST"
"DOM","Dominican Republic",2013,-0.1316926,"GOV_WGI_RQ.EST"
"DOM","Dominican Republic",2012,-0.1496489,"GOV_WGI_RQ.EST"
"DOM","Dominican Republic",2011,-0.1608144,"GOV_WGI_RQ.EST"
"DOM","Dominican Republic",2010,-0.0632021,"GOV_WGI_RQ.EST"
"ECU","Ecuador",2024,-0.6234313,"GOV_WGI_RQ.EST"
"ECU","Ecuador",2023,-0.5876672,"GOV_WGI_RQ.EST"
"ECU","Ecuador",2022,-0.4426067,"GOV_WGI_RQ.EST"
"ECU","Ecuador",2021,-0.5118572,"GOV_WGI_RQ.EST"
"ECU","Ecuador",2020,-0.7119007,"GOV_WGI_RQ.EST"
"ECU","Ecuador",2019,-0.7171604,"GOV_WGI_RQ.EST"
"ECU","Ecuador",2018,-0.8272817,"GOV_WGI_RQ.EST"
"ECU","Ecuador",2017,-0.9714767,"GOV_WGI_RQ.EST"
"ECU","Ecuador",2016,-0.9132882,"GOV_WGI_RQ.EST"
"ECU","Ecuador",2015,-1.0292491,"GOV_WGI_RQ.EST"
"ECU","Ecuador",2014,-0.8195535,"GOV_WGI_RQ.EST"
"ECU","Ecuador",2013,-0.8846282,"GOV_WGI_RQ.EST"
"ECU","Ecuador",2012,-1.0293706,"GOV_WGI_RQ.EST"
"ECU","Ecuador",2011,-1.1483567,"GOV_WGI_RQ.EST"
"ECU","Ecuador",2010,-1.2490767,"GOV_WGI_RQ.EST"
"EGY","Egypt, Arab Rep.",2024,-0.4342766,"GOV_WGI_RQ.EST"
"EGY","Egypt, Arab Rep.",2023,-0.5415802,"GOV_WGI_RQ.EST"
"EGY","Egypt, Arab Rep.",2022,-0.6362159,"GOV_WGI_RQ.EST"
"EGY","Egypt, Arab Rep.",2021,-0.5442919,"GOV_WGI_RQ.EST"
"EGY","Egypt, Arab Rep.",2020,-0.608815,"GOV_WGI_RQ.EST"
"EGY","Egypt, Arab Rep.",2019,-0.682189,"GOV_WGI_RQ.EST"
"EGY","Egypt, Arab Rep.",2018,-0.7240293,"GOV_WGI_RQ.EST"
"EGY","Egypt, Arab Rep.",2017,-0.6825432,"GOV_WGI_RQ.EST"
"EGY","Egypt, Arab Rep.",2016,-0.7463248,"GOV_WGI_RQ.EST"
"EGY","Egypt, Arab Rep.",2015,-0.6874299,"GOV_WGI_RQ.EST"
"EGY","Egypt, Arab Rep.",2014,-0.663993,"GOV_WGI_RQ.EST"
"EGY","Egypt, Arab Rep.",2013,-0.6779732,"GOV_WGI_RQ.EST"
"EGY","Egypt, Arab Rep.",2012,-0.433671,"GOV_WGI_RQ.EST"
"EGY","Egypt, Arab Rep.",2011,-0.1417482,"GOV_WGI_RQ.EST"
"EGY","Egypt, Arab Rep.",2010,-0.0122408,"GOV_WGI_RQ.EST"
"SLV","El Salvador",2024,-0.1192066,"GOV_WGI_RQ.EST"
"SLV","El Salvador",2023,-0.2518719,"GOV_WGI_RQ.EST"
"SLV","El Salvador",2022,-0.3115693,"GOV_WGI_RQ.EST"
"SLV","El Salvador",2021,-0.2205525,"GOV_WGI_RQ.EST"
"SLV","El Salvador",2020,-0.0086204,"GOV_WGI_RQ.EST"
"SLV","El Salvador",2019,0.009928,"GOV_WGI_RQ.EST"
"SLV","El Salvador",2018,0.0428898,"GOV_WGI_RQ.EST"
"SLV","El Salvador",2017,0.0053408,"GOV_WGI_RQ.EST"
"SLV","El Salvador",2016,0.0464956,"GOV_WGI_RQ.EST"
"SLV","El Salvador",2015,0.159822,"GOV_WGI_RQ.EST"
"SLV","El Salvador",2014,0.251274,"GOV_WGI_RQ.EST"
"SLV","El Salvador",2013,0.291193,"GOV_WGI_RQ.EST"
"SLV","El Salvador",2012,0.2877973,"GOV_WGI_RQ.EST"
"SLV","El Salvador",2011,0.4754469,"GOV_WGI_RQ.EST"
"SLV","El Salvador",2010,0.4969952,"GOV_WGI_RQ.EST"
"GNQ","Equatorial Guinea",2024,-1.4326152,"GOV_WGI_RQ.EST"
"GNQ","Equatorial Guinea",2023,-1.3199556,"GOV_WGI_RQ.EST"
"GNQ","Equatorial Guinea",2022,-1.3201159,"GOV_WGI_RQ.EST"
"GNQ","Equatorial Guinea",2021,-1.5291849,"GOV_WGI_RQ.EST"
"GNQ","Equatorial Guinea",2020,-1.5287207,"GOV_WGI_RQ.EST"
"GNQ","Equatorial Guinea",2019,-1.4678516,"GOV_WGI_RQ.EST"
"GNQ","Equatorial Guinea",2018,-1.528195,"GOV_WGI_RQ.EST"
"GNQ","Equatorial Guinea",2017,-1.4494387,"GOV_WGI_RQ.EST"
"GNQ","Equatorial Guinea",2016,-1.4507501,"GOV_WGI_RQ.EST"
"GNQ","Equatorial Guinea",2015,-1.5456663,"GOV_WGI_RQ.EST"
"GNQ","Equatorial Guinea",2014,-1.572997,"GOV_WGI_RQ.EST"
"GNQ","Equatorial Guinea",2013,-1.6588425,"GOV_WGI_RQ.EST"
"GNQ","Equatorial Guinea",2012,-1.6532312,"GOV_WGI_RQ.EST"
"GNQ","Equatorial Guinea",2011,-1.6071463,"GOV_WGI_RQ.EST"
"GNQ","Equatorial Guinea",2010,-1.6263247,"GOV_WGI_RQ.EST"
"ERI","Eritrea",2024,-2.078175,"GOV_WGI_RQ.EST"
"ERI","Eritrea",2023,-2.070505,"GOV_WGI_RQ.EST"
"ERI","Eritrea",2022,-2.0353368,"GOV_WGI_RQ.EST"
"ERI","Eritrea",2021,-2.0344629,"GOV_WGI_RQ.EST"
"ERI","Eritrea",2020,-2.0035189,"GOV_WGI_RQ.EST"
"ERI","Eritrea",2019,-2.0092667,"GOV_WGI_RQ.EST"
"ERI","Eritrea",2018,-1.9609054,"GOV_WGI_RQ.EST"
"ERI","Eritrea",2017,-1.9501417,"GOV_WGI_RQ.EST"
"ERI","Eritrea",2016,-1.9646888,"GOV_WGI_RQ.EST"
"ERI","Eritrea",2015,-1.926532,"GOV_WGI_RQ.EST"
"ERI","Eritrea",2014,-1.9472591,"GOV_WGI_RQ.EST"
"ERI","Eritrea",2013,-1.9960055,"GOV_WGI_RQ.EST"
"ERI","Eritrea",2012,-1.9364509,"GOV_WGI_RQ.EST"
"ERI","Eritrea",2011,-1.916884,"GOV_WGI_RQ.EST"
"ERI","Eritrea",2010,-1.9171897,"GOV_WGI_RQ.EST"
"EST","Estonia",2024,1.3449953,"GOV_WGI_RQ.EST"
"EST","Estonia",2023,1.4041177,"GOV_WGI_RQ.EST"
"EST","Estonia",2022,1.5413014,"GOV_WGI_RQ.EST"
"EST","Estonia",2021,1.5647833,"GOV_WGI_RQ.EST"
"EST","Estonia",2020,1.509115,"GOV_WGI_RQ.EST"
"EST","Estonia",2019,1.5577047,"GOV_WGI_RQ.EST"
"EST","Estonia",2018,1.478001,"GOV_WGI_RQ.EST"
"EST","Estonia",2017,1.580673,"GOV_WGI_RQ.EST"
"EST","Estonia",2016,1.6678614,"GOV_WGI_RQ.EST"
"EST","Estonia",2015,1.6370337,"GOV_WGI_RQ.EST"
"EST","Estonia",2014,1.5461255,"GOV_WGI_RQ.EST"
"EST","Estonia",2013,1.4725194,"GOV_WGI_RQ.EST"
"EST","Estonia",2012,1.4687209,"GOV_WGI_RQ.EST"
"EST","Estonia",2011,1.4485558,"GOV_WGI_RQ.EST"
"EST","Estonia",2010,1.4348334,"GOV_WGI_RQ.EST"
"SWZ","Eswatini",2024,-0.6358508,"GOV_WGI_RQ.EST"
"SWZ","Eswatini",2023,-0.5818382,"GOV_WGI_RQ.EST"
"SWZ","Eswatini",2022,-0.5819751,"GOV_WGI_RQ.EST"
"SWZ","Eswatini",2021,-0.4580538,"GOV_WGI_RQ.EST"
"SWZ","Eswatini",2020,-0.4656707,"GOV_WGI_RQ.EST"
"SWZ","Eswatini",2019,-0.4642178,"GOV_WGI_RQ.EST"
"SWZ","Eswatini",2018,-0.4502296,"GOV_WGI_RQ.EST"
"SWZ","Eswatini",2017,-0.3421625,"GOV_WGI_RQ.EST"
"SWZ","Eswatini",2016,-0.3630198,"GOV_WGI_RQ.EST"
"SWZ","Eswatini",2015,-0.3354694,"GOV_WGI_RQ.EST"
"SWZ","Eswatini",2014,-0.3413462,"GOV_WGI_RQ.EST"
"SWZ","Eswatini",2013,-0.2611314,"GOV_WGI_RQ.EST"
"SWZ","Eswatini",2012,-0.3584413,"GOV_WGI_RQ.EST"
"SWZ","Eswatini",2011,-0.3847865,"GOV_WGI_RQ.EST"
"SWZ","Eswatini",2010,-0.3627534,"GOV_WGI_RQ.EST"
"ETH","Ethiopia",2024,-0.8469336,"GOV_WGI_RQ.EST"
"ETH","Ethiopia",2023,-0.849905,"GOV_WGI_RQ.EST"
"ETH","Ethiopia",2022,-0.7962566,"GOV_WGI_RQ.EST"
"ETH","Ethiopia",2021,-0.7835559,"GOV_WGI_RQ.EST"
"ETH","Ethiopia",2020,-0.8332774,"GOV_WGI_RQ.EST"
"ETH","Ethiopia",2019,-0.8438178,"GOV_WGI_RQ.EST"
"ETH","Ethiopia",2018,-0.8623512,"GOV_WGI_RQ.EST"
"ETH","Ethiopia",2017,-0.9112314,"GOV_WGI_RQ.EST"
"ETH","Ethiopia",2016,-0.9880871,"GOV_WGI_RQ.EST"
"ETH","Ethiopia",2015,-0.9266766,"GOV_WGI_RQ.EST"
"ETH","Ethiopia",2014,-0.9312522,"GOV_WGI_RQ.EST"
"ETH","Ethiopia",2013,-1.1040483,"GOV_WGI_RQ.EST"
"ETH","Ethiopia",2012,-0.9343128,"GOV_WGI_RQ.EST"
"ETH","Ethiopia",2011,-0.8649325,"GOV_WGI_RQ.EST"
"ETH","Ethiopia",2010,-0.7288822,"GOV_WGI_RQ.EST"
"FJI","Fiji",2024,0.0358864,"GOV_WGI_RQ.EST"
"FJI","Fiji",2023,-0.0896919,"GOV_WGI_RQ.EST"
"FJI","Fiji",2022,-0.0899693,"GOV_WGI_RQ.EST"
"FJI","Fiji",2021,-0.0627566,"GOV_WGI_RQ.EST"
"FJI","Fiji",2020,-0.14316,"GOV_WGI_RQ.EST"
"FJI","Fiji",2019,0.1414427,"GOV_WGI_RQ.EST"
"FJI","Fiji",2018,-0.2150313,"GOV_WGI_RQ.EST"
"FJI","Fiji",2017,-0.2161911,"GOV_WGI_RQ.EST"
"FJI","Fiji",2016,-0.2185436,"GOV_WGI_RQ.EST"
"FJI","Fiji",2015,-0.2594061,"GOV_WGI_RQ.EST"
"FJI","Fiji",2014,-0.2626567,"GOV_WGI_RQ.EST"
"FJI","Fiji",2013,-0.7109995,"GOV_WGI_RQ.EST"
"FJI","Fiji",2012,-0.7893778,"GOV_WGI_RQ.EST"
"FJI","Fiji",2011,-0.7946346,"GOV_WGI_RQ.EST"
"FJI","Fiji",2010,-0.865968,"GOV_WGI_RQ.EST"
"FIN","Finland",2024,1.8772854,"GOV_WGI_RQ.EST"
"FIN","Finland",2023,1.791896,"GOV_WGI_RQ.EST"
"FIN","Finland",2022,1.8871734,"GOV_WGI_RQ.EST"
"FIN","Finland",2021,1.9825384,"GOV_WGI_RQ.EST"
"FIN","Finland",2020,1.9492816,"GOV_WGI_RQ.EST"
"FIN","Finland",2019,1.9716656,"GOV_WGI_RQ.EST"
"FIN","Finland",2018,1.837169,"GOV_WGI_RQ.EST"
"FIN","Finland",2017,1.8414562,"GOV_WGI_RQ.EST"
"FIN","Finland",2016,1.8239695,"GOV_WGI_RQ.EST"
"FIN","Finland",2015,1.9039202,"GOV_WGI_RQ.EST"
"FIN","Finland",2014,1.9005003,"GOV_WGI_RQ.EST"
"FIN","Finland",2013,1.9680507,"GOV_WGI_RQ.EST"
"FIN","Finland",2012,1.999973,"GOV_WGI_RQ.EST"
"FIN","Finland",2011,1.9340094,"GOV_WGI_RQ.EST"
"FIN","Finland",2010,1.9789191,"GOV_WGI_RQ.EST"
"FRA","France",2024,1.053535,"GOV_WGI_RQ.EST"
"FRA","France",2023,1.1299822,"GOV_WGI_RQ.EST"
"FRA","France",2022,1.2566529,"GOV_WGI_RQ.EST"
"FRA","France",2021,1.2697858,"GOV_WGI_RQ.EST"
"FRA","France",2020,1.2553625,"GOV_WGI_RQ.EST"
"FRA","France",2019,1.4690437,"GOV_WGI_RQ.EST"
"FRA","France",2018,1.2928169,"GOV_WGI_RQ.EST"
"FRA","France",2017,1.258063,"GOV_WGI_RQ.EST"
"FRA","France",2016,1.1506349,"GOV_WGI_RQ.EST"
"FRA","France",2015,1.1593366,"GOV_WGI_RQ.EST"
"FRA","France",2014,1.0826406,"GOV_WGI_RQ.EST"
"FRA","France",2013,1.1757749,"GOV_WGI_RQ.EST"
"FRA","France",2012,1.1492795,"GOV_WGI_RQ.EST"
"FRA","France",2011,1.1576053,"GOV_WGI_RQ.EST"
"FRA","France",2010,1.2908237,"GOV_WGI_RQ.EST"
"PYF","French Polynesia",2024,NA,"GOV_WGI_RQ.EST"
"PYF","French Polynesia",2023,NA,"GOV_WGI_RQ.EST"
"PYF","French Polynesia",2022,NA,"GOV_WGI_RQ.EST"
"PYF","French Polynesia",2021,NA,"GOV_WGI_RQ.EST"
"PYF","French Polynesia",2020,NA,"GOV_WGI_RQ.EST"
"PYF","French Polynesia",2019,NA,"GOV_WGI_RQ.EST"
"PYF","French Polynesia",2018,NA,"GOV_WGI_RQ.EST"
"PYF","French Polynesia",2017,NA,"GOV_WGI_RQ.EST"
"PYF","French Polynesia",2016,NA,"GOV_WGI_RQ.EST"
"PYF","French Polynesia",2015,NA,"GOV_WGI_RQ.EST"
"PYF","French Polynesia",2014,NA,"GOV_WGI_RQ.EST"
"PYF","French Polynesia",2013,NA,"GOV_WGI_RQ.EST"
"PYF","French Polynesia",2012,NA,"GOV_WGI_RQ.EST"
"PYF","French Polynesia",2011,NA,"GOV_WGI_RQ.EST"
"PYF","French Polynesia",2010,NA,"GOV_WGI_RQ.EST"
"GAB","Gabon",2024,-0.7028807,"GOV_WGI_RQ.EST"
"GAB","Gabon",2023,-0.7451333,"GOV_WGI_RQ.EST"
"GAB","Gabon",2022,-0.7667463,"GOV_WGI_RQ.EST"
"GAB","Gabon",2021,-0.8240335,"GOV_WGI_RQ.EST"
"GAB","Gabon",2020,-0.8826661,"GOV_WGI_RQ.EST"
"GAB","Gabon",2019,-0.8639037,"GOV_WGI_RQ.EST"
"GAB","Gabon",2018,-0.7621268,"GOV_WGI_RQ.EST"
"GAB","Gabon",2017,-0.6364137,"GOV_WGI_RQ.EST"
"GAB","Gabon",2016,-0.6280053,"GOV_WGI_RQ.EST"
"GAB","Gabon",2015,-0.666991,"GOV_WGI_RQ.EST"
"GAB","Gabon",2014,-0.7058082,"GOV_WGI_RQ.EST"
"GAB","Gabon",2013,-0.6481539,"GOV_WGI_RQ.EST"
"GAB","Gabon",2012,-0.5199968,"GOV_WGI_RQ.EST"
"GAB","Gabon",2011,-0.5495214,"GOV_WGI_RQ.EST"
"GAB","Gabon",2010,-0.4555282,"GOV_WGI_RQ.EST"
"GMB","Gambia, The",2024,-0.6802027,"GOV_WGI_RQ.EST"
"GMB","Gambia, The",2023,-0.6296154,"GOV_WGI_RQ.EST"
"GMB","Gambia, The",2022,-0.6699738,"GOV_WGI_RQ.EST"
"GMB","Gambia, The",2021,-0.7556061,"GOV_WGI_RQ.EST"
"GMB","Gambia, The",2020,-0.7114969,"GOV_WGI_RQ.EST"
"GMB","Gambia, The",2019,-0.7029251,"GOV_WGI_RQ.EST"
"GMB","Gambia, The",2018,-0.7181761,"GOV_WGI_RQ.EST"
"GMB","Gambia, The",2017,-0.5677096,"GOV_WGI_RQ.EST"
"GMB","Gambia, The",2016,-0.6437669,"GOV_WGI_RQ.EST"
"GMB","Gambia, The",2015,-0.6928944,"GOV_WGI_RQ.EST"
"GMB","Gambia, The",2014,-0.624828,"GOV_WGI_RQ.EST"
"GMB","Gambia, The",2013,-0.6270131,"GOV_WGI_RQ.EST"
"GMB","Gambia, The",2012,-0.4280429,"GOV_WGI_RQ.EST"
"GMB","Gambia, The",2011,-0.4938994,"GOV_WGI_RQ.EST"
"GMB","Gambia, The",2010,-0.5287323,"GOV_WGI_RQ.EST"
"GEO","Georgia",2024,0.6913599,"GOV_WGI_RQ.EST"
"GEO","Georgia",2023,0.8509836,"GOV_WGI_RQ.EST"
"GEO","Georgia",2022,0.8037444,"GOV_WGI_RQ.EST"
"GEO","Georgia",2021,0.8868533,"GOV_WGI_RQ.EST"
"GEO","Georgia",2020,0.8841929,"GOV_WGI_RQ.EST"
"GEO","Georgia",2019,0.9256895,"GOV_WGI_RQ.EST"
"GEO","Georgia",2018,0.9173296,"GOV_WGI_RQ.EST"
"GEO","Georgia",2017,1.0378526,"GOV_WGI_RQ.EST"
"GEO","Georgia",2016,1.0148843,"GOV_WGI_RQ.EST"
"GEO","Georgia",2015,0.873044,"GOV_WGI_RQ.EST"
"GEO","Georgia",2014,0.8407994,"GOV_WGI_RQ.EST"
"GEO","Georgia",2013,0.7523646,"GOV_WGI_RQ.EST"
"GEO","Georgia",2012,0.7195537,"GOV_WGI_RQ.EST"
"GEO","Georgia",2011,0.7222933,"GOV_WGI_RQ.EST"
"GEO","Georgia",2010,0.6610557,"GOV_WGI_RQ.EST"
"DEU","Germany",2024,1.3539442,"GOV_WGI_RQ.EST"
"DEU","Germany",2023,1.3723805,"GOV_WGI_RQ.EST"
"DEU","Germany",2022,1.5342425,"GOV_WGI_RQ.EST"
"DEU","Germany",2021,1.5934764,"GOV_WGI_RQ.EST"
"DEU","Germany",2020,1.5480703,"GOV_WGI_RQ.EST"
"DEU","Germany",2019,1.6365073,"GOV_WGI_RQ.EST"
"DEU","Germany",2018,1.6474197,"GOV_WGI_RQ.EST"
"DEU","Germany",2017,1.6590124,"GOV_WGI_RQ.EST"
"DEU","Germany",2016,1.6580651,"GOV_WGI_RQ.EST"
"DEU","Germany",2015,1.6168933,"GOV_WGI_RQ.EST"
"DEU","Germany",2014,1.5423873,"GOV_WGI_RQ.EST"
"DEU","Germany",2013,1.4703219,"GOV_WGI_RQ.EST"
"DEU","Germany",2012,1.4903188,"GOV_WGI_RQ.EST"
"DEU","Germany",2011,1.4845258,"GOV_WGI_RQ.EST"
"DEU","Germany",2010,1.4479305,"GOV_WGI_RQ.EST"
"GHA","Ghana",2024,-0.1030059,"GOV_WGI_RQ.EST"
"GHA","Ghana",2023,-0.1539148,"GOV_WGI_RQ.EST"
"GHA","Ghana",2022,-0.1618371,"GOV_WGI_RQ.EST"
"GHA","Ghana",2021,-0.185558,"GOV_WGI_RQ.EST"
"GHA","Ghana",2020,-0.1495119,"GOV_WGI_RQ.EST"
"GHA","Ghana",2019,-0.1858937,"GOV_WGI_RQ.EST"
"GHA","Ghana",2018,-0.16359,"GOV_WGI_RQ.EST"
"GHA","Ghana",2017,-0.1547104,"GOV_WGI_RQ.EST"
"GHA","Ghana",2016,-0.2527945,"GOV_WGI_RQ.EST"
"GHA","Ghana",2015,-0.133782,"GOV_WGI_RQ.EST"
"GHA","Ghana",2014,-0.1404289,"GOV_WGI_RQ.EST"
"GHA","Ghana",2013,-0.0341251,"GOV_WGI_RQ.EST"
"GHA","Ghana",2012,-0.015826,"GOV_WGI_RQ.EST"
"GHA","Ghana",2011,-0.032587,"GOV_WGI_RQ.EST"
"GHA","Ghana",2010,-0.0189588,"GOV_WGI_RQ.EST"
"GRC","Greece",2024,0.4489402,"GOV_WGI_RQ.EST"
"GRC","Greece",2023,0.4673058,"GOV_WGI_RQ.EST"
"GRC","Greece",2022,0.4488087,"GOV_WGI_RQ.EST"
"GRC","Greece",2021,0.4438659,"GOV_WGI_RQ.EST"
"GRC","Greece",2020,0.4928046,"GOV_WGI_RQ.EST"
"GRC","Greece",2019,0.4593363,"GOV_WGI_RQ.EST"
"GRC","Greece",2018,0.3500946,"GOV_WGI_RQ.EST"
"GRC","Greece",2017,0.2171229,"GOV_WGI_RQ.EST"
"GRC","Greece",2016,0.2119425,"GOV_WGI_RQ.EST"
"GRC","Greece",2015,0.2921234,"GOV_WGI_RQ.EST"
"GRC","Greece",2014,0.2218636,"GOV_WGI_RQ.EST"
"GRC","Greece",2013,0.3245949,"GOV_WGI_RQ.EST"
"GRC","Greece",2012,0.2087637,"GOV_WGI_RQ.EST"
"GRC","Greece",2011,0.3402333,"GOV_WGI_RQ.EST"
"GRC","Greece",2010,0.4840972,"GOV_WGI_RQ.EST"
"GRL","Greenland",2024,1.5223948,"GOV_WGI_RQ.EST"
"GRL","Greenland",2023,1.373521,"GOV_WGI_RQ.EST"
"GRL","Greenland",2022,1.3731156,"GOV_WGI_RQ.EST"
"GRL","Greenland",2021,1.5271056,"GOV_WGI_RQ.EST"
"GRL","Greenland",2020,1.5282792,"GOV_WGI_RQ.EST"
"GRL","Greenland",2019,1.5322438,"GOV_WGI_RQ.EST"
"GRL","Greenland",2018,1.5296086,"GOV_WGI_RQ.EST"
"GRL","Greenland",2017,1.5283965,"GOV_WGI_RQ.EST"
"GRL","Greenland",2016,1.5259378,"GOV_WGI_RQ.EST"
"GRL","Greenland",2015,1.5244272,"GOV_WGI_RQ.EST"
"GRL","Greenland",2014,1.5210298,"GOV_WGI_RQ.EST"
"GRL","Greenland",2013,1.5205894,"GOV_WGI_RQ.EST"
"GRL","Greenland",2012,1.5210659,"GOV_WGI_RQ.EST"
"GRL","Greenland",2011,1.5270948,"GOV_WGI_RQ.EST"
"GRL","Greenland",2010,1.5257329,"GOV_WGI_RQ.EST"
"GRD","Grenada",2024,0.0510012,"GOV_WGI_RQ.EST"
"GRD","Grenada",2023,0.0554632,"GOV_WGI_RQ.EST"
"GRD","Grenada",2022,-0.0556359,"GOV_WGI_RQ.EST"
"GRD","Grenada",2021,-0.0626735,"GOV_WGI_RQ.EST"
"GRD","Grenada",2020,-0.1403879,"GOV_WGI_RQ.EST"
"GRD","Grenada",2019,-0.1487288,"GOV_WGI_RQ.EST"
"GRD","Grenada",2018,-0.1715223,"GOV_WGI_RQ.EST"
"GRD","Grenada",2017,-0.0519746,"GOV_WGI_RQ.EST"
"GRD","Grenada",2016,0.0685695,"GOV_WGI_RQ.EST"
"GRD","Grenada",2015,0.0677475,"GOV_WGI_RQ.EST"
"GRD","Grenada",2014,0.0655384,"GOV_WGI_RQ.EST"
"GRD","Grenada",2013,0.2339164,"GOV_WGI_RQ.EST"
"GRD","Grenada",2012,0.234262,"GOV_WGI_RQ.EST"
"GRD","Grenada",2011,0.2386342,"GOV_WGI_RQ.EST"
"GRD","Grenada",2010,0.3125334,"GOV_WGI_RQ.EST"
"GUM","Guam",2024,0.3783401,"GOV_WGI_RQ.EST"
"GUM","Guam",2023,0.3802312,"GOV_WGI_RQ.EST"
"GUM","Guam",2022,0.379506,"GOV_WGI_RQ.EST"
"GUM","Guam",2021,0.3867674,"GOV_WGI_RQ.EST"
"GUM","Guam",2020,0.388867,"GOV_WGI_RQ.EST"
"GUM","Guam",2019,-0.0796304,"GOV_WGI_RQ.EST"
"GUM","Guam",2018,-0.0843446,"GOV_WGI_RQ.EST"
"GUM","Guam",2017,-0.086513,"GOV_WGI_RQ.EST"
"GUM","Guam",2016,-0.0909114,"GOV_WGI_RQ.EST"
"GUM","Guam",2015,0.1441808,"GOV_WGI_RQ.EST"
"GUM","Guam",2014,0.1381031,"GOV_WGI_RQ.EST"
"GUM","Guam",2013,0.5534562,"GOV_WGI_RQ.EST"
"GUM","Guam",2012,0.5543086,"GOV_WGI_RQ.EST"
"GUM","Guam",2011,0.565094,"GOV_WGI_RQ.EST"
"GUM","Guam",2010,0.5626576,"GOV_WGI_RQ.EST"
"GTM","Guatemala",2024,-0.2684548,"GOV_WGI_RQ.EST"
"GTM","Guatemala",2023,-0.3697039,"GOV_WGI_RQ.EST"
"GTM","Guatemala",2022,-0.3267018,"GOV_WGI_RQ.EST"
"GTM","Guatemala",2021,-0.3294611,"GOV_WGI_RQ.EST"
"GTM","Guatemala",2020,-0.3223595,"GOV_WGI_RQ.EST"
"GTM","Guatemala",2019,-0.3642807,"GOV_WGI_RQ.EST"
"GTM","Guatemala",2018,-0.3392436,"GOV_WGI_RQ.EST"
"GTM","Guatemala",2017,-0.3972406,"GOV_WGI_RQ.EST"
"GTM","Guatemala",2016,-0.3180414,"GOV_WGI_RQ.EST"
"GTM","Guatemala",2015,-0.3703308,"GOV_WGI_RQ.EST"
"GTM","Guatemala",2014,-0.4392263,"GOV_WGI_RQ.EST"
"GTM","Guatemala",2013,-0.4760985,"GOV_WGI_RQ.EST"
"GTM","Guatemala",2012,-0.4472004,"GOV_WGI_RQ.EST"
"GTM","Guatemala",2011,-0.4064276,"GOV_WGI_RQ.EST"
"GTM","Guatemala",2010,-0.3862902,"GOV_WGI_RQ.EST"
"GIN","Guinea",2024,-0.9156318,"GOV_WGI_RQ.EST"
"GIN","Guinea",2023,-0.9861835,"GOV_WGI_RQ.EST"
"GIN","Guinea",2022,-0.9865484,"GOV_WGI_RQ.EST"
"GIN","Guinea",2021,-0.9356116,"GOV_WGI_RQ.EST"
"GIN","Guinea",2020,-0.8438384,"GOV_WGI_RQ.EST"
"GIN","Guinea",2019,-0.8136713,"GOV_WGI_RQ.EST"
"GIN","Guinea",2018,-0.8253255,"GOV_WGI_RQ.EST"
"GIN","Guinea",2017,-0.8205482,"GOV_WGI_RQ.EST"
"GIN","Guinea",2016,-0.8556979,"GOV_WGI_RQ.EST"
"GIN","Guinea",2015,-0.8920927,"GOV_WGI_RQ.EST"
"GIN","Guinea",2014,-1.0984871,"GOV_WGI_RQ.EST"
"GIN","Guinea",2013,-1.1101738,"GOV_WGI_RQ.EST"
"GIN","Guinea",2012,-1.0635516,"GOV_WGI_RQ.EST"
"GIN","Guinea",2011,-1.0971366,"GOV_WGI_RQ.EST"
"GIN","Guinea",2010,-1.1426524,"GOV_WGI_RQ.EST"
"GNB","Guinea-Bissau",2024,-1.2273517,"GOV_WGI_RQ.EST"
"GNB","Guinea-Bissau",2023,-1.2836994,"GOV_WGI_RQ.EST"
"GNB","Guinea-Bissau",2022,-1.344231,"GOV_WGI_RQ.EST"
"GNB","Guinea-Bissau",2021,-1.3432199,"GOV_WGI_RQ.EST"
"GNB","Guinea-Bissau",2020,-1.3213607,"GOV_WGI_RQ.EST"
"GNB","Guinea-Bissau",2019,-1.2822213,"GOV_WGI_RQ.EST"
"GNB","Guinea-Bissau",2018,-1.2828777,"GOV_WGI_RQ.EST"
"GNB","Guinea-Bissau",2017,-1.260492,"GOV_WGI_RQ.EST"
"GNB","Guinea-Bissau",2016,-1.2916541,"GOV_WGI_RQ.EST"
"GNB","Guinea-Bissau",2015,-1.3265546,"GOV_WGI_RQ.EST"
"GNB","Guinea-Bissau",2014,-1.3016989,"GOV_WGI_RQ.EST"
"GNB","Guinea-Bissau",2013,-1.4035986,"GOV_WGI_RQ.EST"
"GNB","Guinea-Bissau",2012,-1.3564699,"GOV_WGI_RQ.EST"
"GNB","Guinea-Bissau",2011,-1.1632752,"GOV_WGI_RQ.EST"
"GNB","Guinea-Bissau",2010,-1.111147,"GOV_WGI_RQ.EST"
"GUY","Guyana",2024,-0.4370702,"GOV_WGI_RQ.EST"
"GUY","Guyana",2023,-0.6782936,"GOV_WGI_RQ.EST"
"GUY","Guyana",2022,-0.6371519,"GOV_WGI_RQ.EST"
"GUY","Guyana",2021,-0.5641728,"GOV_WGI_RQ.EST"
"GUY","Guyana",2020,-0.5819794,"GOV_WGI_RQ.EST"
"GUY","Guyana",2019,-0.5213424,"GOV_WGI_RQ.EST"
"GUY","Guyana",2018,-0.445822,"GOV_WGI_RQ.EST"
"GUY","Guyana",2017,-0.3523097,"GOV_WGI_RQ.EST"
"GUY","Guyana",2016,-0.3819209,"GOV_WGI_RQ.EST"
"GUY","Guyana",2015,-0.5297558,"GOV_WGI_RQ.EST"
"GUY","Guyana",2014,-0.5580431,"GOV_WGI_RQ.EST"
"GUY","Guyana",2013,-0.5673914,"GOV_WGI_RQ.EST"
"GUY","Guyana",2012,-0.6097362,"GOV_WGI_RQ.EST"
"GUY","Guyana",2011,-0.6350849,"GOV_WGI_RQ.EST"
"GUY","Guyana",2010,-0.5622429,"GOV_WGI_RQ.EST"
"HTI","Haiti",2024,-1.4259267,"GOV_WGI_RQ.EST"
"HTI","Haiti",2023,-1.4600431,"GOV_WGI_RQ.EST"
"HTI","Haiti",2022,-1.3452336,"GOV_WGI_RQ.EST"
"HTI","Haiti",2021,-1.3439814,"GOV_WGI_RQ.EST"
"HTI","Haiti",2020,-1.2320975,"GOV_WGI_RQ.EST"
"HTI","Haiti",2019,-1.1994531,"GOV_WGI_RQ.EST"
"HTI","Haiti",2018,-1.1812216,"GOV_WGI_RQ.EST"
"HTI","Haiti",2017,-1.2410397,"GOV_WGI_RQ.EST"
"HTI","Haiti",2016,-1.2764234,"GOV_WGI_RQ.EST"
"HTI","Haiti",2015,-1.2667666,"GOV_WGI_RQ.EST"
"HTI","Haiti",2014,-1.2504118,"GOV_WGI_RQ.EST"
"HTI","Haiti",2013,-1.1502907,"GOV_WGI_RQ.EST"
"HTI","Haiti",2012,-1.1591545,"GOV_WGI_RQ.EST"
"HTI","Haiti",2011,-1.1485294,"GOV_WGI_RQ.EST"
"HTI","Haiti",2010,-1.089049,"GOV_WGI_RQ.EST"
"HND","Honduras",2024,-0.6008896,"GOV_WGI_RQ.EST"
"HND","Honduras",2023,-0.6432289,"GOV_WGI_RQ.EST"
"HND","Honduras",2022,-0.5414802,"GOV_WGI_RQ.EST"
"HND","Honduras",2021,-0.5262368,"GOV_WGI_RQ.EST"
"HND","Honduras",2020,-0.5563874,"GOV_WGI_RQ.EST"
"HND","Honduras",2019,-0.4556504,"GOV_WGI_RQ.EST"
"HND","Honduras",2018,-0.4212729,"GOV_WGI_RQ.EST"
"HND","Honduras",2017,-0.3886055,"GOV_WGI_RQ.EST"
"HND","Honduras",2016,-0.567461,"GOV_WGI_RQ.EST"
"HND","Honduras",2015,-0.5109447,"GOV_WGI_RQ.EST"
"HND","Honduras",2014,-0.5511941,"GOV_WGI_RQ.EST"
"HND","Honduras",2013,-0.419585,"GOV_WGI_RQ.EST"
"HND","Honduras",2012,-0.3634008,"GOV_WGI_RQ.EST"
"HND","Honduras",2011,-0.2786439,"GOV_WGI_RQ.EST"
"HND","Honduras",2010,-0.3564907,"GOV_WGI_RQ.EST"
"HKG","Hong Kong SAR, China",2024,1.6678737,"GOV_WGI_RQ.EST"
"HKG","Hong Kong SAR, China",2023,1.6852516,"GOV_WGI_RQ.EST"
"HKG","Hong Kong SAR, China",2022,1.697486,"GOV_WGI_RQ.EST"
"HKG","Hong Kong SAR, China",2021,1.7169324,"GOV_WGI_RQ.EST"
"HKG","Hong Kong SAR, China",2020,1.8176078,"GOV_WGI_RQ.EST"
"HKG","Hong Kong SAR, China",2019,1.9894633,"GOV_WGI_RQ.EST"
"HKG","Hong Kong SAR, China",2018,2.1761553,"GOV_WGI_RQ.EST"
"HKG","Hong Kong SAR, China",2017,2.1517299,"GOV_WGI_RQ.EST"
"HKG","Hong Kong SAR, China",2016,2.1913531,"GOV_WGI_RQ.EST"
"HKG","Hong Kong SAR, China",2015,2.1439828,"GOV_WGI_RQ.EST"
"HKG","Hong Kong SAR, China",2014,1.9907497,"GOV_WGI_RQ.EST"
"HKG","Hong Kong SAR, China",2013,1.9624329,"GOV_WGI_RQ.EST"
"HKG","Hong Kong SAR, China",2012,1.9901994,"GOV_WGI_RQ.EST"
"HKG","Hong Kong SAR, China",2011,1.835061,"GOV_WGI_RQ.EST"
"HKG","Hong Kong SAR, China",2010,1.9862084,"GOV_WGI_RQ.EST"
"HUN","Hungary",2024,0.3274216,"GOV_WGI_RQ.EST"
"HUN","Hungary",2023,0.2713545,"GOV_WGI_RQ.EST"
"HUN","Hungary",2022,0.3472472,"GOV_WGI_RQ.EST"
"HUN","Hungary",2021,0.458448,"GOV_WGI_RQ.EST"
"HUN","Hungary",2020,0.5200631,"GOV_WGI_RQ.EST"
"HUN","Hungary",2019,0.5441198,"GOV_WGI_RQ.EST"
"HUN","Hungary",2018,0.5066696,"GOV_WGI_RQ.EST"
"HUN","Hungary",2017,0.5679661,"GOV_WGI_RQ.EST"
"HUN","Hungary",2016,0.5669207,"GOV_WGI_RQ.EST"
"HUN","Hungary",2015,0.5912296,"GOV_WGI_RQ.EST"
"HUN","Hungary",2014,0.5195473,"GOV_WGI_RQ.EST"
"HUN","Hungary",2013,0.7642997,"GOV_WGI_RQ.EST"
"HUN","Hungary",2012,0.8363348,"GOV_WGI_RQ.EST"
"HUN","Hungary",2011,0.934031,"GOV_WGI_RQ.EST"
"HUN","Hungary",2010,0.9823829,"GOV_WGI_RQ.EST"
"ISL","Iceland",2024,1.2249667,"GOV_WGI_RQ.EST"
"ISL","Iceland",2023,1.336047,"GOV_WGI_RQ.EST"
"ISL","Iceland",2022,1.4270535,"GOV_WGI_RQ.EST"
"ISL","Iceland",2021,1.6405779,"GOV_WGI_RQ.EST"
"ISL","Iceland",2020,1.5036594,"GOV_WGI_RQ.EST"
"ISL","Iceland",2019,1.5564316,"GOV_WGI_RQ.EST"
"ISL","Iceland",2018,1.4875751,"GOV_WGI_RQ.EST"
"ISL","Iceland",2017,1.476548,"GOV_WGI_RQ.EST"
"ISL","Iceland",2016,1.3451968,"GOV_WGI_RQ.EST"
"ISL","Iceland",2015,1.3586524,"GOV_WGI_RQ.EST"
"ISL","Iceland",2014,1.2766662,"GOV_WGI_RQ.EST"
"ISL","Iceland",2013,1.2173606,"GOV_WGI_RQ.EST"
"ISL","Iceland",2012,1.2424712,"GOV_WGI_RQ.EST"
"ISL","Iceland",2011,1.2242003,"GOV_WGI_RQ.EST"
"ISL","Iceland",2010,1.0741398,"GOV_WGI_RQ.EST"
"IND","India",2024,-0.0898112,"GOV_WGI_RQ.EST"
"IND","India",2023,-0.1303438,"GOV_WGI_RQ.EST"
"IND","India",2022,-0.092447,"GOV_WGI_RQ.EST"
"IND","India",2021,-0.1879253,"GOV_WGI_RQ.EST"
"IND","India",2020,-0.1650984,"GOV_WGI_RQ.EST"
"IND","India",2019,-0.1324994,"GOV_WGI_RQ.EST"
"IND","India",2018,-0.1880736,"GOV_WGI_RQ.EST"
"IND","India",2017,-0.2318736,"GOV_WGI_RQ.EST"
"IND","India",2016,-0.2732856,"GOV_WGI_RQ.EST"
"IND","India",2015,-0.3523424,"GOV_WGI_RQ.EST"
"IND","India",2014,-0.3982983,"GOV_WGI_RQ.EST"
"IND","India",2013,-0.391657,"GOV_WGI_RQ.EST"
"IND","India",2012,-0.4047703,"GOV_WGI_RQ.EST"
"IND","India",2011,-0.382809,"GOV_WGI_RQ.EST"
"IND","India",2010,-0.3273411,"GOV_WGI_RQ.EST"
"IDN","Indonesia",2024,0.0910476,"GOV_WGI_RQ.EST"
"IDN","Indonesia",2023,0.3074783,"GOV_WGI_RQ.EST"
"IDN","Indonesia",2022,0.2466769,"GOV_WGI_RQ.EST"
"IDN","Indonesia",2021,0.3148527,"GOV_WGI_RQ.EST"
"IDN","Indonesia",2020,0.1940594,"GOV_WGI_RQ.EST"
"IDN","Indonesia",2019,0.0912081,"GOV_WGI_RQ.EST"
"IDN","Indonesia",2018,0.0359104,"GOV_WGI_RQ.EST"
"IDN","Indonesia",2017,0.0703348,"GOV_WGI_RQ.EST"
"IDN","Indonesia",2016,0.0070299,"GOV_WGI_RQ.EST"
"IDN","Indonesia",2015,-0.1509168,"GOV_WGI_RQ.EST"
"IDN","Indonesia",2014,-0.0227914,"GOV_WGI_RQ.EST"
"IDN","Indonesia",2013,-0.0882652,"GOV_WGI_RQ.EST"
"IDN","Indonesia",2012,-0.1947319,"GOV_WGI_RQ.EST"
"IDN","Indonesia",2011,-0.1815266,"GOV_WGI_RQ.EST"
"IDN","Indonesia",2010,-0.1737221,"GOV_WGI_RQ.EST"
"IRN","Iran, Islamic Rep.",2024,-1.5001354,"GOV_WGI_RQ.EST"
"IRN","Iran, Islamic Rep.",2023,-1.4589001,"GOV_WGI_RQ.EST"
"IRN","Iran, Islamic Rep.",2022,-1.4041094,"GOV_WGI_RQ.EST"
"IRN","Iran, Islamic Rep.",2021,-1.4004551,"GOV_WGI_RQ.EST"
"IRN","Iran, Islamic Rep.",2020,-1.3993179,"GOV_WGI_RQ.EST"
"IRN","Iran, Islamic Rep.",2019,-1.373602,"GOV_WGI_RQ.EST"
"IRN","Iran, Islamic Rep.",2018,-1.320356,"GOV_WGI_RQ.EST"
"IRN","Iran, Islamic Rep.",2017,-1.1203949,"GOV_WGI_RQ.EST"
"IRN","Iran, Islamic Rep.",2016,-1.10896,"GOV_WGI_RQ.EST"
"IRN","Iran, Islamic Rep.",2015,-1.142292,"GOV_WGI_RQ.EST"
"IRN","Iran, Islamic Rep.",2014,-1.3631172,"GOV_WGI_RQ.EST"
"IRN","Iran, Islamic Rep.",2013,-1.4355515,"GOV_WGI_RQ.EST"
"IRN","Iran, Islamic Rep.",2012,-1.2909594,"GOV_WGI_RQ.EST"
"IRN","Iran, Islamic Rep.",2011,-1.2550564,"GOV_WGI_RQ.EST"
"IRN","Iran, Islamic Rep.",2010,-1.4252274,"GOV_WGI_RQ.EST"
"IRQ","Iraq",2024,-1.0291226,"GOV_WGI_RQ.EST"
"IRQ","Iraq",2023,-1.2938934,"GOV_WGI_RQ.EST"
"IRQ","Iraq",2022,-1.2896278,"GOV_WGI_RQ.EST"
"IRQ","Iraq",2021,-1.1948699,"GOV_WGI_RQ.EST"
"IRQ","Iraq",2020,-1.2742478,"GOV_WGI_RQ.EST"
"IRQ","Iraq",2019,-1.1928646,"GOV_WGI_RQ.EST"
"IRQ","Iraq",2018,-1.1938931,"GOV_WGI_RQ.EST"
"IRQ","Iraq",2017,-1.1058947,"GOV_WGI_RQ.EST"
"IRQ","Iraq",2016,-0.9898252,"GOV_WGI_RQ.EST"
"IRQ","Iraq",2015,-1.0303327,"GOV_WGI_RQ.EST"
"IRQ","Iraq",2014,-1.0901731,"GOV_WGI_RQ.EST"
"IRQ","Iraq",2013,-1.0570642,"GOV_WGI_RQ.EST"
"IRQ","Iraq",2012,-1.0568782,"GOV_WGI_RQ.EST"
"IRQ","Iraq",2011,-0.9560928,"GOV_WGI_RQ.EST"
"IRQ","Iraq",2010,-0.9955323,"GOV_WGI_RQ.EST"
"IRL","Ireland",2024,1.7240172,"GOV_WGI_RQ.EST"
"IRL","Ireland",2023,1.71601,"GOV_WGI_RQ.EST"
"IRL","Ireland",2022,1.7408423,"GOV_WGI_RQ.EST"
"IRL","Ireland",2021,1.6137217,"GOV_WGI_RQ.EST"
"IRL","Ireland",2020,1.4828733,"GOV_WGI_RQ.EST"
"IRL","Ireland",2019,1.5850295,"GOV_WGI_RQ.EST"
"IRL","Ireland",2018,1.6449817,"GOV_WGI_RQ.EST"
"IRL","Ireland",2017,1.5739925,"GOV_WGI_RQ.EST"
"IRL","Ireland",2016,1.6689773,"GOV_WGI_RQ.EST"
"IRL","Ireland",2015,1.6987499,"GOV_WGI_RQ.EST"
"IRL","Ireland",2014,1.6314128,"GOV_WGI_RQ.EST"
"IRL","Ireland",2013,1.5655924,"GOV_WGI_RQ.EST"
"IRL","Ireland",2012,1.5072216,"GOV_WGI_RQ.EST"
"IRL","Ireland",2011,1.4528374,"GOV_WGI_RQ.EST"
"IRL","Ireland",2010,1.5732193,"GOV_WGI_RQ.EST"
"ISR","Israel",2024,1.0931036,"GOV_WGI_RQ.EST"
"ISR","Israel",2023,1.0535638,"GOV_WGI_RQ.EST"
"ISR","Israel",2022,1.1375453,"GOV_WGI_RQ.EST"
"ISR","Israel",2021,1.2009851,"GOV_WGI_RQ.EST"
"ISR","Israel",2020,1.1987444,"GOV_WGI_RQ.EST"
"ISR","Israel",2019,1.2754283,"GOV_WGI_RQ.EST"
"ISR","Israel",2018,1.2083815,"GOV_WGI_RQ.EST"
"ISR","Israel",2017,1.2401335,"GOV_WGI_RQ.EST"
"ISR","Israel",2016,1.2621662,"GOV_WGI_RQ.EST"
"ISR","Israel",2015,1.1292093,"GOV_WGI_RQ.EST"
"ISR","Israel",2014,1.0790977,"GOV_WGI_RQ.EST"
"ISR","Israel",2013,1.1143857,"GOV_WGI_RQ.EST"
"ISR","Israel",2012,1.124873,"GOV_WGI_RQ.EST"
"ISR","Israel",2011,1.2004335,"GOV_WGI_RQ.EST"
"ISR","Israel",2010,1.0385685,"GOV_WGI_RQ.EST"
"ITA","Italy",2024,0.6495161,"GOV_WGI_RQ.EST"
"ITA","Italy",2023,0.6948698,"GOV_WGI_RQ.EST"
"ITA","Italy",2022,0.639532,"GOV_WGI_RQ.EST"
"ITA","Italy",2021,0.6348189,"GOV_WGI_RQ.EST"
"ITA","Italy",2020,0.5515335,"GOV_WGI_RQ.EST"
"ITA","Italy",2019,0.7677291,"GOV_WGI_RQ.EST"
"ITA","Italy",2018,0.6451365,"GOV_WGI_RQ.EST"
"ITA","Italy",2017,0.7120724,"GOV_WGI_RQ.EST"
"ITA","Italy",2016,0.7158044,"GOV_WGI_RQ.EST"
"ITA","Italy",2015,0.6857342,"GOV_WGI_RQ.EST"
"ITA","Italy",2014,0.4777675,"GOV_WGI_RQ.EST"
"ITA","Italy",2013,0.5613452,"GOV_WGI_RQ.EST"
"ITA","Italy",2012,0.5516929,"GOV_WGI_RQ.EST"
"ITA","Italy",2011,0.5565402,"GOV_WGI_RQ.EST"
"ITA","Italy",2010,0.8144829,"GOV_WGI_RQ.EST"
"JAM","Jamaica",2024,0.0707576,"GOV_WGI_RQ.EST"
"JAM","Jamaica",2023,0.1365987,"GOV_WGI_RQ.EST"
"JAM","Jamaica",2022,0.2147221,"GOV_WGI_RQ.EST"
"JAM","Jamaica",2021,0.2128784,"GOV_WGI_RQ.EST"
"JAM","Jamaica",2020,0.1369656,"GOV_WGI_RQ.EST"
"JAM","Jamaica",2019,0.1697454,"GOV_WGI_RQ.EST"
"JAM","Jamaica",2018,0.1759467,"GOV_WGI_RQ.EST"
"JAM","Jamaica",2017,0.1365858,"GOV_WGI_RQ.EST"
"JAM","Jamaica",2016,0.1672659,"GOV_WGI_RQ.EST"
"JAM","Jamaica",2015,0.1540076,"GOV_WGI_RQ.EST"
"JAM","Jamaica",2014,0.0907903,"GOV_WGI_RQ.EST"
"JAM","Jamaica",2013,0.0775391,"GOV_WGI_RQ.EST"
"JAM","Jamaica",2012,0.0465752,"GOV_WGI_RQ.EST"
"JAM","Jamaica",2011,0.2488931,"GOV_WGI_RQ.EST"
"JAM","Jamaica",2010,0.2975534,"GOV_WGI_RQ.EST"
"JPN","Japan",2024,1.2446023,"GOV_WGI_RQ.EST"
"JPN","Japan",2023,1.3494293,"GOV_WGI_RQ.EST"
"JPN","Japan",2022,1.4117487,"GOV_WGI_RQ.EST"
"JPN","Japan",2021,1.3996019,"GOV_WGI_RQ.EST"
"JPN","Japan",2020,1.3760918,"GOV_WGI_RQ.EST"
"JPN","Japan",2019,1.3946265,"GOV_WGI_RQ.EST"
"JPN","Japan",2018,1.3742974,"GOV_WGI_RQ.EST"
"JPN","Japan",2017,1.3959066,"GOV_WGI_RQ.EST"
"JPN","Japan",2016,1.5258595,"GOV_WGI_RQ.EST"
"JPN","Japan",2015,1.4041581,"GOV_WGI_RQ.EST"
"JPN","Japan",2014,1.2867974,"GOV_WGI_RQ.EST"
"JPN","Japan",2013,1.3409838,"GOV_WGI_RQ.EST"
"JPN","Japan",2012,1.3934996,"GOV_WGI_RQ.EST"
"JPN","Japan",2011,1.3255338,"GOV_WGI_RQ.EST"
"JPN","Japan",2010,1.2057938,"GOV_WGI_RQ.EST"
"JOR","Jordan",2024,0.2534087,"GOV_WGI_RQ.EST"
"JOR","Jordan",2023,0.293806,"GOV_WGI_RQ.EST"
"JOR","Jordan",2022,0.1899923,"GOV_WGI_RQ.EST"
"JOR","Jordan",2021,0.1826861,"GOV_WGI_RQ.EST"
"JOR","Jordan",2020,0.1702906,"GOV_WGI_RQ.EST"
"JOR","Jordan",2019,0.1569696,"GOV_WGI_RQ.EST"
"JOR","Jordan",2018,0.1111079,"GOV_WGI_RQ.EST"
"JOR","Jordan",2017,0.1554645,"GOV_WGI_RQ.EST"
"JOR","Jordan",2016,0.1254568,"GOV_WGI_RQ.EST"
"JOR","Jordan",2015,0.1691764,"GOV_WGI_RQ.EST"
"JOR","Jordan",2014,0.1056698,"GOV_WGI_RQ.EST"
"JOR","Jordan",2013,0.1009709,"GOV_WGI_RQ.EST"
"JOR","Jordan",2012,0.1546376,"GOV_WGI_RQ.EST"
"JOR","Jordan",2011,0.1391834,"GOV_WGI_RQ.EST"
"JOR","Jordan",2010,0.070994,"GOV_WGI_RQ.EST"
"KAZ","Kazakhstan",2024,0.0442936,"GOV_WGI_RQ.EST"
"KAZ","Kazakhstan",2023,0.0283743,"GOV_WGI_RQ.EST"
"KAZ","Kazakhstan",2022,-0.0627235,"GOV_WGI_RQ.EST"
"KAZ","Kazakhstan",2021,0.0239618,"GOV_WGI_RQ.EST"
"KAZ","Kazakhstan",2020,0.0563332,"GOV_WGI_RQ.EST"
"KAZ","Kazakhstan",2019,0.1099802,"GOV_WGI_RQ.EST"
"KAZ","Kazakhstan",2018,0.1075556,"GOV_WGI_RQ.EST"
"KAZ","Kazakhstan",2017,0.1323137,"GOV_WGI_RQ.EST"
"KAZ","Kazakhstan",2016,-0.1167953,"GOV_WGI_RQ.EST"
"KAZ","Kazakhstan",2015,-0.055739,"GOV_WGI_RQ.EST"
"KAZ","Kazakhstan",2014,-0.1936786,"GOV_WGI_RQ.EST"
"KAZ","Kazakhstan",2013,-0.373998,"GOV_WGI_RQ.EST"
"KAZ","Kazakhstan",2012,-0.3755894,"GOV_WGI_RQ.EST"
"KAZ","Kazakhstan",2011,-0.3627032,"GOV_WGI_RQ.EST"
"KAZ","Kazakhstan",2010,-0.4027245,"GOV_WGI_RQ.EST"
"KEN","Kenya",2024,-0.359203,"GOV_WGI_RQ.EST"
"KEN","Kenya",2023,-0.4070105,"GOV_WGI_RQ.EST"
"KEN","Kenya",2022,-0.3962951,"GOV_WGI_RQ.EST"
"KEN","Kenya",2021,-0.4284848,"GOV_WGI_RQ.EST"
"KEN","Kenya",2020,-0.4655925,"GOV_WGI_RQ.EST"
"KEN","Kenya",2019,-0.3453778,"GOV_WGI_RQ.EST"
"KEN","Kenya",2018,-0.3051836,"GOV_WGI_RQ.EST"
"KEN","Kenya",2017,-0.205132,"GOV_WGI_RQ.EST"
"KEN","Kenya",2016,-0.2337934,"GOV_WGI_RQ.EST"
"KEN","Kenya",2015,-0.2869435,"GOV_WGI_RQ.EST"
"KEN","Kenya",2014,-0.327276,"GOV_WGI_RQ.EST"
"KEN","Kenya",2013,-0.5237213,"GOV_WGI_RQ.EST"
"KEN","Kenya",2012,-0.523083,"GOV_WGI_RQ.EST"
"KEN","Kenya",2011,-0.5376241,"GOV_WGI_RQ.EST"
"KEN","Kenya",2010,-0.3859667,"GOV_WGI_RQ.EST"
"KIR","Kiribati",2024,-0.5394143,"GOV_WGI_RQ.EST"
"KIR","Kiribati",2023,-0.6164369,"GOV_WGI_RQ.EST"
"KIR","Kiribati",2022,-0.553955,"GOV_WGI_RQ.EST"
"KIR","Kiribati",2021,-0.5688559,"GOV_WGI_RQ.EST"
"KIR","Kiribati",2020,-0.5680529,"GOV_WGI_RQ.EST"
"KIR","Kiribati",2019,-0.5229508,"GOV_WGI_RQ.EST"
"KIR","Kiribati",2018,-0.6978436,"GOV_WGI_RQ.EST"
"KIR","Kiribati",2017,-0.6985588,"GOV_WGI_RQ.EST"
"KIR","Kiribati",2016,-0.7000095,"GOV_WGI_RQ.EST"
"KIR","Kiribati",2015,-0.6856551,"GOV_WGI_RQ.EST"
"KIR","Kiribati",2014,-0.6876597,"GOV_WGI_RQ.EST"
"KIR","Kiribati",2013,-1.198078,"GOV_WGI_RQ.EST"
"KIR","Kiribati",2012,-1.1977969,"GOV_WGI_RQ.EST"
"KIR","Kiribati",2011,-1.1920696,"GOV_WGI_RQ.EST"
"KIR","Kiribati",2010,-1.1942331,"GOV_WGI_RQ.EST"
"PRK","Korea, Dem. People's Rep.",2024,-1.9361395,"GOV_WGI_RQ.EST"
"PRK","Korea, Dem. People's Rep.",2023,-1.9357301,"GOV_WGI_RQ.EST"
"PRK","Korea, Dem. People's Rep.",2022,-1.9985723,"GOV_WGI_RQ.EST"
"PRK","Korea, Dem. People's Rep.",2021,-1.9971305,"GOV_WGI_RQ.EST"
"PRK","Korea, Dem. People's Rep.",2020,-1.9967136,"GOV_WGI_RQ.EST"
"PRK","Korea, Dem. People's Rep.",2019,-2.0679677,"GOV_WGI_RQ.EST"
"PRK","Korea, Dem. People's Rep.",2018,-2.0689038,"GOV_WGI_RQ.EST"
"PRK","Korea, Dem. People's Rep.",2017,-2.1392688,"GOV_WGI_RQ.EST"
"PRK","Korea, Dem. People's Rep.",2016,-2.1401421,"GOV_WGI_RQ.EST"
"PRK","Korea, Dem. People's Rep.",2015,-2.1406787,"GOV_WGI_RQ.EST"
"PRK","Korea, Dem. People's Rep.",2014,-2.0886287,"GOV_WGI_RQ.EST"
"PRK","Korea, Dem. People's Rep.",2013,-2.420385,"GOV_WGI_RQ.EST"
"PRK","Korea, Dem. People's Rep.",2012,-2.4202157,"GOV_WGI_RQ.EST"
"PRK","Korea, Dem. People's Rep.",2011,-1.8504718,"GOV_WGI_RQ.EST"
"PRK","Korea, Dem. People's Rep.",2010,-1.8476811,"GOV_WGI_RQ.EST"
"KOR","Korea, Rep.",2024,0.9605627,"GOV_WGI_RQ.EST"
"KOR","Korea, Rep.",2023,0.9528731,"GOV_WGI_RQ.EST"
"KOR","Korea, Rep.",2022,1.0498343,"GOV_WGI_RQ.EST"
"KOR","Korea, Rep.",2021,1.0205001,"GOV_WGI_RQ.EST"
"KOR","Korea, Rep.",2020,0.9406205,"GOV_WGI_RQ.EST"
"KOR","Korea, Rep.",2019,0.9423262,"GOV_WGI_RQ.EST"
"KOR","Korea, Rep.",2018,0.9691093,"GOV_WGI_RQ.EST"
"KOR","Korea, Rep.",2017,0.9630316,"GOV_WGI_RQ.EST"
"KOR","Korea, Rep.",2016,0.9738328,"GOV_WGI_RQ.EST"
"KOR","Korea, Rep.",2015,1.0036454,"GOV_WGI_RQ.EST"
"KOR","Korea, Rep.",2014,1.005432,"GOV_WGI_RQ.EST"
"KOR","Korea, Rep.",2013,1.0057277,"GOV_WGI_RQ.EST"
"KOR","Korea, Rep.",2012,0.928766,"GOV_WGI_RQ.EST"
"KOR","Korea, Rep.",2011,0.9320075,"GOV_WGI_RQ.EST"
"KOR","Korea, Rep.",2010,0.8300953,"GOV_WGI_RQ.EST"
"XKX","Kosovo",2024,-0.1769749,"GOV_WGI_RQ.EST"
"XKX","Kosovo",2023,-0.3826171,"GOV_WGI_RQ.EST"
"XKX","Kosovo",2022,-0.4573465,"GOV_WGI_RQ.EST"
"XKX","Kosovo",2021,-0.388728,"GOV_WGI_RQ.EST"
"XKX","Kosovo",2020,-0.4116438,"GOV_WGI_RQ.EST"
"XKX","Kosovo",2019,-0.4343215,"GOV_WGI_RQ.EST"
"XKX","Kosovo",2018,-0.4806573,"GOV_WGI_RQ.EST"
"XKX","Kosovo",2017,-0.2884867,"GOV_WGI_RQ.EST"
"XKX","Kosovo",2016,-0.3347623,"GOV_WGI_RQ.EST"
"XKX","Kosovo",2015,-0.4129604,"GOV_WGI_RQ.EST"
"XKX","Kosovo",2014,-0.2263613,"GOV_WGI_RQ.EST"
"XKX","Kosovo",2013,-0.1942244,"GOV_WGI_RQ.EST"
"XKX","Kosovo",2012,-0.2481498,"GOV_WGI_RQ.EST"
"XKX","Kosovo",2011,-0.4279552,"GOV_WGI_RQ.EST"
"XKX","Kosovo",2010,-0.3778374,"GOV_WGI_RQ.EST"
"KWT","Kuwait",2024,0.3093257,"GOV_WGI_RQ.EST"
"KWT","Kuwait",2023,0.2803031,"GOV_WGI_RQ.EST"
"KWT","Kuwait",2022,0.2450856,"GOV_WGI_RQ.EST"
"KWT","Kuwait",2021,0.1806204,"GOV_WGI_RQ.EST"
"KWT","Kuwait",2020,0.1491037,"GOV_WGI_RQ.EST"
"KWT","Kuwait",2019,0.1274651,"GOV_WGI_RQ.EST"
"KWT","Kuwait",2018,0.0342081,"GOV_WGI_RQ.EST"
"KWT","Kuwait",2017,-0.0153784,"GOV_WGI_RQ.EST"
"KWT","Kuwait",2016,-0.0272319,"GOV_WGI_RQ.EST"
"KWT","Kuwait",2015,-0.0064347,"GOV_WGI_RQ.EST"
"KWT","Kuwait",2014,-0.0445055,"GOV_WGI_RQ.EST"
"KWT","Kuwait",2013,0.1221675,"GOV_WGI_RQ.EST"
"KWT","Kuwait",2012,0.143376,"GOV_WGI_RQ.EST"
"KWT","Kuwait",2011,0.2736559,"GOV_WGI_RQ.EST"
"KWT","Kuwait",2010,0.4169,"GOV_WGI_RQ.EST"
"KGZ","Kyrgyz Republic",2024,-0.4584553,"GOV_WGI_RQ.EST"
"KGZ","Kyrgyz Republic",2023,-0.4560372,"GOV_WGI_RQ.EST"
"KGZ","Kyrgyz Republic",2022,-0.4731874,"GOV_WGI_RQ.EST"
"KGZ","Kyrgyz Republic",2021,-0.4609359,"GOV_WGI_RQ.EST"
"KGZ","Kyrgyz Republic",2020,-0.438996,"GOV_WGI_RQ.EST"
"KGZ","Kyrgyz Republic",2019,-0.387257,"GOV_WGI_RQ.EST"
"KGZ","Kyrgyz Republic",2018,-0.3810661,"GOV_WGI_RQ.EST"
"KGZ","Kyrgyz Republic",2017,-0.3248312,"GOV_WGI_RQ.EST"
"KGZ","Kyrgyz Republic",2016,-0.4313882,"GOV_WGI_RQ.EST"
"KGZ","Kyrgyz Republic",2015,-0.650019,"GOV_WGI_RQ.EST"
"KGZ","Kyrgyz Republic",2014,-0.5420388,"GOV_WGI_RQ.EST"
"KGZ","Kyrgyz Republic",2013,-0.4460449,"GOV_WGI_RQ.EST"
"KGZ","Kyrgyz Republic",2012,-0.499861,"GOV_WGI_RQ.EST"
"KGZ","Kyrgyz Republic",2011,-0.4386491,"GOV_WGI_RQ.EST"
"KGZ","Kyrgyz Republic",2010,-0.4831816,"GOV_WGI_RQ.EST"
"LAO","Lao PDR",2024,-0.660969,"GOV_WGI_RQ.EST"
"LAO","Lao PDR",2023,-0.74399,"GOV_WGI_RQ.EST"
"LAO","Lao PDR",2022,-0.8191182,"GOV_WGI_RQ.EST"
"LAO","Lao PDR",2021,-0.7415585,"GOV_WGI_RQ.EST"
"LAO","Lao PDR",2020,-0.7818326,"GOV_WGI_RQ.EST"
"LAO","Lao PDR",2019,-0.7323403,"GOV_WGI_RQ.EST"
"LAO","Lao PDR",2018,-0.8414899,"GOV_WGI_RQ.EST"
"LAO","Lao PDR",2017,-0.7427074,"GOV_WGI_RQ.EST"
"LAO","Lao PDR",2016,-0.7285926,"GOV_WGI_RQ.EST"
"LAO","Lao PDR",2015,-0.7484818,"GOV_WGI_RQ.EST"
"LAO","Lao PDR",2014,-0.809587,"GOV_WGI_RQ.EST"
"LAO","Lao PDR",2013,-0.868902,"GOV_WGI_RQ.EST"
"LAO","Lao PDR",2012,-0.8892666,"GOV_WGI_RQ.EST"
"LAO","Lao PDR",2011,-0.9636544,"GOV_WGI_RQ.EST"
"LAO","Lao PDR",2010,-0.9811073,"GOV_WGI_RQ.EST"
"LVA","Latvia",2024,1.0657744,"GOV_WGI_RQ.EST"
"LVA","Latvia",2023,0.968018,"GOV_WGI_RQ.EST"
"LVA","Latvia",2022,1.0016216,"GOV_WGI_RQ.EST"
"LVA","Latvia",2021,1.133879,"GOV_WGI_RQ.EST"
"LVA","Latvia",2020,1.0387174,"GOV_WGI_RQ.EST"
"LVA","Latvia",2019,1.057206,"GOV_WGI_RQ.EST"
"LVA","Latvia",2018,1.0469345,"GOV_WGI_RQ.EST"
"LVA","Latvia",2017,1.0240324,"GOV_WGI_RQ.EST"
"LVA","Latvia",2016,1.0084716,"GOV_WGI_RQ.EST"
"LVA","Latvia",2015,1.0394951,"GOV_WGI_RQ.EST"
"LVA","Latvia",2014,1.0359634,"GOV_WGI_RQ.EST"
"LVA","Latvia",2013,0.97289,"GOV_WGI_RQ.EST"
"LVA","Latvia",2012,0.9620145,"GOV_WGI_RQ.EST"
"LVA","Latvia",2011,1.0535265,"GOV_WGI_RQ.EST"
"LVA","Latvia",2010,1.0349549,"GOV_WGI_RQ.EST"
"LBN","Lebanon",2024,-0.9266358,"GOV_WGI_RQ.EST"
"LBN","Lebanon",2023,-0.8756345,"GOV_WGI_RQ.EST"
"LBN","Lebanon",2022,-0.9053299,"GOV_WGI_RQ.EST"
"LBN","Lebanon",2021,-0.7767222,"GOV_WGI_RQ.EST"
"LBN","Lebanon",2020,-0.6751676,"GOV_WGI_RQ.EST"
"LBN","Lebanon",2019,-0.5011885,"GOV_WGI_RQ.EST"
"LBN","Lebanon",2018,-0.4215613,"GOV_WGI_RQ.EST"
"LBN","Lebanon",2017,-0.3255373,"GOV_WGI_RQ.EST"
"LBN","Lebanon",2016,-0.3698537,"GOV_WGI_RQ.EST"
"LBN","Lebanon",2015,-0.3233316,"GOV_WGI_RQ.EST"
"LBN","Lebanon",2014,-0.3652543,"GOV_WGI_RQ.EST"
"LBN","Lebanon",2013,-0.2498852,"GOV_WGI_RQ.EST"
"LBN","Lebanon",2012,-0.2992423,"GOV_WGI_RQ.EST"
"LBN","Lebanon",2011,-0.2441608,"GOV_WGI_RQ.EST"
"LBN","Lebanon",2010,0.0077749,"GOV_WGI_RQ.EST"
"LSO","Lesotho",2024,-0.4336601,"GOV_WGI_RQ.EST"
"LSO","Lesotho",2023,-0.514798,"GOV_WGI_RQ.EST"
"LSO","Lesotho",2022,-0.5405978,"GOV_WGI_RQ.EST"
"LSO","Lesotho",2021,-0.6175376,"GOV_WGI_RQ.EST"
"LSO","Lesotho",2020,-0.6797986,"GOV_WGI_RQ.EST"
"LSO","Lesotho",2019,-0.5283621,"GOV_WGI_RQ.EST"
"LSO","Lesotho",2018,-0.498658,"GOV_WGI_RQ.EST"
"LSO","Lesotho",2017,-0.4056615,"GOV_WGI_RQ.EST"
"LSO","Lesotho",2016,-0.4268463,"GOV_WGI_RQ.EST"
"LSO","Lesotho",2015,-0.4252631,"GOV_WGI_RQ.EST"
"LSO","Lesotho",2014,-0.4187448,"GOV_WGI_RQ.EST"
"LSO","Lesotho",2013,-0.3774936,"GOV_WGI_RQ.EST"
"LSO","Lesotho",2012,-0.4801907,"GOV_WGI_RQ.EST"
"LSO","Lesotho",2011,-0.5810399,"GOV_WGI_RQ.EST"
"LSO","Lesotho",2010,-0.566707,"GOV_WGI_RQ.EST"
"LBR","Liberia",2024,-0.8408611,"GOV_WGI_RQ.EST"
"LBR","Liberia",2023,-0.9250408,"GOV_WGI_RQ.EST"
"LBR","Liberia",2022,-0.9553276,"GOV_WGI_RQ.EST"
"LBR","Liberia",2021,-0.9491206,"GOV_WGI_RQ.EST"
"LBR","Liberia",2020,-0.9654499,"GOV_WGI_RQ.EST"
"LBR","Liberia",2019,-0.9408561,"GOV_WGI_RQ.EST"
"LBR","Liberia",2018,-0.8714748,"GOV_WGI_RQ.EST"
"LBR","Liberia",2017,-0.8679693,"GOV_WGI_RQ.EST"
"LBR","Liberia",2016,-0.8720073,"GOV_WGI_RQ.EST"
"LBR","Liberia",2015,-0.7948542,"GOV_WGI_RQ.EST"
"LBR","Liberia",2014,-0.8261058,"GOV_WGI_RQ.EST"
"LBR","Liberia",2013,-1.0465709,"GOV_WGI_RQ.EST"
"LBR","Liberia",2012,-1.0520854,"GOV_WGI_RQ.EST"
"LBR","Liberia",2011,-1.1780561,"GOV_WGI_RQ.EST"
"LBR","Liberia",2010,-1.0768473,"GOV_WGI_RQ.EST"
"LBY","Libya",2024,-1.8208149,"GOV_WGI_RQ.EST"
"LBY","Libya",2023,-1.862919,"GOV_WGI_RQ.EST"
"LBY","Libya",2022,-1.9484866,"GOV_WGI_RQ.EST"
"LBY","Libya",2021,-1.9470221,"GOV_WGI_RQ.EST"
"LBY","Libya",2020,-2.0258839,"GOV_WGI_RQ.EST"
"LBY","Libya",2019,-2.0724148,"GOV_WGI_RQ.EST"
"LBY","Libya",2018,-2.0471646,"GOV_WGI_RQ.EST"
"LBY","Libya",2017,-1.970527,"GOV_WGI_RQ.EST"
"LBY","Libya",2016,-2.0849144,"GOV_WGI_RQ.EST"
"LBY","Libya",2015,-2.0005566,"GOV_WGI_RQ.EST"
"LBY","Libya",2014,-1.9140457,"GOV_WGI_RQ.EST"
"LBY","Libya",2013,-1.5649627,"GOV_WGI_RQ.EST"
"LBY","Libya",2012,-1.3593485,"GOV_WGI_RQ.EST"
"LBY","Libya",2011,-1.433046,"GOV_WGI_RQ.EST"
"LBY","Libya",2010,-1.2515983,"GOV_WGI_RQ.EST"
"LIE","Liechtenstein",2024,1.5489892,"GOV_WGI_RQ.EST"
"LIE","Liechtenstein",2023,1.5496163,"GOV_WGI_RQ.EST"
"LIE","Liechtenstein",2022,1.5493758,"GOV_WGI_RQ.EST"
"LIE","Liechtenstein",2021,1.5762259,"GOV_WGI_RQ.EST"
"LIE","Liechtenstein",2020,1.6557871,"GOV_WGI_RQ.EST"
"LIE","Liechtenstein",2019,1.6581393,"GOV_WGI_RQ.EST"
"LIE","Liechtenstein",2018,1.6565758,"GOV_WGI_RQ.EST"
"LIE","Liechtenstein",2017,1.6558567,"GOV_WGI_RQ.EST"
"LIE","Liechtenstein",2016,1.5755331,"GOV_WGI_RQ.EST"
"LIE","Liechtenstein",2015,1.5746368,"GOV_WGI_RQ.EST"
"LIE","Liechtenstein",2014,1.5726211,"GOV_WGI_RQ.EST"
"LIE","Liechtenstein",2013,1.7498056,"GOV_WGI_RQ.EST"
"LIE","Liechtenstein",2012,1.7256465,"GOV_WGI_RQ.EST"
"LIE","Liechtenstein",2011,1.6997895,"GOV_WGI_RQ.EST"
"LIE","Liechtenstein",2010,1.6988388,"GOV_WGI_RQ.EST"
"LTU","Lithuania",2024,1.1962878,"GOV_WGI_RQ.EST"
"LTU","Lithuania",2023,1.1706867,"GOV_WGI_RQ.EST"
"LTU","Lithuania",2022,1.1953583,"GOV_WGI_RQ.EST"
"LTU","Lithuania",2021,1.1886122,"GOV_WGI_RQ.EST"
"LTU","Lithuania",2020,0.930481,"GOV_WGI_RQ.EST"
"LTU","Lithuania",2019,1.0180124,"GOV_WGI_RQ.EST"
"LTU","Lithuania",2018,1.0936379,"GOV_WGI_RQ.EST"
"LTU","Lithuania",2017,1.1155723,"GOV_WGI_RQ.EST"
"LTU","Lithuania",2016,1.1022002,"GOV_WGI_RQ.EST"
"LTU","Lithuania",2015,1.2448049,"GOV_WGI_RQ.EST"
"LTU","Lithuania",2014,1.0735242,"GOV_WGI_RQ.EST"
"LTU","Lithuania",2013,1.0553678,"GOV_WGI_RQ.EST"
"LTU","Lithuania",2012,1.0518399,"GOV_WGI_RQ.EST"
"LTU","Lithuania",2011,0.9793368,"GOV_WGI_RQ.EST"
"LTU","Lithuania",2010,0.9973139,"GOV_WGI_RQ.EST"
"LUX","Luxembourg",2024,1.7520706,"GOV_WGI_RQ.EST"
"LUX","Luxembourg",2023,1.7496711,"GOV_WGI_RQ.EST"
"LUX","Luxembourg",2022,1.8558502,"GOV_WGI_RQ.EST"
"LUX","Luxembourg",2021,1.8462414,"GOV_WGI_RQ.EST"
"LUX","Luxembourg",2020,1.7935713,"GOV_WGI_RQ.EST"
"LUX","Luxembourg",2019,1.7329157,"GOV_WGI_RQ.EST"
"LUX","Luxembourg",2018,1.7328821,"GOV_WGI_RQ.EST"
"LUX","Luxembourg",2017,1.6356025,"GOV_WGI_RQ.EST"
"LUX","Luxembourg",2016,1.7042333,"GOV_WGI_RQ.EST"
"LUX","Luxembourg",2015,1.6519054,"GOV_WGI_RQ.EST"
"LUX","Luxembourg",2014,1.5757422,"GOV_WGI_RQ.EST"
"LUX","Luxembourg",2013,1.7491469,"GOV_WGI_RQ.EST"
"LUX","Luxembourg",2012,1.7341598,"GOV_WGI_RQ.EST"
"LUX","Luxembourg",2011,1.8230491,"GOV_WGI_RQ.EST"
"LUX","Luxembourg",2010,1.7139103,"GOV_WGI_RQ.EST"
"MAC","Macao SAR, China",2024,1.3830659,"GOV_WGI_RQ.EST"
"MAC","Macao SAR, China",2023,1.4362199,"GOV_WGI_RQ.EST"
"MAC","Macao SAR, China",2022,1.4359794,"GOV_WGI_RQ.EST"
"MAC","Macao SAR, China",2021,1.4383876,"GOV_WGI_RQ.EST"
"MAC","Macao SAR, China",2020,1.439084,"GOV_WGI_RQ.EST"
"MAC","Macao SAR, China",2019,1.520301,"GOV_WGI_RQ.EST"
"MAC","Macao SAR, China",2018,1.5187375,"GOV_WGI_RQ.EST"
"MAC","Macao SAR, China",2017,1.5968831,"GOV_WGI_RQ.EST"
"MAC","Macao SAR, China",2016,1.5954243,"GOV_WGI_RQ.EST"
"MAC","Macao SAR, China",2015,1.673393,"GOV_WGI_RQ.EST"
"MAC","Macao SAR, China",2014,1.6713773,"GOV_WGI_RQ.EST"
"MAC","Macao SAR, China",2013,1.4345216,"GOV_WGI_RQ.EST"
"MAC","Macao SAR, China",2012,1.4348043,"GOV_WGI_RQ.EST"
"MAC","Macao SAR, China",2011,1.4383813,"GOV_WGI_RQ.EST"
"MAC","Macao SAR, China",2010,1.4375732,"GOV_WGI_RQ.EST"
"MDG","Madagascar",2024,-0.767413,"GOV_WGI_RQ.EST"
"MDG","Madagascar",2023,-0.8286172,"GOV_WGI_RQ.EST"
"MDG","Madagascar",2022,-0.813744,"GOV_WGI_RQ.EST"
"MDG","Madagascar",2021,-0.8506459,"GOV_WGI_RQ.EST"
"MDG","Madagascar",2020,-0.8466626,"GOV_WGI_RQ.EST"
"MDG","Madagascar",2019,-0.8249264,"GOV_WGI_RQ.EST"
"MDG","Madagascar",2018,-0.8789623,"GOV_WGI_RQ.EST"
"MDG","Madagascar",2017,-0.7816962,"GOV_WGI_RQ.EST"
"MDG","Madagascar",2016,-0.7881457,"GOV_WGI_RQ.EST"
"MDG","Madagascar",2015,-0.8722712,"GOV_WGI_RQ.EST"
"MDG","Madagascar",2014,-0.8827242,"GOV_WGI_RQ.EST"
"MDG","Madagascar",2013,-0.8649841,"GOV_WGI_RQ.EST"
"MDG","Madagascar",2012,-0.7414157,"GOV_WGI_RQ.EST"
"MDG","Madagascar",2011,-0.7391411,"GOV_WGI_RQ.EST"
"MDG","Madagascar",2010,-0.7291189,"GOV_WGI_RQ.EST"
"MWI","Malawi",2024,-0.5670704,"GOV_WGI_RQ.EST"
"MWI","Malawi",2023,-0.6932158,"GOV_WGI_RQ.EST"
"MWI","Malawi",2022,-0.6617355,"GOV_WGI_RQ.EST"
"MWI","Malawi",2021,-0.6847512,"GOV_WGI_RQ.EST"
"MWI","Malawi",2020,-0.722417,"GOV_WGI_RQ.EST"
"MWI","Malawi",2019,-0.6515772,"GOV_WGI_RQ.EST"
"MWI","Malawi",2018,-0.6615435,"GOV_WGI_RQ.EST"
"MWI","Malawi",2017,-0.6741461,"GOV_WGI_RQ.EST"
"MWI","Malawi",2016,-0.7281615,"GOV_WGI_RQ.EST"
"MWI","Malawi",2015,-0.7358514,"GOV_WGI_RQ.EST"
"MWI","Malawi",2014,-0.7064062,"GOV_WGI_RQ.EST"
"MWI","Malawi",2013,-0.7356908,"GOV_WGI_RQ.EST"
"MWI","Malawi",2012,-0.7050076,"GOV_WGI_RQ.EST"
"MWI","Malawi",2011,-0.4494441,"GOV_WGI_RQ.EST"
"MWI","Malawi",2010,-0.3683915,"GOV_WGI_RQ.EST"
"MYS","Malaysia",2024,0.6346417,"GOV_WGI_RQ.EST"
"MYS","Malaysia",2023,0.600876,"GOV_WGI_RQ.EST"
"MYS","Malaysia",2022,0.6794199,"GOV_WGI_RQ.EST"
"MYS","Malaysia",2021,0.7621557,"GOV_WGI_RQ.EST"
"MYS","Malaysia",2020,0.6591257,"GOV_WGI_RQ.EST"
"MYS","Malaysia",2019,0.7654923,"GOV_WGI_RQ.EST"
"MYS","Malaysia",2018,0.7581923,"GOV_WGI_RQ.EST"
"MYS","Malaysia",2017,0.7917296,"GOV_WGI_RQ.EST"
"MYS","Malaysia",2016,0.7486234,"GOV_WGI_RQ.EST"
"MYS","Malaysia",2015,0.78352,"GOV_WGI_RQ.EST"
"MYS","Malaysia",2014,0.8853722,"GOV_WGI_RQ.EST"
"MYS","Malaysia",2013,0.8491075,"GOV_WGI_RQ.EST"
"MYS","Malaysia",2012,0.7439096,"GOV_WGI_RQ.EST"
"MYS","Malaysia",2011,0.5073783,"GOV_WGI_RQ.EST"
"MYS","Malaysia",2010,0.6158941,"GOV_WGI_RQ.EST"
"MDV","Maldives",2024,-0.3007781,"GOV_WGI_RQ.EST"
"MDV","Maldives",2023,-0.3778007,"GOV_WGI_RQ.EST"
"MDV","Maldives",2022,-0.378078,"GOV_WGI_RQ.EST"
"MDV","Maldives",2021,-0.2843558,"GOV_WGI_RQ.EST"
"MDV","Maldives",2020,-0.3744979,"GOV_WGI_RQ.EST"
"MDV","Maldives",2019,-0.2516497,"GOV_WGI_RQ.EST"
"MDV","Maldives",2018,-0.2534527,"GOV_WGI_RQ.EST"
"MDV","Maldives",2017,-0.254282,"GOV_WGI_RQ.EST"
"MDV","Maldives",2016,-0.2559642,"GOV_WGI_RQ.EST"
"MDV","Maldives",2015,-0.3354635,"GOV_WGI_RQ.EST"
"MDV","Maldives",2014,-0.294727,"GOV_WGI_RQ.EST"
"MDV","Maldives",2013,-0.3105702,"GOV_WGI_RQ.EST"
"MDV","Maldives",2012,-0.2859814,"GOV_WGI_RQ.EST"
"MDV","Maldives",2011,-0.273362,"GOV_WGI_RQ.EST"
"MDV","Maldives",2010,-0.2037174,"GOV_WGI_RQ.EST"
"MLI","Mali",2024,-0.7464802,"GOV_WGI_RQ.EST"
"MLI","Mali",2023,-0.7342343,"GOV_WGI_RQ.EST"
"MLI","Mali",2022,-0.7118261,"GOV_WGI_RQ.EST"
"MLI","Mali",2021,-0.6726404,"GOV_WGI_RQ.EST"
"MLI","Mali",2020,-0.7254182,"GOV_WGI_RQ.EST"
"MLI","Mali",2019,-0.6541133,"GOV_WGI_RQ.EST"
"MLI","Mali",2018,-0.6166136,"GOV_WGI_RQ.EST"
"MLI","Mali",2017,-0.569373,"GOV_WGI_RQ.EST"
"MLI","Mali",2016,-0.5675073,"GOV_WGI_RQ.EST"
"MLI","Mali",2015,-0.5142616,"GOV_WGI_RQ.EST"
"MLI","Mali",2014,-0.6463538,"GOV_WGI_RQ.EST"
"MLI","Mali",2013,-0.6300812,"GOV_WGI_RQ.EST"
"MLI","Mali",2012,-0.5320269,"GOV_WGI_RQ.EST"
"MLI","Mali",2011,-0.4967494,"GOV_WGI_RQ.EST"
"MLI","Mali",2010,-0.5465208,"GOV_WGI_RQ.EST"
"MLT","Malta",2024,0.5133696,"GOV_WGI_RQ.EST"
"MLT","Malta",2023,0.5600083,"GOV_WGI_RQ.EST"
"MLT","Malta",2022,0.6214452,"GOV_WGI_RQ.EST"
"MLT","Malta",2021,0.7620797,"GOV_WGI_RQ.EST"
"MLT","Malta",2020,1.1250403,"GOV_WGI_RQ.EST"
"MLT","Malta",2019,0.8940193,"GOV_WGI_RQ.EST"
"MLT","Malta",2018,1.2566816,"GOV_WGI_RQ.EST"
"MLT","Malta",2017,1.249639,"GOV_WGI_RQ.EST"
"MLT","Malta",2016,1.0864341,"GOV_WGI_RQ.EST"
"MLT","Malta",2015,1.0141772,"GOV_WGI_RQ.EST"
"MLT","Malta",2014,0.9247452,"GOV_WGI_RQ.EST"
"MLT","Malta",2013,1.2101605,"GOV_WGI_RQ.EST"
"MLT","Malta",2012,1.2367462,"GOV_WGI_RQ.EST"
"MLT","Malta",2011,1.2284541,"GOV_WGI_RQ.EST"
"MLT","Malta",2010,1.3391597,"GOV_WGI_RQ.EST"
"MHL","Marshall Islands",2024,-0.729565,"GOV_WGI_RQ.EST"
"MHL","Marshall Islands",2023,-0.916726,"GOV_WGI_RQ.EST"
"MHL","Marshall Islands",2022,-0.9170614,"GOV_WGI_RQ.EST"
"MHL","Marshall Islands",2021,-0.8923249,"GOV_WGI_RQ.EST"
"MHL","Marshall Islands",2020,-0.8913539,"GOV_WGI_RQ.EST"
"MHL","Marshall Islands",2019,-0.794056,"GOV_WGI_RQ.EST"
"MHL","Marshall Islands",2018,-0.7962364,"GOV_WGI_RQ.EST"
"MHL","Marshall Islands",2017,-0.7918227,"GOV_WGI_RQ.EST"
"MHL","Marshall Islands",2016,-0.793857,"GOV_WGI_RQ.EST"
"MHL","Marshall Islands",2015,-0.8164848,"GOV_WGI_RQ.EST"
"MHL","Marshall Islands",2014,-1.0899664,"GOV_WGI_RQ.EST"
"MHL","Marshall Islands",2013,-1.0904028,"GOV_WGI_RQ.EST"
"MHL","Marshall Islands",2012,-1.0643306,"GOV_WGI_RQ.EST"
"MHL","Marshall Islands",2011,-1.0583572,"GOV_WGI_RQ.EST"
"MHL","Marshall Islands",2010,-1.0492723,"GOV_WGI_RQ.EST"
"MRT","Mauritania",2024,-0.7586825,"GOV_WGI_RQ.EST"
"MRT","Mauritania",2023,-0.8524388,"GOV_WGI_RQ.EST"
"MRT","Mauritania",2022,-0.9205576,"GOV_WGI_RQ.EST"
"MRT","Mauritania",2021,-0.9218012,"GOV_WGI_RQ.EST"
"MRT","Mauritania",2020,-0.8357314,"GOV_WGI_RQ.EST"
"MRT","Mauritania",2019,-0.724823,"GOV_WGI_RQ.EST"
"MRT","Mauritania",2018,-0.7253668,"GOV_WGI_RQ.EST"
"MRT","Mauritania",2017,-0.6785059,"GOV_WGI_RQ.EST"
"MRT","Mauritania",2016,-0.6610032,"GOV_WGI_RQ.EST"
"MRT","Mauritania",2015,-0.786517,"GOV_WGI_RQ.EST"
"MRT","Mauritania",2014,-0.8024484,"GOV_WGI_RQ.EST"
"MRT","Mauritania",2013,-0.8020808,"GOV_WGI_RQ.EST"
"MRT","Mauritania",2012,-0.6566415,"GOV_WGI_RQ.EST"
"MRT","Mauritania",2011,-0.4442715,"GOV_WGI_RQ.EST"
"MRT","Mauritania",2010,-0.4709488,"GOV_WGI_RQ.EST"
"MUS","Mauritius",2024,0.9384821,"GOV_WGI_RQ.EST"
"MUS","Mauritius",2023,0.95011,"GOV_WGI_RQ.EST"
"MUS","Mauritius",2022,0.9221306,"GOV_WGI_RQ.EST"
"MUS","Mauritius",2021,0.9591349,"GOV_WGI_RQ.EST"
"MUS","Mauritius",2020,1.0066474,"GOV_WGI_RQ.EST"
"MUS","Mauritius",2019,0.9793338,"GOV_WGI_RQ.EST"
"MUS","Mauritius",2018,1.0441896,"GOV_WGI_RQ.EST"
"MUS","Mauritius",2017,1.0743504,"GOV_WGI_RQ.EST"
"MUS","Mauritius",2016,1.0671248,"GOV_WGI_RQ.EST"
"MUS","Mauritius",2015,1.0289986,"GOV_WGI_RQ.EST"
"MUS","Mauritius",2014,1.1343277,"GOV_WGI_RQ.EST"
"MUS","Mauritius",2013,0.9708661,"GOV_WGI_RQ.EST"
"MUS","Mauritius",2012,0.9862698,"GOV_WGI_RQ.EST"
"MUS","Mauritius",2011,0.7677945,"GOV_WGI_RQ.EST"
"MUS","Mauritius",2010,0.8071361,"GOV_WGI_RQ.EST"
"MEX","Mexico",2024,-0.1576756,"GOV_WGI_RQ.EST"
"MEX","Mexico",2023,-0.1471649,"GOV_WGI_RQ.EST"
"MEX","Mexico",2022,-0.0750129,"GOV_WGI_RQ.EST"
"MEX","Mexico",2021,-0.1087152,"GOV_WGI_RQ.EST"
"MEX","Mexico",2020,-0.0312564,"GOV_WGI_RQ.EST"
"MEX","Mexico",2019,0.0463344,"GOV_WGI_RQ.EST"
"MEX","Mexico",2018,0.0692347,"GOV_WGI_RQ.EST"
"MEX","Mexico",2017,0.228865,"GOV_WGI_RQ.EST"
"MEX","Mexico",2016,0.2233137,"GOV_WGI_RQ.EST"
"MEX","Mexico",2015,0.2349177,"GOV_WGI_RQ.EST"
"MEX","Mexico",2014,0.2691417,"GOV_WGI_RQ.EST"
"MEX","Mexico",2013,0.3266967,"GOV_WGI_RQ.EST"
"MEX","Mexico",2012,0.3253324,"GOV_WGI_RQ.EST"
"MEX","Mexico",2011,0.2068073,"GOV_WGI_RQ.EST"
"MEX","Mexico",2010,0.1738878,"GOV_WGI_RQ.EST"
"FSM","Micronesia, Fed. Sts.",2024,-0.7753435,"GOV_WGI_RQ.EST"
"FSM","Micronesia, Fed. Sts.",2023,-0.7746202,"GOV_WGI_RQ.EST"
"FSM","Micronesia, Fed. Sts.",2022,-0.7748976,"GOV_WGI_RQ.EST"
"FSM","Micronesia, Fed. Sts.",2021,-0.7721204,"GOV_WGI_RQ.EST"
"FSM","Micronesia, Fed. Sts.",2020,-0.8622625,"GOV_WGI_RQ.EST"
"FSM","Micronesia, Fed. Sts.",2019,-0.8595501,"GOV_WGI_RQ.EST"
"FSM","Micronesia, Fed. Sts.",2018,-0.7836072,"GOV_WGI_RQ.EST"
"FSM","Micronesia, Fed. Sts.",2017,-0.6934914,"GOV_WGI_RQ.EST"
"FSM","Micronesia, Fed. Sts.",2016,-0.7861187,"GOV_WGI_RQ.EST"
"FSM","Micronesia, Fed. Sts.",2015,-0.7976599,"GOV_WGI_RQ.EST"
"FSM","Micronesia, Fed. Sts.",2014,-0.8281702,"GOV_WGI_RQ.EST"
"FSM","Micronesia, Fed. Sts.",2013,-0.782999,"GOV_WGI_RQ.EST"
"FSM","Micronesia, Fed. Sts.",2012,-0.8108588,"GOV_WGI_RQ.EST"
"FSM","Micronesia, Fed. Sts.",2011,-0.8067339,"GOV_WGI_RQ.EST"
"FSM","Micronesia, Fed. Sts.",2010,-0.6040572,"GOV_WGI_RQ.EST"
"MDA","Moldova",2024,-0.0192186,"GOV_WGI_RQ.EST"
"MDA","Moldova",2023,-0.0257026,"GOV_WGI_RQ.EST"
"MDA","Moldova",2022,-0.0186557,"GOV_WGI_RQ.EST"
"MDA","Moldova",2021,-0.0621154,"GOV_WGI_RQ.EST"
"MDA","Moldova",2020,-0.1202401,"GOV_WGI_RQ.EST"
"MDA","Moldova",2019,-0.0865328,"GOV_WGI_RQ.EST"
"MDA","Moldova",2018,-0.1924481,"GOV_WGI_RQ.EST"
"MDA","Moldova",2017,-0.1203884,"GOV_WGI_RQ.EST"
"MDA","Moldova",2016,-0.230667,"GOV_WGI_RQ.EST"
"MDA","Moldova",2015,-0.1965919,"GOV_WGI_RQ.EST"
"MDA","Moldova",2014,-0.0881702,"GOV_WGI_RQ.EST"
"MDA","Moldova",2013,-0.1729869,"GOV_WGI_RQ.EST"
"MDA","Moldova",2012,-0.2352999,"GOV_WGI_RQ.EST"
"MDA","Moldova",2011,-0.1677726,"GOV_WGI_RQ.EST"
"MDA","Moldova",2010,-0.1734193,"GOV_WGI_RQ.EST"
"MCO","Monaco",2024,1.0917245,"GOV_WGI_RQ.EST"
"MCO","Monaco",2023,1.3314106,"GOV_WGI_RQ.EST"
"MCO","Monaco",2022,1.3306854,"GOV_WGI_RQ.EST"
"MCO","Monaco",2021,1.3379468,"GOV_WGI_RQ.EST"
"MCO","Monaco",2020,1.3400464,"GOV_WGI_RQ.EST"
"MCO","Monaco",2019,1.3471387,"GOV_WGI_RQ.EST"
"MCO","Monaco",2018,1.3424245,"GOV_WGI_RQ.EST"
"MCO","Monaco",2017,1.3402562,"GOV_WGI_RQ.EST"
"MCO","Monaco",2016,1.3358577,"GOV_WGI_RQ.EST"
"MCO","Monaco",2015,1.3331553,"GOV_WGI_RQ.EST"
"MCO","Monaco",2014,NA,"GOV_WGI_RQ.EST"
"MCO","Monaco",2013,NA,"GOV_WGI_RQ.EST"
"MCO","Monaco",2012,NA,"GOV_WGI_RQ.EST"
"MCO","Monaco",2011,NA,"GOV_WGI_RQ.EST"
"MCO","Monaco",2010,NA,"GOV_WGI_RQ.EST"
"MNG","Mongolia",2024,-0.0550092,"GOV_WGI_RQ.EST"
"MNG","Mongolia",2023,-0.0352955,"GOV_WGI_RQ.EST"
"MNG","Mongolia",2022,-0.1442354,"GOV_WGI_RQ.EST"
"MNG","Mongolia",2021,-0.0815589,"GOV_WGI_RQ.EST"
"MNG","Mongolia",2020,-0.0823947,"GOV_WGI_RQ.EST"
"MNG","Mongolia",2019,-0.0122772,"GOV_WGI_RQ.EST"
"MNG","Mongolia",2018,0.022744,"GOV_WGI_RQ.EST"
"MNG","Mongolia",2017,-0.046082,"GOV_WGI_RQ.EST"
"MNG","Mongolia",2016,-0.0499109,"GOV_WGI_RQ.EST"
"MNG","Mongolia",2015,-0.3541736,"GOV_WGI_RQ.EST"
"MNG","Mongolia",2014,-0.2852034,"GOV_WGI_RQ.EST"
"MNG","Mongolia",2013,-0.4508901,"GOV_WGI_RQ.EST"
"MNG","Mongolia",2012,-0.3636187,"GOV_WGI_RQ.EST"
"MNG","Mongolia",2011,-0.2959655,"GOV_WGI_RQ.EST"
"MNG","Mongolia",2010,-0.2687597,"GOV_WGI_RQ.EST"
"MNE","Montenegro",2024,0.195607,"GOV_WGI_RQ.EST"
"MNE","Montenegro",2023,0.2698762,"GOV_WGI_RQ.EST"
"MNE","Montenegro",2022,0.3155995,"GOV_WGI_RQ.EST"
"MNE","Montenegro",2021,0.2654431,"GOV_WGI_RQ.EST"
"MNE","Montenegro",2020,0.2763572,"GOV_WGI_RQ.EST"
"MNE","Montenegro",2019,0.3203983,"GOV_WGI_RQ.EST"
"MNE","Montenegro",2018,0.3233069,"GOV_WGI_RQ.EST"
"MNE","Montenegro",2017,0.361187,"GOV_WGI_RQ.EST"
"MNE","Montenegro",2016,0.2816962,"GOV_WGI_RQ.EST"
"MNE","Montenegro",2015,0.2708218,"GOV_WGI_RQ.EST"
"MNE","Montenegro",2014,0.2351021,"GOV_WGI_RQ.EST"
"MNE","Montenegro",2013,0.0824528,"GOV_WGI_RQ.EST"
"MNE","Montenegro",2012,0.044356,"GOV_WGI_RQ.EST"
"MNE","Montenegro",2011,-0.0460748,"GOV_WGI_RQ.EST"
"MNE","Montenegro",2010,-0.0377411,"GOV_WGI_RQ.EST"
"MAR","Morocco",2024,-0.0427678,"GOV_WGI_RQ.EST"
"MAR","Morocco",2023,-0.0480585,"GOV_WGI_RQ.EST"
"MAR","Morocco",2022,-0.0668499,"GOV_WGI_RQ.EST"
"MAR","Morocco",2021,-0.0675927,"GOV_WGI_RQ.EST"
"MAR","Morocco",2020,0.0500585,"GOV_WGI_RQ.EST"
"MAR","Morocco",2019,0.0148601,"GOV_WGI_RQ.EST"
"MAR","Morocco",2018,-0.0947799,"GOV_WGI_RQ.EST"
"MAR","Morocco",2017,0.0316703,"GOV_WGI_RQ.EST"
"MAR","Morocco",2016,0.04375,"GOV_WGI_RQ.EST"
"MAR","Morocco",2015,0.1104148,"GOV_WGI_RQ.EST"
"MAR","Morocco",2014,0.0705582,"GOV_WGI_RQ.EST"
"MAR","Morocco",2013,0.0296583,"GOV_WGI_RQ.EST"
"MAR","Morocco",2012,0.0212488,"GOV_WGI_RQ.EST"
"MAR","Morocco",2011,-0.076184,"GOV_WGI_RQ.EST"
"MAR","Morocco",2010,0.0075841,"GOV_WGI_RQ.EST"
"MOZ","Mozambique",2024,-0.6941975,"GOV_WGI_RQ.EST"
"MOZ","Mozambique",2023,-0.7142792,"GOV_WGI_RQ.EST"
"MOZ","Mozambique",2022,-0.7487649,"GOV_WGI_RQ.EST"
"MOZ","Mozambique",2021,-0.7818986,"GOV_WGI_RQ.EST"
"MOZ","Mozambique",2020,-0.7362239,"GOV_WGI_RQ.EST"
"MOZ","Mozambique",2019,-0.6886552,"GOV_WGI_RQ.EST"
"MOZ","Mozambique",2018,-0.6982979,"GOV_WGI_RQ.EST"
"MOZ","Mozambique",2017,-0.6561535,"GOV_WGI_RQ.EST"
"MOZ","Mozambique",2016,-0.6697704,"GOV_WGI_RQ.EST"
"MOZ","Mozambique",2015,-0.6104974,"GOV_WGI_RQ.EST"
"MOZ","Mozambique",2014,-0.5498492,"GOV_WGI_RQ.EST"
"MOZ","Mozambique",2013,-0.5380406,"GOV_WGI_RQ.EST"
"MOZ","Mozambique",2012,-0.4707602,"GOV_WGI_RQ.EST"
"MOZ","Mozambique",2011,-0.5413821,"GOV_WGI_RQ.EST"
"MOZ","Mozambique",2010,-0.5201608,"GOV_WGI_RQ.EST"
"MMR","Myanmar",2024,-1.4552256,"GOV_WGI_RQ.EST"
"MMR","Myanmar",2023,-1.479184,"GOV_WGI_RQ.EST"
"MMR","Myanmar",2022,-1.2663676,"GOV_WGI_RQ.EST"
"MMR","Myanmar",2021,-1.1469697,"GOV_WGI_RQ.EST"
"MMR","Myanmar",2020,-0.7445949,"GOV_WGI_RQ.EST"
"MMR","Myanmar",2019,-0.8772311,"GOV_WGI_RQ.EST"
"MMR","Myanmar",2018,-0.8452561,"GOV_WGI_RQ.EST"
"MMR","Myanmar",2017,-0.866849,"GOV_WGI_RQ.EST"
"MMR","Myanmar",2016,-0.9047796,"GOV_WGI_RQ.EST"
"MMR","Myanmar",2015,-1.1378507,"GOV_WGI_RQ.EST"
"MMR","Myanmar",2014,-1.3556999,"GOV_WGI_RQ.EST"
"MMR","Myanmar",2013,-1.4755674,"GOV_WGI_RQ.EST"
"MMR","Myanmar",2012,-1.7808424,"GOV_WGI_RQ.EST"
"MMR","Myanmar",2011,-1.6102939,"GOV_WGI_RQ.EST"
"MMR","Myanmar",2010,-1.6816017,"GOV_WGI_RQ.EST"
"NAM","Namibia",2024,0.1539435,"GOV_WGI_RQ.EST"
"NAM","Namibia",2023,0.1041416,"GOV_WGI_RQ.EST"
"NAM","Namibia",2022,0.0967481,"GOV_WGI_RQ.EST"
"NAM","Namibia",2021,0.1669228,"GOV_WGI_RQ.EST"
"NAM","Namibia",2020,0.1097652,"GOV_WGI_RQ.EST"
"NAM","Namibia",2019,0.1506153,"GOV_WGI_RQ.EST"
"NAM","Namibia",2018,0.0852579,"GOV_WGI_RQ.EST"
"NAM","Namibia",2017,0.1123591,"GOV_WGI_RQ.EST"
"NAM","Namibia",2016,0.157908,"GOV_WGI_RQ.EST"
"NAM","Namibia",2015,0.2512721,"GOV_WGI_RQ.EST"
"NAM","Namibia",2014,0.1956513,"GOV_WGI_RQ.EST"
"NAM","Namibia",2013,0.2242227,"GOV_WGI_RQ.EST"
"NAM","Namibia",2012,0.1939241,"GOV_WGI_RQ.EST"
"NAM","Namibia",2011,0.0253457,"GOV_WGI_RQ.EST"
"NAM","Namibia",2010,0.1714474,"GOV_WGI_RQ.EST"
"NRU","Naoero",2024,-0.5726671,"GOV_WGI_RQ.EST"
"NRU","Naoero",2023,-0.5709673,"GOV_WGI_RQ.EST"
"NRU","Naoero",2022,-0.3578781,"GOV_WGI_RQ.EST"
"NRU","Naoero",2021,-0.3513512,"GOV_WGI_RQ.EST"
"NRU","Naoero",2020,-0.349464,"GOV_WGI_RQ.EST"
"NRU","Naoero",2019,-0.3430892,"GOV_WGI_RQ.EST"
"NRU","Naoero",2018,-0.3473265,"GOV_WGI_RQ.EST"
"NRU","Naoero",2017,-0.5630165,"GOV_WGI_RQ.EST"
"NRU","Naoero",2016,-0.5669701,"GOV_WGI_RQ.EST"
"NRU","Naoero",2015,-0.5693991,"GOV_WGI_RQ.EST"
"NRU","Naoero",2014,-0.8911015,"GOV_WGI_RQ.EST"
"NRU","Naoero",2013,-0.8934269,"GOV_WGI_RQ.EST"
"NRU","Naoero",2012,-0.7544756,"GOV_WGI_RQ.EST"
"NRU","Naoero",2011,-0.7226405,"GOV_WGI_RQ.EST"
"NRU","Naoero",2010,-0.729832,"GOV_WGI_RQ.EST"
"NPL","Nepal",2024,-0.6330168,"GOV_WGI_RQ.EST"
"NPL","Nepal",2023,-0.6508878,"GOV_WGI_RQ.EST"
"NPL","Nepal",2022,-0.6266656,"GOV_WGI_RQ.EST"
"NPL","Nepal",2021,-0.664111,"GOV_WGI_RQ.EST"
"NPL","Nepal",2020,-0.6904308,"GOV_WGI_RQ.EST"
"NPL","Nepal",2019,-0.6047496,"GOV_WGI_RQ.EST"
"NPL","Nepal",2018,-0.6254901,"GOV_WGI_RQ.EST"
"NPL","Nepal",2017,-0.7114837,"GOV_WGI_RQ.EST"
"NPL","Nepal",2016,-0.6919766,"GOV_WGI_RQ.EST"
"NPL","Nepal",2015,-0.7468829,"GOV_WGI_RQ.EST"
"NPL","Nepal",2014,-0.7644851,"GOV_WGI_RQ.EST"
"NPL","Nepal",2013,-0.8552284,"GOV_WGI_RQ.EST"
"NPL","Nepal",2012,-0.8106525,"GOV_WGI_RQ.EST"
"NPL","Nepal",2011,-0.8308502,"GOV_WGI_RQ.EST"
"NPL","Nepal",2010,-0.8592518,"GOV_WGI_RQ.EST"
"NLD","Netherlands",2024,1.5861845,"GOV_WGI_RQ.EST"
"NLD","Netherlands",2023,1.6024804,"GOV_WGI_RQ.EST"
"NLD","Netherlands",2022,1.6887424,"GOV_WGI_RQ.EST"
"NLD","Netherlands",2021,1.7969187,"GOV_WGI_RQ.EST"
"NLD","Netherlands",2020,1.7410004,"GOV_WGI_RQ.EST"
"NLD","Netherlands",2019,1.8323856,"GOV_WGI_RQ.EST"
"NLD","Netherlands",2018,1.9003572,"GOV_WGI_RQ.EST"
"NLD","Netherlands",2017,1.9402456,"GOV_WGI_RQ.EST"
"NLD","Netherlands",2016,1.9344086,"GOV_WGI_RQ.EST"
"NLD","Netherlands",2015,1.7640227,"GOV_WGI_RQ.EST"
"NLD","Netherlands",2014,1.6508827,"GOV_WGI_RQ.EST"
"NLD","Netherlands",2013,1.7377383,"GOV_WGI_RQ.EST"
"NLD","Netherlands",2012,1.7308028,"GOV_WGI_RQ.EST"
"NLD","Netherlands",2011,1.7845033,"GOV_WGI_RQ.EST"
"NLD","Netherlands",2010,1.6589951,"GOV_WGI_RQ.EST"
"NCL","New Caledonia",2024,NA,"GOV_WGI_RQ.EST"
"NCL","New Caledonia",2023,NA,"GOV_WGI_RQ.EST"
"NCL","New Caledonia",2022,NA,"GOV_WGI_RQ.EST"
"NCL","New Caledonia",2021,NA,"GOV_WGI_RQ.EST"
"NCL","New Caledonia",2020,NA,"GOV_WGI_RQ.EST"
"NCL","New Caledonia",2019,NA,"GOV_WGI_RQ.EST"
"NCL","New Caledonia",2018,NA,"GOV_WGI_RQ.EST"
"NCL","New Caledonia",2017,NA,"GOV_WGI_RQ.EST"
"NCL","New Caledonia",2016,NA,"GOV_WGI_RQ.EST"
"NCL","New Caledonia",2015,NA,"GOV_WGI_RQ.EST"
"NCL","New Caledonia",2014,NA,"GOV_WGI_RQ.EST"
"NCL","New Caledonia",2013,NA,"GOV_WGI_RQ.EST"
"NCL","New Caledonia",2012,NA,"GOV_WGI_RQ.EST"
"NCL","New Caledonia",2011,NA,"GOV_WGI_RQ.EST"
"NCL","New Caledonia",2010,NA,"GOV_WGI_RQ.EST"
"NZL","New Zealand",2024,1.8335427,"GOV_WGI_RQ.EST"
"NZL","New Zealand",2023,1.8758089,"GOV_WGI_RQ.EST"
"NZL","New Zealand",2022,1.8784701,"GOV_WGI_RQ.EST"
"NZL","New Zealand",2021,1.8548149,"GOV_WGI_RQ.EST"
"NZL","New Zealand",2020,1.9274853,"GOV_WGI_RQ.EST"
"NZL","New Zealand",2019,1.9667094,"GOV_WGI_RQ.EST"
"NZL","New Zealand",2018,1.965728,"GOV_WGI_RQ.EST"
"NZL","New Zealand",2017,2.0542546,"GOV_WGI_RQ.EST"
"NZL","New Zealand",2016,2.0287924,"GOV_WGI_RQ.EST"
"NZL","New Zealand",2015,1.9913421,"GOV_WGI_RQ.EST"
"NZL","New Zealand",2014,1.9878773,"GOV_WGI_RQ.EST"
"NZL","New Zealand",2013,1.9093402,"GOV_WGI_RQ.EST"
"NZL","New Zealand",2012,1.9616168,"GOV_WGI_RQ.EST"
"NZL","New Zealand",2011,1.9485023,"GOV_WGI_RQ.EST"
"NZL","New Zealand",2010,1.7453219,"GOV_WGI_RQ.EST"
"NIC","Nicaragua",2024,-0.9350939,"GOV_WGI_RQ.EST"
"NIC","Nicaragua",2023,-0.9432272,"GOV_WGI_RQ.EST"
"NIC","Nicaragua",2022,-0.9355234,"GOV_WGI_RQ.EST"
"NIC","Nicaragua",2021,-0.8225034,"GOV_WGI_RQ.EST"
"NIC","Nicaragua",2020,-0.6857428,"GOV_WGI_RQ.EST"
"NIC","Nicaragua",2019,-0.6189843,"GOV_WGI_RQ.EST"
"NIC","Nicaragua",2018,-0.5219763,"GOV_WGI_RQ.EST"
"NIC","Nicaragua",2017,-0.478783,"GOV_WGI_RQ.EST"
"NIC","Nicaragua",2016,-0.3857723,"GOV_WGI_RQ.EST"
"NIC","Nicaragua",2015,-0.29538,"GOV_WGI_RQ.EST"
"NIC","Nicaragua",2014,-0.3686677,"GOV_WGI_RQ.EST"
"NIC","Nicaragua",2013,-0.3476925,"GOV_WGI_RQ.EST"
"NIC","Nicaragua",2012,-0.3845364,"GOV_WGI_RQ.EST"
"NIC","Nicaragua",2011,-0.4488237,"GOV_WGI_RQ.EST"
"NIC","Nicaragua",2010,-0.4562128,"GOV_WGI_RQ.EST"
"NER","Niger",2024,-0.7957711,"GOV_WGI_RQ.EST"
"NER","Niger",2023,-0.7458844,"GOV_WGI_RQ.EST"
"NER","Niger",2022,-0.6927712,"GOV_WGI_RQ.EST"
"NER","Niger",2021,-0.719419,"GOV_WGI_RQ.EST"
"NER","Niger",2020,-0.7725456,"GOV_WGI_RQ.EST"
"NER","Niger",2019,-0.6720335,"GOV_WGI_RQ.EST"
"NER","Niger",2018,-0.6903331,"GOV_WGI_RQ.EST"
"NER","Niger",2017,-0.6540466,"GOV_WGI_RQ.EST"
"NER","Niger",2016,-0.6678699,"GOV_WGI_RQ.EST"
"NER","Niger",2015,-0.7309067,"GOV_WGI_RQ.EST"
"NER","Niger",2014,-0.7577789,"GOV_WGI_RQ.EST"
"NER","Niger",2013,-0.7305408,"GOV_WGI_RQ.EST"
"NER","Niger",2012,-0.7284224,"GOV_WGI_RQ.EST"
"NER","Niger",2011,-0.4983509,"GOV_WGI_RQ.EST"
"NER","Niger",2010,-0.4744564,"GOV_WGI_RQ.EST"
"NGA","Nigeria",2024,-0.6582955,"GOV_WGI_RQ.EST"
"NGA","Nigeria",2023,-0.8611515,"GOV_WGI_RQ.EST"
"NGA","Nigeria",2022,-0.993902,"GOV_WGI_RQ.EST"
"NGA","Nigeria",2021,-0.8759658,"GOV_WGI_RQ.EST"
"NGA","Nigeria",2020,-0.9011604,"GOV_WGI_RQ.EST"
"NGA","Nigeria",2019,-0.8801761,"GOV_WGI_RQ.EST"
"NGA","Nigeria",2018,-0.8499508,"GOV_WGI_RQ.EST"
"NGA","Nigeria",2017,-0.8045089,"GOV_WGI_RQ.EST"
"NGA","Nigeria",2016,-0.8549861,"GOV_WGI_RQ.EST"
"NGA","Nigeria",2015,-0.7748618,"GOV_WGI_RQ.EST"
"NGA","Nigeria",2014,-0.8231624,"GOV_WGI_RQ.EST"
"NGA","Nigeria",2013,-0.7637981,"GOV_WGI_RQ.EST"
"NGA","Nigeria",2012,-0.7707704,"GOV_WGI_RQ.EST"
"NGA","Nigeria",2011,-0.9151171,"GOV_WGI_RQ.EST"
"NGA","Nigeria",2010,-0.9450459,"GOV_WGI_RQ.EST"
"MKD","North Macedonia",2024,0.3473938,"GOV_WGI_RQ.EST"
"MKD","North Macedonia",2023,0.27949,"GOV_WGI_RQ.EST"
"MKD","North Macedonia",2022,0.3065884,"GOV_WGI_RQ.EST"
"MKD","North Macedonia",2021,0.3231231,"GOV_WGI_RQ.EST"
"MKD","North Macedonia",2020,0.3929494,"GOV_WGI_RQ.EST"
"MKD","North Macedonia",2019,0.2824149,"GOV_WGI_RQ.EST"
"MKD","North Macedonia",2018,0.4141923,"GOV_WGI_RQ.EST"
"MKD","North Macedonia",2017,0.3410463,"GOV_WGI_RQ.EST"
"MKD","North Macedonia",2016,0.2411571,"GOV_WGI_RQ.EST"
"MKD","North Macedonia",2015,0.2404057,"GOV_WGI_RQ.EST"
"MKD","North Macedonia",2014,0.2853481,"GOV_WGI_RQ.EST"
"MKD","North Macedonia",2013,0.1515471,"GOV_WGI_RQ.EST"
"MKD","North Macedonia",2012,0.221869,"GOV_WGI_RQ.EST"
"MKD","North Macedonia",2011,-0.0591522,"GOV_WGI_RQ.EST"
"MKD","North Macedonia",2010,-0.0859732,"GOV_WGI_RQ.EST"
"NOR","Norway",2024,1.6285015,"GOV_WGI_RQ.EST"
"NOR","Norway",2023,1.6081021,"GOV_WGI_RQ.EST"
"NOR","Norway",2022,1.5676042,"GOV_WGI_RQ.EST"
"NOR","Norway",2021,1.6253346,"GOV_WGI_RQ.EST"
"NOR","Norway",2020,1.6719324,"GOV_WGI_RQ.EST"
"NOR","Norway",2019,1.7391142,"GOV_WGI_RQ.EST"
"NOR","Norway",2018,1.7869876,"GOV_WGI_RQ.EST"
"NOR","Norway",2017,1.8026662,"GOV_WGI_RQ.EST"
"NOR","Norway",2016,1.7659701,"GOV_WGI_RQ.EST"
"NOR","Norway",2015,1.7596819,"GOV_WGI_RQ.EST"
"NOR","Norway",2014,1.7351184,"GOV_WGI_RQ.EST"
"NOR","Norway",2013,1.8721871,"GOV_WGI_RQ.EST"
"NOR","Norway",2012,1.799788,"GOV_WGI_RQ.EST"
"NOR","Norway",2011,1.7845609,"GOV_WGI_RQ.EST"
"NOR","Norway",2010,1.6470661,"GOV_WGI_RQ.EST"
"OMN","Oman",2024,0.6538909,"GOV_WGI_RQ.EST"
"OMN","Oman",2023,0.4842317,"GOV_WGI_RQ.EST"
"OMN","Oman",2022,0.5023853,"GOV_WGI_RQ.EST"
"OMN","Oman",2021,0.4364416,"GOV_WGI_RQ.EST"
"OMN","Oman",2020,0.4907479,"GOV_WGI_RQ.EST"
"OMN","Oman",2019,0.5170524,"GOV_WGI_RQ.EST"
"OMN","Oman",2018,0.5314406,"GOV_WGI_RQ.EST"
"OMN","Oman",2017,0.7002393,"GOV_WGI_RQ.EST"
"OMN","Oman",2016,0.6883425,"GOV_WGI_RQ.EST"
"OMN","Oman",2015,0.645213,"GOV_WGI_RQ.EST"
"OMN","Oman",2014,0.7416696,"GOV_WGI_RQ.EST"
"OMN","Oman",2013,0.7684799,"GOV_WGI_RQ.EST"
"OMN","Oman",2012,0.7896318,"GOV_WGI_RQ.EST"
"OMN","Oman",2011,0.7138522,"GOV_WGI_RQ.EST"
"OMN","Oman",2010,0.8191963,"GOV_WGI_RQ.EST"
"PAK","Pakistan",2024,-0.8340977,"GOV_WGI_RQ.EST"
"PAK","Pakistan",2023,-0.8494273,"GOV_WGI_RQ.EST"
"PAK","Pakistan",2022,-0.7766323,"GOV_WGI_RQ.EST"
"PAK","Pakistan",2021,-0.6606933,"GOV_WGI_RQ.EST"
"PAK","Pakistan",2020,-0.6984861,"GOV_WGI_RQ.EST"
"PAK","Pakistan",2019,-0.625536,"GOV_WGI_RQ.EST"
"PAK","Pakistan",2018,-0.6638952,"GOV_WGI_RQ.EST"
"PAK","Pakistan",2017,-0.6574384,"GOV_WGI_RQ.EST"
"PAK","Pakistan",2016,-0.6514976,"GOV_WGI_RQ.EST"
"PAK","Pakistan",2015,-0.669347,"GOV_WGI_RQ.EST"
"PAK","Pakistan",2014,-0.726466,"GOV_WGI_RQ.EST"
"PAK","Pakistan",2013,-0.7850653,"GOV_WGI_RQ.EST"
"PAK","Pakistan",2012,-0.781666,"GOV_WGI_RQ.EST"
"PAK","Pakistan",2011,-0.7453691,"GOV_WGI_RQ.EST"
"PAK","Pakistan",2010,-0.6767011,"GOV_WGI_RQ.EST"
"PLW","Palau",2024,0.4484859,"GOV_WGI_RQ.EST"
"PLW","Palau",2023,0.4086383,"GOV_WGI_RQ.EST"
"PLW","Palau",2022,0.4079864,"GOV_WGI_RQ.EST"
"PLW","Palau",2021,0.4145134,"GOV_WGI_RQ.EST"
"PLW","Palau",2020,0.4164005,"GOV_WGI_RQ.EST"
"PLW","Palau",2019,0.4227754,"GOV_WGI_RQ.EST"
"PLW","Palau",2018,0.2047974,"GOV_WGI_RQ.EST"
"PLW","Palau",2017,0.4165891,"GOV_WGI_RQ.EST"
"PLW","Palau",2016,0.4126355,"GOV_WGI_RQ.EST"
"PLW","Palau",2015,0.4102065,"GOV_WGI_RQ.EST"
"PLW","Palau",2014,-0.4817952,"GOV_WGI_RQ.EST"
"PLW","Palau",2013,-0.4841206,"GOV_WGI_RQ.EST"
"PLW","Palau",2012,-0.4816046,"GOV_WGI_RQ.EST"
"PLW","Palau",2011,-0.4497695,"GOV_WGI_RQ.EST"
"PLW","Palau",2010,-0.729832,"GOV_WGI_RQ.EST"
"PAN","Panama",2024,-0.0893194,"GOV_WGI_RQ.EST"
"PAN","Panama",2023,0.0270202,"GOV_WGI_RQ.EST"
"PAN","Panama",2022,0.0860891,"GOV_WGI_RQ.EST"
"PAN","Panama",2021,0.2471895,"GOV_WGI_RQ.EST"
"PAN","Panama",2020,0.2995086,"GOV_WGI_RQ.EST"
"PAN","Panama",2019,0.3585512,"GOV_WGI_RQ.EST"
"PAN","Panama",2018,0.3507883,"GOV_WGI_RQ.EST"
"PAN","Panama",2017,0.3545442,"GOV_WGI_RQ.EST"
"PAN","Panama",2016,0.4191082,"GOV_WGI_RQ.EST"
"PAN","Panama",2015,0.4282031,"GOV_WGI_RQ.EST"
"PAN","Panama",2014,0.4093053,"GOV_WGI_RQ.EST"
"PAN","Panama",2013,0.4389069,"GOV_WGI_RQ.EST"
"PAN","Panama",2012,0.4784713,"GOV_WGI_RQ.EST"
"PAN","Panama",2011,0.5415587,"GOV_WGI_RQ.EST"
"PAN","Panama",2010,0.4561673,"GOV_WGI_RQ.EST"
"PNG","Papua New Guinea",2024,-0.613111,"GOV_WGI_RQ.EST"
"PNG","Papua New Guinea",2023,-0.6994989,"GOV_WGI_RQ.EST"
"PNG","Papua New Guinea",2022,-0.7428874,"GOV_WGI_RQ.EST"
"PNG","Papua New Guinea",2021,-0.7368078,"GOV_WGI_RQ.EST"
"PNG","Papua New Guinea",2020,-0.5500028,"GOV_WGI_RQ.EST"
"PNG","Papua New Guinea",2019,-0.4881756,"GOV_WGI_RQ.EST"
"PNG","Papua New Guinea",2018,-0.4505728,"GOV_WGI_RQ.EST"
"PNG","Papua New Guinea",2017,-0.5057911,"GOV_WGI_RQ.EST"
"PNG","Papua New Guinea",2016,-0.4474621,"GOV_WGI_RQ.EST"
"PNG","Papua New Guinea",2015,-0.3871632,"GOV_WGI_RQ.EST"
"PNG","Papua New Guinea",2014,-0.2499341,"GOV_WGI_RQ.EST"
"PNG","Papua New Guinea",2013,-0.4418781,"GOV_WGI_RQ.EST"
"PNG","Papua New Guinea",2012,-0.4850121,"GOV_WGI_RQ.EST"
"PNG","Papua New Guinea",2011,-0.4120622,"GOV_WGI_RQ.EST"
"PNG","Papua New Guinea",2010,-0.4165868,"GOV_WGI_RQ.EST"
"PRY","Paraguay",2024,-0.0525284,"GOV_WGI_RQ.EST"
"PRY","Paraguay",2023,-0.1210934,"GOV_WGI_RQ.EST"
"PRY","Paraguay",2022,-0.1473295,"GOV_WGI_RQ.EST"
"PRY","Paraguay",2021,-0.1340475,"GOV_WGI_RQ.EST"
"PRY","Paraguay",2020,-0.1476653,"GOV_WGI_RQ.EST"
"PRY","Paraguay",2019,-0.1305277,"GOV_WGI_RQ.EST"
"PRY","Paraguay",2018,-0.1017028,"GOV_WGI_RQ.EST"
"PRY","Paraguay",2017,-0.1443353,"GOV_WGI_RQ.EST"
"PRY","Paraguay",2016,-0.1434403,"GOV_WGI_RQ.EST"
"PRY","Paraguay",2015,-0.1869282,"GOV_WGI_RQ.EST"
"PRY","Paraguay",2014,-0.2754589,"GOV_WGI_RQ.EST"
"PRY","Paraguay",2013,-0.4083839,"GOV_WGI_RQ.EST"
"PRY","Paraguay",2012,-0.4265249,"GOV_WGI_RQ.EST"
"PRY","Paraguay",2011,-0.444814,"GOV_WGI_RQ.EST"
"PRY","Paraguay",2010,-0.49738,"GOV_WGI_RQ.EST"
"PER","Peru",2024,0.1587768,"GOV_WGI_RQ.EST"
"PER","Peru",2023,0.1984402,"GOV_WGI_RQ.EST"
"PER","Peru",2022,0.1462683,"GOV_WGI_RQ.EST"
"PER","Peru",2021,0.1621135,"GOV_WGI_RQ.EST"
"PER","Peru",2020,0.3265204,"GOV_WGI_RQ.EST"
"PER","Peru",2019,0.4327113,"GOV_WGI_RQ.EST"
"PER","Peru",2018,0.3795445,"GOV_WGI_RQ.EST"
"PER","Peru",2017,0.3234313,"GOV_WGI_RQ.EST"
"PER","Peru",2016,0.3628055,"GOV_WGI_RQ.EST"
"PER","Peru",2015,0.354797,"GOV_WGI_RQ.EST"
"PER","Peru",2014,0.3157116,"GOV_WGI_RQ.EST"
"PER","Peru",2013,0.277215,"GOV_WGI_RQ.EST"
"PER","Peru",2012,0.2951875,"GOV_WGI_RQ.EST"
"PER","Peru",2011,0.3528996,"GOV_WGI_RQ.EST"
"PER","Peru",2010,0.3416607,"GOV_WGI_RQ.EST"
"PHL","Philippines",2024,0.1123235,"GOV_WGI_RQ.EST"
"PHL","Philippines",2023,0.0880472,"GOV_WGI_RQ.EST"
"PHL","Philippines",2022,0.0398245,"GOV_WGI_RQ.EST"
"PHL","Philippines",2021,0.0487338,"GOV_WGI_RQ.EST"
"PHL","Philippines",2020,0.059199,"GOV_WGI_RQ.EST"
"PHL","Philippines",2019,0.0958334,"GOV_WGI_RQ.EST"
"PHL","Philippines",2018,0.0323299,"GOV_WGI_RQ.EST"
"PHL","Philippines",2017,0.159847,"GOV_WGI_RQ.EST"
"PHL","Philippines",2016,0.1548166,"GOV_WGI_RQ.EST"
"PHL","Philippines",2015,0.130752,"GOV_WGI_RQ.EST"
"PHL","Philippines",2014,0.1022655,"GOV_WGI_RQ.EST"
"PHL","Philippines",2013,0.0647991,"GOV_WGI_RQ.EST"
"PHL","Philippines",2012,0.1520009,"GOV_WGI_RQ.EST"
"PHL","Philippines",2011,0.0253606,"GOV_WGI_RQ.EST"
"PHL","Philippines",2010,-0.0160921,"GOV_WGI_RQ.EST"
"POL","Poland",2024,0.6825656,"GOV_WGI_RQ.EST"
"POL","Poland",2023,0.6944984,"GOV_WGI_RQ.EST"
"POL","Poland",2022,0.7421943,"GOV_WGI_RQ.EST"
"POL","Poland",2021,0.7387983,"GOV_WGI_RQ.EST"
"POL","Poland",2020,0.7487918,"GOV_WGI_RQ.EST"
"POL","Poland",2019,0.8539905,"GOV_WGI_RQ.EST"
"POL","Poland",2018,0.7567887,"GOV_WGI_RQ.EST"
"POL","Poland",2017,0.7018638,"GOV_WGI_RQ.EST"
"POL","Poland",2016,0.7835381,"GOV_WGI_RQ.EST"
"POL","Poland",2015,0.7998783,"GOV_WGI_RQ.EST"
"POL","Poland",2014,0.9034291,"GOV_WGI_RQ.EST"
"POL","Poland",2013,0.9341803,"GOV_WGI_RQ.EST"
"POL","Poland",2012,0.8949752,"GOV_WGI_RQ.EST"
"POL","Poland",2011,0.8789431,"GOV_WGI_RQ.EST"
"POL","Poland",2010,0.9533764,"GOV_WGI_RQ.EST"
"PRT","Portugal",2024,0.668758,"GOV_WGI_RQ.EST"
"PRT","Portugal",2023,0.7094345,"GOV_WGI_RQ.EST"
"PRT","Portugal",2022,0.8548366,"GOV_WGI_RQ.EST"
"PRT","Portugal",2021,0.8006851,"GOV_WGI_RQ.EST"
"PRT","Portugal",2020,0.8622654,"GOV_WGI_RQ.EST"
"PRT","Portugal",2019,1.0602819,"GOV_WGI_RQ.EST"
"PRT","Portugal",2018,0.9968125,"GOV_WGI_RQ.EST"
"PRT","Portugal",2017,0.9894137,"GOV_WGI_RQ.EST"
"PRT","Portugal",2016,0.911977,"GOV_WGI_RQ.EST"
"PRT","Portugal",2015,0.9253149,"GOV_WGI_RQ.EST"
"PRT","Portugal",2014,0.6697422,"GOV_WGI_RQ.EST"
"PRT","Portugal",2013,0.8118706,"GOV_WGI_RQ.EST"
"PRT","Portugal",2012,0.7497766,"GOV_WGI_RQ.EST"
"PRT","Portugal",2011,0.7875923,"GOV_WGI_RQ.EST"
"PRT","Portugal",2010,0.9715529,"GOV_WGI_RQ.EST"
"PRI","Puerto Rico (US)",2024,0.67956,"GOV_WGI_RQ.EST"
"PRI","Puerto Rico (US)",2023,0.6550296,"GOV_WGI_RQ.EST"
"PRI","Puerto Rico (US)",2022,0.7792882,"GOV_WGI_RQ.EST"
"PRI","Puerto Rico (US)",2021,0.7855062,"GOV_WGI_RQ.EST"
"PRI","Puerto Rico (US)",2020,0.7862249,"GOV_WGI_RQ.EST"
"PRI","Puerto Rico (US)",2019,0.7886528,"GOV_WGI_RQ.EST"
"PRI","Puerto Rico (US)",2018,0.868443,"GOV_WGI_RQ.EST"
"PRI","Puerto Rico (US)",2017,0.9491046,"GOV_WGI_RQ.EST"
"PRI","Puerto Rico (US)",2016,1.0016834,"GOV_WGI_RQ.EST"
"PRI","Puerto Rico (US)",2015,1.0007583,"GOV_WGI_RQ.EST"
"PRI","Puerto Rico (US)",2014,0.9349641,"GOV_WGI_RQ.EST"
"PRI","Puerto Rico (US)",2013,0.9846534,"GOV_WGI_RQ.EST"
"PRI","Puerto Rico (US)",2012,1.0717255,"GOV_WGI_RQ.EST"
"PRI","Puerto Rico (US)",2011,0.9464995,"GOV_WGI_RQ.EST"
"PRI","Puerto Rico (US)",2010,0.9599236,"GOV_WGI_RQ.EST"
"QAT","Qatar",2024,0.9244843,"GOV_WGI_RQ.EST"
"QAT","Qatar",2023,0.8854193,"GOV_WGI_RQ.EST"
"QAT","Qatar",2022,0.8245796,"GOV_WGI_RQ.EST"
"QAT","Qatar",2021,0.7854045,"GOV_WGI_RQ.EST"
"QAT","Qatar",2020,0.7864773,"GOV_WGI_RQ.EST"
"QAT","Qatar",2019,0.7277995,"GOV_WGI_RQ.EST"
"QAT","Qatar",2018,0.6150466,"GOV_WGI_RQ.EST"
"QAT","Qatar",2017,0.51753,"GOV_WGI_RQ.EST"
"QAT","Qatar",2016,0.6982413,"GOV_WGI_RQ.EST"
"QAT","Qatar",2015,0.698902,"GOV_WGI_RQ.EST"
"QAT","Qatar",2014,0.636784,"GOV_WGI_RQ.EST"
"QAT","Qatar",2013,0.8465573,"GOV_WGI_RQ.EST"
"QAT","Qatar",2012,0.8708036,"GOV_WGI_RQ.EST"
"QAT","Qatar",2011,0.7985848,"GOV_WGI_RQ.EST"
"QAT","Qatar",2010,0.8231763,"GOV_WGI_RQ.EST"
"ROU","Romania",2024,0.3463576,"GOV_WGI_RQ.EST"
"ROU","Romania",2023,0.3306616,"GOV_WGI_RQ.EST"
"ROU","Romania",2022,0.429201,"GOV_WGI_RQ.EST"
"ROU","Romania",2021,0.3621365,"GOV_WGI_RQ.EST"
"ROU","Romania",2020,0.3549315,"GOV_WGI_RQ.EST"
"ROU","Romania",2019,0.4113235,"GOV_WGI_RQ.EST"
"ROU","Romania",2018,0.3833346,"GOV_WGI_RQ.EST"
"ROU","Romania",2017,0.4076493,"GOV_WGI_RQ.EST"
"ROU","Romania",2016,0.4402674,"GOV_WGI_RQ.EST"
"ROU","Romania",2015,0.4537067,"GOV_WGI_RQ.EST"
"ROU","Romania",2014,0.4684032,"GOV_WGI_RQ.EST"
"ROU","Romania",2013,0.4648272,"GOV_WGI_RQ.EST"
"ROU","Romania",2012,0.3733887,"GOV_WGI_RQ.EST"
"ROU","Romania",2011,0.4264343,"GOV_WGI_RQ.EST"
"ROU","Romania",2010,0.4740781,"GOV_WGI_RQ.EST"
"RUS","Russian Federation",2024,-1.0971394,"GOV_WGI_RQ.EST"
"RUS","Russian Federation",2023,-0.9082641,"GOV_WGI_RQ.EST"
"RUS","Russian Federation",2022,-0.9108216,"GOV_WGI_RQ.EST"
"RUS","Russian Federation",2021,-0.3814448,"GOV_WGI_RQ.EST"
"RUS","Russian Federation",2020,-0.4569597,"GOV_WGI_RQ.EST"
"RUS","Russian Federation",2019,-0.3741636,"GOV_WGI_RQ.EST"
"RUS","Russian Federation",2018,-0.4252054,"GOV_WGI_RQ.EST"
"RUS","Russian Federation",2017,-0.4750673,"GOV_WGI_RQ.EST"
"RUS","Russian Federation",2016,-0.4991281,"GOV_WGI_RQ.EST"
"RUS","Russian Federation",2015,-0.6080353,"GOV_WGI_RQ.EST"
"RUS","Russian Federation",2014,-0.4671471,"GOV_WGI_RQ.EST"
"RUS","Russian Federation",2013,-0.4179643,"GOV_WGI_RQ.EST"
"RUS","Russian Federation",2012,-0.4331707,"GOV_WGI_RQ.EST"
"RUS","Russian Federation",2011,-0.3887101,"GOV_WGI_RQ.EST"
"RUS","Russian Federation",2010,-0.3750894,"GOV_WGI_RQ.EST"
"RWA","Rwanda",2024,0.2612518,"GOV_WGI_RQ.EST"
"RWA","Rwanda",2023,0.2308868,"GOV_WGI_RQ.EST"
"RWA","Rwanda",2022,0.1287888,"GOV_WGI_RQ.EST"
"RWA","Rwanda",2021,0.1424011,"GOV_WGI_RQ.EST"
"RWA","Rwanda",2020,0.1053598,"GOV_WGI_RQ.EST"
"RWA","Rwanda",2019,0.09596,"GOV_WGI_RQ.EST"
"RWA","Rwanda",2018,0.1092493,"GOV_WGI_RQ.EST"
"RWA","Rwanda",2017,0.1621531,"GOV_WGI_RQ.EST"
"RWA","Rwanda",2016,0.1368293,"GOV_WGI_RQ.EST"
"RWA","Rwanda",2015,0.1627943,"GOV_WGI_RQ.EST"
"RWA","Rwanda",2014,0.105053,"GOV_WGI_RQ.EST"
"RWA","Rwanda",2013,-0.0888227,"GOV_WGI_RQ.EST"
"RWA","Rwanda",2012,-0.162781,"GOV_WGI_RQ.EST"
"RWA","Rwanda",2011,-0.2008059,"GOV_WGI_RQ.EST"
"RWA","Rwanda",2010,-0.3062608,"GOV_WGI_RQ.EST"
"WSM","Samoa",2024,-0.1645592,"GOV_WGI_RQ.EST"
"WSM","Samoa",2023,-0.1850996,"GOV_WGI_RQ.EST"
"WSM","Samoa",2022,-0.2087411,"GOV_WGI_RQ.EST"
"WSM","Samoa",2021,-0.1777781,"GOV_WGI_RQ.EST"
"WSM","Samoa",2020,-0.0860301,"GOV_WGI_RQ.EST"
"WSM","Samoa",2019,-0.0055718,"GOV_WGI_RQ.EST"
"WSM","Samoa",2018,0.0703711,"GOV_WGI_RQ.EST"
"WSM","Samoa",2017,0.0695418,"GOV_WGI_RQ.EST"
"WSM","Samoa",2016,0.0678596,"GOV_WGI_RQ.EST"
"WSM","Samoa",2015,0.0300493,"GOV_WGI_RQ.EST"
"WSM","Samoa",2014,-0.0503873,"GOV_WGI_RQ.EST"
"WSM","Samoa",2013,-0.0114312,"GOV_WGI_RQ.EST"
"WSM","Samoa",2012,-0.1326887,"GOV_WGI_RQ.EST"
"WSM","Samoa",2011,-0.1291313,"GOV_WGI_RQ.EST"
"WSM","Samoa",2010,-0.0608462,"GOV_WGI_RQ.EST"
"SMR","San Marino",2024,0.8539298,"GOV_WGI_RQ.EST"
"SMR","San Marino",2023,0.8558209,"GOV_WGI_RQ.EST"
"SMR","San Marino",2022,0.8550957,"GOV_WGI_RQ.EST"
"SMR","San Marino",2021,0.8623571,"GOV_WGI_RQ.EST"
"SMR","San Marino",2020,0.8644567,"GOV_WGI_RQ.EST"
"SMR","San Marino",2019,0.871549,"GOV_WGI_RQ.EST"
"SMR","San Marino",2018,0.8668348,"GOV_WGI_RQ.EST"
"SMR","San Marino",2017,0.8646665,"GOV_WGI_RQ.EST"
"SMR","San Marino",2016,0.860268,"GOV_WGI_RQ.EST"
"SMR","San Marino",2015,0.8575656,"GOV_WGI_RQ.EST"
"SMR","San Marino",2014,NA,"GOV_WGI_RQ.EST"
"SMR","San Marino",2013,NA,"GOV_WGI_RQ.EST"
"SMR","San Marino",2012,NA,"GOV_WGI_RQ.EST"
"SMR","San Marino",2011,NA,"GOV_WGI_RQ.EST"
"SMR","San Marino",2010,NA,"GOV_WGI_RQ.EST"
"STP","Sao Tome and Principe",2024,-0.9161824,"GOV_WGI_RQ.EST"
"STP","Sao Tome and Principe",2023,-0.903936,"GOV_WGI_RQ.EST"
"STP","Sao Tome and Principe",2022,-0.8371283,"GOV_WGI_RQ.EST"
"STP","Sao Tome and Principe",2021,-0.8318507,"GOV_WGI_RQ.EST"
"STP","Sao Tome and Principe",2020,-0.8408582,"GOV_WGI_RQ.EST"
"STP","Sao Tome and Principe",2019,-0.8615585,"GOV_WGI_RQ.EST"
"STP","Sao Tome and Principe",2018,-0.838583,"GOV_WGI_RQ.EST"
"STP","Sao Tome and Principe",2017,-0.7761251,"GOV_WGI_RQ.EST"
"STP","Sao Tome and Principe",2016,-0.7288571,"GOV_WGI_RQ.EST"
"STP","Sao Tome and Principe",2015,-0.7504475,"GOV_WGI_RQ.EST"
"STP","Sao Tome and Principe",2014,-0.7954339,"GOV_WGI_RQ.EST"
"STP","Sao Tome and Principe",2013,-0.8498258,"GOV_WGI_RQ.EST"
"STP","Sao Tome and Principe",2012,-0.752151,"GOV_WGI_RQ.EST"
"STP","Sao Tome and Principe",2011,-0.7277371,"GOV_WGI_RQ.EST"
"STP","Sao Tome and Principe",2010,-0.8091716,"GOV_WGI_RQ.EST"
"SAU","Saudi Arabia",2024,0.6285589,"GOV_WGI_RQ.EST"
"SAU","Saudi Arabia",2023,0.530087,"GOV_WGI_RQ.EST"
"SAU","Saudi Arabia",2022,0.4840547,"GOV_WGI_RQ.EST"
"SAU","Saudi Arabia",2021,0.3305062,"GOV_WGI_RQ.EST"
"SAU","Saudi Arabia",2020,0.1358,"GOV_WGI_RQ.EST"
"SAU","Saudi Arabia",2019,0.142719,"GOV_WGI_RQ.EST"
"SAU","Saudi Arabia",2018,0.0640959,"GOV_WGI_RQ.EST"
"SAU","Saudi Arabia",2017,0.0892115,"GOV_WGI_RQ.EST"
"SAU","Saudi Arabia",2016,0.1503529,"GOV_WGI_RQ.EST"
"SAU","Saudi Arabia",2015,0.199974,"GOV_WGI_RQ.EST"
"SAU","Saudi Arabia",2014,0.1626065,"GOV_WGI_RQ.EST"
"SAU","Saudi Arabia",2013,0.2244651,"GOV_WGI_RQ.EST"
"SAU","Saudi Arabia",2012,0.1799844,"GOV_WGI_RQ.EST"
"SAU","Saudi Arabia",2011,0.3203122,"GOV_WGI_RQ.EST"
"SAU","Saudi Arabia",2010,0.2659382,"GOV_WGI_RQ.EST"
"SEN","Senegal",2024,-0.2875115,"GOV_WGI_RQ.EST"
"SEN","Senegal",2023,-0.3047425,"GOV_WGI_RQ.EST"
"SEN","Senegal",2022,-0.2848952,"GOV_WGI_RQ.EST"
"SEN","Senegal",2021,-0.2722328,"GOV_WGI_RQ.EST"
"SEN","Senegal",2020,-0.2769476,"GOV_WGI_RQ.EST"
"SEN","Senegal",2019,-0.2299201,"GOV_WGI_RQ.EST"
"SEN","Senegal",2018,-0.24277,"GOV_WGI_RQ.EST"
"SEN","Senegal",2017,-0.2081293,"GOV_WGI_RQ.EST"
"SEN","Senegal",2016,-0.1834753,"GOV_WGI_RQ.EST"
"SEN","Senegal",2015,-0.179349,"GOV_WGI_RQ.EST"
"SEN","Senegal",2014,-0.2866168,"GOV_WGI_RQ.EST"
"SEN","Senegal",2013,-0.2575016,"GOV_WGI_RQ.EST"
"SEN","Senegal",2012,-0.2706796,"GOV_WGI_RQ.EST"
"SEN","Senegal",2011,-0.3554502,"GOV_WGI_RQ.EST"
"SEN","Senegal",2010,-0.4040532,"GOV_WGI_RQ.EST"
"SRB","Serbia",2024,0.0672016,"GOV_WGI_RQ.EST"
"SRB","Serbia",2023,0.0960988,"GOV_WGI_RQ.EST"
"SRB","Serbia",2022,0.1474083,"GOV_WGI_RQ.EST"
"SRB","Serbia",2021,0.1150626,"GOV_WGI_RQ.EST"
"SRB","Serbia",2020,0.1235506,"GOV_WGI_RQ.EST"
"SRB","Serbia",2019,0.1231844,"GOV_WGI_RQ.EST"
"SRB","Serbia",2018,0.1501904,"GOV_WGI_RQ.EST"
"SRB","Serbia",2017,0.0635837,"GOV_WGI_RQ.EST"
"SRB","Serbia",2016,0.0415308,"GOV_WGI_RQ.EST"
"SRB","Serbia",2015,0.145748,"GOV_WGI_RQ.EST"
"SRB","Serbia",2014,0.0733053,"GOV_WGI_RQ.EST"
"SRB","Serbia",2013,-0.2135757,"GOV_WGI_RQ.EST"
"SRB","Serbia",2012,-0.2242599,"GOV_WGI_RQ.EST"
"SRB","Serbia",2011,-0.2376222,"GOV_WGI_RQ.EST"
"SRB","Serbia",2010,-0.2392017,"GOV_WGI_RQ.EST"
"SYC","Seychelles",2024,0.3865848,"GOV_WGI_RQ.EST"
"SYC","Seychelles",2023,0.4534971,"GOV_WGI_RQ.EST"
"SYC","Seychelles",2022,0.3486664,"GOV_WGI_RQ.EST"
"SYC","Seychelles",2021,0.285477,"GOV_WGI_RQ.EST"
"SYC","Seychelles",2020,0.2859854,"GOV_WGI_RQ.EST"
"SYC","Seychelles",2019,0.2877028,"GOV_WGI_RQ.EST"
"SYC","Seychelles",2018,0.2711765,"GOV_WGI_RQ.EST"
"SYC","Seychelles",2017,0.1617853,"GOV_WGI_RQ.EST"
"SYC","Seychelles",2016,0.2282664,"GOV_WGI_RQ.EST"
"SYC","Seychelles",2015,0.2558168,"GOV_WGI_RQ.EST"
"SYC","Seychelles",2014,-0.101186,"GOV_WGI_RQ.EST"
"SYC","Seychelles",2013,0.078866,"GOV_WGI_RQ.EST"
"SYC","Seychelles",2012,0.1307147,"GOV_WGI_RQ.EST"
"SYC","Seychelles",2011,0.0863832,"GOV_WGI_RQ.EST"
"SYC","Seychelles",2010,0.1638168,"GOV_WGI_RQ.EST"
"SLE","Sierra Leone",2024,-1.041801,"GOV_WGI_RQ.EST"
"SLE","Sierra Leone",2023,-0.9857244,"GOV_WGI_RQ.EST"
"SLE","Sierra Leone",2022,-1.0089979,"GOV_WGI_RQ.EST"
"SLE","Sierra Leone",2021,-0.8982965,"GOV_WGI_RQ.EST"
"SLE","Sierra Leone",2020,-0.9074437,"GOV_WGI_RQ.EST"
"SLE","Sierra Leone",2019,-0.8792939,"GOV_WGI_RQ.EST"
"SLE","Sierra Leone",2018,-0.9067369,"GOV_WGI_RQ.EST"
"SLE","Sierra Leone",2017,-0.9082471,"GOV_WGI_RQ.EST"
"SLE","Sierra Leone",2016,-0.9033717,"GOV_WGI_RQ.EST"
"SLE","Sierra Leone",2015,-0.9115703,"GOV_WGI_RQ.EST"
"SLE","Sierra Leone",2014,-0.8838147,"GOV_WGI_RQ.EST"
"SLE","Sierra Leone",2013,-0.9294315,"GOV_WGI_RQ.EST"
"SLE","Sierra Leone",2012,-0.9230572,"GOV_WGI_RQ.EST"
"SLE","Sierra Leone",2011,-0.9327187,"GOV_WGI_RQ.EST"
"SLE","Sierra Leone",2010,-0.9550482,"GOV_WGI_RQ.EST"
"SGP","Singapore",2024,2.0877188,"GOV_WGI_RQ.EST"
"SGP","Singapore",2023,2.1349414,"GOV_WGI_RQ.EST"
"SGP","Singapore",2022,2.0394843,"GOV_WGI_RQ.EST"
"SGP","Singapore",2021,2.1108142,"GOV_WGI_RQ.EST"
"SGP","Singapore",2020,2.0998596,"GOV_WGI_RQ.EST"
"SGP","Singapore",2019,2.1545953,"GOV_WGI_RQ.EST"
"SGP","Singapore",2018,2.109533,"GOV_WGI_RQ.EST"
"SGP","Singapore",2017,2.1073347,"GOV_WGI_RQ.EST"
"SGP","Singapore",2016,2.1506539,"GOV_WGI_RQ.EST"
"SGP","Singapore",2015,2.1943867,"GOV_WGI_RQ.EST"
"SGP","Singapore",2014,2.1252406,"GOV_WGI_RQ.EST"
"SGP","Singapore",2013,2.0648764,"GOV_WGI_RQ.EST"
"SGP","Singapore",2012,2.103961,"GOV_WGI_RQ.EST"
"SGP","Singapore",2011,1.9529789,"GOV_WGI_RQ.EST"
"SGP","Singapore",2010,1.9909442,"GOV_WGI_RQ.EST"
"SVK","Slovak Republic",2024,0.3501081,"GOV_WGI_RQ.EST"
"SVK","Slovak Republic",2023,0.6006132,"GOV_WGI_RQ.EST"
"SVK","Slovak Republic",2022,0.7824157,"GOV_WGI_RQ.EST"
"SVK","Slovak Republic",2021,0.7774124,"GOV_WGI_RQ.EST"
"SVK","Slovak Republic",2020,0.6708649,"GOV_WGI_RQ.EST"
"SVK","Slovak Republic",2019,0.8264279,"GOV_WGI_RQ.EST"
"SVK","Slovak Republic",2018,0.7673584,"GOV_WGI_RQ.EST"
"SVK","Slovak Republic",2017,0.812368,"GOV_WGI_RQ.EST"
"SVK","Slovak Republic",2016,0.9010427,"GOV_WGI_RQ.EST"
"SVK","Slovak Republic",2015,0.7529475,"GOV_WGI_RQ.EST"
"SVK","Slovak Republic",2014,0.7878292,"GOV_WGI_RQ.EST"
"SVK","Slovak Republic",2013,0.9014316,"GOV_WGI_RQ.EST"
"SVK","Slovak Republic",2012,1.0036012,"GOV_WGI_RQ.EST"
"SVK","Slovak Republic",2011,0.9898995,"GOV_WGI_RQ.EST"
"SVK","Slovak Republic",2010,1.005247,"GOV_WGI_RQ.EST"
"SVN","Slovenia",2024,0.7244268,"GOV_WGI_RQ.EST"
"SVN","Slovenia",2023,0.7179775,"GOV_WGI_RQ.EST"
"SVN","Slovenia",2022,0.7721195,"GOV_WGI_RQ.EST"
"SVN","Slovenia",2021,0.8681552,"GOV_WGI_RQ.EST"
"SVN","Slovenia",2020,0.8733107,"GOV_WGI_RQ.EST"
"SVN","Slovenia",2019,0.916817,"GOV_WGI_RQ.EST"
"SVN","Slovenia",2018,0.7260598,"GOV_WGI_RQ.EST"
"SVN","Slovenia",2017,0.6581037,"GOV_WGI_RQ.EST"
"SVN","Slovenia",2016,0.7116461,"GOV_WGI_RQ.EST"
"SVN","Slovenia",2015,0.6420853,"GOV_WGI_RQ.EST"
"SVN","Slovenia",2014,0.6050726,"GOV_WGI_RQ.EST"
"SVN","Slovenia",2013,0.6728848,"GOV_WGI_RQ.EST"
"SVN","Slovenia",2012,0.6951458,"GOV_WGI_RQ.EST"
"SVN","Slovenia",2011,0.7925147,"GOV_WGI_RQ.EST"
"SVN","Slovenia",2010,0.8675532,"GOV_WGI_RQ.EST"
"SLB","Solomon Islands",2024,-0.9587809,"GOV_WGI_RQ.EST"
"SLB","Solomon Islands",2023,-1.0922547,"GOV_WGI_RQ.EST"
"SLB","Solomon Islands",2022,-1.0924939,"GOV_WGI_RQ.EST"
"SLB","Solomon Islands",2021,-1.0900989,"GOV_WGI_RQ.EST"
"SLB","Solomon Islands",2020,-0.9396496,"GOV_WGI_RQ.EST"
"SLB","Solomon Islands",2019,-0.7814454,"GOV_WGI_RQ.EST"
"SLB","Solomon Islands",2018,-0.9477253,"GOV_WGI_RQ.EST"
"SLB","Solomon Islands",2017,-0.9484405,"GOV_WGI_RQ.EST"
"SLB","Solomon Islands",2016,-0.9498913,"GOV_WGI_RQ.EST"
"SLB","Solomon Islands",2015,-0.9507826,"GOV_WGI_RQ.EST"
"SLB","Solomon Islands",2014,-1.019836,"GOV_WGI_RQ.EST"
"SLB","Solomon Islands",2013,-1.0815304,"GOV_WGI_RQ.EST"
"SLB","Solomon Islands",2012,-1.0903112,"GOV_WGI_RQ.EST"
"SLB","Solomon Islands",2011,-1.0931608,"GOV_WGI_RQ.EST"
"SLB","Solomon Islands",2010,-1.228676,"GOV_WGI_RQ.EST"
"SOM","Somalia, Fed. Rep.",2024,-1.7585688,"GOV_WGI_RQ.EST"
"SOM","Somalia, Fed. Rep.",2023,-1.7280218,"GOV_WGI_RQ.EST"
"SOM","Somalia, Fed. Rep.",2022,-1.8100742,"GOV_WGI_RQ.EST"
"SOM","Somalia, Fed. Rep.",2021,-1.8091521,"GOV_WGI_RQ.EST"
"SOM","Somalia, Fed. Rep.",2020,-1.886329,"GOV_WGI_RQ.EST"
"SOM","Somalia, Fed. Rep.",2019,-1.985669,"GOV_WGI_RQ.EST"
"SOM","Somalia, Fed. Rep.",2018,-1.9906502,"GOV_WGI_RQ.EST"
"SOM","Somalia, Fed. Rep.",2017,-2.0928324,"GOV_WGI_RQ.EST"
"SOM","Somalia, Fed. Rep.",2016,-2.0895599,"GOV_WGI_RQ.EST"
"SOM","Somalia, Fed. Rep.",2015,-2.0387572,"GOV_WGI_RQ.EST"
"SOM","Somalia, Fed. Rep.",2014,-2.0806066,"GOV_WGI_RQ.EST"
"SOM","Somalia, Fed. Rep.",2013,-2.2117429,"GOV_WGI_RQ.EST"
"SOM","Somalia, Fed. Rep.",2012,-2.1078682,"GOV_WGI_RQ.EST"
"SOM","Somalia, Fed. Rep.",2011,-2.1983104,"GOV_WGI_RQ.EST"
"SOM","Somalia, Fed. Rep.",2010,-2.1688439,"GOV_WGI_RQ.EST"
"ZAF","South Africa",2024,-0.0679269,"GOV_WGI_RQ.EST"
"ZAF","South Africa",2023,-0.0687678,"GOV_WGI_RQ.EST"
"ZAF","South Africa",2022,-0.0246849,"GOV_WGI_RQ.EST"
"ZAF","South Africa",2021,0.05637,"GOV_WGI_RQ.EST"
"ZAF","South Africa",2020,0.1302661,"GOV_WGI_RQ.EST"
"ZAF","South Africa",2019,0.1445492,"GOV_WGI_RQ.EST"
"ZAF","South Africa",2018,0.0953946,"GOV_WGI_RQ.EST"
"ZAF","South Africa",2017,0.250417,"GOV_WGI_RQ.EST"
"ZAF","South Africa",2016,0.2780186,"GOV_WGI_RQ.EST"
"ZAF","South Africa",2015,0.3242011,"GOV_WGI_RQ.EST"
"ZAF","South Africa",2014,0.4219429,"GOV_WGI_RQ.EST"
"ZAF","South Africa",2013,0.6217765,"GOV_WGI_RQ.EST"
"ZAF","South Africa",2012,0.629243,"GOV_WGI_RQ.EST"
"ZAF","South Africa",2011,0.6467972,"GOV_WGI_RQ.EST"
"ZAF","South Africa",2010,0.6817266,"GOV_WGI_RQ.EST"
"SSD","South Sudan",2024,-1.9440217,"GOV_WGI_RQ.EST"
"SSD","South Sudan",2023,-2.0423296,"GOV_WGI_RQ.EST"
"SSD","South Sudan",2022,-1.9778883,"GOV_WGI_RQ.EST"
"SSD","South Sudan",2021,-1.9767346,"GOV_WGI_RQ.EST"
"SSD","South Sudan",2020,-1.9957163,"GOV_WGI_RQ.EST"
"SSD","South Sudan",2019,-1.9238445,"GOV_WGI_RQ.EST"
"SSD","South Sudan",2018,-1.9300768,"GOV_WGI_RQ.EST"
"SSD","South Sudan",2017,-1.8285019,"GOV_WGI_RQ.EST"
"SSD","South Sudan",2016,-1.7914203,"GOV_WGI_RQ.EST"
"SSD","South Sudan",2015,-1.6968255,"GOV_WGI_RQ.EST"
"SSD","South Sudan",2014,-1.6929465,"GOV_WGI_RQ.EST"
"SSD","South Sudan",2013,-1.5843854,"GOV_WGI_RQ.EST"
"SSD","South Sudan",2012,-1.4352987,"GOV_WGI_RQ.EST"
"SSD","South Sudan",2011,-1.6063525,"GOV_WGI_RQ.EST"
"SSD","South Sudan",2010,NA,"GOV_WGI_RQ.EST"
"ESP","Spain",2024,0.564752,"GOV_WGI_RQ.EST"
"ESP","Spain",2023,0.6509734,"GOV_WGI_RQ.EST"
"ESP","Spain",2022,0.8629478,"GOV_WGI_RQ.EST"
"ESP","Spain",2021,0.9494063,"GOV_WGI_RQ.EST"
"ESP","Spain",2020,0.8796195,"GOV_WGI_RQ.EST"
"ESP","Spain",2019,0.9867126,"GOV_WGI_RQ.EST"
"ESP","Spain",2018,0.9292754,"GOV_WGI_RQ.EST"
"ESP","Spain",2017,0.935415,"GOV_WGI_RQ.EST"
"ESP","Spain",2016,1.0143181,"GOV_WGI_RQ.EST"
"ESP","Spain",2015,0.8718811,"GOV_WGI_RQ.EST"
"ESP","Spain",2014,0.791075,"GOV_WGI_RQ.EST"
"ESP","Spain",2013,0.9319398,"GOV_WGI_RQ.EST"
"ESP","Spain",2012,0.9156832,"GOV_WGI_RQ.EST"
"ESP","Spain",2011,0.9989374,"GOV_WGI_RQ.EST"
"ESP","Spain",2010,1.1527877,"GOV_WGI_RQ.EST"
"LKA","Sri Lanka",2024,-0.3683022,"GOV_WGI_RQ.EST"
"LKA","Sri Lanka",2023,-0.4264574,"GOV_WGI_RQ.EST"
"LKA","Sri Lanka",2022,-0.4469157,"GOV_WGI_RQ.EST"
"LKA","Sri Lanka",2021,-0.1260378,"GOV_WGI_RQ.EST"
"LKA","Sri Lanka",2020,-0.0760605,"GOV_WGI_RQ.EST"
"LKA","Sri Lanka",2019,-0.1427553,"GOV_WGI_RQ.EST"
"LKA","Sri Lanka",2018,-0.1506977,"GOV_WGI_RQ.EST"
"LKA","Sri Lanka",2017,-0.08938,"GOV_WGI_RQ.EST"
"LKA","Sri Lanka",2016,-0.0187706,"GOV_WGI_RQ.EST"
"LKA","Sri Lanka",2015,0.0636701,"GOV_WGI_RQ.EST"
"LKA","Sri Lanka",2014,0.0189415,"GOV_WGI_RQ.EST"
"LKA","Sri Lanka",2013,-0.0356245,"GOV_WGI_RQ.EST"
"LKA","Sri Lanka",2012,0.0415223,"GOV_WGI_RQ.EST"
"LKA","Sri Lanka",2011,0.0451465,"GOV_WGI_RQ.EST"
"LKA","Sri Lanka",2010,-0.0436186,"GOV_WGI_RQ.EST"
"KNA","St. Kitts and Nevis",2024,0.4666786,"GOV_WGI_RQ.EST"
"KNA","St. Kitts and Nevis",2023,0.4833152,"GOV_WGI_RQ.EST"
"KNA","St. Kitts and Nevis",2022,0.5193162,"GOV_WGI_RQ.EST"
"KNA","St. Kitts and Nevis",2021,0.4789483,"GOV_WGI_RQ.EST"
"KNA","St. Kitts and Nevis",2020,0.4653781,"GOV_WGI_RQ.EST"
"KNA","St. Kitts and Nevis",2019,0.4692735,"GOV_WGI_RQ.EST"
"KNA","St. Kitts and Nevis",2018,0.4740504,"GOV_WGI_RQ.EST"
"KNA","St. Kitts and Nevis",2017,0.4769727,"GOV_WGI_RQ.EST"
"KNA","St. Kitts and Nevis",2016,0.5265376,"GOV_WGI_RQ.EST"
"KNA","St. Kitts and Nevis",2015,0.5250534,"GOV_WGI_RQ.EST"
"KNA","St. Kitts and Nevis",2014,0.1381031,"GOV_WGI_RQ.EST"
"KNA","St. Kitts and Nevis",2013,1.266841,"GOV_WGI_RQ.EST"
"KNA","St. Kitts and Nevis",2012,1.2676934,"GOV_WGI_RQ.EST"
"KNA","St. Kitts and Nevis",2011,1.2784788,"GOV_WGI_RQ.EST"
"KNA","St. Kitts and Nevis",2010,1.2760424,"GOV_WGI_RQ.EST"
"LCA","St. Lucia",2024,0.1610058,"GOV_WGI_RQ.EST"
"LCA","St. Lucia",2023,0.2026098,"GOV_WGI_RQ.EST"
"LCA","St. Lucia",2022,0.1950822,"GOV_WGI_RQ.EST"
"LCA","St. Lucia",2021,0.1952227,"GOV_WGI_RQ.EST"
"LCA","St. Lucia",2020,0.2815061,"GOV_WGI_RQ.EST"
"LCA","St. Lucia",2019,0.3448179,"GOV_WGI_RQ.EST"
"LCA","St. Lucia",2018,0.2890672,"GOV_WGI_RQ.EST"
"LCA","St. Lucia",2017,0.2848864,"GOV_WGI_RQ.EST"
"LCA","St. Lucia",2016,0.3188112,"GOV_WGI_RQ.EST"
"LCA","St. Lucia",2015,0.3180887,"GOV_WGI_RQ.EST"
"LCA","St. Lucia",2014,0.415668,"GOV_WGI_RQ.EST"
"LCA","St. Lucia",2013,0.5579453,"GOV_WGI_RQ.EST"
"LCA","St. Lucia",2012,0.5582373,"GOV_WGI_RQ.EST"
"LCA","St. Lucia",2011,0.7136253,"GOV_WGI_RQ.EST"
"LCA","St. Lucia",2010,0.6537445,"GOV_WGI_RQ.EST"
"VCT","St. Vincent and the Grenadines",2024,0.1144534,"GOV_WGI_RQ.EST"
"VCT","St. Vincent and the Grenadines",2023,0.1059202,"GOV_WGI_RQ.EST"
"VCT","St. Vincent and the Grenadines",2022,0.0975913,"GOV_WGI_RQ.EST"
"VCT","St. Vincent and the Grenadines",2021,0.1478339,"GOV_WGI_RQ.EST"
"VCT","St. Vincent and the Grenadines",2020,0.1756815,"GOV_WGI_RQ.EST"
"VCT","St. Vincent and the Grenadines",2019,0.2389933,"GOV_WGI_RQ.EST"
"VCT","St. Vincent and the Grenadines",2018,0.2499417,"GOV_WGI_RQ.EST"
"VCT","St. Vincent and the Grenadines",2017,0.2081483,"GOV_WGI_RQ.EST"
"VCT","St. Vincent and the Grenadines",2016,0.2688084,"GOV_WGI_RQ.EST"
"VCT","St. Vincent and the Grenadines",2015,0.223637,"GOV_WGI_RQ.EST"
"VCT","St. Vincent and the Grenadines",2014,0.4322806,"GOV_WGI_RQ.EST"
"VCT","St. Vincent and the Grenadines",2013,0.5393709,"GOV_WGI_RQ.EST"
"VCT","St. Vincent and the Grenadines",2012,0.5397115,"GOV_WGI_RQ.EST"
"VCT","St. Vincent and the Grenadines",2011,0.544022,"GOV_WGI_RQ.EST"
"VCT","St. Vincent and the Grenadines",2010,0.5430482,"GOV_WGI_RQ.EST"
"SDN","Sudan",2024,-1.6925314,"GOV_WGI_RQ.EST"
"SDN","Sudan",2023,-1.6432002,"GOV_WGI_RQ.EST"
"SDN","Sudan",2022,-1.5904961,"GOV_WGI_RQ.EST"
"SDN","Sudan",2021,-1.5286884,"GOV_WGI_RQ.EST"
"SDN","Sudan",2020,-1.5423433,"GOV_WGI_RQ.EST"
"SDN","Sudan",2019,-1.5690904,"GOV_WGI_RQ.EST"
"SDN","Sudan",2018,-1.5463824,"GOV_WGI_RQ.EST"
"SDN","Sudan",2017,-1.4658857,"GOV_WGI_RQ.EST"
"SDN","Sudan",2016,-1.4495328,"GOV_WGI_RQ.EST"
"SDN","Sudan",2015,-1.4987761,"GOV_WGI_RQ.EST"
"SDN","Sudan",2014,-1.4680782,"GOV_WGI_RQ.EST"
"SDN","Sudan",2013,-1.5081785,"GOV_WGI_RQ.EST"
"SDN","Sudan",2012,-1.4183356,"GOV_WGI_RQ.EST"
"SDN","Sudan",2011,-1.3203229,"GOV_WGI_RQ.EST"
"SDN","Sudan",2010,-1.3359218,"GOV_WGI_RQ.EST"
"SUR","Suriname",2024,-0.9314725,"GOV_WGI_RQ.EST"
"SUR","Suriname",2023,-0.745011,"GOV_WGI_RQ.EST"
"SUR","Suriname",2022,-0.7221531,"GOV_WGI_RQ.EST"
"SUR","Suriname",2021,-0.633481,"GOV_WGI_RQ.EST"
"SUR","Suriname",2020,-0.7030312,"GOV_WGI_RQ.EST"
"SUR","Suriname",2019,-0.6156875,"GOV_WGI_RQ.EST"
"SUR","Suriname",2018,-0.6983247,"GOV_WGI_RQ.EST"
"SUR","Suriname",2017,-0.6323131,"GOV_WGI_RQ.EST"
"SUR","Suriname",2016,-0.6009767,"GOV_WGI_RQ.EST"
"SUR","Suriname",2015,-0.579372,"GOV_WGI_RQ.EST"
"SUR","Suriname",2014,-0.5904622,"GOV_WGI_RQ.EST"
"SUR","Suriname",2013,-0.3409101,"GOV_WGI_RQ.EST"
"SUR","Suriname",2012,-0.367218,"GOV_WGI_RQ.EST"
"SUR","Suriname",2011,-0.4124996,"GOV_WGI_RQ.EST"
"SUR","Suriname",2010,-0.4621878,"GOV_WGI_RQ.EST"
"SWE","Sweden",2024,1.6366317,"GOV_WGI_RQ.EST"
"SWE","Sweden",2023,1.6458676,"GOV_WGI_RQ.EST"
"SWE","Sweden",2022,1.6030531,"GOV_WGI_RQ.EST"
"SWE","Sweden",2021,1.6510465,"GOV_WGI_RQ.EST"
"SWE","Sweden",2020,1.6865501,"GOV_WGI_RQ.EST"
"SWE","Sweden",2019,1.7448014,"GOV_WGI_RQ.EST"
"SWE","Sweden",2018,1.7292099,"GOV_WGI_RQ.EST"
"SWE","Sweden",2017,1.7128711,"GOV_WGI_RQ.EST"
"SWE","Sweden",2016,1.762656,"GOV_WGI_RQ.EST"
"SWE","Sweden",2015,1.7743688,"GOV_WGI_RQ.EST"
"SWE","Sweden",2014,1.6892764,"GOV_WGI_RQ.EST"
"SWE","Sweden",2013,1.9274381,"GOV_WGI_RQ.EST"
"SWE","Sweden",2012,1.9777829,"GOV_WGI_RQ.EST"
"SWE","Sweden",2011,2.0165156,"GOV_WGI_RQ.EST"
"SWE","Sweden",2010,1.7491023,"GOV_WGI_RQ.EST"
"CHE","Switzerland",2024,1.644729,"GOV_WGI_RQ.EST"
"CHE","Switzerland",2023,1.6896657,"GOV_WGI_RQ.EST"
"CHE","Switzerland",2022,1.729141,"GOV_WGI_RQ.EST"
"CHE","Switzerland",2021,1.7282538,"GOV_WGI_RQ.EST"
"CHE","Switzerland",2020,1.6279242,"GOV_WGI_RQ.EST"
"CHE","Switzerland",2019,1.7386232,"GOV_WGI_RQ.EST"
"CHE","Switzerland",2018,1.7762631,"GOV_WGI_RQ.EST"
"CHE","Switzerland",2017,1.8967941,"GOV_WGI_RQ.EST"
"CHE","Switzerland",2016,1.9049871,"GOV_WGI_RQ.EST"
"CHE","Switzerland",2015,1.8125953,"GOV_WGI_RQ.EST"
"CHE","Switzerland",2014,1.8985891,"GOV_WGI_RQ.EST"
"CHE","Switzerland",2013,1.7725243,"GOV_WGI_RQ.EST"
"CHE","Switzerland",2012,1.8180661,"GOV_WGI_RQ.EST"
"CHE","Switzerland",2011,1.7421496,"GOV_WGI_RQ.EST"
"CHE","Switzerland",2010,1.7321786,"GOV_WGI_RQ.EST"
"SYR","Syrian Arab Republic",2024,-1.9933673,"GOV_WGI_RQ.EST"
"SYR","Syrian Arab Republic",2023,-1.8985597,"GOV_WGI_RQ.EST"
"SYR","Syrian Arab Republic",2022,-1.8987037,"GOV_WGI_RQ.EST"
"SYR","Syrian Arab Republic",2021,-1.7663303,"GOV_WGI_RQ.EST"
"SYR","Syrian Arab Republic",2020,-1.6672647,"GOV_WGI_RQ.EST"
"SYR","Syrian Arab Republic",2019,-1.6076629,"GOV_WGI_RQ.EST"
"SYR","Syrian Arab Republic",2018,-1.5591051,"GOV_WGI_RQ.EST"
"SYR","Syrian Arab Republic",2017,-1.6430828,"GOV_WGI_RQ.EST"
"SYR","Syrian Arab Republic",2016,-1.6326393,"GOV_WGI_RQ.EST"
"SYR","Syrian Arab Republic",2015,-1.5258964,"GOV_WGI_RQ.EST"
"SYR","Syrian Arab Republic",2014,-1.6264588,"GOV_WGI_RQ.EST"
"SYR","Syrian Arab Republic",2013,-1.527428,"GOV_WGI_RQ.EST"
"SYR","Syrian Arab Republic",2012,-1.4321143,"GOV_WGI_RQ.EST"
"SYR","Syrian Arab Republic",2011,-0.8118819,"GOV_WGI_RQ.EST"
"SYR","Syrian Arab Republic",2010,-0.7183306,"GOV_WGI_RQ.EST"
"TJK","Tajikistan",2024,-0.8031772,"GOV_WGI_RQ.EST"
"TJK","Tajikistan",2023,-0.8603169,"GOV_WGI_RQ.EST"
"TJK","Tajikistan",2022,-0.8604354,"GOV_WGI_RQ.EST"
"TJK","Tajikistan",2021,-0.8592493,"GOV_WGI_RQ.EST"
"TJK","Tajikistan",2020,-0.8348728,"GOV_WGI_RQ.EST"
"TJK","Tajikistan",2019,-0.8258434,"GOV_WGI_RQ.EST"
"TJK","Tajikistan",2018,-0.8338709,"GOV_WGI_RQ.EST"
"TJK","Tajikistan",2017,-0.8613968,"GOV_WGI_RQ.EST"
"TJK","Tajikistan",2016,-1.0599656,"GOV_WGI_RQ.EST"
"TJK","Tajikistan",2015,-1.0268011,"GOV_WGI_RQ.EST"
"TJK","Tajikistan",2014,-0.9731276,"GOV_WGI_RQ.EST"
"TJK","Tajikistan",2013,-0.9882769,"GOV_WGI_RQ.EST"
"TJK","Tajikistan",2012,-0.9787879,"GOV_WGI_RQ.EST"
"TJK","Tajikistan",2011,-1.0207652,"GOV_WGI_RQ.EST"
"TJK","Tajikistan",2010,-1.0176651,"GOV_WGI_RQ.EST"
"TZA","Tanzania",2024,-0.5250399,"GOV_WGI_RQ.EST"
"TZA","Tanzania",2023,-0.5686908,"GOV_WGI_RQ.EST"
"TZA","Tanzania",2022,-0.6150265,"GOV_WGI_RQ.EST"
"TZA","Tanzania",2021,-0.6894524,"GOV_WGI_RQ.EST"
"TZA","Tanzania",2020,-0.7373775,"GOV_WGI_RQ.EST"
"TZA","Tanzania",2019,-0.7043093,"GOV_WGI_RQ.EST"
"TZA","Tanzania",2018,-0.6522238,"GOV_WGI_RQ.EST"
"TZA","Tanzania",2017,-0.5551383,"GOV_WGI_RQ.EST"
"TZA","Tanzania",2016,-0.4091901,"GOV_WGI_RQ.EST"
"TZA","Tanzania",2015,-0.4275374,"GOV_WGI_RQ.EST"
"TZA","Tanzania",2014,-0.4131505,"GOV_WGI_RQ.EST"
"TZA","Tanzania",2013,-0.4295145,"GOV_WGI_RQ.EST"
"TZA","Tanzania",2012,-0.4762733,"GOV_WGI_RQ.EST"
"TZA","Tanzania",2011,-0.4322497,"GOV_WGI_RQ.EST"
"TZA","Tanzania",2010,-0.409913,"GOV_WGI_RQ.EST"
"THA","Thailand",2024,0.1099876,"GOV_WGI_RQ.EST"
"THA","Thailand",2023,0.12335,"GOV_WGI_RQ.EST"
"THA","Thailand",2022,0.1456275,"GOV_WGI_RQ.EST"
"THA","Thailand",2021,0.1255594,"GOV_WGI_RQ.EST"
"THA","Thailand",2020,0.0972493,"GOV_WGI_RQ.EST"
"THA","Thailand",2019,0.1017378,"GOV_WGI_RQ.EST"
"THA","Thailand",2018,0.1532231,"GOV_WGI_RQ.EST"
"THA","Thailand",2017,0.2032236,"GOV_WGI_RQ.EST"
"THA","Thailand",2016,0.1668891,"GOV_WGI_RQ.EST"
"THA","Thailand",2015,0.213776,"GOV_WGI_RQ.EST"
"THA","Thailand",2014,0.1688125,"GOV_WGI_RQ.EST"
"THA","Thailand",2013,0.1325563,"GOV_WGI_RQ.EST"
"THA","Thailand",2012,0.0667527,"GOV_WGI_RQ.EST"
"THA","Thailand",2011,0.1555507,"GOV_WGI_RQ.EST"
"THA","Thailand",2010,0.1399387,"GOV_WGI_RQ.EST"
"TLS","Timor-Leste",2024,-0.7696154,"GOV_WGI_RQ.EST"
"TLS","Timor-Leste",2023,-0.8158094,"GOV_WGI_RQ.EST"
"TLS","Timor-Leste",2022,-0.8159447,"GOV_WGI_RQ.EST"
"TLS","Timor-Leste",2021,-0.8589519,"GOV_WGI_RQ.EST"
"TLS","Timor-Leste",2020,-0.8685756,"GOV_WGI_RQ.EST"
"TLS","Timor-Leste",2019,-0.7912023,"GOV_WGI_RQ.EST"
"TLS","Timor-Leste",2018,-0.9173063,"GOV_WGI_RQ.EST"
"TLS","Timor-Leste",2017,-0.9185381,"GOV_WGI_RQ.EST"
"TLS","Timor-Leste",2016,-0.9263941,"GOV_WGI_RQ.EST"
"TLS","Timor-Leste",2015,-0.941819,"GOV_WGI_RQ.EST"
"TLS","Timor-Leste",2014,-0.895036,"GOV_WGI_RQ.EST"
"TLS","Timor-Leste",2013,-0.9735544,"GOV_WGI_RQ.EST"
"TLS","Timor-Leste",2012,-0.9956316,"GOV_WGI_RQ.EST"
"TLS","Timor-Leste",2011,-0.9895769,"GOV_WGI_RQ.EST"
"TLS","Timor-Leste",2010,-1.0320086,"GOV_WGI_RQ.EST"
"TGO","Togo",2024,-0.4316928,"GOV_WGI_RQ.EST"
"TGO","Togo",2023,-0.4270658,"GOV_WGI_RQ.EST"
"TGO","Togo",2022,-0.4455888,"GOV_WGI_RQ.EST"
"TGO","Togo",2021,-0.5023846,"GOV_WGI_RQ.EST"
"TGO","Togo",2020,-0.5079267,"GOV_WGI_RQ.EST"
"TGO","Togo",2019,-0.6455856,"GOV_WGI_RQ.EST"
"TGO","Togo",2018,-0.7048927,"GOV_WGI_RQ.EST"
"TGO","Togo",2017,-0.7955512,"GOV_WGI_RQ.EST"
"TGO","Togo",2016,-0.8044822,"GOV_WGI_RQ.EST"
"TGO","Togo",2015,-0.8216471,"GOV_WGI_RQ.EST"
"TGO","Togo",2014,-0.84833,"GOV_WGI_RQ.EST"
"TGO","Togo",2013,-1.033247,"GOV_WGI_RQ.EST"
"TGO","Togo",2012,-0.8844277,"GOV_WGI_RQ.EST"
"TGO","Togo",2011,-1.0100055,"GOV_WGI_RQ.EST"
"TGO","Togo",2010,-0.8709464,"GOV_WGI_RQ.EST"
"TON","Tonga",2024,-0.2540444,"GOV_WGI_RQ.EST"
"TON","Tonga",2023,-0.2594523,"GOV_WGI_RQ.EST"
"TON","Tonga",2022,-0.3071411,"GOV_WGI_RQ.EST"
"TON","Tonga",2021,-0.3199918,"GOV_WGI_RQ.EST"
"TON","Tonga",2020,-0.3863481,"GOV_WGI_RQ.EST"
"TON","Tonga",2019,-0.2651571,"GOV_WGI_RQ.EST"
"TON","Tonga",2018,-0.2780951,"GOV_WGI_RQ.EST"
"TON","Tonga",2017,-0.2979303,"GOV_WGI_RQ.EST"
"TON","Tonga",2016,-0.2993811,"GOV_WGI_RQ.EST"
"TON","Tonga",2015,-0.3002724,"GOV_WGI_RQ.EST"
"TON","Tonga",2014,-0.3158751,"GOV_WGI_RQ.EST"
"TON","Tonga",2013,-0.4384827,"GOV_WGI_RQ.EST"
"TON","Tonga",2012,-0.4625093,"GOV_WGI_RQ.EST"
"TON","Tonga",2011,-0.4589519,"GOV_WGI_RQ.EST"
"TON","Tonga",2010,-0.3790428,"GOV_WGI_RQ.EST"
"TTO","Trinidad and Tobago",2024,-0.201658,"GOV_WGI_RQ.EST"
"TTO","Trinidad and Tobago",2023,-0.1461109,"GOV_WGI_RQ.EST"
"TTO","Trinidad and Tobago",2022,-0.0578419,"GOV_WGI_RQ.EST"
"TTO","Trinidad and Tobago",2021,-0.038458,"GOV_WGI_RQ.EST"
"TTO","Trinidad and Tobago",2020,-0.1061532,"GOV_WGI_RQ.EST"
"TTO","Trinidad and Tobago",2019,-0.0812216,"GOV_WGI_RQ.EST"
"TTO","Trinidad and Tobago",2018,-0.0514346,"GOV_WGI_RQ.EST"
"TTO","Trinidad and Tobago",2017,0.0019037,"GOV_WGI_RQ.EST"
"TTO","Trinidad and Tobago",2016,0.004257,"GOV_WGI_RQ.EST"
"TTO","Trinidad and Tobago",2015,0.0428837,"GOV_WGI_RQ.EST"
"TTO","Trinidad and Tobago",2014,0.1212956,"GOV_WGI_RQ.EST"
"TTO","Trinidad and Tobago",2013,0.3531588,"GOV_WGI_RQ.EST"
"TTO","Trinidad and Tobago",2012,0.3855912,"GOV_WGI_RQ.EST"
"TTO","Trinidad and Tobago",2011,0.4679824,"GOV_WGI_RQ.EST"
"TTO","Trinidad and Tobago",2010,0.4781483,"GOV_WGI_RQ.EST"
"TUN","Tunisia",2024,-0.4557157,"GOV_WGI_RQ.EST"
"TUN","Tunisia",2023,-0.4918443,"GOV_WGI_RQ.EST"
"TUN","Tunisia",2022,-0.3299272,"GOV_WGI_RQ.EST"
"TUN","Tunisia",2021,-0.1977648,"GOV_WGI_RQ.EST"
"TUN","Tunisia",2020,-0.1142138,"GOV_WGI_RQ.EST"
"TUN","Tunisia",2019,-0.1444072,"GOV_WGI_RQ.EST"
"TUN","Tunisia",2018,-0.158019,"GOV_WGI_RQ.EST"
"TUN","Tunisia",2017,-0.1548977,"GOV_WGI_RQ.EST"
"TUN","Tunisia",2016,-0.5009717,"GOV_WGI_RQ.EST"
"TUN","Tunisia",2015,-0.4472096,"GOV_WGI_RQ.EST"
"TUN","Tunisia",2014,-0.3506362,"GOV_WGI_RQ.EST"
"TUN","Tunisia",2013,-0.2469942,"GOV_WGI_RQ.EST"
"TUN","Tunisia",2012,-0.204934,"GOV_WGI_RQ.EST"
"TUN","Tunisia",2011,-0.2708761,"GOV_WGI_RQ.EST"
"TUN","Tunisia",2010,-0.0277535,"GOV_WGI_RQ.EST"
"TUR","Turkiye",2024,-0.1649602,"GOV_WGI_RQ.EST"
"TUR","Turkiye",2023,-0.1666255,"GOV_WGI_RQ.EST"
"TUR","Turkiye",2022,-0.1775484,"GOV_WGI_RQ.EST"
"TUR","Turkiye",2021,-0.0683072,"GOV_WGI_RQ.EST"
"TUR","Turkiye",2020,-0.1049635,"GOV_WGI_RQ.EST"
"TUR","Turkiye",2019,0.026219,"GOV_WGI_RQ.EST"
"TUR","Turkiye",2018,0.0183903,"GOV_WGI_RQ.EST"
"TUR","Turkiye",2017,0.1110961,"GOV_WGI_RQ.EST"
"TUR","Turkiye",2016,0.1203997,"GOV_WGI_RQ.EST"
"TUR","Turkiye",2015,0.2034535,"GOV_WGI_RQ.EST"
"TUR","Turkiye",2014,0.3883751,"GOV_WGI_RQ.EST"
"TUR","Turkiye",2013,0.478805,"GOV_WGI_RQ.EST"
"TUR","Turkiye",2012,0.4778445,"GOV_WGI_RQ.EST"
"TUR","Turkiye",2011,0.3833109,"GOV_WGI_RQ.EST"
"TUR","Turkiye",2010,0.3689441,"GOV_WGI_RQ.EST"
"TKM","Turkmenistan",2024,-1.7660706,"GOV_WGI_RQ.EST"
"TKM","Turkmenistan",2023,-1.7848126,"GOV_WGI_RQ.EST"
"TKM","Turkmenistan",2022,-1.7849859,"GOV_WGI_RQ.EST"
"TKM","Turkmenistan",2021,-1.7832504,"GOV_WGI_RQ.EST"
"TKM","Turkmenistan",2020,-1.7827486,"GOV_WGI_RQ.EST"
"TKM","Turkmenistan",2019,-1.7810536,"GOV_WGI_RQ.EST"
"TKM","Turkmenistan",2018,-1.7821803,"GOV_WGI_RQ.EST"
"TKM","Turkmenistan",2017,-1.8179261,"GOV_WGI_RQ.EST"
"TKM","Turkmenistan",2016,-1.8189773,"GOV_WGI_RQ.EST"
"TKM","Turkmenistan",2015,-1.76279,"GOV_WGI_RQ.EST"
"TKM","Turkmenistan",2014,-1.7958256,"GOV_WGI_RQ.EST"
"TKM","Turkmenistan",2013,-1.8449541,"GOV_WGI_RQ.EST"
"TKM","Turkmenistan",2012,-1.844778,"GOV_WGI_RQ.EST"
"TKM","Turkmenistan",2011,-1.8910907,"GOV_WGI_RQ.EST"
"TKM","Turkmenistan",2010,-1.8547385,"GOV_WGI_RQ.EST"
"TUV","Tuvalu",2024,-0.4400555,"GOV_WGI_RQ.EST"
"TUV","Tuvalu",2023,-0.6645563,"GOV_WGI_RQ.EST"
"TUV","Tuvalu",2022,-0.570874,"GOV_WGI_RQ.EST"
"TUV","Tuvalu",2021,-0.5888936,"GOV_WGI_RQ.EST"
"TUV","Tuvalu",2020,-0.6819403,"GOV_WGI_RQ.EST"
"TUV","Tuvalu",2019,-0.5846424,"GOV_WGI_RQ.EST"
"TUV","Tuvalu",2018,-0.5868227,"GOV_WGI_RQ.EST"
"TUV","Tuvalu",2017,-0.697805,"GOV_WGI_RQ.EST"
"TUV","Tuvalu",2016,-0.5898599,"GOV_WGI_RQ.EST"
"TUV","Tuvalu",2015,-0.6124877,"GOV_WGI_RQ.EST"
"TUV","Tuvalu",2014,-0.7093163,"GOV_WGI_RQ.EST"
"TUV","Tuvalu",2013,-1.094609,"GOV_WGI_RQ.EST"
"TUV","Tuvalu",2012,-1.0728368,"GOV_WGI_RQ.EST"
"TUV","Tuvalu",2011,-0.8857208,"GOV_WGI_RQ.EST"
"TUV","Tuvalu",2010,-0.8879107,"GOV_WGI_RQ.EST"
"UGA","Uganda",2024,-0.5231945,"GOV_WGI_RQ.EST"
"UGA","Uganda",2023,-0.4973022,"GOV_WGI_RQ.EST"
"UGA","Uganda",2022,-0.4727529,"GOV_WGI_RQ.EST"
"UGA","Uganda",2021,-0.475708,"GOV_WGI_RQ.EST"
"UGA","Uganda",2020,-0.4901496,"GOV_WGI_RQ.EST"
"UGA","Uganda",2019,-0.4702112,"GOV_WGI_RQ.EST"
"UGA","Uganda",2018,-0.3992497,"GOV_WGI_RQ.EST"
"UGA","Uganda",2017,-0.3681942,"GOV_WGI_RQ.EST"
"UGA","Uganda",2016,-0.3877786,"GOV_WGI_RQ.EST"
"UGA","Uganda",2015,-0.3729456,"GOV_WGI_RQ.EST"
"UGA","Uganda",2014,-0.4054024,"GOV_WGI_RQ.EST"
"UGA","Uganda",2013,-0.4321807,"GOV_WGI_RQ.EST"
"UGA","Uganda",2012,-0.4153078,"GOV_WGI_RQ.EST"
"UGA","Uganda",2011,-0.3461713,"GOV_WGI_RQ.EST"
"UGA","Uganda",2010,-0.3071717,"GOV_WGI_RQ.EST"
"UKR","Ukraine",2024,-0.251565,"GOV_WGI_RQ.EST"
"UKR","Ukraine",2023,-0.3226085,"GOV_WGI_RQ.EST"
"UKR","Ukraine",2022,-0.3731122,"GOV_WGI_RQ.EST"
"UKR","Ukraine",2021,-0.3288378,"GOV_WGI_RQ.EST"
"UKR","Ukraine",2020,-0.3069011,"GOV_WGI_RQ.EST"
"UKR","Ukraine",2019,-0.2523184,"GOV_WGI_RQ.EST"
"UKR","Ukraine",2018,-0.3548631,"GOV_WGI_RQ.EST"
"UKR","Ukraine",2017,-0.3732959,"GOV_WGI_RQ.EST"
"UKR","Ukraine",2016,-0.5611707,"GOV_WGI_RQ.EST"
"UKR","Ukraine",2015,-0.6640337,"GOV_WGI_RQ.EST"
"UKR","Ukraine",2014,-0.5992836,"GOV_WGI_RQ.EST"
"UKR","Ukraine",2013,-0.6395035,"GOV_WGI_RQ.EST"
"UKR","Ukraine",2012,-0.6460268,"GOV_WGI_RQ.EST"
"UKR","Ukraine",2011,-0.7269865,"GOV_WGI_RQ.EST"
"UKR","Ukraine",2010,-0.549389,"GOV_WGI_RQ.EST"
"ARE","United Arab Emirates",2024,1.0889345,"GOV_WGI_RQ.EST"
"ARE","United Arab Emirates",2023,1.0693514,"GOV_WGI_RQ.EST"
"ARE","United Arab Emirates",2022,1.0099229,"GOV_WGI_RQ.EST"
"ARE","United Arab Emirates",2021,1.0134645,"GOV_WGI_RQ.EST"
"ARE","United Arab Emirates",2020,1.0104998,"GOV_WGI_RQ.EST"
"ARE","United Arab Emirates",2019,1.093228,"GOV_WGI_RQ.EST"
"ARE","United Arab Emirates",2018,1.0188275,"GOV_WGI_RQ.EST"
"ARE","United Arab Emirates",2017,1.0541258,"GOV_WGI_RQ.EST"
"ARE","United Arab Emirates",2016,1.0241252,"GOV_WGI_RQ.EST"
"ARE","United Arab Emirates",2015,1.1194082,"GOV_WGI_RQ.EST"
"ARE","United Arab Emirates",2014,0.9883363,"GOV_WGI_RQ.EST"
"ARE","United Arab Emirates",2013,0.8980655,"GOV_WGI_RQ.EST"
"ARE","United Arab Emirates",2012,0.7762081,"GOV_WGI_RQ.EST"
"ARE","United Arab Emirates",2011,0.8184804,"GOV_WGI_RQ.EST"
"ARE","United Arab Emirates",2010,0.7036058,"GOV_WGI_RQ.EST"
"GBR","United Kingdom",2024,1.5276442,"GOV_WGI_RQ.EST"
"GBR","United Kingdom",2023,1.5985375,"GOV_WGI_RQ.EST"
"GBR","United Kingdom",2022,1.6604586,"GOV_WGI_RQ.EST"
"GBR","United Kingdom",2021,1.6321749,"GOV_WGI_RQ.EST"
"GBR","United Kingdom",2020,1.6158469,"GOV_WGI_RQ.EST"
"GBR","United Kingdom",2019,1.7154343,"GOV_WGI_RQ.EST"
"GBR","United Kingdom",2018,1.6766714,"GOV_WGI_RQ.EST"
"GBR","United Kingdom",2017,1.6515431,"GOV_WGI_RQ.EST"
"GBR","United Kingdom",2016,1.6753586,"GOV_WGI_RQ.EST"
"GBR","United Kingdom",2015,1.8379532,"GOV_WGI_RQ.EST"
"GBR","United Kingdom",2014,1.7328803,"GOV_WGI_RQ.EST"
"GBR","United Kingdom",2013,1.7288233,"GOV_WGI_RQ.EST"
"GBR","United Kingdom",2012,1.6550039,"GOV_WGI_RQ.EST"
"GBR","United Kingdom",2011,1.5936828,"GOV_WGI_RQ.EST"
"GBR","United Kingdom",2010,1.5972248,"GOV_WGI_RQ.EST"
"USA","United States",2024,1.3253728,"GOV_WGI_RQ.EST"
"USA","United States",2023,1.4161692,"GOV_WGI_RQ.EST"
"USA","United States",2022,1.4618304,"GOV_WGI_RQ.EST"
"USA","United States",2021,1.4663447,"GOV_WGI_RQ.EST"
"USA","United States",2020,1.2601752,"GOV_WGI_RQ.EST"
"USA","United States",2019,1.3411877,"GOV_WGI_RQ.EST"
"USA","United States",2018,1.4433717,"GOV_WGI_RQ.EST"
"USA","United States",2017,1.4812831,"GOV_WGI_RQ.EST"
"USA","United States",2016,1.3824367,"GOV_WGI_RQ.EST"
"USA","United States",2015,1.2774618,"GOV_WGI_RQ.EST"
"USA","United States",2014,1.2726281,"GOV_WGI_RQ.EST"
"USA","United States",2013,1.377948,"GOV_WGI_RQ.EST"
"USA","United States",2012,1.4227467,"GOV_WGI_RQ.EST"
"USA","United States",2011,1.3884521,"GOV_WGI_RQ.EST"
"USA","United States",2010,1.3524291,"GOV_WGI_RQ.EST"
"URY","Uruguay",2024,0.5170437,"GOV_WGI_RQ.EST"
"URY","Uruguay",2023,0.6070291,"GOV_WGI_RQ.EST"
"URY","Uruguay",2022,0.6681335,"GOV_WGI_RQ.EST"
"URY","Uruguay",2021,0.6783337,"GOV_WGI_RQ.EST"
"URY","Uruguay",2020,0.6581216,"GOV_WGI_RQ.EST"
"URY","Uruguay",2019,0.600471,"GOV_WGI_RQ.EST"
"URY","Uruguay",2018,0.5800907,"GOV_WGI_RQ.EST"
"URY","Uruguay",2017,0.6810871,"GOV_WGI_RQ.EST"
"URY","Uruguay",2016,0.7104721,"GOV_WGI_RQ.EST"
"URY","Uruguay",2015,0.6298059,"GOV_WGI_RQ.EST"
"URY","Uruguay",2014,0.6940487,"GOV_WGI_RQ.EST"
"URY","Uruguay",2013,0.7232885,"GOV_WGI_RQ.EST"
"URY","Uruguay",2012,0.6396582,"GOV_WGI_RQ.EST"
"URY","Uruguay",2011,0.5180702,"GOV_WGI_RQ.EST"
"URY","Uruguay",2010,0.5309738,"GOV_WGI_RQ.EST"
"UZB","Uzbekistan",2024,-0.5492686,"GOV_WGI_RQ.EST"
"UZB","Uzbekistan",2023,-0.6727832,"GOV_WGI_RQ.EST"
"UZB","Uzbekistan",2022,-0.6294161,"GOV_WGI_RQ.EST"
"UZB","Uzbekistan",2021,-0.675129,"GOV_WGI_RQ.EST"
"UZB","Uzbekistan",2020,-1.1109072,"GOV_WGI_RQ.EST"
"UZB","Uzbekistan",2019,-1.0172056,"GOV_WGI_RQ.EST"
"UZB","Uzbekistan",2018,-1.129256,"GOV_WGI_RQ.EST"
"UZB","Uzbekistan",2017,-1.2997423,"GOV_WGI_RQ.EST"
"UZB","Uzbekistan",2016,-1.4097786,"GOV_WGI_RQ.EST"
"UZB","Uzbekistan",2015,-1.4463056,"GOV_WGI_RQ.EST"
"UZB","Uzbekistan",2014,-1.5384501,"GOV_WGI_RQ.EST"
"UZB","Uzbekistan",2013,-1.5247049,"GOV_WGI_RQ.EST"
"UZB","Uzbekistan",2012,-1.5186826,"GOV_WGI_RQ.EST"
"UZB","Uzbekistan",2011,-1.6298951,"GOV_WGI_RQ.EST"
"UZB","Uzbekistan",2010,-1.5626087,"GOV_WGI_RQ.EST"
"VUT","Vanuatu",2024,-0.3386572,"GOV_WGI_RQ.EST"
"VUT","Vanuatu",2023,-0.4047755,"GOV_WGI_RQ.EST"
"VUT","Vanuatu",2022,-0.4130051,"GOV_WGI_RQ.EST"
"VUT","Vanuatu",2021,-0.4258558,"GOV_WGI_RQ.EST"
"VUT","Vanuatu",2020,-0.4161492,"GOV_WGI_RQ.EST"
"VUT","Vanuatu",2019,-0.362007,"GOV_WGI_RQ.EST"
"VUT","Vanuatu",2018,-0.4419939,"GOV_WGI_RQ.EST"
"VUT","Vanuatu",2017,-0.3339241,"GOV_WGI_RQ.EST"
"VUT","Vanuatu",2016,-0.3353748,"GOV_WGI_RQ.EST"
"VUT","Vanuatu",2015,-0.2821419,"GOV_WGI_RQ.EST"
"VUT","Vanuatu",2014,-0.250315,"GOV_WGI_RQ.EST"
"VUT","Vanuatu",2013,-0.3819758,"GOV_WGI_RQ.EST"
"VUT","Vanuatu",2012,-0.5684428,"GOV_WGI_RQ.EST"
"VUT","Vanuatu",2011,-0.5466398,"GOV_WGI_RQ.EST"
"VUT","Vanuatu",2010,-0.6253175,"GOV_WGI_RQ.EST"
"VEN","Venezuela, RB",2024,-1.9030727,"GOV_WGI_RQ.EST"
"VEN","Venezuela, RB",2023,-1.8739799,"GOV_WGI_RQ.EST"
"VEN","Venezuela, RB",2022,-1.8753522,"GOV_WGI_RQ.EST"
"VEN","Venezuela, RB",2021,-2.0288081,"GOV_WGI_RQ.EST"
"VEN","Venezuela, RB",2020,-2.1039116,"GOV_WGI_RQ.EST"
"VEN","Venezuela, RB",2019,-2.1183886,"GOV_WGI_RQ.EST"
"VEN","Venezuela, RB",2018,-2.0977303,"GOV_WGI_RQ.EST"
"VEN","Venezuela, RB",2017,-1.7836765,"GOV_WGI_RQ.EST"
"VEN","Venezuela, RB",2016,-1.7260425,"GOV_WGI_RQ.EST"
"VEN","Venezuela, RB",2015,-1.6544589,"GOV_WGI_RQ.EST"
"VEN","Venezuela, RB",2014,-1.6560897,"GOV_WGI_RQ.EST"
"VEN","Venezuela, RB",2013,-1.4865287,"GOV_WGI_RQ.EST"
"VEN","Venezuela, RB",2012,-1.4386222,"GOV_WGI_RQ.EST"
"VEN","Venezuela, RB",2011,-1.3485981,"GOV_WGI_RQ.EST"
"VEN","Venezuela, RB",2010,-1.5029633,"GOV_WGI_RQ.EST"
"VNM","Viet Nam",2024,-0.3137316,"GOV_WGI_RQ.EST"
"VNM","Viet Nam",2023,-0.3175285,"GOV_WGI_RQ.EST"
"VNM","Viet Nam",2022,-0.3472566,"GOV_WGI_RQ.EST"
"VNM","Viet Nam",2021,-0.3498424,"GOV_WGI_RQ.EST"
"VNM","Viet Nam",2020,-0.2277072,"GOV_WGI_RQ.EST"
"VNM","Viet Nam",2019,-0.264573,"GOV_WGI_RQ.EST"
"VNM","Viet Nam",2018,-0.2821493,"GOV_WGI_RQ.EST"
"VNM","Viet Nam",2017,-0.2696985,"GOV_WGI_RQ.EST"
"VNM","Viet Nam",2016,-0.2996982,"GOV_WGI_RQ.EST"
"VNM","Viet Nam",2015,-0.3179072,"GOV_WGI_RQ.EST"
"VNM","Viet Nam",2014,-0.4804909,"GOV_WGI_RQ.EST"
"VNM","Viet Nam",2013,-0.5942756,"GOV_WGI_RQ.EST"
"VNM","Viet Nam",2012,-0.6203042,"GOV_WGI_RQ.EST"
"VNM","Viet Nam",2011,-0.5144648,"GOV_WGI_RQ.EST"
"VNM","Viet Nam",2010,-0.5559441,"GOV_WGI_RQ.EST"
"VIR","Virgin Islands (U.S.)",2024,1.0917245,"GOV_WGI_RQ.EST"
"VIR","Virgin Islands (U.S.)",2023,1.0936156,"GOV_WGI_RQ.EST"
"VIR","Virgin Islands (U.S.)",2022,1.0928903,"GOV_WGI_RQ.EST"
"VIR","Virgin Islands (U.S.)",2021,1.1001518,"GOV_WGI_RQ.EST"
"VIR","Virgin Islands (U.S.)",2020,1.1022513,"GOV_WGI_RQ.EST"
"VIR","Virgin Islands (U.S.)",2019,1.1093436,"GOV_WGI_RQ.EST"
"VIR","Virgin Islands (U.S.)",2018,0.8668348,"GOV_WGI_RQ.EST"
"VIR","Virgin Islands (U.S.)",2017,0.8646665,"GOV_WGI_RQ.EST"
"VIR","Virgin Islands (U.S.)",2016,0.860268,"GOV_WGI_RQ.EST"
"VIR","Virgin Islands (U.S.)",2015,0.6197705,"GOV_WGI_RQ.EST"
"VIR","Virgin Islands (U.S.)",2014,0.6136928,"GOV_WGI_RQ.EST"
"VIR","Virgin Islands (U.S.)",2013,0.9101488,"GOV_WGI_RQ.EST"
"VIR","Virgin Islands (U.S.)",2012,0.9110012,"GOV_WGI_RQ.EST"
"VIR","Virgin Islands (U.S.)",2011,0.9217867,"GOV_WGI_RQ.EST"
"VIR","Virgin Islands (U.S.)",2010,0.9193502,"GOV_WGI_RQ.EST"
"PSE","West Bank and Gaza",2024,-0.4050483,"GOV_WGI_RQ.EST"
"PSE","West Bank and Gaza",2023,-0.3120301,"GOV_WGI_RQ.EST"
"PSE","West Bank and Gaza",2022,-0.0914461,"GOV_WGI_RQ.EST"
"PSE","West Bank and Gaza",2021,-0.0886125,"GOV_WGI_RQ.EST"
"PSE","West Bank and Gaza",2020,-0.0877932,"GOV_WGI_RQ.EST"
"PSE","West Bank and Gaza",2019,-0.0850257,"GOV_WGI_RQ.EST"
"PSE","West Bank and Gaza",2018,-0.0868653,"GOV_WGI_RQ.EST"
"PSE","West Bank and Gaza",2017,0.0050796,"GOV_WGI_RQ.EST"
"PSE","West Bank and Gaza",2016,-0.0894277,"GOV_WGI_RQ.EST"
"PSE","West Bank and Gaza",2015,-0.1023538,"GOV_WGI_RQ.EST"
"PSE","West Bank and Gaza",2014,-0.1047254,"GOV_WGI_RQ.EST"
"PSE","West Bank and Gaza",2013,-0.2906151,"GOV_WGI_RQ.EST"
"PSE","West Bank and Gaza",2012,-0.2902825,"GOV_WGI_RQ.EST"
"PSE","West Bank and Gaza",2011,0.0279137,"GOV_WGI_RQ.EST"
"PSE","West Bank and Gaza",2010,0.1316256,"GOV_WGI_RQ.EST"
"YEM","Yemen, Rep.",2024,-1.5265026,"GOV_WGI_RQ.EST"
"YEM","Yemen, Rep.",2023,-1.4389001,"GOV_WGI_RQ.EST"
"YEM","Yemen, Rep.",2022,-1.4816179,"GOV_WGI_RQ.EST"
"YEM","Yemen, Rep.",2021,-1.5090306,"GOV_WGI_RQ.EST"
"YEM","Yemen, Rep.",2020,-1.510142,"GOV_WGI_RQ.EST"
"YEM","Yemen, Rep.",2019,-1.4592188,"GOV_WGI_RQ.EST"
"YEM","Yemen, Rep.",2018,-1.3881959,"GOV_WGI_RQ.EST"
"YEM","Yemen, Rep.",2017,-1.2000215,"GOV_WGI_RQ.EST"
"YEM","Yemen, Rep.",2016,-1.2186839,"GOV_WGI_RQ.EST"
"YEM","Yemen, Rep.",2015,-1.0483087,"GOV_WGI_RQ.EST"
"YEM","Yemen, Rep.",2014,-0.8802923,"GOV_WGI_RQ.EST"
"YEM","Yemen, Rep.",2013,-0.8206648,"GOV_WGI_RQ.EST"
"YEM","Yemen, Rep.",2012,-0.7963828,"GOV_WGI_RQ.EST"
"YEM","Yemen, Rep.",2011,-0.6689289,"GOV_WGI_RQ.EST"
"YEM","Yemen, Rep.",2010,-0.4000905,"GOV_WGI_RQ.EST"
"ZMB","Zambia",2024,-0.3462677,"GOV_WGI_RQ.EST"
"ZMB","Zambia",2023,-0.4595732,"GOV_WGI_RQ.EST"
"ZMB","Zambia",2022,-0.4521829,"GOV_WGI_RQ.EST"
"ZMB","Zambia",2021,-0.5038774,"GOV_WGI_RQ.EST"
"ZMB","Zambia",2020,-0.6086919,"GOV_WGI_RQ.EST"
"ZMB","Zambia",2019,-0.4995201,"GOV_WGI_RQ.EST"
"ZMB","Zambia",2018,-0.431614,"GOV_WGI_RQ.EST"
"ZMB","Zambia",2017,-0.4550114,"GOV_WGI_RQ.EST"
"ZMB","Zambia",2016,-0.4558306,"GOV_WGI_RQ.EST"
"ZMB","Zambia",2015,-0.3765236,"GOV_WGI_RQ.EST"
"ZMB","Zambia",2014,-0.4565141,"GOV_WGI_RQ.EST"
"ZMB","Zambia",2013,-0.5386092,"GOV_WGI_RQ.EST"
"ZMB","Zambia",2012,-0.5035623,"GOV_WGI_RQ.EST"
"ZMB","Zambia",2011,-0.4922367,"GOV_WGI_RQ.EST"
"ZMB","Zambia",2010,-0.5053021,"GOV_WGI_RQ.EST"
"ZWE","Zimbabwe",2024,-1.2325062,"GOV_WGI_RQ.EST"
"ZWE","Zimbabwe",2023,-1.2681338,"GOV_WGI_RQ.EST"
"ZWE","Zimbabwe",2022,-1.3230729,"GOV_WGI_RQ.EST"
"ZWE","Zimbabwe",2021,-1.3483428,"GOV_WGI_RQ.EST"
"ZWE","Zimbabwe",2020,-1.3545541,"GOV_WGI_RQ.EST"
"ZWE","Zimbabwe",2019,-1.3260715,"GOV_WGI_RQ.EST"
"ZWE","Zimbabwe",2018,-1.3949277,"GOV_WGI_RQ.EST"
"ZWE","Zimbabwe",2017,-1.4207569,"GOV_WGI_RQ.EST"
"ZWE","Zimbabwe",2016,-1.5042589,"GOV_WGI_RQ.EST"
"ZWE","Zimbabwe",2015,-1.4379751,"GOV_WGI_RQ.EST"
"ZWE","Zimbabwe",2014,-1.7444297,"GOV_WGI_RQ.EST"
"ZWE","Zimbabwe",2013,-1.7301799,"GOV_WGI_RQ.EST"
"ZWE","Zimbabwe",2012,-1.7202858,"GOV_WGI_RQ.EST"
"ZWE","Zimbabwe",2011,-1.7598969,"GOV_WGI_RQ.EST"
"ZWE","Zimbabwe",2010,-1.8033372,"GOV_WGI_RQ.EST"
