"iso3c","pais","ano","valor","codigo"
"AFG","Afghanistan",2024,-1.9306898,"GOV_WGI_RL.EST"
"AFG","Afghanistan",2023,-1.8973195,"GOV_WGI_RL.EST"
"AFG","Afghanistan",2022,-1.8642672,"GOV_WGI_RL.EST"
"AFG","Afghanistan",2021,-1.741363,"GOV_WGI_RL.EST"
"AFG","Afghanistan",2020,-1.6820874,"GOV_WGI_RL.EST"
"AFG","Afghanistan",2019,-1.6828809,"GOV_WGI_RL.EST"
"AFG","Afghanistan",2018,-1.6919842,"GOV_WGI_RL.EST"
"AFG","Afghanistan",2017,-1.6165437,"GOV_WGI_RL.EST"
"AFG","Afghanistan",2016,-1.597387,"GOV_WGI_RL.EST"
"AFG","Afghanistan",2015,-1.661405,"GOV_WGI_RL.EST"
"AFG","Afghanistan",2014,-1.6643876,"GOV_WGI_RL.EST"
"AFG","Afghanistan",2013,-1.7376814,"GOV_WGI_RL.EST"
"AFG","Afghanistan",2012,-1.8922332,"GOV_WGI_RL.EST"
"AFG","Afghanistan",2011,-1.9321454,"GOV_WGI_RL.EST"
"AFG","Afghanistan",2010,-1.8534615,"GOV_WGI_RL.EST"
"ALB","Albania",2024,-0.1072169,"GOV_WGI_RL.EST"
"ALB","Albania",2023,-0.1478021,"GOV_WGI_RL.EST"
"ALB","Albania",2022,-0.1294979,"GOV_WGI_RL.EST"
"ALB","Albania",2021,-0.18823,"GOV_WGI_RL.EST"
"ALB","Albania",2020,-0.2481089,"GOV_WGI_RL.EST"
"ALB","Albania",2019,-0.2774219,"GOV_WGI_RL.EST"
"ALB","Albania",2018,-0.17177,"GOV_WGI_RL.EST"
"ALB","Albania",2017,-0.2065582,"GOV_WGI_RL.EST"
"ALB","Albania",2016,-0.1980018,"GOV_WGI_RL.EST"
"ALB","Albania",2015,-0.2164251,"GOV_WGI_RL.EST"
"ALB","Albania",2014,-0.2707308,"GOV_WGI_RL.EST"
"ALB","Albania",2013,-0.474253,"GOV_WGI_RL.EST"
"ALB","Albania",2012,-0.4084196,"GOV_WGI_RL.EST"
"ALB","Albania",2011,-0.3067866,"GOV_WGI_RL.EST"
"ALB","Albania",2010,-0.3355791,"GOV_WGI_RL.EST"
"DZA","Algeria",2024,-0.6987303,"GOV_WGI_RL.EST"
"DZA","Algeria",2023,-0.771769,"GOV_WGI_RL.EST"
"DZA","Algeria",2022,-0.81123,"GOV_WGI_RL.EST"
"DZA","Algeria",2021,-0.7754522,"GOV_WGI_RL.EST"
"DZA","Algeria",2020,-0.7904048,"GOV_WGI_RL.EST"
"DZA","Algeria",2019,-0.8527886,"GOV_WGI_RL.EST"
"DZA","Algeria",2018,-0.8587955,"GOV_WGI_RL.EST"
"DZA","Algeria",2017,-0.8685729,"GOV_WGI_RL.EST"
"DZA","Algeria",2016,-0.8551875,"GOV_WGI_RL.EST"
"DZA","Algeria",2015,-0.8675151,"GOV_WGI_RL.EST"
"DZA","Algeria",2014,-0.846677,"GOV_WGI_RL.EST"
"DZA","Algeria",2013,-0.6961405,"GOV_WGI_RL.EST"
"DZA","Algeria",2012,-0.8030214,"GOV_WGI_RL.EST"
"DZA","Algeria",2011,-0.818808,"GOV_WGI_RL.EST"
"DZA","Algeria",2010,-0.7611434,"GOV_WGI_RL.EST"
"ASM","American Samoa",2024,1.1038027,"GOV_WGI_RL.EST"
"ASM","American Samoa",2023,1.2021676,"GOV_WGI_RL.EST"
"ASM","American Samoa",2022,1.2071658,"GOV_WGI_RL.EST"
"ASM","American Samoa",2021,1.2123023,"GOV_WGI_RL.EST"
"ASM","American Samoa",2020,1.2141695,"GOV_WGI_RL.EST"
"ASM","American Samoa",2019,1.3955767,"GOV_WGI_RL.EST"
"ASM","American Samoa",2018,1.3545206,"GOV_WGI_RL.EST"
"ASM","American Samoa",2017,1.3548272,"GOV_WGI_RL.EST"
"ASM","American Samoa",2016,1.3567294,"GOV_WGI_RL.EST"
"ASM","American Samoa",2015,1.3549171,"GOV_WGI_RL.EST"
"ASM","American Samoa",2014,1.3485585,"GOV_WGI_RL.EST"
"ASM","American Samoa",2013,1.0524607,"GOV_WGI_RL.EST"
"ASM","American Samoa",2012,1.0630453,"GOV_WGI_RL.EST"
"ASM","American Samoa",2011,1.0683999,"GOV_WGI_RL.EST"
"ASM","American Samoa",2010,1.0566669,"GOV_WGI_RL.EST"
"AND","Andorra",2024,1.4181544,"GOV_WGI_RL.EST"
"AND","Andorra",2023,1.418326,"GOV_WGI_RL.EST"
"AND","Andorra",2022,1.4220056,"GOV_WGI_RL.EST"
"AND","Andorra",2021,1.6382773,"GOV_WGI_RL.EST"
"AND","Andorra",2020,1.6400201,"GOV_WGI_RL.EST"
"AND","Andorra",2019,1.6424146,"GOV_WGI_RL.EST"
"AND","Andorra",2018,1.6425733,"GOV_WGI_RL.EST"
"AND","Andorra",2017,1.6128959,"GOV_WGI_RL.EST"
"AND","Andorra",2016,1.6140272,"GOV_WGI_RL.EST"
"AND","Andorra",2015,1.6129493,"GOV_WGI_RL.EST"
"AND","Andorra",2014,1.6091676,"GOV_WGI_RL.EST"
"AND","Andorra",2013,1.4502654,"GOV_WGI_RL.EST"
"AND","Andorra",2012,1.4565605,"GOV_WGI_RL.EST"
"AND","Andorra",2011,1.4597451,"GOV_WGI_RL.EST"
"AND","Andorra",2010,1.297973,"GOV_WGI_RL.EST"
"AGO","Angola",2024,-1.1808378,"GOV_WGI_RL.EST"
"AGO","Angola",2023,-1.228828,"GOV_WGI_RL.EST"
"AGO","Angola",2022,-1.1567078,"GOV_WGI_RL.EST"
"AGO","Angola",2021,-1.0759038,"GOV_WGI_RL.EST"
"AGO","Angola",2020,-0.9378698,"GOV_WGI_RL.EST"
"AGO","Angola",2019,-1.0299336,"GOV_WGI_RL.EST"
"AGO","Angola",2018,-1.0644866,"GOV_WGI_RL.EST"
"AGO","Angola",2017,-1.2897065,"GOV_WGI_RL.EST"
"AGO","Angola",2016,-1.2809962,"GOV_WGI_RL.EST"
"AGO","Angola",2015,-1.2610735,"GOV_WGI_RL.EST"
"AGO","Angola",2014,-1.2577472,"GOV_WGI_RL.EST"
"AGO","Angola",2013,-1.3320178,"GOV_WGI_RL.EST"
"AGO","Angola",2012,-1.317989,"GOV_WGI_RL.EST"
"AGO","Angola",2011,-1.2897394,"GOV_WGI_RL.EST"
"AGO","Angola",2010,-1.2242943,"GOV_WGI_RL.EST"
"ATG","Antigua and Barbuda",2024,0.611966,"GOV_WGI_RL.EST"
"ATG","Antigua and Barbuda",2023,0.6311787,"GOV_WGI_RL.EST"
"ATG","Antigua and Barbuda",2022,0.6337906,"GOV_WGI_RL.EST"
"ATG","Antigua and Barbuda",2021,0.5714108,"GOV_WGI_RL.EST"
"ATG","Antigua and Barbuda",2020,0.593092,"GOV_WGI_RL.EST"
"ATG","Antigua and Barbuda",2019,0.5938911,"GOV_WGI_RL.EST"
"ATG","Antigua and Barbuda",2018,0.5866084,"GOV_WGI_RL.EST"
"ATG","Antigua and Barbuda",2017,0.6601656,"GOV_WGI_RL.EST"
"ATG","Antigua and Barbuda",2016,0.9052891,"GOV_WGI_RL.EST"
"ATG","Antigua and Barbuda",2015,0.9072456,"GOV_WGI_RL.EST"
"ATG","Antigua and Barbuda",2014,0.521044,"GOV_WGI_RL.EST"
"ATG","Antigua and Barbuda",2013,1.0157164,"GOV_WGI_RL.EST"
"ATG","Antigua and Barbuda",2012,1.0220114,"GOV_WGI_RL.EST"
"ATG","Antigua and Barbuda",2011,1.0251961,"GOV_WGI_RL.EST"
"ATG","Antigua and Barbuda",2010,1.0182179,"GOV_WGI_RL.EST"
"ARG","Argentina",2024,-0.256913,"GOV_WGI_RL.EST"
"ARG","Argentina",2023,-0.2727332,"GOV_WGI_RL.EST"
"ARG","Argentina",2022,-0.2948153,"GOV_WGI_RL.EST"
"ARG","Argentina",2021,-0.3075701,"GOV_WGI_RL.EST"
"ARG","Argentina",2020,-0.3082724,"GOV_WGI_RL.EST"
"ARG","Argentina",2019,-0.3168528,"GOV_WGI_RL.EST"
"ARG","Argentina",2018,-0.1461431,"GOV_WGI_RL.EST"
"ARG","Argentina",2017,-0.1238649,"GOV_WGI_RL.EST"
"ARG","Argentina",2016,-0.1925067,"GOV_WGI_RL.EST"
"ARG","Argentina",2015,-0.4433822,"GOV_WGI_RL.EST"
"ARG","Argentina",2014,-0.7153263,"GOV_WGI_RL.EST"
"ARG","Argentina",2013,-0.570401,"GOV_WGI_RL.EST"
"ARG","Argentina",2012,-0.513681,"GOV_WGI_RL.EST"
"ARG","Argentina",2011,-0.4307708,"GOV_WGI_RL.EST"
"ARG","Argentina",2010,-0.4790676,"GOV_WGI_RL.EST"
"ARM","Armenia",2024,-0.1840949,"GOV_WGI_RL.EST"
"ARM","Armenia",2023,-0.2701065,"GOV_WGI_RL.EST"
"ARM","Armenia",2022,-0.2473498,"GOV_WGI_RL.EST"
"ARM","Armenia",2021,-0.1313113,"GOV_WGI_RL.EST"
"ARM","Armenia",2020,-0.107913,"GOV_WGI_RL.EST"
"ARM","Armenia",2019,-0.2220312,"GOV_WGI_RL.EST"
"ARM","Armenia",2018,-0.1859721,"GOV_WGI_RL.EST"
"ARM","Armenia",2017,-0.2729221,"GOV_WGI_RL.EST"
"ARM","Armenia",2016,-0.2647149,"GOV_WGI_RL.EST"
"ARM","Armenia",2015,-0.348963,"GOV_WGI_RL.EST"
"ARM","Armenia",2014,-0.3678057,"GOV_WGI_RL.EST"
"ARM","Armenia",2013,-0.2731208,"GOV_WGI_RL.EST"
"ARM","Armenia",2012,-0.3368979,"GOV_WGI_RL.EST"
"ARM","Armenia",2011,-0.3621922,"GOV_WGI_RL.EST"
"ARM","Armenia",2010,-0.4110992,"GOV_WGI_RL.EST"
"ABW","Aruba",2024,1.225617,"GOV_WGI_RL.EST"
"ABW","Aruba",2023,1.2256997,"GOV_WGI_RL.EST"
"ABW","Aruba",2022,1.2274737,"GOV_WGI_RL.EST"
"ABW","Aruba",2021,1.2263002,"GOV_WGI_RL.EST"
"ABW","Aruba",2020,1.3004142,"GOV_WGI_RL.EST"
"ABW","Aruba",2019,1.301428,"GOV_WGI_RL.EST"
"ABW","Aruba",2018,1.3014952,"GOV_WGI_RL.EST"
"ABW","Aruba",2017,1.3015889,"GOV_WGI_RL.EST"
"ABW","Aruba",2016,1.3021699,"GOV_WGI_RL.EST"
"ABW","Aruba",2015,1.3016163,"GOV_WGI_RL.EST"
"ABW","Aruba",2014,1.0169776,"GOV_WGI_RL.EST"
"ABW","Aruba",2013,1.3505693,"GOV_WGI_RL.EST"
"ABW","Aruba",2012,1.3538028,"GOV_WGI_RL.EST"
"ABW","Aruba",2011,1.3554385,"GOV_WGI_RL.EST"
"ABW","Aruba",2010,1.4252304,"GOV_WGI_RL.EST"
"AUS","Australia",2024,1.483607,"GOV_WGI_RL.EST"
"AUS","Australia",2023,1.4992023,"GOV_WGI_RL.EST"
"AUS","Australia",2022,1.4862432,"GOV_WGI_RL.EST"
"AUS","Australia",2021,1.5777446,"GOV_WGI_RL.EST"
"AUS","Australia",2020,1.5519803,"GOV_WGI_RL.EST"
"AUS","Australia",2019,1.6279069,"GOV_WGI_RL.EST"
"AUS","Australia",2018,1.6296272,"GOV_WGI_RL.EST"
"AUS","Australia",2017,1.6279039,"GOV_WGI_RL.EST"
"AUS","Australia",2016,1.7420541,"GOV_WGI_RL.EST"
"AUS","Australia",2015,1.7254269,"GOV_WGI_RL.EST"
"AUS","Australia",2014,1.7416872,"GOV_WGI_RL.EST"
"AUS","Australia",2013,1.6448493,"GOV_WGI_RL.EST"
"AUS","Australia",2012,1.6280181,"GOV_WGI_RL.EST"
"AUS","Australia",2011,1.574247,"GOV_WGI_RL.EST"
"AUS","Australia",2010,1.5728456,"GOV_WGI_RL.EST"
"AUT","Austria",2024,1.6431005,"GOV_WGI_RL.EST"
"AUT","Austria",2023,1.6313882,"GOV_WGI_RL.EST"
"AUT","Austria",2022,1.6631005,"GOV_WGI_RL.EST"
"AUT","Austria",2021,1.7318132,"GOV_WGI_RL.EST"
"AUT","Austria",2020,1.7344236,"GOV_WGI_RL.EST"
"AUT","Austria",2019,1.8076774,"GOV_WGI_RL.EST"
"AUT","Austria",2018,1.7995896,"GOV_WGI_RL.EST"
"AUT","Austria",2017,1.7871182,"GOV_WGI_RL.EST"
"AUT","Austria",2016,1.7859338,"GOV_WGI_RL.EST"
"AUT","Austria",2015,1.7647716,"GOV_WGI_RL.EST"
"AUT","Austria",2014,1.7731303,"GOV_WGI_RL.EST"
"AUT","Austria",2013,1.7352674,"GOV_WGI_RL.EST"
"AUT","Austria",2012,1.7066096,"GOV_WGI_RL.EST"
"AUT","Austria",2011,1.6678019,"GOV_WGI_RL.EST"
"AUT","Austria",2010,1.7512864,"GOV_WGI_RL.EST"
"AZE","Azerbaijan",2024,-0.5558659,"GOV_WGI_RL.EST"
"AZE","Azerbaijan",2023,-0.5264893,"GOV_WGI_RL.EST"
"AZE","Azerbaijan",2022,-0.5600058,"GOV_WGI_RL.EST"
"AZE","Azerbaijan",2021,-0.621034,"GOV_WGI_RL.EST"
"AZE","Azerbaijan",2020,-0.6413694,"GOV_WGI_RL.EST"
"AZE","Azerbaijan",2019,-0.6645878,"GOV_WGI_RL.EST"
"AZE","Azerbaijan",2018,-0.6415181,"GOV_WGI_RL.EST"
"AZE","Azerbaijan",2017,-0.7064598,"GOV_WGI_RL.EST"
"AZE","Azerbaijan",2016,-0.6568886,"GOV_WGI_RL.EST"
"AZE","Azerbaijan",2015,-0.6904601,"GOV_WGI_RL.EST"
"AZE","Azerbaijan",2014,-0.6155577,"GOV_WGI_RL.EST"
"AZE","Azerbaijan",2013,-0.646488,"GOV_WGI_RL.EST"
"AZE","Azerbaijan",2012,-0.749207,"GOV_WGI_RL.EST"
"AZE","Azerbaijan",2011,-0.7502389,"GOV_WGI_RL.EST"
"AZE","Azerbaijan",2010,-0.7615505,"GOV_WGI_RL.EST"
"BHS","Bahamas, The",2024,0.2463658,"GOV_WGI_RL.EST"
"BHS","Bahamas, The",2023,0.2702288,"GOV_WGI_RL.EST"
"BHS","Bahamas, The",2022,0.2521094,"GOV_WGI_RL.EST"
"BHS","Bahamas, The",2021,0.3410214,"GOV_WGI_RL.EST"
"BHS","Bahamas, The",2020,0.3026315,"GOV_WGI_RL.EST"
"BHS","Bahamas, The",2019,0.3363454,"GOV_WGI_RL.EST"
"BHS","Bahamas, The",2018,0.3353627,"GOV_WGI_RL.EST"
"BHS","Bahamas, The",2017,0.338075,"GOV_WGI_RL.EST"
"BHS","Bahamas, The",2016,0.4045607,"GOV_WGI_RL.EST"
"BHS","Bahamas, The",2015,0.4548144,"GOV_WGI_RL.EST"
"BHS","Bahamas, The",2014,0.4205393,"GOV_WGI_RL.EST"
"BHS","Bahamas, The",2013,0.6083451,"GOV_WGI_RL.EST"
"BHS","Bahamas, The",2012,0.6103674,"GOV_WGI_RL.EST"
"BHS","Bahamas, The",2011,0.7510966,"GOV_WGI_RL.EST"
"BHS","Bahamas, The",2010,0.8354193,"GOV_WGI_RL.EST"
"BHR","Bahrain",2024,0.1669773,"GOV_WGI_RL.EST"
"BHR","Bahrain",2023,0.1168396,"GOV_WGI_RL.EST"
"BHR","Bahrain",2022,0.033095,"GOV_WGI_RL.EST"
"BHR","Bahrain",2021,0.0014276,"GOV_WGI_RL.EST"
"BHR","Bahrain",2020,-0.134099,"GOV_WGI_RL.EST"
"BHR","Bahrain",2019,-0.0353174,"GOV_WGI_RL.EST"
"BHR","Bahrain",2018,-0.078158,"GOV_WGI_RL.EST"
"BHR","Bahrain",2017,-0.042562,"GOV_WGI_RL.EST"
"BHR","Bahrain",2016,-0.0398685,"GOV_WGI_RL.EST"
"BHR","Bahrain",2015,-0.0073671,"GOV_WGI_RL.EST"
"BHR","Bahrain",2014,-0.0529066,"GOV_WGI_RL.EST"
"BHR","Bahrain",2013,-0.0444377,"GOV_WGI_RL.EST"
"BHR","Bahrain",2012,-0.0492548,"GOV_WGI_RL.EST"
"BHR","Bahrain",2011,-0.0062918,"GOV_WGI_RL.EST"
"BHR","Bahrain",2010,0.1405968,"GOV_WGI_RL.EST"
"BGD","Bangladesh",2024,-0.9499898,"GOV_WGI_RL.EST"
"BGD","Bangladesh",2023,-0.8971789,"GOV_WGI_RL.EST"
"BGD","Bangladesh",2022,-0.9182447,"GOV_WGI_RL.EST"
"BGD","Bangladesh",2021,-0.9456395,"GOV_WGI_RL.EST"
"BGD","Bangladesh",2020,-0.8637359,"GOV_WGI_RL.EST"
"BGD","Bangladesh",2019,-0.905562,"GOV_WGI_RL.EST"
"BGD","Bangladesh",2018,-0.8778741,"GOV_WGI_RL.EST"
"BGD","Bangladesh",2017,-0.8901869,"GOV_WGI_RL.EST"
"BGD","Bangladesh",2016,-0.8675921,"GOV_WGI_RL.EST"
"BGD","Bangladesh",2015,-0.8117711,"GOV_WGI_RL.EST"
"BGD","Bangladesh",2014,-0.8119139,"GOV_WGI_RL.EST"
"BGD","Bangladesh",2013,-0.947112,"GOV_WGI_RL.EST"
"BGD","Bangladesh",2012,-0.9708184,"GOV_WGI_RL.EST"
"BGD","Bangladesh",2011,-0.7112683,"GOV_WGI_RL.EST"
"BGD","Bangladesh",2010,-0.8340468,"GOV_WGI_RL.EST"
"BRB","Barbados",2024,0.7095674,"GOV_WGI_RL.EST"
"BRB","Barbados",2023,0.7153081,"GOV_WGI_RL.EST"
"BRB","Barbados",2022,0.6968726,"GOV_WGI_RL.EST"
"BRB","Barbados",2021,0.67486,"GOV_WGI_RL.EST"
"BRB","Barbados",2020,0.6886086,"GOV_WGI_RL.EST"
"BRB","Barbados",2019,0.7586207,"GOV_WGI_RL.EST"
"BRB","Barbados",2018,0.8147024,"GOV_WGI_RL.EST"
"BRB","Barbados",2017,0.9650955,"GOV_WGI_RL.EST"
"BRB","Barbados",2016,1.0603161,"GOV_WGI_RL.EST"
"BRB","Barbados",2015,1.0874525,"GOV_WGI_RL.EST"
"BRB","Barbados",2014,1.0475442,"GOV_WGI_RL.EST"
"BRB","Barbados",2013,1.1119856,"GOV_WGI_RL.EST"
"BRB","Barbados",2012,1.136985,"GOV_WGI_RL.EST"
"BRB","Barbados",2011,1.1744751,"GOV_WGI_RL.EST"
"BRB","Barbados",2010,1.1547311,"GOV_WGI_RL.EST"
"BLR","Belarus",2024,-1.2698008,"GOV_WGI_RL.EST"
"BLR","Belarus",2023,-1.2559306,"GOV_WGI_RL.EST"
"BLR","Belarus",2022,-1.1999876,"GOV_WGI_RL.EST"
"BLR","Belarus",2021,-1.1084103,"GOV_WGI_RL.EST"
"BLR","Belarus",2020,-0.9115707,"GOV_WGI_RL.EST"
"BLR","Belarus",2019,-0.8181223,"GOV_WGI_RL.EST"
"BLR","Belarus",2018,-0.7625851,"GOV_WGI_RL.EST"
"BLR","Belarus",2017,-0.7928455,"GOV_WGI_RL.EST"
"BLR","Belarus",2016,-0.7514621,"GOV_WGI_RL.EST"
"BLR","Belarus",2015,-0.771108,"GOV_WGI_RL.EST"
"BLR","Belarus",2014,-0.7754055,"GOV_WGI_RL.EST"
"BLR","Belarus",2013,-0.841987,"GOV_WGI_RL.EST"
"BLR","Belarus",2012,-0.7617754,"GOV_WGI_RL.EST"
"BLR","Belarus",2011,-0.9771502,"GOV_WGI_RL.EST"
"BLR","Belarus",2010,-0.9342678,"GOV_WGI_RL.EST"
"BEL","Belgium",2024,1.2755111,"GOV_WGI_RL.EST"
"BEL","Belgium",2023,1.2732804,"GOV_WGI_RL.EST"
"BEL","Belgium",2022,1.343866,"GOV_WGI_RL.EST"
"BEL","Belgium",2021,1.4191241,"GOV_WGI_RL.EST"
"BEL","Belgium",2020,1.4077395,"GOV_WGI_RL.EST"
"BEL","Belgium",2019,1.4422819,"GOV_WGI_RL.EST"
"BEL","Belgium",2018,1.4118569,"GOV_WGI_RL.EST"
"BEL","Belgium",2017,1.3735863,"GOV_WGI_RL.EST"
"BEL","Belgium",2016,1.4308774,"GOV_WGI_RL.EST"
"BEL","Belgium",2015,1.4117288,"GOV_WGI_RL.EST"
"BEL","Belgium",2014,1.3598021,"GOV_WGI_RL.EST"
"BEL","Belgium",2013,1.341995,"GOV_WGI_RL.EST"
"BEL","Belgium",2012,1.3207144,"GOV_WGI_RL.EST"
"BEL","Belgium",2011,1.2769245,"GOV_WGI_RL.EST"
"BEL","Belgium",2010,1.2269547,"GOV_WGI_RL.EST"
"BLZ","Belize",2024,-0.3945887,"GOV_WGI_RL.EST"
"BLZ","Belize",2023,-0.399501,"GOV_WGI_RL.EST"
"BLZ","Belize",2022,-0.4319615,"GOV_WGI_RL.EST"
"BLZ","Belize",2021,-0.5186601,"GOV_WGI_RL.EST"
"BLZ","Belize",2020,-0.5041583,"GOV_WGI_RL.EST"
"BLZ","Belize",2019,-0.553198,"GOV_WGI_RL.EST"
"BLZ","Belize",2018,-0.5889067,"GOV_WGI_RL.EST"
"BLZ","Belize",2017,-0.5405174,"GOV_WGI_RL.EST"
"BLZ","Belize",2016,-0.5691752,"GOV_WGI_RL.EST"
"BLZ","Belize",2015,-0.5938532,"GOV_WGI_RL.EST"
"BLZ","Belize",2014,-0.6131199,"GOV_WGI_RL.EST"
"BLZ","Belize",2013,-0.2986105,"GOV_WGI_RL.EST"
"BLZ","Belize",2012,-0.296609,"GOV_WGI_RL.EST"
"BLZ","Belize",2011,-0.2681531,"GOV_WGI_RL.EST"
"BLZ","Belize",2010,-0.0955318,"GOV_WGI_RL.EST"
"BEN","Benin",2024,-0.4851156,"GOV_WGI_RL.EST"
"BEN","Benin",2023,-0.4597847,"GOV_WGI_RL.EST"
"BEN","Benin",2022,-0.5195324,"GOV_WGI_RL.EST"
"BEN","Benin",2021,-0.4167365,"GOV_WGI_RL.EST"
"BEN","Benin",2020,-0.41506,"GOV_WGI_RL.EST"
"BEN","Benin",2019,-0.4061394,"GOV_WGI_RL.EST"
"BEN","Benin",2018,-0.4395766,"GOV_WGI_RL.EST"
"BEN","Benin",2017,-0.3827077,"GOV_WGI_RL.EST"
"BEN","Benin",2016,-0.3821293,"GOV_WGI_RL.EST"
"BEN","Benin",2015,-0.4119718,"GOV_WGI_RL.EST"
"BEN","Benin",2014,-0.4764159,"GOV_WGI_RL.EST"
"BEN","Benin",2013,-0.4838988,"GOV_WGI_RL.EST"
"BEN","Benin",2012,-0.4289543,"GOV_WGI_RL.EST"
"BEN","Benin",2011,-0.4571495,"GOV_WGI_RL.EST"
"BEN","Benin",2010,-0.3913102,"GOV_WGI_RL.EST"
"BMU","Bermuda",2024,0.8075053,"GOV_WGI_RL.EST"
"BMU","Bermuda",2023,0.8077252,"GOV_WGI_RL.EST"
"BMU","Bermuda",2022,0.8124403,"GOV_WGI_RL.EST"
"BMU","Bermuda",2021,0.65451,"GOV_WGI_RL.EST"
"BMU","Bermuda",2020,0.6569253,"GOV_WGI_RL.EST"
"BMU","Bermuda",2019,0.891596,"GOV_WGI_RL.EST"
"BMU","Bermuda",2018,0.891816,"GOV_WGI_RL.EST"
"BMU","Bermuda",2017,0.8921226,"GOV_WGI_RL.EST"
"BMU","Bermuda",2016,0.8940248,"GOV_WGI_RL.EST"
"BMU","Bermuda",2015,0.8922125,"GOV_WGI_RL.EST"
"BMU","Bermuda",2014,-0.0395553,"GOV_WGI_RL.EST"
"BMU","Bermuda",2013,1.0524607,"GOV_WGI_RL.EST"
"BMU","Bermuda",2012,1.0630453,"GOV_WGI_RL.EST"
"BMU","Bermuda",2011,1.0683999,"GOV_WGI_RL.EST"
"BMU","Bermuda",2010,1.0566669,"GOV_WGI_RL.EST"
"BTN","Bhutan",2024,0.802523,"GOV_WGI_RL.EST"
"BTN","Bhutan",2023,0.7359932,"GOV_WGI_RL.EST"
"BTN","Bhutan",2022,0.6976428,"GOV_WGI_RL.EST"
"BTN","Bhutan",2021,0.7034554,"GOV_WGI_RL.EST"
"BTN","Bhutan",2020,0.6720843,"GOV_WGI_RL.EST"
"BTN","Bhutan",2019,0.6818517,"GOV_WGI_RL.EST"
"BTN","Bhutan",2018,0.6878012,"GOV_WGI_RL.EST"
"BTN","Bhutan",2017,0.6449278,"GOV_WGI_RL.EST"
"BTN","Bhutan",2016,0.5271992,"GOV_WGI_RL.EST"
"BTN","Bhutan",2015,0.5211549,"GOV_WGI_RL.EST"
"BTN","Bhutan",2014,0.3443848,"GOV_WGI_RL.EST"
"BTN","Bhutan",2013,0.2462237,"GOV_WGI_RL.EST"
"BTN","Bhutan",2012,0.1551788,"GOV_WGI_RL.EST"
"BTN","Bhutan",2011,0.1723231,"GOV_WGI_RL.EST"
"BTN","Bhutan",2010,0.131576,"GOV_WGI_RL.EST"
"BOL","Bolivia",2024,-1.323097,"GOV_WGI_RL.EST"
"BOL","Bolivia",2023,-1.2572795,"GOV_WGI_RL.EST"
"BOL","Bolivia",2022,-1.1630837,"GOV_WGI_RL.EST"
"BOL","Bolivia",2021,-1.096425,"GOV_WGI_RL.EST"
"BOL","Bolivia",2020,-1.1919821,"GOV_WGI_RL.EST"
"BOL","Bolivia",2019,-1.2081953,"GOV_WGI_RL.EST"
"BOL","Bolivia",2018,-1.2294294,"GOV_WGI_RL.EST"
"BOL","Bolivia",2017,-1.2117638,"GOV_WGI_RL.EST"
"BOL","Bolivia",2016,-1.2294176,"GOV_WGI_RL.EST"
"BOL","Bolivia",2015,-1.2073197,"GOV_WGI_RL.EST"
"BOL","Bolivia",2014,-1.1353139,"GOV_WGI_RL.EST"
"BOL","Bolivia",2013,-1.1756955,"GOV_WGI_RL.EST"
"BOL","Bolivia",2012,-1.0838889,"GOV_WGI_RL.EST"
"BOL","Bolivia",2011,-1.0108091,"GOV_WGI_RL.EST"
"BOL","Bolivia",2010,-1.0663749,"GOV_WGI_RL.EST"
"BIH","Bosnia and Herzegovina",2024,-0.3775576,"GOV_WGI_RL.EST"
"BIH","Bosnia and Herzegovina",2023,-0.4142162,"GOV_WGI_RL.EST"
"BIH","Bosnia and Herzegovina",2022,-0.2935093,"GOV_WGI_RL.EST"
"BIH","Bosnia and Herzegovina",2021,-0.3056359,"GOV_WGI_RL.EST"
"BIH","Bosnia and Herzegovina",2020,-0.3066016,"GOV_WGI_RL.EST"
"BIH","Bosnia and Herzegovina",2019,-0.3629503,"GOV_WGI_RL.EST"
"BIH","Bosnia and Herzegovina",2018,-0.2960578,"GOV_WGI_RL.EST"
"BIH","Bosnia and Herzegovina",2017,-0.2940281,"GOV_WGI_RL.EST"
"BIH","Bosnia and Herzegovina",2016,-0.1854241,"GOV_WGI_RL.EST"
"BIH","Bosnia and Herzegovina",2015,-0.2098447,"GOV_WGI_RL.EST"
"BIH","Bosnia and Herzegovina",2014,-0.0768869,"GOV_WGI_RL.EST"
"BIH","Bosnia and Herzegovina",2013,-0.1109352,"GOV_WGI_RL.EST"
"BIH","Bosnia and Herzegovina",2012,-0.1219859,"GOV_WGI_RL.EST"
"BIH","Bosnia and Herzegovina",2011,-0.3578,"GOV_WGI_RL.EST"
"BIH","Bosnia and Herzegovina",2010,-0.3068317,"GOV_WGI_RL.EST"
"BWA","Botswana",2024,0.2895168,"GOV_WGI_RL.EST"
"BWA","Botswana",2023,0.339873,"GOV_WGI_RL.EST"
"BWA","Botswana",2022,0.3493686,"GOV_WGI_RL.EST"
"BWA","Botswana",2021,0.3904585,"GOV_WGI_RL.EST"
"BWA","Botswana",2020,0.3614259,"GOV_WGI_RL.EST"
"BWA","Botswana",2019,0.4578915,"GOV_WGI_RL.EST"
"BWA","Botswana",2018,0.4112636,"GOV_WGI_RL.EST"
"BWA","Botswana",2017,0.4227883,"GOV_WGI_RL.EST"
"BWA","Botswana",2016,0.4166429,"GOV_WGI_RL.EST"
"BWA","Botswana",2015,0.4447429,"GOV_WGI_RL.EST"
"BWA","Botswana",2014,0.5808689,"GOV_WGI_RL.EST"
"BWA","Botswana",2013,0.5926088,"GOV_WGI_RL.EST"
"BWA","Botswana",2012,0.6890048,"GOV_WGI_RL.EST"
"BWA","Botswana",2011,0.7214363,"GOV_WGI_RL.EST"
"BWA","Botswana",2010,0.7079871,"GOV_WGI_RL.EST"
"BRA","Brazil",2024,-0.4900423,"GOV_WGI_RL.EST"
"BRA","Brazil",2023,-0.5051317,"GOV_WGI_RL.EST"
"BRA","Brazil",2022,-0.4256888,"GOV_WGI_RL.EST"
"BRA","Brazil",2021,-0.3791836,"GOV_WGI_RL.EST"
"BRA","Brazil",2020,-0.3575123,"GOV_WGI_RL.EST"
"BRA","Brazil",2019,-0.3608038,"GOV_WGI_RL.EST"
"BRA","Brazil",2018,-0.3977081,"GOV_WGI_RL.EST"
"BRA","Brazil",2017,-0.2647692,"GOV_WGI_RL.EST"
"BRA","Brazil",2016,-0.1439962,"GOV_WGI_RL.EST"
"BRA","Brazil",2015,-0.209435,"GOV_WGI_RL.EST"
"BRA","Brazil",2014,-0.1434823,"GOV_WGI_RL.EST"
"BRA","Brazil",2013,-0.1517469,"GOV_WGI_RL.EST"
"BRA","Brazil",2012,-0.0605632,"GOV_WGI_RL.EST"
"BRA","Brazil",2011,-0.0665783,"GOV_WGI_RL.EST"
"BRA","Brazil",2010,-0.0534482,"GOV_WGI_RL.EST"
"BRN","Brunei Darussalam",2024,0.6155842,"GOV_WGI_RL.EST"
"BRN","Brunei Darussalam",2023,0.6398473,"GOV_WGI_RL.EST"
"BRN","Brunei Darussalam",2022,0.6411342,"GOV_WGI_RL.EST"
"BRN","Brunei Darussalam",2021,0.5583504,"GOV_WGI_RL.EST"
"BRN","Brunei Darussalam",2020,0.5873365,"GOV_WGI_RL.EST"
"BRN","Brunei Darussalam",2019,0.3694024,"GOV_WGI_RL.EST"
"BRN","Brunei Darussalam",2018,0.4224026,"GOV_WGI_RL.EST"
"BRN","Brunei Darussalam",2017,0.4063254,"GOV_WGI_RL.EST"
"BRN","Brunei Darussalam",2016,0.3820304,"GOV_WGI_RL.EST"
"BRN","Brunei Darussalam",2015,0.4641868,"GOV_WGI_RL.EST"
"BRN","Brunei Darussalam",2014,0.5337988,"GOV_WGI_RL.EST"
"BRN","Brunei Darussalam",2013,0.5341903,"GOV_WGI_RL.EST"
"BRN","Brunei Darussalam",2012,0.6550089,"GOV_WGI_RL.EST"
"BRN","Brunei Darussalam",2011,0.6813301,"GOV_WGI_RL.EST"
"BRN","Brunei Darussalam",2010,0.6604439,"GOV_WGI_RL.EST"
"BGR","Bulgaria",2024,-0.0534858,"GOV_WGI_RL.EST"
"BGR","Bulgaria",2023,-0.0638604,"GOV_WGI_RL.EST"
"BGR","Bulgaria",2022,-0.0944023,"GOV_WGI_RL.EST"
"BGR","Bulgaria",2021,-0.0255629,"GOV_WGI_RL.EST"
"BGR","Bulgaria",2020,-0.1614405,"GOV_WGI_RL.EST"
"BGR","Bulgaria",2019,-0.1197482,"GOV_WGI_RL.EST"
"BGR","Bulgaria",2018,-0.1171823,"GOV_WGI_RL.EST"
"BGR","Bulgaria",2017,-0.2048498,"GOV_WGI_RL.EST"
"BGR","Bulgaria",2016,-0.1815672,"GOV_WGI_RL.EST"
"BGR","Bulgaria",2015,-0.1873136,"GOV_WGI_RL.EST"
"BGR","Bulgaria",2014,-0.2021552,"GOV_WGI_RL.EST"
"BGR","Bulgaria",2013,-0.2123638,"GOV_WGI_RL.EST"
"BGR","Bulgaria",2012,-0.1981576,"GOV_WGI_RL.EST"
"BGR","Bulgaria",2011,-0.3061594,"GOV_WGI_RL.EST"
"BGR","Bulgaria",2010,-0.2625823,"GOV_WGI_RL.EST"
"BFA","Burkina Faso",2024,-0.9129099,"GOV_WGI_RL.EST"
"BFA","Burkina Faso",2023,-0.7473671,"GOV_WGI_RL.EST"
"BFA","Burkina Faso",2022,-0.6547095,"GOV_WGI_RL.EST"
"BFA","Burkina Faso",2021,-0.4079278,"GOV_WGI_RL.EST"
"BFA","Burkina Faso",2020,-0.4319356,"GOV_WGI_RL.EST"
"BFA","Burkina Faso",2019,-0.4082195,"GOV_WGI_RL.EST"
"BFA","Burkina Faso",2018,-0.398379,"GOV_WGI_RL.EST"
"BFA","Burkina Faso",2017,-0.4324229,"GOV_WGI_RL.EST"
"BFA","Burkina Faso",2016,-0.4695117,"GOV_WGI_RL.EST"
"BFA","Burkina Faso",2015,-0.5141465,"GOV_WGI_RL.EST"
"BFA","Burkina Faso",2014,-0.5288544,"GOV_WGI_RL.EST"
"BFA","Burkina Faso",2013,-0.4946094,"GOV_WGI_RL.EST"
"BFA","Burkina Faso",2012,-0.3590493,"GOV_WGI_RL.EST"
"BFA","Burkina Faso",2011,-0.3941467,"GOV_WGI_RL.EST"
"BFA","Burkina Faso",2010,-0.1793088,"GOV_WGI_RL.EST"
"BDI","Burundi",2024,-1.3324096,"GOV_WGI_RL.EST"
"BDI","Burundi",2023,-1.3265199,"GOV_WGI_RL.EST"
"BDI","Burundi",2022,-1.339847,"GOV_WGI_RL.EST"
"BDI","Burundi",2021,-1.3228822,"GOV_WGI_RL.EST"
"BDI","Burundi",2020,-1.3318026,"GOV_WGI_RL.EST"
"BDI","Burundi",2019,-1.3524064,"GOV_WGI_RL.EST"
"BDI","Burundi",2018,-1.3846601,"GOV_WGI_RL.EST"
"BDI","Burundi",2017,-1.3216704,"GOV_WGI_RL.EST"
"BDI","Burundi",2016,-1.388549,"GOV_WGI_RL.EST"
"BDI","Burundi",2015,-1.3060751,"GOV_WGI_RL.EST"
"BDI","Burundi",2014,-1.082299,"GOV_WGI_RL.EST"
"BDI","Burundi",2013,-1.1670034,"GOV_WGI_RL.EST"
"BDI","Burundi",2012,-1.1539551,"GOV_WGI_RL.EST"
"BDI","Burundi",2011,-1.2711378,"GOV_WGI_RL.EST"
"BDI","Burundi",2010,-1.2548485,"GOV_WGI_RL.EST"
"CPV","Cabo Verde",2024,0.4849008,"GOV_WGI_RL.EST"
"CPV","Cabo Verde",2023,0.4800852,"GOV_WGI_RL.EST"
"CPV","Cabo Verde",2022,0.4928647,"GOV_WGI_RL.EST"
"CPV","Cabo Verde",2021,0.4985593,"GOV_WGI_RL.EST"
"CPV","Cabo Verde",2020,0.6739481,"GOV_WGI_RL.EST"
"CPV","Cabo Verde",2019,0.7485385,"GOV_WGI_RL.EST"
"CPV","Cabo Verde",2018,0.7257653,"GOV_WGI_RL.EST"
"CPV","Cabo Verde",2017,0.6973194,"GOV_WGI_RL.EST"
"CPV","Cabo Verde",2016,0.6734826,"GOV_WGI_RL.EST"
"CPV","Cabo Verde",2015,0.668304,"GOV_WGI_RL.EST"
"CPV","Cabo Verde",2014,0.6555274,"GOV_WGI_RL.EST"
"CPV","Cabo Verde",2013,0.5939336,"GOV_WGI_RL.EST"
"CPV","Cabo Verde",2012,0.6010922,"GOV_WGI_RL.EST"
"CPV","Cabo Verde",2011,0.5849314,"GOV_WGI_RL.EST"
"CPV","Cabo Verde",2010,0.5748067,"GOV_WGI_RL.EST"
"KHM","Cambodia",2024,-1.021666,"GOV_WGI_RL.EST"
"KHM","Cambodia",2023,-1.066367,"GOV_WGI_RL.EST"
"KHM","Cambodia",2022,-1.0810816,"GOV_WGI_RL.EST"
"KHM","Cambodia",2021,-1.1155553,"GOV_WGI_RL.EST"
"KHM","Cambodia",2020,-1.1201016,"GOV_WGI_RL.EST"
"KHM","Cambodia",2019,-1.1014144,"GOV_WGI_RL.EST"
"KHM","Cambodia",2018,-1.2008054,"GOV_WGI_RL.EST"
"KHM","Cambodia",2017,-1.1574781,"GOV_WGI_RL.EST"
"KHM","Cambodia",2016,-1.2076517,"GOV_WGI_RL.EST"
"KHM","Cambodia",2015,-1.244415,"GOV_WGI_RL.EST"
"KHM","Cambodia",2014,-1.166111,"GOV_WGI_RL.EST"
"KHM","Cambodia",2013,-1.1484809,"GOV_WGI_RL.EST"
"KHM","Cambodia",2012,-1.0820773,"GOV_WGI_RL.EST"
"KHM","Cambodia",2011,-1.1709342,"GOV_WGI_RL.EST"
"KHM","Cambodia",2010,-1.2568526,"GOV_WGI_RL.EST"
"CMR","Cameroon",2024,-1.2427637,"GOV_WGI_RL.EST"
"CMR","Cameroon",2023,-1.2213032,"GOV_WGI_RL.EST"
"CMR","Cameroon",2022,-1.2052447,"GOV_WGI_RL.EST"
"CMR","Cameroon",2021,-1.2049081,"GOV_WGI_RL.EST"
"CMR","Cameroon",2020,-1.1984744,"GOV_WGI_RL.EST"
"CMR","Cameroon",2019,-1.1649637,"GOV_WGI_RL.EST"
"CMR","Cameroon",2018,-1.1351006,"GOV_WGI_RL.EST"
"CMR","Cameroon",2017,-1.1048695,"GOV_WGI_RL.EST"
"CMR","Cameroon",2016,-1.0792484,"GOV_WGI_RL.EST"
"CMR","Cameroon",2015,-1.0795899,"GOV_WGI_RL.EST"
"CMR","Cameroon",2014,-1.0574826,"GOV_WGI_RL.EST"
"CMR","Cameroon",2013,-1.1703577,"GOV_WGI_RL.EST"
"CMR","Cameroon",2012,-1.1090105,"GOV_WGI_RL.EST"
"CMR","Cameroon",2011,-1.0667848,"GOV_WGI_RL.EST"
"CMR","Cameroon",2010,-1.027564,"GOV_WGI_RL.EST"
"CAN","Canada",2024,1.4820081,"GOV_WGI_RL.EST"
"CAN","Canada",2023,1.4667614,"GOV_WGI_RL.EST"
"CAN","Canada",2022,1.5345803,"GOV_WGI_RL.EST"
"CAN","Canada",2021,1.5831811,"GOV_WGI_RL.EST"
"CAN","Canada",2020,1.5809718,"GOV_WGI_RL.EST"
"CAN","Canada",2019,1.6902944,"GOV_WGI_RL.EST"
"CAN","Canada",2018,1.7191332,"GOV_WGI_RL.EST"
"CAN","Canada",2017,1.7200385,"GOV_WGI_RL.EST"
"CAN","Canada",2016,1.7284101,"GOV_WGI_RL.EST"
"CAN","Canada",2015,1.7272636,"GOV_WGI_RL.EST"
"CAN","Canada",2014,1.6523424,"GOV_WGI_RL.EST"
"CAN","Canada",2013,1.6030407,"GOV_WGI_RL.EST"
"CAN","Canada",2012,1.6049073,"GOV_WGI_RL.EST"
"CAN","Canada",2011,1.5806809,"GOV_WGI_RL.EST"
"CAN","Canada",2010,1.5867533,"GOV_WGI_RL.EST"
"CYM","Cayman Islands",2024,0.832633,"GOV_WGI_RL.EST"
"CYM","Cayman Islands",2023,0.8327157,"GOV_WGI_RL.EST"
"CYM","Cayman Islands",2022,0.8344896,"GOV_WGI_RL.EST"
"CYM","Cayman Islands",2021,0.8594194,"GOV_WGI_RL.EST"
"CYM","Cayman Islands",2020,0.7867811,"GOV_WGI_RL.EST"
"CYM","Cayman Islands",2019,0.7877949,"GOV_WGI_RL.EST"
"CYM","Cayman Islands",2018,0.7878621,"GOV_WGI_RL.EST"
"CYM","Cayman Islands",2017,0.7879558,"GOV_WGI_RL.EST"
"CYM","Cayman Islands",2016,0.7885369,"GOV_WGI_RL.EST"
"CYM","Cayman Islands",2015,0.7879832,"GOV_WGI_RL.EST"
"CYM","Cayman Islands",2014,0.5033445,"GOV_WGI_RL.EST"
"CYM","Cayman Islands",2013,0.8369363,"GOV_WGI_RL.EST"
"CYM","Cayman Islands",2012,0.8401697,"GOV_WGI_RL.EST"
"CYM","Cayman Islands",2011,0.8418054,"GOV_WGI_RL.EST"
"CYM","Cayman Islands",2010,0.8382212,"GOV_WGI_RL.EST"
"CAF","Central African Republic",2024,-1.7389214,"GOV_WGI_RL.EST"
"CAF","Central African Republic",2023,-1.7491533,"GOV_WGI_RL.EST"
"CAF","Central African Republic",2022,-1.6970741,"GOV_WGI_RL.EST"
"CAF","Central African Republic",2021,-1.5602321,"GOV_WGI_RL.EST"
"CAF","Central African Republic",2020,-1.5755666,"GOV_WGI_RL.EST"
"CAF","Central African Republic",2019,-1.5900164,"GOV_WGI_RL.EST"
"CAF","Central African Republic",2018,-1.5565422,"GOV_WGI_RL.EST"
"CAF","Central African Republic",2017,-1.6060415,"GOV_WGI_RL.EST"
"CAF","Central African Republic",2016,-1.6885957,"GOV_WGI_RL.EST"
"CAF","Central African Republic",2015,-1.7056468,"GOV_WGI_RL.EST"
"CAF","Central African Republic",2014,-1.8319169,"GOV_WGI_RL.EST"
"CAF","Central African Republic",2013,-1.8818035,"GOV_WGI_RL.EST"
"CAF","Central African Republic",2012,-1.4336776,"GOV_WGI_RL.EST"
"CAF","Central African Republic",2011,-1.3370652,"GOV_WGI_RL.EST"
"CAF","Central African Republic",2010,-1.3209728,"GOV_WGI_RL.EST"
"TCD","Chad",2024,-1.3964015,"GOV_WGI_RL.EST"
"TCD","Chad",2023,-1.4238339,"GOV_WGI_RL.EST"
"TCD","Chad",2022,-1.3878466,"GOV_WGI_RL.EST"
"TCD","Chad",2021,-1.341153,"GOV_WGI_RL.EST"
"TCD","Chad",2020,-1.3293996,"GOV_WGI_RL.EST"
"TCD","Chad",2019,-1.3191307,"GOV_WGI_RL.EST"
"TCD","Chad",2018,-1.3523027,"GOV_WGI_RL.EST"
"TCD","Chad",2017,-1.3048289,"GOV_WGI_RL.EST"
"TCD","Chad",2016,-1.3975659,"GOV_WGI_RL.EST"
"TCD","Chad",2015,-1.3609985,"GOV_WGI_RL.EST"
"TCD","Chad",2014,-1.3693961,"GOV_WGI_RL.EST"
"TCD","Chad",2013,-1.5568877,"GOV_WGI_RL.EST"
"TCD","Chad",2012,-1.5700999,"GOV_WGI_RL.EST"
"TCD","Chad",2011,-1.5522652,"GOV_WGI_RL.EST"
"TCD","Chad",2010,-1.5568685,"GOV_WGI_RL.EST"
"CHL","Chile",2024,0.7012062,"GOV_WGI_RL.EST"
"CHL","Chile",2023,0.6675609,"GOV_WGI_RL.EST"
"CHL","Chile",2022,0.7587361,"GOV_WGI_RL.EST"
"CHL","Chile",2021,0.7757812,"GOV_WGI_RL.EST"
"CHL","Chile",2020,0.752396,"GOV_WGI_RL.EST"
"CHL","Chile",2019,0.9106858,"GOV_WGI_RL.EST"
"CHL","Chile",2018,0.9809189,"GOV_WGI_RL.EST"
"CHL","Chile",2017,0.980063,"GOV_WGI_RL.EST"
"CHL","Chile",2016,0.9933308,"GOV_WGI_RL.EST"
"CHL","Chile",2015,1.0157042,"GOV_WGI_RL.EST"
"CHL","Chile",2014,1.0646032,"GOV_WGI_RL.EST"
"CHL","Chile",2013,1.0762879,"GOV_WGI_RL.EST"
"CHL","Chile",2012,1.1387796,"GOV_WGI_RL.EST"
"CHL","Chile",2011,1.1149719,"GOV_WGI_RL.EST"
"CHL","Chile",2010,1.2128113,"GOV_WGI_RL.EST"
"CHN","China",2024,-0.5286088,"GOV_WGI_RL.EST"
"CHN","China",2023,-0.5250814,"GOV_WGI_RL.EST"
"CHN","China",2022,-0.5329154,"GOV_WGI_RL.EST"
"CHN","China",2021,-0.5058946,"GOV_WGI_RL.EST"
"CHN","China",2020,-0.4459598,"GOV_WGI_RL.EST"
"CHN","China",2019,-0.5021306,"GOV_WGI_RL.EST"
"CHN","China",2018,-0.4709236,"GOV_WGI_RL.EST"
"CHN","China",2017,-0.4890928,"GOV_WGI_RL.EST"
"CHN","China",2016,-0.581916,"GOV_WGI_RL.EST"
"CHN","China",2015,-0.6204938,"GOV_WGI_RL.EST"
"CHN","China",2014,-0.6489398,"GOV_WGI_RL.EST"
"CHN","China",2013,-0.753385,"GOV_WGI_RL.EST"
"CHN","China",2012,-0.6588392,"GOV_WGI_RL.EST"
"CHN","China",2011,-0.5795634,"GOV_WGI_RL.EST"
"CHN","China",2010,-0.6561912,"GOV_WGI_RL.EST"
"COL","Colombia",2024,-0.5666751,"GOV_WGI_RL.EST"
"COL","Colombia",2023,-0.5713458,"GOV_WGI_RL.EST"
"COL","Colombia",2022,-0.5148732,"GOV_WGI_RL.EST"
"COL","Colombia",2021,-0.4782045,"GOV_WGI_RL.EST"
"COL","Colombia",2020,-0.4504691,"GOV_WGI_RL.EST"
"COL","Colombia",2019,-0.439729,"GOV_WGI_RL.EST"
"COL","Colombia",2018,-0.4003964,"GOV_WGI_RL.EST"
"COL","Colombia",2017,-0.3351179,"GOV_WGI_RL.EST"
"COL","Colombia",2016,-0.3132165,"GOV_WGI_RL.EST"
"COL","Colombia",2015,-0.3699185,"GOV_WGI_RL.EST"
"COL","Colombia",2014,-0.3964605,"GOV_WGI_RL.EST"
"COL","Colombia",2013,-0.4883928,"GOV_WGI_RL.EST"
"COL","Colombia",2012,-0.449264,"GOV_WGI_RL.EST"
"COL","Colombia",2011,-0.3941095,"GOV_WGI_RL.EST"
"COL","Colombia",2010,-0.387743,"GOV_WGI_RL.EST"
"COM","Comoros",2024,-1.1060278,"GOV_WGI_RL.EST"
"COM","Comoros",2023,-1.1228578,"GOV_WGI_RL.EST"
"COM","Comoros",2022,-1.1675508,"GOV_WGI_RL.EST"
"COM","Comoros",2021,-1.0919156,"GOV_WGI_RL.EST"
"COM","Comoros",2020,-1.0572913,"GOV_WGI_RL.EST"
"COM","Comoros",2019,-0.9869555,"GOV_WGI_RL.EST"
"COM","Comoros",2018,-0.9177262,"GOV_WGI_RL.EST"
"COM","Comoros",2017,-0.815252,"GOV_WGI_RL.EST"
"COM","Comoros",2016,-0.725655,"GOV_WGI_RL.EST"
"COM","Comoros",2015,-0.7533968,"GOV_WGI_RL.EST"
"COM","Comoros",2014,-0.8007192,"GOV_WGI_RL.EST"
"COM","Comoros",2013,-0.979256,"GOV_WGI_RL.EST"
"COM","Comoros",2012,-1.0477862,"GOV_WGI_RL.EST"
"COM","Comoros",2011,-1.0540452,"GOV_WGI_RL.EST"
"COM","Comoros",2010,-1.0570426,"GOV_WGI_RL.EST"
"COD","Congo, Dem. Rep.",2024,-1.6793486,"GOV_WGI_RL.EST"
"COD","Congo, Dem. Rep.",2023,-1.6468304,"GOV_WGI_RL.EST"
"COD","Congo, Dem. Rep.",2022,-1.6137745,"GOV_WGI_RL.EST"
"COD","Congo, Dem. Rep.",2021,-1.551435,"GOV_WGI_RL.EST"
"COD","Congo, Dem. Rep.",2020,-1.6345137,"GOV_WGI_RL.EST"
"COD","Congo, Dem. Rep.",2019,-1.6651201,"GOV_WGI_RL.EST"
"COD","Congo, Dem. Rep.",2018,-1.676545,"GOV_WGI_RL.EST"
"COD","Congo, Dem. Rep.",2017,-1.6074539,"GOV_WGI_RL.EST"
"COD","Congo, Dem. Rep.",2016,-1.5313485,"GOV_WGI_RL.EST"
"COD","Congo, Dem. Rep.",2015,-1.5731878,"GOV_WGI_RL.EST"
"COD","Congo, Dem. Rep.",2014,-1.517204,"GOV_WGI_RL.EST"
"COD","Congo, Dem. Rep.",2013,-1.5858211,"GOV_WGI_RL.EST"
"COD","Congo, Dem. Rep.",2012,-1.6418803,"GOV_WGI_RL.EST"
"COD","Congo, Dem. Rep.",2011,-1.637456,"GOV_WGI_RL.EST"
"COD","Congo, Dem. Rep.",2010,-1.6146011,"GOV_WGI_RL.EST"
"COG","Congo, Rep.",2024,-1.1774741,"GOV_WGI_RL.EST"
"COG","Congo, Rep.",2023,-1.1434181,"GOV_WGI_RL.EST"
"COG","Congo, Rep.",2022,-1.1878262,"GOV_WGI_RL.EST"
"COG","Congo, Rep.",2021,-1.2241075,"GOV_WGI_RL.EST"
"COG","Congo, Rep.",2020,-1.2400044,"GOV_WGI_RL.EST"
"COG","Congo, Rep.",2019,-1.190065,"GOV_WGI_RL.EST"
"COG","Congo, Rep.",2018,-1.1813472,"GOV_WGI_RL.EST"
"COG","Congo, Rep.",2017,-1.1611248,"GOV_WGI_RL.EST"
"COG","Congo, Rep.",2016,-1.1198653,"GOV_WGI_RL.EST"
"COG","Congo, Rep.",2015,-1.0484719,"GOV_WGI_RL.EST"
"COG","Congo, Rep.",2014,-1.1006417,"GOV_WGI_RL.EST"
"COG","Congo, Rep.",2013,-1.1660245,"GOV_WGI_RL.EST"
"COG","Congo, Rep.",2012,-1.1776652,"GOV_WGI_RL.EST"
"COG","Congo, Rep.",2011,-1.197829,"GOV_WGI_RL.EST"
"COG","Congo, Rep.",2010,-1.1991999,"GOV_WGI_RL.EST"
"CRI","Costa Rica",2024,0.5844935,"GOV_WGI_RL.EST"
"CRI","Costa Rica",2023,0.6036594,"GOV_WGI_RL.EST"
"CRI","Costa Rica",2022,0.6411292,"GOV_WGI_RL.EST"
"CRI","Costa Rica",2021,0.5848566,"GOV_WGI_RL.EST"
"CRI","Costa Rica",2020,0.6134172,"GOV_WGI_RL.EST"
"CRI","Costa Rica",2019,0.5799277,"GOV_WGI_RL.EST"
"CRI","Costa Rica",2018,0.505179,"GOV_WGI_RL.EST"
"CRI","Costa Rica",2017,0.533138,"GOV_WGI_RL.EST"
"CRI","Costa Rica",2016,0.5215761,"GOV_WGI_RL.EST"
"CRI","Costa Rica",2015,0.5251205,"GOV_WGI_RL.EST"
"CRI","Costa Rica",2014,0.5379034,"GOV_WGI_RL.EST"
"CRI","Costa Rica",2013,0.4699852,"GOV_WGI_RL.EST"
"CRI","Costa Rica",2012,0.4602866,"GOV_WGI_RL.EST"
"CRI","Costa Rica",2011,0.4740856,"GOV_WGI_RL.EST"
"CRI","Costa Rica",2010,0.6673003,"GOV_WGI_RL.EST"
"CIV","Cote d'Ivoire",2024,-0.5550026,"GOV_WGI_RL.EST"
"CIV","Cote d'Ivoire",2023,-0.5797333,"GOV_WGI_RL.EST"
"CIV","Cote d'Ivoire",2022,-0.5902245,"GOV_WGI_RL.EST"
"CIV","Cote d'Ivoire",2021,-0.6347573,"GOV_WGI_RL.EST"
"CIV","Cote d'Ivoire",2020,-0.6018277,"GOV_WGI_RL.EST"
"CIV","Cote d'Ivoire",2019,-0.5834396,"GOV_WGI_RL.EST"
"CIV","Cote d'Ivoire",2018,-0.6103988,"GOV_WGI_RL.EST"
"CIV","Cote d'Ivoire",2017,-0.687746,"GOV_WGI_RL.EST"
"CIV","Cote d'Ivoire",2016,-0.6723044,"GOV_WGI_RL.EST"
"CIV","Cote d'Ivoire",2015,-0.6935852,"GOV_WGI_RL.EST"
"CIV","Cote d'Ivoire",2014,-0.6812522,"GOV_WGI_RL.EST"
"CIV","Cote d'Ivoire",2013,-0.9556195,"GOV_WGI_RL.EST"
"CIV","Cote d'Ivoire",2012,-1.0573652,"GOV_WGI_RL.EST"
"CIV","Cote d'Ivoire",2011,-1.3404338,"GOV_WGI_RL.EST"
"CIV","Cote d'Ivoire",2010,-1.2655798,"GOV_WGI_RL.EST"
"HRV","Croatia",2024,0.4076353,"GOV_WGI_RL.EST"
"HRV","Croatia",2023,0.4085616,"GOV_WGI_RL.EST"
"HRV","Croatia",2022,0.4497731,"GOV_WGI_RL.EST"
"HRV","Croatia",2021,0.4254811,"GOV_WGI_RL.EST"
"HRV","Croatia",2020,0.3616272,"GOV_WGI_RL.EST"
"HRV","Croatia",2019,0.3562533,"GOV_WGI_RL.EST"
"HRV","Croatia",2018,0.2985123,"GOV_WGI_RL.EST"
"HRV","Croatia",2017,0.3949835,"GOV_WGI_RL.EST"
"HRV","Croatia",2016,0.3430385,"GOV_WGI_RL.EST"
"HRV","Croatia",2015,0.3667095,"GOV_WGI_RL.EST"
"HRV","Croatia",2014,0.386404,"GOV_WGI_RL.EST"
"HRV","Croatia",2013,0.2872156,"GOV_WGI_RL.EST"
"HRV","Croatia",2012,0.3040761,"GOV_WGI_RL.EST"
"HRV","Croatia",2011,0.2756061,"GOV_WGI_RL.EST"
"HRV","Croatia",2010,0.2607283,"GOV_WGI_RL.EST"
"CUB","Cuba",2024,-0.5805728,"GOV_WGI_RL.EST"
"CUB","Cuba",2023,-0.5250702,"GOV_WGI_RL.EST"
"CUB","Cuba",2022,-0.4584001,"GOV_WGI_RL.EST"
"CUB","Cuba",2021,-0.6111499,"GOV_WGI_RL.EST"
"CUB","Cuba",2020,-0.5389218,"GOV_WGI_RL.EST"
"CUB","Cuba",2019,-0.669971,"GOV_WGI_RL.EST"
"CUB","Cuba",2018,-0.7524143,"GOV_WGI_RL.EST"
"CUB","Cuba",2017,-0.7940801,"GOV_WGI_RL.EST"
"CUB","Cuba",2016,-0.7670087,"GOV_WGI_RL.EST"
"CUB","Cuba",2015,-0.8042357,"GOV_WGI_RL.EST"
"CUB","Cuba",2014,-0.7657005,"GOV_WGI_RL.EST"
"CUB","Cuba",2013,-0.7971068,"GOV_WGI_RL.EST"
"CUB","Cuba",2012,-0.7993638,"GOV_WGI_RL.EST"
"CUB","Cuba",2011,-0.8286175,"GOV_WGI_RL.EST"
"CUB","Cuba",2010,-0.8722717,"GOV_WGI_RL.EST"
"CYP","Cyprus",2024,0.6750592,"GOV_WGI_RL.EST"
"CYP","Cyprus",2023,0.7138416,"GOV_WGI_RL.EST"
"CYP","Cyprus",2022,0.7511036,"GOV_WGI_RL.EST"
"CYP","Cyprus",2021,0.7538419,"GOV_WGI_RL.EST"
"CYP","Cyprus",2020,0.770373,"GOV_WGI_RL.EST"
"CYP","Cyprus",2019,0.8421936,"GOV_WGI_RL.EST"
"CYP","Cyprus",2018,0.8417097,"GOV_WGI_RL.EST"
"CYP","Cyprus",2017,0.921742,"GOV_WGI_RL.EST"
"CYP","Cyprus",2016,0.8462139,"GOV_WGI_RL.EST"
"CYP","Cyprus",2015,0.8374487,"GOV_WGI_RL.EST"
"CYP","Cyprus",2014,0.8147873,"GOV_WGI_RL.EST"
"CYP","Cyprus",2013,0.8641402,"GOV_WGI_RL.EST"
"CYP","Cyprus",2012,0.9507421,"GOV_WGI_RL.EST"
"CYP","Cyprus",2011,0.9498397,"GOV_WGI_RL.EST"
"CYP","Cyprus",2010,1.1696598,"GOV_WGI_RL.EST"
"CZE","Czechia",2024,1.143577,"GOV_WGI_RL.EST"
"CZE","Czechia",2023,1.102935,"GOV_WGI_RL.EST"
"CZE","Czechia",2022,1.1213524,"GOV_WGI_RL.EST"
"CZE","Czechia",2021,1.1577542,"GOV_WGI_RL.EST"
"CZE","Czechia",2020,1.0821696,"GOV_WGI_RL.EST"
"CZE","Czechia",2019,1.1079242,"GOV_WGI_RL.EST"
"CZE","Czechia",2018,1.0286038,"GOV_WGI_RL.EST"
"CZE","Czechia",2017,1.1304447,"GOV_WGI_RL.EST"
"CZE","Czechia",2016,1.0817116,"GOV_WGI_RL.EST"
"CZE","Czechia",2015,1.0323614,"GOV_WGI_RL.EST"
"CZE","Czechia",2014,0.9546797,"GOV_WGI_RL.EST"
"CZE","Czechia",2013,0.8750252,"GOV_WGI_RL.EST"
"CZE","Czechia",2012,0.8397822,"GOV_WGI_RL.EST"
"CZE","Czechia",2011,0.8559215,"GOV_WGI_RL.EST"
"CZE","Czechia",2010,0.7634438,"GOV_WGI_RL.EST"
"DNK","Denmark",2024,1.9773385,"GOV_WGI_RL.EST"
"DNK","Denmark",2023,1.9869853,"GOV_WGI_RL.EST"
"DNK","Denmark",2022,1.9821936,"GOV_WGI_RL.EST"
"DNK","Denmark",2021,2.0002139,"GOV_WGI_RL.EST"
"DNK","Denmark",2020,1.9438251,"GOV_WGI_RL.EST"
"DNK","Denmark",2019,1.995557,"GOV_WGI_RL.EST"
"DNK","Denmark",2018,1.8940248,"GOV_WGI_RL.EST"
"DNK","Denmark",2017,1.9156303,"GOV_WGI_RL.EST"
"DNK","Denmark",2016,1.9335633,"GOV_WGI_RL.EST"
"DNK","Denmark",2015,1.9684962,"GOV_WGI_RL.EST"
"DNK","Denmark",2014,1.8970443,"GOV_WGI_RL.EST"
"DNK","Denmark",2013,1.8932278,"GOV_WGI_RL.EST"
"DNK","Denmark",2012,1.9158219,"GOV_WGI_RL.EST"
"DNK","Denmark",2011,1.8661088,"GOV_WGI_RL.EST"
"DNK","Denmark",2010,1.8253714,"GOV_WGI_RL.EST"
"DJI","Djibouti",2024,-1.0243158,"GOV_WGI_RL.EST"
"DJI","Djibouti",2023,-1.0478192,"GOV_WGI_RL.EST"
"DJI","Djibouti",2022,-1.0299246,"GOV_WGI_RL.EST"
"DJI","Djibouti",2021,-1.0364673,"GOV_WGI_RL.EST"
"DJI","Djibouti",2020,-1.0509633,"GOV_WGI_RL.EST"
"DJI","Djibouti",2019,-1.0107872,"GOV_WGI_RL.EST"
"DJI","Djibouti",2018,-0.9865813,"GOV_WGI_RL.EST"
"DJI","Djibouti",2017,-1.0001517,"GOV_WGI_RL.EST"
"DJI","Djibouti",2016,-0.9953329,"GOV_WGI_RL.EST"
"DJI","Djibouti",2015,-0.9955798,"GOV_WGI_RL.EST"
"DJI","Djibouti",2014,-1.0215617,"GOV_WGI_RL.EST"
"DJI","Djibouti",2013,-0.9119411,"GOV_WGI_RL.EST"
"DJI","Djibouti",2012,-0.8569303,"GOV_WGI_RL.EST"
"DJI","Djibouti",2011,-0.8561644,"GOV_WGI_RL.EST"
"DJI","Djibouti",2010,-0.7728401,"GOV_WGI_RL.EST"
"DMA","Dominica",2024,0.4487457,"GOV_WGI_RL.EST"
"DMA","Dominica",2023,0.5962696,"GOV_WGI_RL.EST"
"DMA","Dominica",2022,0.6309119,"GOV_WGI_RL.EST"
"DMA","Dominica",2021,0.5982878,"GOV_WGI_RL.EST"
"DMA","Dominica",2020,0.664894,"GOV_WGI_RL.EST"
"DMA","Dominica",2019,0.6548897,"GOV_WGI_RL.EST"
"DMA","Dominica",2018,0.655235,"GOV_WGI_RL.EST"
"DMA","Dominica",2017,0.7400934,"GOV_WGI_RL.EST"
"DMA","Dominica",2016,0.7697684,"GOV_WGI_RL.EST"
"DMA","Dominica",2015,0.7742963,"GOV_WGI_RL.EST"
"DMA","Dominica",2014,0.6846643,"GOV_WGI_RL.EST"
"DMA","Dominica",2013,0.8619707,"GOV_WGI_RL.EST"
"DMA","Dominica",2012,0.8652547,"GOV_WGI_RL.EST"
"DMA","Dominica",2011,0.8669161,"GOV_WGI_RL.EST"
"DMA","Dominica",2010,0.9109669,"GOV_WGI_RL.EST"
"DOM","Dominican Republic",2024,-0.1663946,"GOV_WGI_RL.EST"
"DOM","Dominican Republic",2023,-0.239231,"GOV_WGI_RL.EST"
"DOM","Dominican Republic",2022,-0.2465344,"GOV_WGI_RL.EST"
"DOM","Dominican Republic",2021,-0.2843894,"GOV_WGI_RL.EST"
"DOM","Dominican Republic",2020,-0.3338054,"GOV_WGI_RL.EST"
"DOM","Dominican Republic",2019,-0.4171641,"GOV_WGI_RL.EST"
"DOM","Dominican Republic",2018,-0.4767614,"GOV_WGI_RL.EST"
"DOM","Dominican Republic",2017,-0.4919239,"GOV_WGI_RL.EST"
"DOM","Dominican Republic",2016,-0.4677646,"GOV_WGI_RL.EST"
"DOM","Dominican Republic",2015,-0.4721085,"GOV_WGI_RL.EST"
"DOM","Dominican Republic",2014,-0.3734344,"GOV_WGI_RL.EST"
"DOM","Dominican Republic",2013,-0.5082476,"GOV_WGI_RL.EST"
"DOM","Dominican Republic",2012,-0.5963335,"GOV_WGI_RL.EST"
"DOM","Dominican Republic",2011,-0.6016474,"GOV_WGI_RL.EST"
"DOM","Dominican Republic",2010,-0.6491883,"GOV_WGI_RL.EST"
"ECU","Ecuador",2024,-1.0102356,"GOV_WGI_RL.EST"
"ECU","Ecuador",2023,-0.9202916,"GOV_WGI_RL.EST"
"ECU","Ecuador",2022,-0.5681502,"GOV_WGI_RL.EST"
"ECU","Ecuador",2021,-0.3969657,"GOV_WGI_RL.EST"
"ECU","Ecuador",2020,-0.5506472,"GOV_WGI_RL.EST"
"ECU","Ecuador",2019,-0.6083871,"GOV_WGI_RL.EST"
"ECU","Ecuador",2018,-0.7196315,"GOV_WGI_RL.EST"
"ECU","Ecuador",2017,-0.8456107,"GOV_WGI_RL.EST"
"ECU","Ecuador",2016,-0.9227389,"GOV_WGI_RL.EST"
"ECU","Ecuador",2015,-1.0396464,"GOV_WGI_RL.EST"
"ECU","Ecuador",2014,-1.0042754,"GOV_WGI_RL.EST"
"ECU","Ecuador",2013,-0.9784043,"GOV_WGI_RL.EST"
"ECU","Ecuador",2012,-1.0700028,"GOV_WGI_RL.EST"
"ECU","Ecuador",2011,-1.0928867,"GOV_WGI_RL.EST"
"ECU","Ecuador",2010,-1.0753845,"GOV_WGI_RL.EST"
"EGY","Egypt, Arab Rep.",2024,-0.714975,"GOV_WGI_RL.EST"
"EGY","Egypt, Arab Rep.",2023,-0.7396808,"GOV_WGI_RL.EST"
"EGY","Egypt, Arab Rep.",2022,-0.7360915,"GOV_WGI_RL.EST"
"EGY","Egypt, Arab Rep.",2021,-0.779923,"GOV_WGI_RL.EST"
"EGY","Egypt, Arab Rep.",2020,-0.7671185,"GOV_WGI_RL.EST"
"EGY","Egypt, Arab Rep.",2019,-0.6897909,"GOV_WGI_RL.EST"
"EGY","Egypt, Arab Rep.",2018,-0.6808022,"GOV_WGI_RL.EST"
"EGY","Egypt, Arab Rep.",2017,-0.7228682,"GOV_WGI_RL.EST"
"EGY","Egypt, Arab Rep.",2016,-0.7916136,"GOV_WGI_RL.EST"
"EGY","Egypt, Arab Rep.",2015,-0.781969,"GOV_WGI_RL.EST"
"EGY","Egypt, Arab Rep.",2014,-0.8100475,"GOV_WGI_RL.EST"
"EGY","Egypt, Arab Rep.",2013,-0.7677943,"GOV_WGI_RL.EST"
"EGY","Egypt, Arab Rep.",2012,-0.5338687,"GOV_WGI_RL.EST"
"EGY","Egypt, Arab Rep.",2011,-0.5031694,"GOV_WGI_RL.EST"
"EGY","Egypt, Arab Rep.",2010,-0.2530462,"GOV_WGI_RL.EST"
"SLV","El Salvador",2024,-0.6832935,"GOV_WGI_RL.EST"
"SLV","El Salvador",2023,-0.6962396,"GOV_WGI_RL.EST"
"SLV","El Salvador",2022,-0.9414173,"GOV_WGI_RL.EST"
"SLV","El Salvador",2021,-0.8088578,"GOV_WGI_RL.EST"
"SLV","El Salvador",2020,-0.6506831,"GOV_WGI_RL.EST"
"SLV","El Salvador",2019,-0.7295822,"GOV_WGI_RL.EST"
"SLV","El Salvador",2018,-0.8107531,"GOV_WGI_RL.EST"
"SLV","El Salvador",2017,-0.8359503,"GOV_WGI_RL.EST"
"SLV","El Salvador",2016,-0.7286503,"GOV_WGI_RL.EST"
"SLV","El Salvador",2015,-0.7536319,"GOV_WGI_RL.EST"
"SLV","El Salvador",2014,-0.6206913,"GOV_WGI_RL.EST"
"SLV","El Salvador",2013,-0.7182647,"GOV_WGI_RL.EST"
"SLV","El Salvador",2012,-0.836449,"GOV_WGI_RL.EST"
"SLV","El Salvador",2011,-0.7075754,"GOV_WGI_RL.EST"
"SLV","El Salvador",2010,-0.8322929,"GOV_WGI_RL.EST"
"GNQ","Equatorial Guinea",2024,-1.513981,"GOV_WGI_RL.EST"
"GNQ","Equatorial Guinea",2023,-1.4638772,"GOV_WGI_RL.EST"
"GNQ","Equatorial Guinea",2022,-1.4657101,"GOV_WGI_RL.EST"
"GNQ","Equatorial Guinea",2021,-1.5053277,"GOV_WGI_RL.EST"
"GNQ","Equatorial Guinea",2020,-1.5055889,"GOV_WGI_RL.EST"
"GNQ","Equatorial Guinea",2019,-1.5630463,"GOV_WGI_RL.EST"
"GNQ","Equatorial Guinea",2018,-1.6067759,"GOV_WGI_RL.EST"
"GNQ","Equatorial Guinea",2017,-1.5350384,"GOV_WGI_RL.EST"
"GNQ","Equatorial Guinea",2016,-1.5344429,"GOV_WGI_RL.EST"
"GNQ","Equatorial Guinea",2015,-1.4869527,"GOV_WGI_RL.EST"
"GNQ","Equatorial Guinea",2014,-1.4441591,"GOV_WGI_RL.EST"
"GNQ","Equatorial Guinea",2013,-1.3641424,"GOV_WGI_RL.EST"
"GNQ","Equatorial Guinea",2012,-1.2387435,"GOV_WGI_RL.EST"
"GNQ","Equatorial Guinea",2011,-1.2068316,"GOV_WGI_RL.EST"
"GNQ","Equatorial Guinea",2010,-1.2084195,"GOV_WGI_RL.EST"
"ERI","Eritrea",2024,-1.7884378,"GOV_WGI_RL.EST"
"ERI","Eritrea",2023,-1.7857133,"GOV_WGI_RL.EST"
"ERI","Eritrea",2022,-1.7586081,"GOV_WGI_RL.EST"
"ERI","Eritrea",2021,-1.6490225,"GOV_WGI_RL.EST"
"ERI","Eritrea",2020,-1.6193965,"GOV_WGI_RL.EST"
"ERI","Eritrea",2019,-1.6838314,"GOV_WGI_RL.EST"
"ERI","Eritrea",2018,-1.6769398,"GOV_WGI_RL.EST"
"ERI","Eritrea",2017,-1.6226716,"GOV_WGI_RL.EST"
"ERI","Eritrea",2016,-1.6457494,"GOV_WGI_RL.EST"
"ERI","Eritrea",2015,-1.6458258,"GOV_WGI_RL.EST"
"ERI","Eritrea",2014,-1.6695602,"GOV_WGI_RL.EST"
"ERI","Eritrea",2013,-1.5469632,"GOV_WGI_RL.EST"
"ERI","Eritrea",2012,-1.4915355,"GOV_WGI_RL.EST"
"ERI","Eritrea",2011,-1.4855784,"GOV_WGI_RL.EST"
"ERI","Eritrea",2010,-1.4870913,"GOV_WGI_RL.EST"
"EST","Estonia",2024,1.4391183,"GOV_WGI_RL.EST"
"EST","Estonia",2023,1.4435225,"GOV_WGI_RL.EST"
"EST","Estonia",2022,1.500799,"GOV_WGI_RL.EST"
"EST","Estonia",2021,1.4697726,"GOV_WGI_RL.EST"
"EST","Estonia",2020,1.4430177,"GOV_WGI_RL.EST"
"EST","Estonia",2019,1.4684585,"GOV_WGI_RL.EST"
"EST","Estonia",2018,1.3179455,"GOV_WGI_RL.EST"
"EST","Estonia",2017,1.3798974,"GOV_WGI_RL.EST"
"EST","Estonia",2016,1.3443391,"GOV_WGI_RL.EST"
"EST","Estonia",2015,1.3321249,"GOV_WGI_RL.EST"
"EST","Estonia",2014,1.3172498,"GOV_WGI_RL.EST"
"EST","Estonia",2013,1.1532675,"GOV_WGI_RL.EST"
"EST","Estonia",2012,1.127801,"GOV_WGI_RL.EST"
"EST","Estonia",2011,1.1324022,"GOV_WGI_RL.EST"
"EST","Estonia",2010,1.0637385,"GOV_WGI_RL.EST"
"SWZ","Eswatini",2024,-0.8249491,"GOV_WGI_RL.EST"
"SWZ","Eswatini",2023,-0.765648,"GOV_WGI_RL.EST"
"SWZ","Eswatini",2022,-0.7316187,"GOV_WGI_RL.EST"
"SWZ","Eswatini",2021,-0.6964249,"GOV_WGI_RL.EST"
"SWZ","Eswatini",2020,-0.6210369,"GOV_WGI_RL.EST"
"SWZ","Eswatini",2019,-0.5350078,"GOV_WGI_RL.EST"
"SWZ","Eswatini",2018,-0.4625305,"GOV_WGI_RL.EST"
"SWZ","Eswatini",2017,-0.4446975,"GOV_WGI_RL.EST"
"SWZ","Eswatini",2016,-0.5204868,"GOV_WGI_RL.EST"
"SWZ","Eswatini",2015,-0.5207956,"GOV_WGI_RL.EST"
"SWZ","Eswatini",2014,-0.5969343,"GOV_WGI_RL.EST"
"SWZ","Eswatini",2013,-0.6399995,"GOV_WGI_RL.EST"
"SWZ","Eswatini",2012,-0.6408441,"GOV_WGI_RL.EST"
"SWZ","Eswatini",2011,-0.7034702,"GOV_WGI_RL.EST"
"SWZ","Eswatini",2010,-0.6044012,"GOV_WGI_RL.EST"
"ETH","Ethiopia",2024,-1.0057629,"GOV_WGI_RL.EST"
"ETH","Ethiopia",2023,-0.9985767,"GOV_WGI_RL.EST"
"ETH","Ethiopia",2022,-0.878272,"GOV_WGI_RL.EST"
"ETH","Ethiopia",2021,-0.9097518,"GOV_WGI_RL.EST"
"ETH","Ethiopia",2020,-0.7673706,"GOV_WGI_RL.EST"
"ETH","Ethiopia",2019,-0.7266162,"GOV_WGI_RL.EST"
"ETH","Ethiopia",2018,-0.7465591,"GOV_WGI_RL.EST"
"ETH","Ethiopia",2017,-0.726609,"GOV_WGI_RL.EST"
"ETH","Ethiopia",2016,-0.7476119,"GOV_WGI_RL.EST"
"ETH","Ethiopia",2015,-0.7554235,"GOV_WGI_RL.EST"
"ETH","Ethiopia",2014,-0.7093836,"GOV_WGI_RL.EST"
"ETH","Ethiopia",2013,-0.8154689,"GOV_WGI_RL.EST"
"ETH","Ethiopia",2012,-0.7447399,"GOV_WGI_RL.EST"
"ETH","Ethiopia",2011,-0.8270093,"GOV_WGI_RL.EST"
"ETH","Ethiopia",2010,-0.8316617,"GOV_WGI_RL.EST"
"FJI","Fiji",2024,0.4191662,"GOV_WGI_RL.EST"
"FJI","Fiji",2023,0.3393059,"GOV_WGI_RL.EST"
"FJI","Fiji",2022,0.2951426,"GOV_WGI_RL.EST"
"FJI","Fiji",2021,0.2184264,"GOV_WGI_RL.EST"
"FJI","Fiji",2020,0.2169261,"GOV_WGI_RL.EST"
"FJI","Fiji",2019,0.1807875,"GOV_WGI_RL.EST"
"FJI","Fiji",2018,-0.1368865,"GOV_WGI_RL.EST"
"FJI","Fiji",2017,-0.2480786,"GOV_WGI_RL.EST"
"FJI","Fiji",2016,-0.2981742,"GOV_WGI_RL.EST"
"FJI","Fiji",2015,-0.2244854,"GOV_WGI_RL.EST"
"FJI","Fiji",2014,-0.3544907,"GOV_WGI_RL.EST"
"FJI","Fiji",2013,-0.8186322,"GOV_WGI_RL.EST"
"FJI","Fiji",2012,-0.8259561,"GOV_WGI_RL.EST"
"FJI","Fiji",2011,-0.8446378,"GOV_WGI_RL.EST"
"FJI","Fiji",2010,-0.9622047,"GOV_WGI_RL.EST"
"FIN","Finland",2024,1.9991029,"GOV_WGI_RL.EST"
"FIN","Finland",2023,2.0135049,"GOV_WGI_RL.EST"
"FIN","Finland",2022,1.9784658,"GOV_WGI_RL.EST"
"FIN","Finland",2021,2.0568185,"GOV_WGI_RL.EST"
"FIN","Finland",2020,2.0896792,"GOV_WGI_RL.EST"
"FIN","Finland",2019,2.0973602,"GOV_WGI_RL.EST"
"FIN","Finland",2018,2.0353074,"GOV_WGI_RL.EST"
"FIN","Finland",2017,2.0806412,"GOV_WGI_RL.EST"
"FIN","Finland",2016,2.052307,"GOV_WGI_RL.EST"
"FIN","Finland",2015,2.0505931,"GOV_WGI_RL.EST"
"FIN","Finland",2014,2.008359,"GOV_WGI_RL.EST"
"FIN","Finland",2013,1.9125463,"GOV_WGI_RL.EST"
"FIN","Finland",2012,1.9749576,"GOV_WGI_RL.EST"
"FIN","Finland",2011,1.8789595,"GOV_WGI_RL.EST"
"FIN","Finland",2010,1.9276855,"GOV_WGI_RL.EST"
"FRA","France",2024,0.9904005,"GOV_WGI_RL.EST"
"FRA","France",2023,0.9976615,"GOV_WGI_RL.EST"
"FRA","France",2022,1.0325639,"GOV_WGI_RL.EST"
"FRA","France",2021,1.1012894,"GOV_WGI_RL.EST"
"FRA","France",2020,1.1590445,"GOV_WGI_RL.EST"
"FRA","France",2019,1.2005209,"GOV_WGI_RL.EST"
"FRA","France",2018,1.2351095,"GOV_WGI_RL.EST"
"FRA","France",2017,1.263951,"GOV_WGI_RL.EST"
"FRA","France",2016,1.2594932,"GOV_WGI_RL.EST"
"FRA","France",2015,1.2441229,"GOV_WGI_RL.EST"
"FRA","France",2014,1.2634752,"GOV_WGI_RL.EST"
"FRA","France",2013,1.2452357,"GOV_WGI_RL.EST"
"FRA","France",2012,1.2855009,"GOV_WGI_RL.EST"
"FRA","France",2011,1.1836563,"GOV_WGI_RL.EST"
"FRA","France",2010,1.2848807,"GOV_WGI_RL.EST"
"PYF","French Polynesia",2024,1.0298494,"GOV_WGI_RL.EST"
"PYF","French Polynesia",2023,1.0304452,"GOV_WGI_RL.EST"
"PYF","French Polynesia",2022,1.0432226,"GOV_WGI_RL.EST"
"PYF","French Polynesia",2021,1.0563535,"GOV_WGI_RL.EST"
"PYF","French Polynesia",2020,0.9578937,"GOV_WGI_RL.EST"
"PYF","French Polynesia",2019,0.9049257,"GOV_WGI_RL.EST"
"PYF","French Polynesia",2018,NA,"GOV_WGI_RL.EST"
"PYF","French Polynesia",2017,NA,"GOV_WGI_RL.EST"
"PYF","French Polynesia",2016,NA,"GOV_WGI_RL.EST"
"PYF","French Polynesia",2015,NA,"GOV_WGI_RL.EST"
"PYF","French Polynesia",2014,NA,"GOV_WGI_RL.EST"
"PYF","French Polynesia",2013,NA,"GOV_WGI_RL.EST"
"PYF","French Polynesia",2012,NA,"GOV_WGI_RL.EST"
"PYF","French Polynesia",2011,NA,"GOV_WGI_RL.EST"
"PYF","French Polynesia",2010,NA,"GOV_WGI_RL.EST"
"GAB","Gabon",2024,-1.0671865,"GOV_WGI_RL.EST"
"GAB","Gabon",2023,-1.0175963,"GOV_WGI_RL.EST"
"GAB","Gabon",2022,-1.0439743,"GOV_WGI_RL.EST"
"GAB","Gabon",2021,-0.8935704,"GOV_WGI_RL.EST"
"GAB","Gabon",2020,-0.9115515,"GOV_WGI_RL.EST"
"GAB","Gabon",2019,-0.8381493,"GOV_WGI_RL.EST"
"GAB","Gabon",2018,-0.7863015,"GOV_WGI_RL.EST"
"GAB","Gabon",2017,-0.645247,"GOV_WGI_RL.EST"
"GAB","Gabon",2016,-0.5619992,"GOV_WGI_RL.EST"
"GAB","Gabon",2015,-0.6416085,"GOV_WGI_RL.EST"
"GAB","Gabon",2014,-0.6274954,"GOV_WGI_RL.EST"
"GAB","Gabon",2013,-0.6493636,"GOV_WGI_RL.EST"
"GAB","Gabon",2012,-0.4865134,"GOV_WGI_RL.EST"
"GAB","Gabon",2011,-0.5335853,"GOV_WGI_RL.EST"
"GAB","Gabon",2010,-0.6170544,"GOV_WGI_RL.EST"
"GMB","Gambia, The",2024,-0.3345932,"GOV_WGI_RL.EST"
"GMB","Gambia, The",2023,-0.3176531,"GOV_WGI_RL.EST"
"GMB","Gambia, The",2022,-0.3589736,"GOV_WGI_RL.EST"
"GMB","Gambia, The",2021,-0.3630944,"GOV_WGI_RL.EST"
"GMB","Gambia, The",2020,-0.3216818,"GOV_WGI_RL.EST"
"GMB","Gambia, The",2019,-0.4096187,"GOV_WGI_RL.EST"
"GMB","Gambia, The",2018,-0.445065,"GOV_WGI_RL.EST"
"GMB","Gambia, The",2017,-0.553445,"GOV_WGI_RL.EST"
"GMB","Gambia, The",2016,-0.9604249,"GOV_WGI_RL.EST"
"GMB","Gambia, The",2015,-0.917561,"GOV_WGI_RL.EST"
"GMB","Gambia, The",2014,-0.8894356,"GOV_WGI_RL.EST"
"GMB","Gambia, The",2013,-0.7953447,"GOV_WGI_RL.EST"
"GMB","Gambia, The",2012,-0.7498419,"GOV_WGI_RL.EST"
"GMB","Gambia, The",2011,-0.7086909,"GOV_WGI_RL.EST"
"GMB","Gambia, The",2010,-0.6848768,"GOV_WGI_RL.EST"
"GEO","Georgia",2024,0.1331406,"GOV_WGI_RL.EST"
"GEO","Georgia",2023,0.1397491,"GOV_WGI_RL.EST"
"GEO","Georgia",2022,0.1743639,"GOV_WGI_RL.EST"
"GEO","Georgia",2021,0.2191172,"GOV_WGI_RL.EST"
"GEO","Georgia",2020,0.2602335,"GOV_WGI_RL.EST"
"GEO","Georgia",2019,0.2326488,"GOV_WGI_RL.EST"
"GEO","Georgia",2018,0.2846223,"GOV_WGI_RL.EST"
"GEO","Georgia",2017,0.2530912,"GOV_WGI_RL.EST"
"GEO","Georgia",2016,0.3858558,"GOV_WGI_RL.EST"
"GEO","Georgia",2015,0.3487862,"GOV_WGI_RL.EST"
"GEO","Georgia",2014,0.3618578,"GOV_WGI_RL.EST"
"GEO","Georgia",2013,0.1325736,"GOV_WGI_RL.EST"
"GEO","Georgia",2012,0.1816203,"GOV_WGI_RL.EST"
"GEO","Georgia",2011,0.0047349,"GOV_WGI_RL.EST"
"GEO","Georgia",2010,-0.0938224,"GOV_WGI_RL.EST"
"DEU","Germany",2024,1.6084567,"GOV_WGI_RL.EST"
"DEU","Germany",2023,1.5862983,"GOV_WGI_RL.EST"
"DEU","Germany",2022,1.576423,"GOV_WGI_RL.EST"
"DEU","Germany",2021,1.6304817,"GOV_WGI_RL.EST"
"DEU","Germany",2020,1.6097442,"GOV_WGI_RL.EST"
"DEU","Germany",2019,1.6940828,"GOV_WGI_RL.EST"
"DEU","Germany",2018,1.6967985,"GOV_WGI_RL.EST"
"DEU","Germany",2017,1.676644,"GOV_WGI_RL.EST"
"DEU","Germany",2016,1.6653973,"GOV_WGI_RL.EST"
"DEU","Germany",2015,1.7190498,"GOV_WGI_RL.EST"
"DEU","Germany",2014,1.7194766,"GOV_WGI_RL.EST"
"DEU","Germany",2013,1.6088654,"GOV_WGI_RL.EST"
"DEU","Germany",2012,1.5989074,"GOV_WGI_RL.EST"
"DEU","Germany",2011,1.5739877,"GOV_WGI_RL.EST"
"DEU","Germany",2010,1.5800502,"GOV_WGI_RL.EST"
"GHA","Ghana",2024,0.0603041,"GOV_WGI_RL.EST"
"GHA","Ghana",2023,-0.0041102,"GOV_WGI_RL.EST"
"GHA","Ghana",2022,-0.0210272,"GOV_WGI_RL.EST"
"GHA","Ghana",2021,0.0253956,"GOV_WGI_RL.EST"
"GHA","Ghana",2020,0.0930935,"GOV_WGI_RL.EST"
"GHA","Ghana",2019,0.0924371,"GOV_WGI_RL.EST"
"GHA","Ghana",2018,0.1764047,"GOV_WGI_RL.EST"
"GHA","Ghana",2017,0.2521463,"GOV_WGI_RL.EST"
"GHA","Ghana",2016,0.1860102,"GOV_WGI_RL.EST"
"GHA","Ghana",2015,0.1814732,"GOV_WGI_RL.EST"
"GHA","Ghana",2014,0.1042641,"GOV_WGI_RL.EST"
"GHA","Ghana",2013,0.17593,"GOV_WGI_RL.EST"
"GHA","Ghana",2012,0.1264786,"GOV_WGI_RL.EST"
"GHA","Ghana",2011,0.1582495,"GOV_WGI_RL.EST"
"GHA","Ghana",2010,0.0038096,"GOV_WGI_RL.EST"
"GRC","Greece",2024,0.2232586,"GOV_WGI_RL.EST"
"GRC","Greece",2023,0.3919682,"GOV_WGI_RL.EST"
"GRC","Greece",2022,0.4803117,"GOV_WGI_RL.EST"
"GRC","Greece",2021,0.4482675,"GOV_WGI_RL.EST"
"GRC","Greece",2020,0.4288927,"GOV_WGI_RL.EST"
"GRC","Greece",2019,0.4168379,"GOV_WGI_RL.EST"
"GRC","Greece",2018,0.3056172,"GOV_WGI_RL.EST"
"GRC","Greece",2017,0.3124049,"GOV_WGI_RL.EST"
"GRC","Greece",2016,0.2942427,"GOV_WGI_RL.EST"
"GRC","Greece",2015,0.3718997,"GOV_WGI_RL.EST"
"GRC","Greece",2014,0.3440035,"GOV_WGI_RL.EST"
"GRC","Greece",2013,0.3847498,"GOV_WGI_RL.EST"
"GRC","Greece",2012,0.3230461,"GOV_WGI_RL.EST"
"GRC","Greece",2011,0.5159428,"GOV_WGI_RL.EST"
"GRC","Greece",2010,0.50662,"GOV_WGI_RL.EST"
"GRL","Greenland",2024,1.5867909,"GOV_WGI_RL.EST"
"GRL","Greenland",2023,1.5868964,"GOV_WGI_RL.EST"
"GRL","Greenland",2022,1.5891594,"GOV_WGI_RL.EST"
"GRL","Greenland",2021,1.6416313,"GOV_WGI_RL.EST"
"GRL","Greenland",2020,1.6426029,"GOV_WGI_RL.EST"
"GRL","Greenland",2019,1.6439378,"GOV_WGI_RL.EST"
"GRL","Greenland",2018,1.6440263,"GOV_WGI_RL.EST"
"GRL","Greenland",2017,1.6441496,"GOV_WGI_RL.EST"
"GRL","Greenland",2016,1.6449148,"GOV_WGI_RL.EST"
"GRL","Greenland",2015,1.6441858,"GOV_WGI_RL.EST"
"GRL","Greenland",2014,1.641628,"GOV_WGI_RL.EST"
"GRL","Greenland",2013,1.6388493,"GOV_WGI_RL.EST"
"GRL","Greenland",2012,1.6431071,"GOV_WGI_RL.EST"
"GRL","Greenland",2011,1.6452611,"GOV_WGI_RL.EST"
"GRL","Greenland",2010,1.6405413,"GOV_WGI_RL.EST"
"GRD","Grenada",2024,0.5770157,"GOV_WGI_RL.EST"
"GRD","Grenada",2023,0.5853739,"GOV_WGI_RL.EST"
"GRD","Grenada",2022,0.5074399,"GOV_WGI_RL.EST"
"GRD","Grenada",2021,0.4347199,"GOV_WGI_RL.EST"
"GRD","Grenada",2020,0.4603276,"GOV_WGI_RL.EST"
"GRD","Grenada",2019,0.4155689,"GOV_WGI_RL.EST"
"GRD","Grenada",2018,0.4441961,"GOV_WGI_RL.EST"
"GRD","Grenada",2017,0.5792264,"GOV_WGI_RL.EST"
"GRD","Grenada",2016,0.7996118,"GOV_WGI_RL.EST"
"GRD","Grenada",2015,0.6016475,"GOV_WGI_RL.EST"
"GRD","Grenada",2014,0.191644,"GOV_WGI_RL.EST"
"GRD","Grenada",2013,0.3874184,"GOV_WGI_RL.EST"
"GRD","Grenada",2012,0.3914528,"GOV_WGI_RL.EST"
"GRD","Grenada",2011,0.3934937,"GOV_WGI_RL.EST"
"GRD","Grenada",2010,0.3890216,"GOV_WGI_RL.EST"
"GUM","Guam",2024,1.042662,"GOV_WGI_RL.EST"
"GUM","Guam",2023,1.0428431,"GOV_WGI_RL.EST"
"GUM","Guam",2022,1.185687,"GOV_WGI_RL.EST"
"GUM","Guam",2021,1.1707247,"GOV_WGI_RL.EST"
"GUM","Guam",2020,1.1725918,"GOV_WGI_RL.EST"
"GUM","Guam",2019,1.4439004,"GOV_WGI_RL.EST"
"GUM","Guam",2018,1.4343342,"GOV_WGI_RL.EST"
"GUM","Guam",2017,1.3548272,"GOV_WGI_RL.EST"
"GUM","Guam",2016,1.1253773,"GOV_WGI_RL.EST"
"GUM","Guam",2015,1.3549171,"GOV_WGI_RL.EST"
"GUM","Guam",2014,1.3485585,"GOV_WGI_RL.EST"
"GUM","Guam",2013,1.0524607,"GOV_WGI_RL.EST"
"GUM","Guam",2012,1.0630453,"GOV_WGI_RL.EST"
"GUM","Guam",2011,1.0683999,"GOV_WGI_RL.EST"
"GUM","Guam",2010,1.0566669,"GOV_WGI_RL.EST"
"GTM","Guatemala",2024,-1.0067728,"GOV_WGI_RL.EST"
"GTM","Guatemala",2023,-1.0590043,"GOV_WGI_RL.EST"
"GTM","Guatemala",2022,-1.052879,"GOV_WGI_RL.EST"
"GTM","Guatemala",2021,-0.9736911,"GOV_WGI_RL.EST"
"GTM","Guatemala",2020,-0.961516,"GOV_WGI_RL.EST"
"GTM","Guatemala",2019,-0.9950319,"GOV_WGI_RL.EST"
"GTM","Guatemala",2018,-0.96256,"GOV_WGI_RL.EST"
"GTM","Guatemala",2017,-0.9308228,"GOV_WGI_RL.EST"
"GTM","Guatemala",2016,-0.9573762,"GOV_WGI_RL.EST"
"GTM","Guatemala",2015,-0.9187457,"GOV_WGI_RL.EST"
"GTM","Guatemala",2014,-0.9644187,"GOV_WGI_RL.EST"
"GTM","Guatemala",2013,-1.0677408,"GOV_WGI_RL.EST"
"GTM","Guatemala",2012,-1.0006581,"GOV_WGI_RL.EST"
"GTM","Guatemala",2011,-1.0430862,"GOV_WGI_RL.EST"
"GTM","Guatemala",2010,-0.9283058,"GOV_WGI_RL.EST"
"GIN","Guinea",2024,-1.165932,"GOV_WGI_RL.EST"
"GIN","Guinea",2023,-1.1225515,"GOV_WGI_RL.EST"
"GIN","Guinea",2022,-1.0788417,"GOV_WGI_RL.EST"
"GIN","Guinea",2021,-1.0191476,"GOV_WGI_RL.EST"
"GIN","Guinea",2020,-1.1138301,"GOV_WGI_RL.EST"
"GIN","Guinea",2019,-1.104072,"GOV_WGI_RL.EST"
"GIN","Guinea",2018,-1.1082183,"GOV_WGI_RL.EST"
"GIN","Guinea",2017,-1.1384514,"GOV_WGI_RL.EST"
"GIN","Guinea",2016,-1.1439038,"GOV_WGI_RL.EST"
"GIN","Guinea",2015,-1.1981823,"GOV_WGI_RL.EST"
"GIN","Guinea",2014,-1.4986233,"GOV_WGI_RL.EST"
"GIN","Guinea",2013,-1.4855217,"GOV_WGI_RL.EST"
"GIN","Guinea",2012,-1.445414,"GOV_WGI_RL.EST"
"GIN","Guinea",2011,-1.4706727,"GOV_WGI_RL.EST"
"GIN","Guinea",2010,-1.5121266,"GOV_WGI_RL.EST"
"GNB","Guinea-Bissau",2024,-1.1979946,"GOV_WGI_RL.EST"
"GNB","Guinea-Bissau",2023,-1.2041688,"GOV_WGI_RL.EST"
"GNB","Guinea-Bissau",2022,-1.2458016,"GOV_WGI_RL.EST"
"GNB","Guinea-Bissau",2021,-1.1997166,"GOV_WGI_RL.EST"
"GNB","Guinea-Bissau",2020,-1.1347188,"GOV_WGI_RL.EST"
"GNB","Guinea-Bissau",2019,-1.1402868,"GOV_WGI_RL.EST"
"GNB","Guinea-Bissau",2018,-1.1300962,"GOV_WGI_RL.EST"
"GNB","Guinea-Bissau",2017,-1.3250661,"GOV_WGI_RL.EST"
"GNB","Guinea-Bissau",2016,-1.3687153,"GOV_WGI_RL.EST"
"GNB","Guinea-Bissau",2015,-1.3029433,"GOV_WGI_RL.EST"
"GNB","Guinea-Bissau",2014,-1.4116362,"GOV_WGI_RL.EST"
"GNB","Guinea-Bissau",2013,-1.6245187,"GOV_WGI_RL.EST"
"GNB","Guinea-Bissau",2012,-1.5873404,"GOV_WGI_RL.EST"
"GNB","Guinea-Bissau",2011,-1.3430988,"GOV_WGI_RL.EST"
"GNB","Guinea-Bissau",2010,-1.3323021,"GOV_WGI_RL.EST"
"GUY","Guyana",2024,-0.3285639,"GOV_WGI_RL.EST"
"GUY","Guyana",2023,-0.3749348,"GOV_WGI_RL.EST"
"GUY","Guyana",2022,-0.3629551,"GOV_WGI_RL.EST"
"GUY","Guyana",2021,-0.3858074,"GOV_WGI_RL.EST"
"GUY","Guyana",2020,-0.3924436,"GOV_WGI_RL.EST"
"GUY","Guyana",2019,-0.4332292,"GOV_WGI_RL.EST"
"GUY","Guyana",2018,-0.3999834,"GOV_WGI_RL.EST"
"GUY","Guyana",2017,-0.3992511,"GOV_WGI_RL.EST"
"GUY","Guyana",2016,-0.4762761,"GOV_WGI_RL.EST"
"GUY","Guyana",2015,-0.5362538,"GOV_WGI_RL.EST"
"GUY","Guyana",2014,-0.5801692,"GOV_WGI_RL.EST"
"GUY","Guyana",2013,-0.5909613,"GOV_WGI_RL.EST"
"GUY","Guyana",2012,-0.5660704,"GOV_WGI_RL.EST"
"GUY","Guyana",2011,-0.5827673,"GOV_WGI_RL.EST"
"GUY","Guyana",2010,-0.4199294,"GOV_WGI_RL.EST"
"HTI","Haiti",2024,-1.5984001,"GOV_WGI_RL.EST"
"HTI","Haiti",2023,-1.6286966,"GOV_WGI_RL.EST"
"HTI","Haiti",2022,-1.5506771,"GOV_WGI_RL.EST"
"HTI","Haiti",2021,-1.3619646,"GOV_WGI_RL.EST"
"HTI","Haiti",2020,-1.1730346,"GOV_WGI_RL.EST"
"HTI","Haiti",2019,-1.1158813,"GOV_WGI_RL.EST"
"HTI","Haiti",2018,-1.1184931,"GOV_WGI_RL.EST"
"HTI","Haiti",2017,-1.1539583,"GOV_WGI_RL.EST"
"HTI","Haiti",2016,-1.1623518,"GOV_WGI_RL.EST"
"HTI","Haiti",2015,-1.1733335,"GOV_WGI_RL.EST"
"HTI","Haiti",2014,-1.1979795,"GOV_WGI_RL.EST"
"HTI","Haiti",2013,-1.3399091,"GOV_WGI_RL.EST"
"HTI","Haiti",2012,-1.3569223,"GOV_WGI_RL.EST"
"HTI","Haiti",2011,-1.3830924,"GOV_WGI_RL.EST"
"HTI","Haiti",2010,-1.3212388,"GOV_WGI_RL.EST"
"HND","Honduras",2024,-1.2153979,"GOV_WGI_RL.EST"
"HND","Honduras",2023,-1.1805711,"GOV_WGI_RL.EST"
"HND","Honduras",2022,-1.0677555,"GOV_WGI_RL.EST"
"HND","Honduras",2021,-1.1004242,"GOV_WGI_RL.EST"
"HND","Honduras",2020,-1.1394995,"GOV_WGI_RL.EST"
"HND","Honduras",2019,-1.0582738,"GOV_WGI_RL.EST"
"HND","Honduras",2018,-1.0737127,"GOV_WGI_RL.EST"
"HND","Honduras",2017,-1.0659771,"GOV_WGI_RL.EST"
"HND","Honduras",2016,-1.1619893,"GOV_WGI_RL.EST"
"HND","Honduras",2015,-1.1553826,"GOV_WGI_RL.EST"
"HND","Honduras",2014,-1.19228,"GOV_WGI_RL.EST"
"HND","Honduras",2013,-1.2792396,"GOV_WGI_RL.EST"
"HND","Honduras",2012,-1.2348904,"GOV_WGI_RL.EST"
"HND","Honduras",2011,-1.0594556,"GOV_WGI_RL.EST"
"HND","Honduras",2010,-1.0269893,"GOV_WGI_RL.EST"
"HKG","Hong Kong SAR, China",2024,0.9517027,"GOV_WGI_RL.EST"
"HKG","Hong Kong SAR, China",2023,0.9019456,"GOV_WGI_RL.EST"
"HKG","Hong Kong SAR, China",2022,0.8942706,"GOV_WGI_RL.EST"
"HKG","Hong Kong SAR, China",2021,1.0476171,"GOV_WGI_RL.EST"
"HKG","Hong Kong SAR, China",2020,1.1810421,"GOV_WGI_RL.EST"
"HKG","Hong Kong SAR, China",2019,1.3188689,"GOV_WGI_RL.EST"
"HKG","Hong Kong SAR, China",2018,1.4899592,"GOV_WGI_RL.EST"
"HKG","Hong Kong SAR, China",2017,1.5115368,"GOV_WGI_RL.EST"
"HKG","Hong Kong SAR, China",2016,1.6045988,"GOV_WGI_RL.EST"
"HKG","Hong Kong SAR, China",2015,1.5751633,"GOV_WGI_RL.EST"
"HKG","Hong Kong SAR, China",2014,1.5517937,"GOV_WGI_RL.EST"
"HKG","Hong Kong SAR, China",2013,1.3444279,"GOV_WGI_RL.EST"
"HKG","Hong Kong SAR, China",2012,1.4095706,"GOV_WGI_RL.EST"
"HKG","Hong Kong SAR, China",2011,1.4488786,"GOV_WGI_RL.EST"
"HKG","Hong Kong SAR, China",2010,1.3839086,"GOV_WGI_RL.EST"
"HUN","Hungary",2024,0.2023908,"GOV_WGI_RL.EST"
"HUN","Hungary",2023,0.2491987,"GOV_WGI_RL.EST"
"HUN","Hungary",2022,0.3039864,"GOV_WGI_RL.EST"
"HUN","Hungary",2021,0.3685797,"GOV_WGI_RL.EST"
"HUN","Hungary",2020,0.3739078,"GOV_WGI_RL.EST"
"HUN","Hungary",2019,0.3840759,"GOV_WGI_RL.EST"
"HUN","Hungary",2018,0.4186985,"GOV_WGI_RL.EST"
"HUN","Hungary",2017,0.4906928,"GOV_WGI_RL.EST"
"HUN","Hungary",2016,0.4828952,"GOV_WGI_RL.EST"
"HUN","Hungary",2015,0.42297,"GOV_WGI_RL.EST"
"HUN","Hungary",2014,0.3887503,"GOV_WGI_RL.EST"
"HUN","Hungary",2013,0.5397903,"GOV_WGI_RL.EST"
"HUN","Hungary",2012,0.5878505,"GOV_WGI_RL.EST"
"HUN","Hungary",2011,0.6463704,"GOV_WGI_RL.EST"
"HUN","Hungary",2010,0.5972198,"GOV_WGI_RL.EST"
"ISL","Iceland",2024,1.601,"GOV_WGI_RL.EST"
"ISL","Iceland",2023,1.566035,"GOV_WGI_RL.EST"
"ISL","Iceland",2022,1.5994351,"GOV_WGI_RL.EST"
"ISL","Iceland",2021,1.7019454,"GOV_WGI_RL.EST"
"ISL","Iceland",2020,1.68198,"GOV_WGI_RL.EST"
"ISL","Iceland",2019,1.728766,"GOV_WGI_RL.EST"
"ISL","Iceland",2018,1.7215678,"GOV_WGI_RL.EST"
"ISL","Iceland",2017,1.6523512,"GOV_WGI_RL.EST"
"ISL","Iceland",2016,1.5954344,"GOV_WGI_RL.EST"
"ISL","Iceland",2015,1.6141388,"GOV_WGI_RL.EST"
"ISL","Iceland",2014,1.6031472,"GOV_WGI_RL.EST"
"ISL","Iceland",2013,1.635198,"GOV_WGI_RL.EST"
"ISL","Iceland",2012,1.6772354,"GOV_WGI_RL.EST"
"ISL","Iceland",2011,1.6700122,"GOV_WGI_RL.EST"
"ISL","Iceland",2010,1.6123342,"GOV_WGI_RL.EST"
"IND","India",2024,-0.012521,"GOV_WGI_RL.EST"
"IND","India",2023,-0.0665941,"GOV_WGI_RL.EST"
"IND","India",2022,-0.0619553,"GOV_WGI_RL.EST"
"IND","India",2021,-0.1609352,"GOV_WGI_RL.EST"
"IND","India",2020,-0.0776172,"GOV_WGI_RL.EST"
"IND","India",2019,-0.0157278,"GOV_WGI_RL.EST"
"IND","India",2018,0.0205359,"GOV_WGI_RL.EST"
"IND","India",2017,-0.0318935,"GOV_WGI_RL.EST"
"IND","India",2016,-0.0815395,"GOV_WGI_RL.EST"
"IND","India",2015,-0.1374266,"GOV_WGI_RL.EST"
"IND","India",2014,-0.1778943,"GOV_WGI_RL.EST"
"IND","India",2013,-0.1044717,"GOV_WGI_RL.EST"
"IND","India",2012,-0.1172949,"GOV_WGI_RL.EST"
"IND","India",2011,-0.0006039,"GOV_WGI_RL.EST"
"IND","India",2010,0.0593161,"GOV_WGI_RL.EST"
"IDN","Indonesia",2024,-0.2125732,"GOV_WGI_RL.EST"
"IDN","Indonesia",2023,-0.1031173,"GOV_WGI_RL.EST"
"IDN","Indonesia",2022,-0.1480888,"GOV_WGI_RL.EST"
"IDN","Indonesia",2021,-0.1557616,"GOV_WGI_RL.EST"
"IDN","Indonesia",2020,-0.1675802,"GOV_WGI_RL.EST"
"IDN","Indonesia",2019,-0.1938865,"GOV_WGI_RL.EST"
"IDN","Indonesia",2018,-0.2225502,"GOV_WGI_RL.EST"
"IDN","Indonesia",2017,-0.3158375,"GOV_WGI_RL.EST"
"IDN","Indonesia",2016,-0.3203577,"GOV_WGI_RL.EST"
"IDN","Indonesia",2015,-0.3848651,"GOV_WGI_RL.EST"
"IDN","Indonesia",2014,-0.3194508,"GOV_WGI_RL.EST"
"IDN","Indonesia",2013,-0.4223092,"GOV_WGI_RL.EST"
"IDN","Indonesia",2012,-0.399137,"GOV_WGI_RL.EST"
"IDN","Indonesia",2011,-0.3242682,"GOV_WGI_RL.EST"
"IDN","Indonesia",2010,-0.6638604,"GOV_WGI_RL.EST"
"IRN","Iran, Islamic Rep.",2024,-1.2030866,"GOV_WGI_RL.EST"
"IRN","Iran, Islamic Rep.",2023,-1.2014407,"GOV_WGI_RL.EST"
"IRN","Iran, Islamic Rep.",2022,-1.1279695,"GOV_WGI_RL.EST"
"IRN","Iran, Islamic Rep.",2021,-1.066907,"GOV_WGI_RL.EST"
"IRN","Iran, Islamic Rep.",2020,-1.0196349,"GOV_WGI_RL.EST"
"IRN","Iran, Islamic Rep.",2019,-1.0237654,"GOV_WGI_RL.EST"
"IRN","Iran, Islamic Rep.",2018,-0.9441774,"GOV_WGI_RL.EST"
"IRN","Iran, Islamic Rep.",2017,-0.9016663,"GOV_WGI_RL.EST"
"IRN","Iran, Islamic Rep.",2016,-0.945732,"GOV_WGI_RL.EST"
"IRN","Iran, Islamic Rep.",2015,-0.9457846,"GOV_WGI_RL.EST"
"IRN","Iran, Islamic Rep.",2014,-1.2206015,"GOV_WGI_RL.EST"
"IRN","Iran, Islamic Rep.",2013,-1.1530408,"GOV_WGI_RL.EST"
"IRN","Iran, Islamic Rep.",2012,-0.9657239,"GOV_WGI_RL.EST"
"IRN","Iran, Islamic Rep.",2011,-0.9940445,"GOV_WGI_RL.EST"
"IRN","Iran, Islamic Rep.",2010,-1.0637375,"GOV_WGI_RL.EST"
"IRQ","Iraq",2024,-1.4520735,"GOV_WGI_RL.EST"
"IRQ","Iraq",2023,-1.5382983,"GOV_WGI_RL.EST"
"IRQ","Iraq",2022,-1.5064271,"GOV_WGI_RL.EST"
"IRQ","Iraq",2021,-1.4713308,"GOV_WGI_RL.EST"
"IRQ","Iraq",2020,-1.5452995,"GOV_WGI_RL.EST"
"IRQ","Iraq",2019,-1.4020533,"GOV_WGI_RL.EST"
"IRQ","Iraq",2018,-1.4563997,"GOV_WGI_RL.EST"
"IRQ","Iraq",2017,-1.5660347,"GOV_WGI_RL.EST"
"IRQ","Iraq",2016,-1.5550375,"GOV_WGI_RL.EST"
"IRQ","Iraq",2015,-1.5103091,"GOV_WGI_RL.EST"
"IRQ","Iraq",2014,-1.4753642,"GOV_WGI_RL.EST"
"IRQ","Iraq",2013,-1.4966945,"GOV_WGI_RL.EST"
"IRQ","Iraq",2012,-1.4750374,"GOV_WGI_RL.EST"
"IRQ","Iraq",2011,-1.4508307,"GOV_WGI_RL.EST"
"IRQ","Iraq",2010,-1.5932611,"GOV_WGI_RL.EST"
"IRL","Ireland",2024,1.5383985,"GOV_WGI_RL.EST"
"IRL","Ireland",2023,1.5770141,"GOV_WGI_RL.EST"
"IRL","Ireland",2022,1.4939501,"GOV_WGI_RL.EST"
"IRL","Ireland",2021,1.5394911,"GOV_WGI_RL.EST"
"IRL","Ireland",2020,1.4383863,"GOV_WGI_RL.EST"
"IRL","Ireland",2019,1.5151477,"GOV_WGI_RL.EST"
"IRL","Ireland",2018,1.5005057,"GOV_WGI_RL.EST"
"IRL","Ireland",2017,1.5186306,"GOV_WGI_RL.EST"
"IRL","Ireland",2016,1.5427772,"GOV_WGI_RL.EST"
"IRL","Ireland",2015,1.5755574,"GOV_WGI_RL.EST"
"IRL","Ireland",2014,1.5167955,"GOV_WGI_RL.EST"
"IRL","Ireland",2013,1.4810823,"GOV_WGI_RL.EST"
"IRL","Ireland",2012,1.5141374,"GOV_WGI_RL.EST"
"IRL","Ireland",2011,1.5027002,"GOV_WGI_RL.EST"
"IRL","Ireland",2010,1.4942019,"GOV_WGI_RL.EST"
"ISR","Israel",2024,0.6358185,"GOV_WGI_RL.EST"
"ISR","Israel",2023,0.6303991,"GOV_WGI_RL.EST"
"ISR","Israel",2022,0.7752117,"GOV_WGI_RL.EST"
"ISR","Israel",2021,0.8569905,"GOV_WGI_RL.EST"
"ISR","Israel",2020,0.8582508,"GOV_WGI_RL.EST"
"ISR","Israel",2019,0.914056,"GOV_WGI_RL.EST"
"ISR","Israel",2018,0.8957986,"GOV_WGI_RL.EST"
"ISR","Israel",2017,0.9673997,"GOV_WGI_RL.EST"
"ISR","Israel",2016,0.9788916,"GOV_WGI_RL.EST"
"ISR","Israel",2015,1.0157796,"GOV_WGI_RL.EST"
"ISR","Israel",2014,0.9205081,"GOV_WGI_RL.EST"
"ISR","Israel",2013,0.8617296,"GOV_WGI_RL.EST"
"ISR","Israel",2012,0.8517046,"GOV_WGI_RL.EST"
"ISR","Israel",2011,0.8658826,"GOV_WGI_RL.EST"
"ISR","Israel",2010,0.7884382,"GOV_WGI_RL.EST"
"ITA","Italy",2024,0.5630504,"GOV_WGI_RL.EST"
"ITA","Italy",2023,0.6108331,"GOV_WGI_RL.EST"
"ITA","Italy",2022,0.5588422,"GOV_WGI_RL.EST"
"ITA","Italy",2021,0.5725757,"GOV_WGI_RL.EST"
"ITA","Italy",2020,0.5118153,"GOV_WGI_RL.EST"
"ITA","Italy",2019,0.5338014,"GOV_WGI_RL.EST"
"ITA","Italy",2018,0.4178291,"GOV_WGI_RL.EST"
"ITA","Italy",2017,0.457848,"GOV_WGI_RL.EST"
"ITA","Italy",2016,0.4858358,"GOV_WGI_RL.EST"
"ITA","Italy",2015,0.4883223,"GOV_WGI_RL.EST"
"ITA","Italy",2014,0.5247908,"GOV_WGI_RL.EST"
"ITA","Italy",2013,0.5070427,"GOV_WGI_RL.EST"
"ITA","Italy",2012,0.5172892,"GOV_WGI_RL.EST"
"ITA","Italy",2011,0.5451343,"GOV_WGI_RL.EST"
"ITA","Italy",2010,0.4813304,"GOV_WGI_RL.EST"
"JAM","Jamaica",2024,-0.0897689,"GOV_WGI_RL.EST"
"JAM","Jamaica",2023,-0.0978181,"GOV_WGI_RL.EST"
"JAM","Jamaica",2022,-0.0691845,"GOV_WGI_RL.EST"
"JAM","Jamaica",2021,-0.0753606,"GOV_WGI_RL.EST"
"JAM","Jamaica",2020,-0.1043769,"GOV_WGI_RL.EST"
"JAM","Jamaica",2019,-0.1771732,"GOV_WGI_RL.EST"
"JAM","Jamaica",2018,-0.1310813,"GOV_WGI_RL.EST"
"JAM","Jamaica",2017,-0.0828246,"GOV_WGI_RL.EST"
"JAM","Jamaica",2016,-0.1334751,"GOV_WGI_RL.EST"
"JAM","Jamaica",2015,-0.134741,"GOV_WGI_RL.EST"
"JAM","Jamaica",2014,-0.2027874,"GOV_WGI_RL.EST"
"JAM","Jamaica",2013,-0.2903209,"GOV_WGI_RL.EST"
"JAM","Jamaica",2012,-0.3747291,"GOV_WGI_RL.EST"
"JAM","Jamaica",2011,-0.3052799,"GOV_WGI_RL.EST"
"JAM","Jamaica",2010,-0.4140407,"GOV_WGI_RL.EST"
"JPN","Japan",2024,1.5183606,"GOV_WGI_RL.EST"
"JPN","Japan",2023,1.511877,"GOV_WGI_RL.EST"
"JPN","Japan",2022,1.5109912,"GOV_WGI_RL.EST"
"JPN","Japan",2021,1.5312541,"GOV_WGI_RL.EST"
"JPN","Japan",2020,1.5029907,"GOV_WGI_RL.EST"
"JPN","Japan",2019,1.5068825,"GOV_WGI_RL.EST"
"JPN","Japan",2018,1.4802271,"GOV_WGI_RL.EST"
"JPN","Japan",2017,1.49256,"GOV_WGI_RL.EST"
"JPN","Japan",2016,1.4317807,"GOV_WGI_RL.EST"
"JPN","Japan",2015,1.4342083,"GOV_WGI_RL.EST"
"JPN","Japan",2014,1.454648,"GOV_WGI_RL.EST"
"JPN","Japan",2013,1.3711581,"GOV_WGI_RL.EST"
"JPN","Japan",2012,1.3353136,"GOV_WGI_RL.EST"
"JPN","Japan",2011,1.3770223,"GOV_WGI_RL.EST"
"JPN","Japan",2010,1.3193581,"GOV_WGI_RL.EST"
"JOR","Jordan",2024,0.1953916,"GOV_WGI_RL.EST"
"JOR","Jordan",2023,0.1236052,"GOV_WGI_RL.EST"
"JOR","Jordan",2022,0.0768667,"GOV_WGI_RL.EST"
"JOR","Jordan",2021,0.0390664,"GOV_WGI_RL.EST"
"JOR","Jordan",2020,0.0963699,"GOV_WGI_RL.EST"
"JOR","Jordan",2019,0.1105469,"GOV_WGI_RL.EST"
"JOR","Jordan",2018,0.1217036,"GOV_WGI_RL.EST"
"JOR","Jordan",2017,0.1727064,"GOV_WGI_RL.EST"
"JOR","Jordan",2016,0.1494456,"GOV_WGI_RL.EST"
"JOR","Jordan",2015,0.1157055,"GOV_WGI_RL.EST"
"JOR","Jordan",2014,0.1163675,"GOV_WGI_RL.EST"
"JOR","Jordan",2013,0.1536111,"GOV_WGI_RL.EST"
"JOR","Jordan",2012,0.1876706,"GOV_WGI_RL.EST"
"JOR","Jordan",2011,0.1574163,"GOV_WGI_RL.EST"
"JOR","Jordan",2010,0.0570543,"GOV_WGI_RL.EST"
"KAZ","Kazakhstan",2024,-0.4053423,"GOV_WGI_RL.EST"
"KAZ","Kazakhstan",2023,-0.4128273,"GOV_WGI_RL.EST"
"KAZ","Kazakhstan",2022,-0.4424224,"GOV_WGI_RL.EST"
"KAZ","Kazakhstan",2021,-0.4616261,"GOV_WGI_RL.EST"
"KAZ","Kazakhstan",2020,-0.4179973,"GOV_WGI_RL.EST"
"KAZ","Kazakhstan",2019,-0.4296008,"GOV_WGI_RL.EST"
"KAZ","Kazakhstan",2018,-0.363519,"GOV_WGI_RL.EST"
"KAZ","Kazakhstan",2017,-0.4516697,"GOV_WGI_RL.EST"
"KAZ","Kazakhstan",2016,-0.5002442,"GOV_WGI_RL.EST"
"KAZ","Kazakhstan",2015,-0.4847227,"GOV_WGI_RL.EST"
"KAZ","Kazakhstan",2014,-0.5950109,"GOV_WGI_RL.EST"
"KAZ","Kazakhstan",2013,-0.683082,"GOV_WGI_RL.EST"
"KAZ","Kazakhstan",2012,-0.6682969,"GOV_WGI_RL.EST"
"KAZ","Kazakhstan",2011,-0.6179722,"GOV_WGI_RL.EST"
"KAZ","Kazakhstan",2010,-0.7866141,"GOV_WGI_RL.EST"
"KEN","Kenya",2024,-0.4573678,"GOV_WGI_RL.EST"
"KEN","Kenya",2023,-0.4337379,"GOV_WGI_RL.EST"
"KEN","Kenya",2022,-0.4183186,"GOV_WGI_RL.EST"
"KEN","Kenya",2021,-0.4299899,"GOV_WGI_RL.EST"
"KEN","Kenya",2020,-0.5686628,"GOV_WGI_RL.EST"
"KEN","Kenya",2019,-0.5448539,"GOV_WGI_RL.EST"
"KEN","Kenya",2018,-0.4930524,"GOV_WGI_RL.EST"
"KEN","Kenya",2017,-0.5270034,"GOV_WGI_RL.EST"
"KEN","Kenya",2016,-0.601749,"GOV_WGI_RL.EST"
"KEN","Kenya",2015,-0.6309829,"GOV_WGI_RL.EST"
"KEN","Kenya",2014,-0.5640095,"GOV_WGI_RL.EST"
"KEN","Kenya",2013,-0.7662338,"GOV_WGI_RL.EST"
"KEN","Kenya",2012,-0.8169592,"GOV_WGI_RL.EST"
"KEN","Kenya",2011,-0.9003269,"GOV_WGI_RL.EST"
"KEN","Kenya",2010,-0.8996416,"GOV_WGI_RL.EST"
"KIR","Kiribati",2024,0.8016796,"GOV_WGI_RL.EST"
"KIR","Kiribati",2023,0.7765303,"GOV_WGI_RL.EST"
"KIR","Kiribati",2022,0.8144286,"GOV_WGI_RL.EST"
"KIR","Kiribati",2021,1.1013792,"GOV_WGI_RL.EST"
"KIR","Kiribati",2020,1.1957456,"GOV_WGI_RL.EST"
"KIR","Kiribati",2019,0.720889,"GOV_WGI_RL.EST"
"KIR","Kiribati",2018,0.4170357,"GOV_WGI_RL.EST"
"KIR","Kiribati",2017,0.5098582,"GOV_WGI_RL.EST"
"KIR","Kiribati",2016,0.4416454,"GOV_WGI_RL.EST"
"KIR","Kiribati",2015,0.4411066,"GOV_WGI_RL.EST"
"KIR","Kiribati",2014,0.4392163,"GOV_WGI_RL.EST"
"KIR","Kiribati",2013,0.4982059,"GOV_WGI_RL.EST"
"KIR","Kiribati",2012,0.4792621,"GOV_WGI_RL.EST"
"KIR","Kiribati",2011,0.4812324,"GOV_WGI_RL.EST"
"KIR","Kiribati",2010,0.4777443,"GOV_WGI_RL.EST"
"PRK","Korea, Dem. People's Rep.",2024,-1.5115449,"GOV_WGI_RL.EST"
"PRK","Korea, Dem. People's Rep.",2023,-1.4990937,"GOV_WGI_RL.EST"
"PRK","Korea, Dem. People's Rep.",2022,-1.4601279,"GOV_WGI_RL.EST"
"PRK","Korea, Dem. People's Rep.",2021,-1.6578374,"GOV_WGI_RL.EST"
"PRK","Korea, Dem. People's Rep.",2020,-1.6571204,"GOV_WGI_RL.EST"
"PRK","Korea, Dem. People's Rep.",2019,-1.6801728,"GOV_WGI_RL.EST"
"PRK","Korea, Dem. People's Rep.",2018,-1.6805573,"GOV_WGI_RL.EST"
"PRK","Korea, Dem. People's Rep.",2017,-1.7364222,"GOV_WGI_RL.EST"
"PRK","Korea, Dem. People's Rep.",2016,-1.7090853,"GOV_WGI_RL.EST"
"PRK","Korea, Dem. People's Rep.",2015,-1.7093845,"GOV_WGI_RL.EST"
"PRK","Korea, Dem. People's Rep.",2014,-1.7104343,"GOV_WGI_RL.EST"
"PRK","Korea, Dem. People's Rep.",2013,-1.4983415,"GOV_WGI_RL.EST"
"PRK","Korea, Dem. People's Rep.",2012,-1.4569366,"GOV_WGI_RL.EST"
"PRK","Korea, Dem. People's Rep.",2011,-1.2589402,"GOV_WGI_RL.EST"
"PRK","Korea, Dem. People's Rep.",2010,-1.2583557,"GOV_WGI_RL.EST"
"KOR","Korea, Rep.",2024,1.1191619,"GOV_WGI_RL.EST"
"KOR","Korea, Rep.",2023,1.1763815,"GOV_WGI_RL.EST"
"KOR","Korea, Rep.",2022,1.188863,"GOV_WGI_RL.EST"
"KOR","Korea, Rep.",2021,1.1832355,"GOV_WGI_RL.EST"
"KOR","Korea, Rep.",2020,1.1612116,"GOV_WGI_RL.EST"
"KOR","Korea, Rep.",2019,1.1129017,"GOV_WGI_RL.EST"
"KOR","Korea, Rep.",2018,1.1150271,"GOV_WGI_RL.EST"
"KOR","Korea, Rep.",2017,1.0249765,"GOV_WGI_RL.EST"
"KOR","Korea, Rep.",2016,1.0393507,"GOV_WGI_RL.EST"
"KOR","Korea, Rep.",2015,1.0113986,"GOV_WGI_RL.EST"
"KOR","Korea, Rep.",2014,1.0664183,"GOV_WGI_RL.EST"
"KOR","Korea, Rep.",2013,0.9943836,"GOV_WGI_RL.EST"
"KOR","Korea, Rep.",2012,1.0215946,"GOV_WGI_RL.EST"
"KOR","Korea, Rep.",2011,0.9275014,"GOV_WGI_RL.EST"
"KOR","Korea, Rep.",2010,0.9168905,"GOV_WGI_RL.EST"
"XKX","Kosovo",2024,0.0861463,"GOV_WGI_RL.EST"
"XKX","Kosovo",2023,-0.0447207,"GOV_WGI_RL.EST"
"XKX","Kosovo",2022,-0.1528576,"GOV_WGI_RL.EST"
"XKX","Kosovo",2021,-0.1586331,"GOV_WGI_RL.EST"
"XKX","Kosovo",2020,-0.2694238,"GOV_WGI_RL.EST"
"XKX","Kosovo",2019,-0.3241312,"GOV_WGI_RL.EST"
"XKX","Kosovo",2018,-0.2173762,"GOV_WGI_RL.EST"
"XKX","Kosovo",2017,-0.2535044,"GOV_WGI_RL.EST"
"XKX","Kosovo",2016,-0.2130831,"GOV_WGI_RL.EST"
"XKX","Kosovo",2015,-0.2573111,"GOV_WGI_RL.EST"
"XKX","Kosovo",2014,-0.3083427,"GOV_WGI_RL.EST"
"XKX","Kosovo",2013,-0.4051054,"GOV_WGI_RL.EST"
"XKX","Kosovo",2012,-0.3244019,"GOV_WGI_RL.EST"
"XKX","Kosovo",2011,-0.2595964,"GOV_WGI_RL.EST"
"XKX","Kosovo",2010,-0.2963716,"GOV_WGI_RL.EST"
"KWT","Kuwait",2024,0.2551015,"GOV_WGI_RL.EST"
"KWT","Kuwait",2023,0.2217163,"GOV_WGI_RL.EST"
"KWT","Kuwait",2022,0.2306801,"GOV_WGI_RL.EST"
"KWT","Kuwait",2021,0.1083452,"GOV_WGI_RL.EST"
"KWT","Kuwait",2020,0.1300437,"GOV_WGI_RL.EST"
"KWT","Kuwait",2019,0.0614982,"GOV_WGI_RL.EST"
"KWT","Kuwait",2018,-0.0261198,"GOV_WGI_RL.EST"
"KWT","Kuwait",2017,-0.0473951,"GOV_WGI_RL.EST"
"KWT","Kuwait",2016,-0.0655887,"GOV_WGI_RL.EST"
"KWT","Kuwait",2015,-0.0049263,"GOV_WGI_RL.EST"
"KWT","Kuwait",2014,0.0358501,"GOV_WGI_RL.EST"
"KWT","Kuwait",2013,0.3213853,"GOV_WGI_RL.EST"
"KWT","Kuwait",2012,0.3523252,"GOV_WGI_RL.EST"
"KWT","Kuwait",2011,0.3345155,"GOV_WGI_RL.EST"
"KWT","Kuwait",2010,0.3552906,"GOV_WGI_RL.EST"
"KGZ","Kyrgyz Republic",2024,-0.9698544,"GOV_WGI_RL.EST"
"KGZ","Kyrgyz Republic",2023,-0.9971608,"GOV_WGI_RL.EST"
"KGZ","Kyrgyz Republic",2022,-0.9585265,"GOV_WGI_RL.EST"
"KGZ","Kyrgyz Republic",2021,-0.9148108,"GOV_WGI_RL.EST"
"KGZ","Kyrgyz Republic",2020,-0.755993,"GOV_WGI_RL.EST"
"KGZ","Kyrgyz Republic",2019,-0.7468196,"GOV_WGI_RL.EST"
"KGZ","Kyrgyz Republic",2018,-0.6949122,"GOV_WGI_RL.EST"
"KGZ","Kyrgyz Republic",2017,-0.7144801,"GOV_WGI_RL.EST"
"KGZ","Kyrgyz Republic",2016,-0.8233366,"GOV_WGI_RL.EST"
"KGZ","Kyrgyz Republic",2015,-0.8663306,"GOV_WGI_RL.EST"
"KGZ","Kyrgyz Republic",2014,-0.8516801,"GOV_WGI_RL.EST"
"KGZ","Kyrgyz Republic",2013,-0.9700007,"GOV_WGI_RL.EST"
"KGZ","Kyrgyz Republic",2012,-0.9522649,"GOV_WGI_RL.EST"
"KGZ","Kyrgyz Republic",2011,-1.0080098,"GOV_WGI_RL.EST"
"KGZ","Kyrgyz Republic",2010,-1.1971899,"GOV_WGI_RL.EST"
"LAO","Lao PDR",2024,-0.7081184,"GOV_WGI_RL.EST"
"LAO","Lao PDR",2023,-0.8212916,"GOV_WGI_RL.EST"
"LAO","Lao PDR",2022,-0.8354289,"GOV_WGI_RL.EST"
"LAO","Lao PDR",2021,-0.7499611,"GOV_WGI_RL.EST"
"LAO","Lao PDR",2020,-0.8844152,"GOV_WGI_RL.EST"
"LAO","Lao PDR",2019,-0.9298175,"GOV_WGI_RL.EST"
"LAO","Lao PDR",2018,-0.8293628,"GOV_WGI_RL.EST"
"LAO","Lao PDR",2017,-0.780663,"GOV_WGI_RL.EST"
"LAO","Lao PDR",2016,-0.7073343,"GOV_WGI_RL.EST"
"LAO","Lao PDR",2015,-0.7293909,"GOV_WGI_RL.EST"
"LAO","Lao PDR",2014,-0.7253756,"GOV_WGI_RL.EST"
"LAO","Lao PDR",2013,-0.8148112,"GOV_WGI_RL.EST"
"LAO","Lao PDR",2012,-0.8562846,"GOV_WGI_RL.EST"
"LAO","Lao PDR",2011,-0.9098359,"GOV_WGI_RL.EST"
"LAO","Lao PDR",2010,-0.9091164,"GOV_WGI_RL.EST"
"LVA","Latvia",2024,1.0388993,"GOV_WGI_RL.EST"
"LVA","Latvia",2023,1.0422508,"GOV_WGI_RL.EST"
"LVA","Latvia",2022,1.0247783,"GOV_WGI_RL.EST"
"LVA","Latvia",2021,1.0005767,"GOV_WGI_RL.EST"
"LVA","Latvia",2020,0.9053463,"GOV_WGI_RL.EST"
"LVA","Latvia",2019,0.8729038,"GOV_WGI_RL.EST"
"LVA","Latvia",2018,0.6567475,"GOV_WGI_RL.EST"
"LVA","Latvia",2017,0.69337,"GOV_WGI_RL.EST"
"LVA","Latvia",2016,0.7087744,"GOV_WGI_RL.EST"
"LVA","Latvia",2015,0.7134223,"GOV_WGI_RL.EST"
"LVA","Latvia",2014,0.7215953,"GOV_WGI_RL.EST"
"LVA","Latvia",2013,0.616695,"GOV_WGI_RL.EST"
"LVA","Latvia",2012,0.6326005,"GOV_WGI_RL.EST"
"LVA","Latvia",2011,0.6084193,"GOV_WGI_RL.EST"
"LVA","Latvia",2010,0.7045386,"GOV_WGI_RL.EST"
"LBN","Lebanon",2024,-1.1142161,"GOV_WGI_RL.EST"
"LBN","Lebanon",2023,-1.0939925,"GOV_WGI_RL.EST"
"LBN","Lebanon",2022,-1.0538556,"GOV_WGI_RL.EST"
"LBN","Lebanon",2021,-1.0304943,"GOV_WGI_RL.EST"
"LBN","Lebanon",2020,-0.9416219,"GOV_WGI_RL.EST"
"LBN","Lebanon",2019,-0.8567128,"GOV_WGI_RL.EST"
"LBN","Lebanon",2018,-0.7644332,"GOV_WGI_RL.EST"
"LBN","Lebanon",2017,-0.803632,"GOV_WGI_RL.EST"
"LBN","Lebanon",2016,-0.8331738,"GOV_WGI_RL.EST"
"LBN","Lebanon",2015,-0.79652,"GOV_WGI_RL.EST"
"LBN","Lebanon",2014,-0.7038996,"GOV_WGI_RL.EST"
"LBN","Lebanon",2013,-0.6290633,"GOV_WGI_RL.EST"
"LBN","Lebanon",2012,-0.544474,"GOV_WGI_RL.EST"
"LBN","Lebanon",2011,-0.482794,"GOV_WGI_RL.EST"
"LBN","Lebanon",2010,-0.6285305,"GOV_WGI_RL.EST"
"LSO","Lesotho",2024,-0.4386788,"GOV_WGI_RL.EST"
"LSO","Lesotho",2023,-0.5207077,"GOV_WGI_RL.EST"
"LSO","Lesotho",2022,-0.4956298,"GOV_WGI_RL.EST"
"LSO","Lesotho",2021,-0.4310335,"GOV_WGI_RL.EST"
"LSO","Lesotho",2020,-0.3896219,"GOV_WGI_RL.EST"
"LSO","Lesotho",2019,-0.3058257,"GOV_WGI_RL.EST"
"LSO","Lesotho",2018,-0.3350431,"GOV_WGI_RL.EST"
"LSO","Lesotho",2017,-0.2326761,"GOV_WGI_RL.EST"
"LSO","Lesotho",2016,-0.159233,"GOV_WGI_RL.EST"
"LSO","Lesotho",2015,-0.1094495,"GOV_WGI_RL.EST"
"LSO","Lesotho",2014,-0.1329544,"GOV_WGI_RL.EST"
"LSO","Lesotho",2013,-0.2057491,"GOV_WGI_RL.EST"
"LSO","Lesotho",2012,-0.2006145,"GOV_WGI_RL.EST"
"LSO","Lesotho",2011,-0.2354765,"GOV_WGI_RL.EST"
"LSO","Lesotho",2010,-0.2432231,"GOV_WGI_RL.EST"
"LBR","Liberia",2024,-0.8817422,"GOV_WGI_RL.EST"
"LBR","Liberia",2023,-0.9025178,"GOV_WGI_RL.EST"
"LBR","Liberia",2022,-0.8739812,"GOV_WGI_RL.EST"
"LBR","Liberia",2021,-0.8395731,"GOV_WGI_RL.EST"
"LBR","Liberia",2020,-0.8597694,"GOV_WGI_RL.EST"
"LBR","Liberia",2019,-0.8597272,"GOV_WGI_RL.EST"
"LBR","Liberia",2018,-0.8299928,"GOV_WGI_RL.EST"
"LBR","Liberia",2017,-0.7889533,"GOV_WGI_RL.EST"
"LBR","Liberia",2016,-0.8070346,"GOV_WGI_RL.EST"
"LBR","Liberia",2015,-0.7993342,"GOV_WGI_RL.EST"
"LBR","Liberia",2014,-0.7792258,"GOV_WGI_RL.EST"
"LBR","Liberia",2013,-0.866017,"GOV_WGI_RL.EST"
"LBR","Liberia",2012,-0.863139,"GOV_WGI_RL.EST"
"LBR","Liberia",2011,-0.8992138,"GOV_WGI_RL.EST"
"LBR","Liberia",2010,-0.9130168,"GOV_WGI_RL.EST"
"LBY","Libya",2024,-1.7139841,"GOV_WGI_RL.EST"
"LBY","Libya",2023,-1.6848416,"GOV_WGI_RL.EST"
"LBY","Libya",2022,-1.7565885,"GOV_WGI_RL.EST"
"LBY","Libya",2021,-1.5686183,"GOV_WGI_RL.EST"
"LBY","Libya",2020,-1.6380273,"GOV_WGI_RL.EST"
"LBY","Libya",2019,-1.6147779,"GOV_WGI_RL.EST"
"LBY","Libya",2018,-1.5409574,"GOV_WGI_RL.EST"
"LBY","Libya",2017,-1.5774853,"GOV_WGI_RL.EST"
"LBY","Libya",2016,-1.6736486,"GOV_WGI_RL.EST"
"LBY","Libya",2015,-1.736292,"GOV_WGI_RL.EST"
"LBY","Libya",2014,-1.5592325,"GOV_WGI_RL.EST"
"LBY","Libya",2013,-1.3565282,"GOV_WGI_RL.EST"
"LBY","Libya",2012,-0.9905215,"GOV_WGI_RL.EST"
"LBY","Libya",2011,-1.1383941,"GOV_WGI_RL.EST"
"LBY","Libya",2010,-1.1415835,"GOV_WGI_RL.EST"
"LIE","Liechtenstein",2024,1.7449645,"GOV_WGI_RL.EST"
"LIE","Liechtenstein",2023,1.7450393,"GOV_WGI_RL.EST"
"LIE","Liechtenstein",2022,1.7466434,"GOV_WGI_RL.EST"
"LIE","Liechtenstein",2021,1.6459798,"GOV_WGI_RL.EST"
"LIE","Liechtenstein",2020,1.6466398,"GOV_WGI_RL.EST"
"LIE","Liechtenstein",2019,1.6451296,"GOV_WGI_RL.EST"
"LIE","Liechtenstein",2018,1.6451898,"GOV_WGI_RL.EST"
"LIE","Liechtenstein",2017,1.6323771,"GOV_WGI_RL.EST"
"LIE","Liechtenstein",2016,1.6328581,"GOV_WGI_RL.EST"
"LIE","Liechtenstein",2015,1.658963,"GOV_WGI_RL.EST"
"LIE","Liechtenstein",2014,1.6573553,"GOV_WGI_RL.EST"
"LIE","Liechtenstein",2013,1.5897991,"GOV_WGI_RL.EST"
"LIE","Liechtenstein",2012,1.5924754,"GOV_WGI_RL.EST"
"LIE","Liechtenstein",2011,1.6545632,"GOV_WGI_RL.EST"
"LIE","Liechtenstein",2010,1.6781597,"GOV_WGI_RL.EST"
"LTU","Lithuania",2024,1.3217449,"GOV_WGI_RL.EST"
"LTU","Lithuania",2023,1.316723,"GOV_WGI_RL.EST"
"LTU","Lithuania",2022,1.2231429,"GOV_WGI_RL.EST"
"LTU","Lithuania",2021,1.2140233,"GOV_WGI_RL.EST"
"LTU","Lithuania",2020,1.0295744,"GOV_WGI_RL.EST"
"LTU","Lithuania",2019,1.0621977,"GOV_WGI_RL.EST"
"LTU","Lithuania",2018,0.7460734,"GOV_WGI_RL.EST"
"LTU","Lithuania",2017,0.8781658,"GOV_WGI_RL.EST"
"LTU","Lithuania",2016,0.9238706,"GOV_WGI_RL.EST"
"LTU","Lithuania",2015,0.8671217,"GOV_WGI_RL.EST"
"LTU","Lithuania",2014,0.7709509,"GOV_WGI_RL.EST"
"LTU","Lithuania",2013,0.6145124,"GOV_WGI_RL.EST"
"LTU","Lithuania",2012,0.609111,"GOV_WGI_RL.EST"
"LTU","Lithuania",2011,0.572793,"GOV_WGI_RL.EST"
"LTU","Lithuania",2010,0.6229821,"GOV_WGI_RL.EST"
"LUX","Luxembourg",2024,1.7373938,"GOV_WGI_RL.EST"
"LUX","Luxembourg",2023,1.7334852,"GOV_WGI_RL.EST"
"LUX","Luxembourg",2022,1.7651581,"GOV_WGI_RL.EST"
"LUX","Luxembourg",2021,1.7460092,"GOV_WGI_RL.EST"
"LUX","Luxembourg",2020,1.7471301,"GOV_WGI_RL.EST"
"LUX","Luxembourg",2019,1.8275786,"GOV_WGI_RL.EST"
"LUX","Luxembourg",2018,1.8415546,"GOV_WGI_RL.EST"
"LUX","Luxembourg",2017,1.7791407,"GOV_WGI_RL.EST"
"LUX","Luxembourg",2016,1.7835097,"GOV_WGI_RL.EST"
"LUX","Luxembourg",2015,1.7930043,"GOV_WGI_RL.EST"
"LUX","Luxembourg",2014,1.7327896,"GOV_WGI_RL.EST"
"LUX","Luxembourg",2013,1.7474695,"GOV_WGI_RL.EST"
"LUX","Luxembourg",2012,1.7620936,"GOV_WGI_RL.EST"
"LUX","Luxembourg",2011,1.736428,"GOV_WGI_RL.EST"
"LUX","Luxembourg",2010,1.7203572,"GOV_WGI_RL.EST"
"MAC","Macao SAR, China",2024,0.8553224,"GOV_WGI_RL.EST"
"MAC","Macao SAR, China",2023,0.7820383,"GOV_WGI_RL.EST"
"MAC","Macao SAR, China",2022,0.7840135,"GOV_WGI_RL.EST"
"MAC","Macao SAR, China",2021,0.7860433,"GOV_WGI_RL.EST"
"MAC","Macao SAR, China",2020,0.8601573,"GOV_WGI_RL.EST"
"MAC","Macao SAR, China",2019,0.9282011,"GOV_WGI_RL.EST"
"MAC","Macao SAR, China",2018,0.9865538,"GOV_WGI_RL.EST"
"MAC","Macao SAR, China",2017,0.926105,"GOV_WGI_RL.EST"
"MAC","Macao SAR, China",2016,0.9265843,"GOV_WGI_RL.EST"
"MAC","Macao SAR, China",2015,0.9261277,"GOV_WGI_RL.EST"
"MAC","Macao SAR, China",2014,0.8639993,"GOV_WGI_RL.EST"
"MAC","Macao SAR, China",2013,0.5948631,"GOV_WGI_RL.EST"
"MAC","Macao SAR, China",2012,0.5975302,"GOV_WGI_RL.EST"
"MAC","Macao SAR, China",2011,0.7199316,"GOV_WGI_RL.EST"
"MAC","Macao SAR, China",2010,0.7169751,"GOV_WGI_RL.EST"
"MDG","Madagascar",2024,-0.8816876,"GOV_WGI_RL.EST"
"MDG","Madagascar",2023,-0.9504825,"GOV_WGI_RL.EST"
"MDG","Madagascar",2022,-0.9703646,"GOV_WGI_RL.EST"
"MDG","Madagascar",2021,-0.8764661,"GOV_WGI_RL.EST"
"MDG","Madagascar",2020,-0.8433405,"GOV_WGI_RL.EST"
"MDG","Madagascar",2019,-0.8437956,"GOV_WGI_RL.EST"
"MDG","Madagascar",2018,-0.7825029,"GOV_WGI_RL.EST"
"MDG","Madagascar",2017,-0.7828487,"GOV_WGI_RL.EST"
"MDG","Madagascar",2016,-0.7398408,"GOV_WGI_RL.EST"
"MDG","Madagascar",2015,-0.787641,"GOV_WGI_RL.EST"
"MDG","Madagascar",2014,-0.9159139,"GOV_WGI_RL.EST"
"MDG","Madagascar",2013,-1.0178937,"GOV_WGI_RL.EST"
"MDG","Madagascar",2012,-0.8397002,"GOV_WGI_RL.EST"
"MDG","Madagascar",2011,-0.8567367,"GOV_WGI_RL.EST"
"MDG","Madagascar",2010,-0.8540332,"GOV_WGI_RL.EST"
"MWI","Malawi",2024,-0.1261197,"GOV_WGI_RL.EST"
"MWI","Malawi",2023,-0.1178738,"GOV_WGI_RL.EST"
"MWI","Malawi",2022,-0.2214785,"GOV_WGI_RL.EST"
"MWI","Malawi",2021,-0.2509122,"GOV_WGI_RL.EST"
"MWI","Malawi",2020,-0.2696707,"GOV_WGI_RL.EST"
"MWI","Malawi",2019,-0.3161013,"GOV_WGI_RL.EST"
"MWI","Malawi",2018,-0.3039578,"GOV_WGI_RL.EST"
"MWI","Malawi",2017,-0.2613549,"GOV_WGI_RL.EST"
"MWI","Malawi",2016,-0.3441848,"GOV_WGI_RL.EST"
"MWI","Malawi",2015,-0.3201844,"GOV_WGI_RL.EST"
"MWI","Malawi",2014,-0.3296968,"GOV_WGI_RL.EST"
"MWI","Malawi",2013,-0.2632014,"GOV_WGI_RL.EST"
"MWI","Malawi",2012,-0.3169171,"GOV_WGI_RL.EST"
"MWI","Malawi",2011,-0.1960634,"GOV_WGI_RL.EST"
"MWI","Malawi",2010,-0.1373669,"GOV_WGI_RL.EST"
"MYS","Malaysia",2024,0.3706487,"GOV_WGI_RL.EST"
"MYS","Malaysia",2023,0.3489412,"GOV_WGI_RL.EST"
"MYS","Malaysia",2022,0.3283356,"GOV_WGI_RL.EST"
"MYS","Malaysia",2021,0.337293,"GOV_WGI_RL.EST"
"MYS","Malaysia",2020,0.3791556,"GOV_WGI_RL.EST"
"MYS","Malaysia",2019,0.3504778,"GOV_WGI_RL.EST"
"MYS","Malaysia",2018,0.306784,"GOV_WGI_RL.EST"
"MYS","Malaysia",2017,0.1596615,"GOV_WGI_RL.EST"
"MYS","Malaysia",2016,0.1237086,"GOV_WGI_RL.EST"
"MYS","Malaysia",2015,0.1334346,"GOV_WGI_RL.EST"
"MYS","Malaysia",2014,0.2634805,"GOV_WGI_RL.EST"
"MYS","Malaysia",2013,0.2111854,"GOV_WGI_RL.EST"
"MYS","Malaysia",2012,0.2604122,"GOV_WGI_RL.EST"
"MYS","Malaysia",2011,0.1711069,"GOV_WGI_RL.EST"
"MYS","Malaysia",2010,0.2490593,"GOV_WGI_RL.EST"
"MDV","Maldives",2024,0.1160556,"GOV_WGI_RL.EST"
"MDV","Maldives",2023,0.1200256,"GOV_WGI_RL.EST"
"MDV","Maldives",2022,0.1397236,"GOV_WGI_RL.EST"
"MDV","Maldives",2021,-0.1157259,"GOV_WGI_RL.EST"
"MDV","Maldives",2020,-0.303136,"GOV_WGI_RL.EST"
"MDV","Maldives",2019,-0.4335117,"GOV_WGI_RL.EST"
"MDV","Maldives",2018,-0.5794996,"GOV_WGI_RL.EST"
"MDV","Maldives",2017,-0.6390907,"GOV_WGI_RL.EST"
"MDV","Maldives",2016,-0.570504,"GOV_WGI_RL.EST"
"MDV","Maldives",2015,-0.6017125,"GOV_WGI_RL.EST"
"MDV","Maldives",2014,-0.5009812,"GOV_WGI_RL.EST"
"MDV","Maldives",2013,-0.7307659,"GOV_WGI_RL.EST"
"MDV","Maldives",2012,-0.496765,"GOV_WGI_RL.EST"
"MDV","Maldives",2011,-0.4458432,"GOV_WGI_RL.EST"
"MDV","Maldives",2010,-0.1409904,"GOV_WGI_RL.EST"
"MLI","Mali",2024,-1.0755106,"GOV_WGI_RL.EST"
"MLI","Mali",2023,-1.0249253,"GOV_WGI_RL.EST"
"MLI","Mali",2022,-1.0133517,"GOV_WGI_RL.EST"
"MLI","Mali",2021,-0.8666707,"GOV_WGI_RL.EST"
"MLI","Mali",2020,-0.827912,"GOV_WGI_RL.EST"
"MLI","Mali",2019,-0.7682782,"GOV_WGI_RL.EST"
"MLI","Mali",2018,-0.7320458,"GOV_WGI_RL.EST"
"MLI","Mali",2017,-0.7371584,"GOV_WGI_RL.EST"
"MLI","Mali",2016,-0.7452328,"GOV_WGI_RL.EST"
"MLI","Mali",2015,-0.7460171,"GOV_WGI_RL.EST"
"MLI","Mali",2014,-0.686265,"GOV_WGI_RL.EST"
"MLI","Mali",2013,-0.792683,"GOV_WGI_RL.EST"
"MLI","Mali",2012,-0.7239166,"GOV_WGI_RL.EST"
"MLI","Mali",2011,-0.4286078,"GOV_WGI_RL.EST"
"MLI","Mali",2010,-0.3826395,"GOV_WGI_RL.EST"
"MLT","Malta",2024,0.7013028,"GOV_WGI_RL.EST"
"MLT","Malta",2023,0.8215523,"GOV_WGI_RL.EST"
"MLT","Malta",2022,0.8778492,"GOV_WGI_RL.EST"
"MLT","Malta",2021,0.8822314,"GOV_WGI_RL.EST"
"MLT","Malta",2020,0.8876394,"GOV_WGI_RL.EST"
"MLT","Malta",2019,1.0209007,"GOV_WGI_RL.EST"
"MLT","Malta",2018,1.0681801,"GOV_WGI_RL.EST"
"MLT","Malta",2017,1.1343476,"GOV_WGI_RL.EST"
"MLT","Malta",2016,1.061619,"GOV_WGI_RL.EST"
"MLT","Malta",2015,1.1037929,"GOV_WGI_RL.EST"
"MLT","Malta",2014,1.0357631,"GOV_WGI_RL.EST"
"MLT","Malta",2013,1.2313074,"GOV_WGI_RL.EST"
"MLT","Malta",2012,1.267035,"GOV_WGI_RL.EST"
"MLT","Malta",2011,1.2448722,"GOV_WGI_RL.EST"
"MLT","Malta",2010,1.4449452,"GOV_WGI_RL.EST"
"MHL","Marshall Islands",2024,0.877483,"GOV_WGI_RL.EST"
"MHL","Marshall Islands",2023,0.8775854,"GOV_WGI_RL.EST"
"MHL","Marshall Islands",2022,0.8797827,"GOV_WGI_RL.EST"
"MHL","Marshall Islands",2021,0.8280871,"GOV_WGI_RL.EST"
"MHL","Marshall Islands",2020,0.8290265,"GOV_WGI_RL.EST"
"MHL","Marshall Islands",2019,0.8961839,"GOV_WGI_RL.EST"
"MHL","Marshall Islands",2018,0.6073149,"GOV_WGI_RL.EST"
"MHL","Marshall Islands",2017,0.7068026,"GOV_WGI_RL.EST"
"MHL","Marshall Islands",2016,0.7075418,"GOV_WGI_RL.EST"
"MHL","Marshall Islands",2015,0.7068375,"GOV_WGI_RL.EST"
"MHL","Marshall Islands",2014,0.6938982,"GOV_WGI_RL.EST"
"MHL","Marshall Islands",2013,0.6902263,"GOV_WGI_RL.EST"
"MHL","Marshall Islands",2012,0.6563527,"GOV_WGI_RL.EST"
"MHL","Marshall Islands",2011,0.6591992,"GOV_WGI_RL.EST"
"MHL","Marshall Islands",2010,1.0110676,"GOV_WGI_RL.EST"
"MRT","Mauritania",2024,-0.8466644,"GOV_WGI_RL.EST"
"MRT","Mauritania",2023,-0.8419589,"GOV_WGI_RL.EST"
"MRT","Mauritania",2022,-0.8406336,"GOV_WGI_RL.EST"
"MRT","Mauritania",2021,-0.8632005,"GOV_WGI_RL.EST"
"MRT","Mauritania",2020,-0.7430656,"GOV_WGI_RL.EST"
"MRT","Mauritania",2019,-0.7719981,"GOV_WGI_RL.EST"
"MRT","Mauritania",2018,-0.817937,"GOV_WGI_RL.EST"
"MRT","Mauritania",2017,-0.7809491,"GOV_WGI_RL.EST"
"MRT","Mauritania",2016,-0.8888271,"GOV_WGI_RL.EST"
"MRT","Mauritania",2015,-0.9515185,"GOV_WGI_RL.EST"
"MRT","Mauritania",2014,-0.9697226,"GOV_WGI_RL.EST"
"MRT","Mauritania",2013,-1.0620921,"GOV_WGI_RL.EST"
"MRT","Mauritania",2012,-0.9936561,"GOV_WGI_RL.EST"
"MRT","Mauritania",2011,-0.9563773,"GOV_WGI_RL.EST"
"MRT","Mauritania",2010,-0.8837036,"GOV_WGI_RL.EST"
"MUS","Mauritius",2024,0.6978625,"GOV_WGI_RL.EST"
"MUS","Mauritius",2023,0.720559,"GOV_WGI_RL.EST"
"MUS","Mauritius",2022,0.7203759,"GOV_WGI_RL.EST"
"MUS","Mauritius",2021,0.7553415,"GOV_WGI_RL.EST"
"MUS","Mauritius",2020,0.9487347,"GOV_WGI_RL.EST"
"MUS","Mauritius",2019,0.9247455,"GOV_WGI_RL.EST"
"MUS","Mauritius",2018,0.9471334,"GOV_WGI_RL.EST"
"MUS","Mauritius",2017,0.9524699,"GOV_WGI_RL.EST"
"MUS","Mauritius",2016,0.9891723,"GOV_WGI_RL.EST"
"MUS","Mauritius",2015,0.910151,"GOV_WGI_RL.EST"
"MUS","Mauritius",2014,0.9779229,"GOV_WGI_RL.EST"
"MUS","Mauritius",2013,0.9336341,"GOV_WGI_RL.EST"
"MUS","Mauritius",2012,1.0035024,"GOV_WGI_RL.EST"
"MUS","Mauritius",2011,0.8864629,"GOV_WGI_RL.EST"
"MUS","Mauritius",2010,0.8604511,"GOV_WGI_RL.EST"
"MEX","Mexico",2024,-1.1147408,"GOV_WGI_RL.EST"
"MEX","Mexico",2023,-1.0733045,"GOV_WGI_RL.EST"
"MEX","Mexico",2022,-1.0602143,"GOV_WGI_RL.EST"
"MEX","Mexico",2021,-0.9888321,"GOV_WGI_RL.EST"
"MEX","Mexico",2020,-0.9496379,"GOV_WGI_RL.EST"
"MEX","Mexico",2019,-0.8661315,"GOV_WGI_RL.EST"
"MEX","Mexico",2018,-0.8066755,"GOV_WGI_RL.EST"
"MEX","Mexico",2017,-0.7120584,"GOV_WGI_RL.EST"
"MEX","Mexico",2016,-0.6474156,"GOV_WGI_RL.EST"
"MEX","Mexico",2015,-0.6621419,"GOV_WGI_RL.EST"
"MEX","Mexico",2014,-0.5893074,"GOV_WGI_RL.EST"
"MEX","Mexico",2013,-0.6605803,"GOV_WGI_RL.EST"
"MEX","Mexico",2012,-0.6195842,"GOV_WGI_RL.EST"
"MEX","Mexico",2011,-0.6126498,"GOV_WGI_RL.EST"
"MEX","Mexico",2010,-0.5242388,"GOV_WGI_RL.EST"
"FSM","Micronesia, Fed. Sts.",2024,1.016465,"GOV_WGI_RL.EST"
"FSM","Micronesia, Fed. Sts.",2023,1.0165674,"GOV_WGI_RL.EST"
"FSM","Micronesia, Fed. Sts.",2022,1.0187647,"GOV_WGI_RL.EST"
"FSM","Micronesia, Fed. Sts.",2021,0.9293408,"GOV_WGI_RL.EST"
"FSM","Micronesia, Fed. Sts.",2020,0.7217047,"GOV_WGI_RL.EST"
"FSM","Micronesia, Fed. Sts.",2019,0.3400509,"GOV_WGI_RL.EST"
"FSM","Micronesia, Fed. Sts.",2018,0.1376719,"GOV_WGI_RL.EST"
"FSM","Micronesia, Fed. Sts.",2017,0.2584649,"GOV_WGI_RL.EST"
"FSM","Micronesia, Fed. Sts.",2016,0.2590469,"GOV_WGI_RL.EST"
"FSM","Micronesia, Fed. Sts.",2015,0.2584924,"GOV_WGI_RL.EST"
"FSM","Micronesia, Fed. Sts.",2014,0.2565468,"GOV_WGI_RL.EST"
"FSM","Micronesia, Fed. Sts.",2013,0.3783127,"GOV_WGI_RL.EST"
"FSM","Micronesia, Fed. Sts.",2012,0.3815513,"GOV_WGI_RL.EST"
"FSM","Micronesia, Fed. Sts.",2011,0.3831897,"GOV_WGI_RL.EST"
"FSM","Micronesia, Fed. Sts.",2010,0.6584823,"GOV_WGI_RL.EST"
"MDA","Moldova",2024,-0.1592122,"GOV_WGI_RL.EST"
"MDA","Moldova",2023,-0.1914933,"GOV_WGI_RL.EST"
"MDA","Moldova",2022,-0.1980887,"GOV_WGI_RL.EST"
"MDA","Moldova",2021,-0.2482334,"GOV_WGI_RL.EST"
"MDA","Moldova",2020,-0.3708583,"GOV_WGI_RL.EST"
"MDA","Moldova",2019,-0.3705987,"GOV_WGI_RL.EST"
"MDA","Moldova",2018,-0.396312,"GOV_WGI_RL.EST"
"MDA","Moldova",2017,-0.4241841,"GOV_WGI_RL.EST"
"MDA","Moldova",2016,-0.4183247,"GOV_WGI_RL.EST"
"MDA","Moldova",2015,-0.4166549,"GOV_WGI_RL.EST"
"MDA","Moldova",2014,-0.3509448,"GOV_WGI_RL.EST"
"MDA","Moldova",2013,-0.3972197,"GOV_WGI_RL.EST"
"MDA","Moldova",2012,-0.3357029,"GOV_WGI_RL.EST"
"MDA","Moldova",2011,-0.2621659,"GOV_WGI_RL.EST"
"MDA","Moldova",2010,-0.3248459,"GOV_WGI_RL.EST"
"MCO","Monaco",2024,1.3583685,"GOV_WGI_RL.EST"
"MCO","Monaco",2023,1.35854,"GOV_WGI_RL.EST"
"MCO","Monaco",2022,1.3622196,"GOV_WGI_RL.EST"
"MCO","Monaco",2021,1.3955446,"GOV_WGI_RL.EST"
"MCO","Monaco",2020,1.3972873,"GOV_WGI_RL.EST"
"MCO","Monaco",2019,1.5666127,"GOV_WGI_RL.EST"
"MCO","Monaco",2018,1.5667715,"GOV_WGI_RL.EST"
"MCO","Monaco",2017,1.6128959,"GOV_WGI_RL.EST"
"MCO","Monaco",2016,1.6140272,"GOV_WGI_RL.EST"
"MCO","Monaco",2015,1.6129493,"GOV_WGI_RL.EST"
"MCO","Monaco",2014,1.2502326,"GOV_WGI_RL.EST"
"MCO","Monaco",2013,1.2425045,"GOV_WGI_RL.EST"
"MCO","Monaco",2012,1.2543464,"GOV_WGI_RL.EST"
"MCO","Monaco",2011,1.2603371,"GOV_WGI_RL.EST"
"MCO","Monaco",2010,1.2472103,"GOV_WGI_RL.EST"
"MNG","Mongolia",2024,-0.1333768,"GOV_WGI_RL.EST"
"MNG","Mongolia",2023,-0.2032804,"GOV_WGI_RL.EST"
"MNG","Mongolia",2022,-0.1504832,"GOV_WGI_RL.EST"
"MNG","Mongolia",2021,-0.1820379,"GOV_WGI_RL.EST"
"MNG","Mongolia",2020,-0.1782086,"GOV_WGI_RL.EST"
"MNG","Mongolia",2019,-0.1917444,"GOV_WGI_RL.EST"
"MNG","Mongolia",2018,-0.1659375,"GOV_WGI_RL.EST"
"MNG","Mongolia",2017,-0.156819,"GOV_WGI_RL.EST"
"MNG","Mongolia",2016,-0.1313462,"GOV_WGI_RL.EST"
"MNG","Mongolia",2015,-0.2113144,"GOV_WGI_RL.EST"
"MNG","Mongolia",2014,-0.2370445,"GOV_WGI_RL.EST"
"MNG","Mongolia",2013,-0.2365174,"GOV_WGI_RL.EST"
"MNG","Mongolia",2012,-0.216412,"GOV_WGI_RL.EST"
"MNG","Mongolia",2011,-0.2033248,"GOV_WGI_RL.EST"
"MNG","Mongolia",2010,-0.2875509,"GOV_WGI_RL.EST"
"MNE","Montenegro",2024,0.1844152,"GOV_WGI_RL.EST"
"MNE","Montenegro",2023,0.1293242,"GOV_WGI_RL.EST"
"MNE","Montenegro",2022,-0.0335726,"GOV_WGI_RL.EST"
"MNE","Montenegro",2021,0.0312344,"GOV_WGI_RL.EST"
"MNE","Montenegro",2020,0.1077886,"GOV_WGI_RL.EST"
"MNE","Montenegro",2019,0.0963757,"GOV_WGI_RL.EST"
"MNE","Montenegro",2018,0.0813325,"GOV_WGI_RL.EST"
"MNE","Montenegro",2017,-0.0694227,"GOV_WGI_RL.EST"
"MNE","Montenegro",2016,-0.0144261,"GOV_WGI_RL.EST"
"MNE","Montenegro",2015,0.0065452,"GOV_WGI_RL.EST"
"MNE","Montenegro",2014,-0.0281131,"GOV_WGI_RL.EST"
"MNE","Montenegro",2013,-0.0261039,"GOV_WGI_RL.EST"
"MNE","Montenegro",2012,-0.0586742,"GOV_WGI_RL.EST"
"MNE","Montenegro",2011,-0.1497671,"GOV_WGI_RL.EST"
"MNE","Montenegro",2010,-0.0987092,"GOV_WGI_RL.EST"
"MAR","Morocco",2024,-0.333096,"GOV_WGI_RL.EST"
"MAR","Morocco",2023,-0.3753342,"GOV_WGI_RL.EST"
"MAR","Morocco",2022,-0.4241877,"GOV_WGI_RL.EST"
"MAR","Morocco",2021,-0.4195244,"GOV_WGI_RL.EST"
"MAR","Morocco",2020,-0.2969523,"GOV_WGI_RL.EST"
"MAR","Morocco",2019,-0.305738,"GOV_WGI_RL.EST"
"MAR","Morocco",2018,-0.3106371,"GOV_WGI_RL.EST"
"MAR","Morocco",2017,-0.3603312,"GOV_WGI_RL.EST"
"MAR","Morocco",2016,-0.2779122,"GOV_WGI_RL.EST"
"MAR","Morocco",2015,-0.3500977,"GOV_WGI_RL.EST"
"MAR","Morocco",2014,-0.3580666,"GOV_WGI_RL.EST"
"MAR","Morocco",2013,-0.4165983,"GOV_WGI_RL.EST"
"MAR","Morocco",2012,-0.321699,"GOV_WGI_RL.EST"
"MAR","Morocco",2011,-0.3624276,"GOV_WGI_RL.EST"
"MAR","Morocco",2010,-0.3661926,"GOV_WGI_RL.EST"
"MOZ","Mozambique",2024,-1.1212296,"GOV_WGI_RL.EST"
"MOZ","Mozambique",2023,-1.0971632,"GOV_WGI_RL.EST"
"MOZ","Mozambique",2022,-1.0663753,"GOV_WGI_RL.EST"
"MOZ","Mozambique",2021,-1.0472501,"GOV_WGI_RL.EST"
"MOZ","Mozambique",2020,-1.0232914,"GOV_WGI_RL.EST"
"MOZ","Mozambique",2019,-0.9561623,"GOV_WGI_RL.EST"
"MOZ","Mozambique",2018,-0.9761058,"GOV_WGI_RL.EST"
"MOZ","Mozambique",2017,-0.9950011,"GOV_WGI_RL.EST"
"MOZ","Mozambique",2016,-0.9972082,"GOV_WGI_RL.EST"
"MOZ","Mozambique",2015,-0.8503238,"GOV_WGI_RL.EST"
"MOZ","Mozambique",2014,-0.879723,"GOV_WGI_RL.EST"
"MOZ","Mozambique",2013,-0.9246061,"GOV_WGI_RL.EST"
"MOZ","Mozambique",2012,-0.6537364,"GOV_WGI_RL.EST"
"MOZ","Mozambique",2011,-0.7683809,"GOV_WGI_RL.EST"
"MOZ","Mozambique",2010,-0.6068317,"GOV_WGI_RL.EST"
"MMR","Myanmar",2024,-1.786863,"GOV_WGI_RL.EST"
"MMR","Myanmar",2023,-1.6982401,"GOV_WGI_RL.EST"
"MMR","Myanmar",2022,-1.6412668,"GOV_WGI_RL.EST"
"MMR","Myanmar",2021,-1.5646169,"GOV_WGI_RL.EST"
"MMR","Myanmar",2020,-1.1577237,"GOV_WGI_RL.EST"
"MMR","Myanmar",2019,-1.1547705,"GOV_WGI_RL.EST"
"MMR","Myanmar",2018,-1.1429035,"GOV_WGI_RL.EST"
"MMR","Myanmar",2017,-1.0513374,"GOV_WGI_RL.EST"
"MMR","Myanmar",2016,-1.0089651,"GOV_WGI_RL.EST"
"MMR","Myanmar",2015,-1.1921009,"GOV_WGI_RL.EST"
"MMR","Myanmar",2014,-1.1914352,"GOV_WGI_RL.EST"
"MMR","Myanmar",2013,-1.201242,"GOV_WGI_RL.EST"
"MMR","Myanmar",2012,-1.3340942,"GOV_WGI_RL.EST"
"MMR","Myanmar",2011,-1.3540038,"GOV_WGI_RL.EST"
"MMR","Myanmar",2010,-1.4412983,"GOV_WGI_RL.EST"
"NAM","Namibia",2024,0.3867019,"GOV_WGI_RL.EST"
"NAM","Namibia",2023,0.3348667,"GOV_WGI_RL.EST"
"NAM","Namibia",2022,0.3307431,"GOV_WGI_RL.EST"
"NAM","Namibia",2021,0.2934219,"GOV_WGI_RL.EST"
"NAM","Namibia",2020,0.2258846,"GOV_WGI_RL.EST"
"NAM","Namibia",2019,0.2267638,"GOV_WGI_RL.EST"
"NAM","Namibia",2018,0.2241791,"GOV_WGI_RL.EST"
"NAM","Namibia",2017,0.2661255,"GOV_WGI_RL.EST"
"NAM","Namibia",2016,0.3610744,"GOV_WGI_RL.EST"
"NAM","Namibia",2015,0.3183674,"GOV_WGI_RL.EST"
"NAM","Namibia",2014,0.2590746,"GOV_WGI_RL.EST"
"NAM","Namibia",2013,0.2828425,"GOV_WGI_RL.EST"
"NAM","Namibia",2012,0.2821183,"GOV_WGI_RL.EST"
"NAM","Namibia",2011,0.2309954,"GOV_WGI_RL.EST"
"NAM","Namibia",2010,0.3570807,"GOV_WGI_RL.EST"
"NRU","Naoero",2024,0.27123,"GOV_WGI_RL.EST"
"NRU","Naoero",2023,0.3629603,"GOV_WGI_RL.EST"
"NRU","Naoero",2022,0.3660452,"GOV_WGI_RL.EST"
"NRU","Naoero",2021,0.2214638,"GOV_WGI_RL.EST"
"NRU","Naoero",2020,0.2228643,"GOV_WGI_RL.EST"
"NRU","Naoero",2019,0.2247884,"GOV_WGI_RL.EST"
"NRU","Naoero",2018,0.2128604,"GOV_WGI_RL.EST"
"NRU","Naoero",2017,0.3804259,"GOV_WGI_RL.EST"
"NRU","Naoero",2016,0.2232434,"GOV_WGI_RL.EST"
"NRU","Naoero",2015,0.3409577,"GOV_WGI_RL.EST"
"NRU","Naoero",2014,0.8754272,"GOV_WGI_RL.EST"
"NRU","Naoero",2013,1.0823671,"GOV_WGI_RL.EST"
"NRU","Naoero",2012,1.2001337,"GOV_WGI_RL.EST"
"NRU","Naoero",2011,1.0488101,"GOV_WGI_RL.EST"
"NRU","Naoero",2010,1.0363145,"GOV_WGI_RL.EST"
"NPL","Nepal",2024,-0.3205355,"GOV_WGI_RL.EST"
"NPL","Nepal",2023,-0.345038,"GOV_WGI_RL.EST"
"NPL","Nepal",2022,-0.3388682,"GOV_WGI_RL.EST"
"NPL","Nepal",2021,-0.3596604,"GOV_WGI_RL.EST"
"NPL","Nepal",2020,-0.3852451,"GOV_WGI_RL.EST"
"NPL","Nepal",2019,-0.4160968,"GOV_WGI_RL.EST"
"NPL","Nepal",2018,-0.3662785,"GOV_WGI_RL.EST"
"NPL","Nepal",2017,-0.4513864,"GOV_WGI_RL.EST"
"NPL","Nepal",2016,-0.5864544,"GOV_WGI_RL.EST"
"NPL","Nepal",2015,-0.6236185,"GOV_WGI_RL.EST"
"NPL","Nepal",2014,-0.6055132,"GOV_WGI_RL.EST"
"NPL","Nepal",2013,-0.6200538,"GOV_WGI_RL.EST"
"NPL","Nepal",2012,-0.625412,"GOV_WGI_RL.EST"
"NPL","Nepal",2011,-0.8899945,"GOV_WGI_RL.EST"
"NPL","Nepal",2010,-0.9569213,"GOV_WGI_RL.EST"
"NLD","Netherlands",2024,1.7177918,"GOV_WGI_RL.EST"
"NLD","Netherlands",2023,1.7342706,"GOV_WGI_RL.EST"
"NLD","Netherlands",2022,1.7301782,"GOV_WGI_RL.EST"
"NLD","Netherlands",2021,1.7818881,"GOV_WGI_RL.EST"
"NLD","Netherlands",2020,1.8038011,"GOV_WGI_RL.EST"
"NLD","Netherlands",2019,1.8338471,"GOV_WGI_RL.EST"
"NLD","Netherlands",2018,1.80891,"GOV_WGI_RL.EST"
"NLD","Netherlands",2017,1.8527855,"GOV_WGI_RL.EST"
"NLD","Netherlands",2016,1.8803511,"GOV_WGI_RL.EST"
"NLD","Netherlands",2015,1.8707834,"GOV_WGI_RL.EST"
"NLD","Netherlands",2014,1.8177993,"GOV_WGI_RL.EST"
"NLD","Netherlands",2013,1.7241077,"GOV_WGI_RL.EST"
"NLD","Netherlands",2012,1.7496467,"GOV_WGI_RL.EST"
"NLD","Netherlands",2011,1.7020154,"GOV_WGI_RL.EST"
"NLD","Netherlands",2010,1.6729817,"GOV_WGI_RL.EST"
"NCL","New Caledonia",2024,0.2570705,"GOV_WGI_RL.EST"
"NCL","New Caledonia",2023,0.910679,"GOV_WGI_RL.EST"
"NCL","New Caledonia",2022,1.1149186,"GOV_WGI_RL.EST"
"NCL","New Caledonia",2021,1.1381951,"GOV_WGI_RL.EST"
"NCL","New Caledonia",2020,1.0671373,"GOV_WGI_RL.EST"
"NCL","New Caledonia",2019,1.0838888,"GOV_WGI_RL.EST"
"NCL","New Caledonia",2018,0.9970341,"GOV_WGI_RL.EST"
"NCL","New Caledonia",2017,NA,"GOV_WGI_RL.EST"
"NCL","New Caledonia",2016,NA,"GOV_WGI_RL.EST"
"NCL","New Caledonia",2015,NA,"GOV_WGI_RL.EST"
"NCL","New Caledonia",2014,NA,"GOV_WGI_RL.EST"
"NCL","New Caledonia",2013,NA,"GOV_WGI_RL.EST"
"NCL","New Caledonia",2012,NA,"GOV_WGI_RL.EST"
"NCL","New Caledonia",2011,NA,"GOV_WGI_RL.EST"
"NCL","New Caledonia",2010,NA,"GOV_WGI_RL.EST"
"NZL","New Zealand",2024,1.7040774,"GOV_WGI_RL.EST"
"NZL","New Zealand",2023,1.7464588,"GOV_WGI_RL.EST"
"NZL","New Zealand",2022,1.7457107,"GOV_WGI_RL.EST"
"NZL","New Zealand",2021,1.743031,"GOV_WGI_RL.EST"
"NZL","New Zealand",2020,1.7783308,"GOV_WGI_RL.EST"
"NZL","New Zealand",2019,1.7855158,"GOV_WGI_RL.EST"
"NZL","New Zealand",2018,1.8078409,"GOV_WGI_RL.EST"
"NZL","New Zealand",2017,1.8235648,"GOV_WGI_RL.EST"
"NZL","New Zealand",2016,1.8702943,"GOV_WGI_RL.EST"
"NZL","New Zealand",2015,1.8628794,"GOV_WGI_RL.EST"
"NZL","New Zealand",2014,1.8058,"GOV_WGI_RL.EST"
"NZL","New Zealand",2013,1.7685814,"GOV_WGI_RL.EST"
"NZL","New Zealand",2012,1.8216908,"GOV_WGI_RL.EST"
"NZL","New Zealand",2011,1.8702318,"GOV_WGI_RL.EST"
"NZL","New Zealand",2010,1.7690377,"GOV_WGI_RL.EST"
"NIC","Nicaragua",2024,-1.6459888,"GOV_WGI_RL.EST"
"NIC","Nicaragua",2023,-1.5764893,"GOV_WGI_RL.EST"
"NIC","Nicaragua",2022,-1.4807257,"GOV_WGI_RL.EST"
"NIC","Nicaragua",2021,-1.465458,"GOV_WGI_RL.EST"
"NIC","Nicaragua",2020,-1.3787838,"GOV_WGI_RL.EST"
"NIC","Nicaragua",2019,-1.3161856,"GOV_WGI_RL.EST"
"NIC","Nicaragua",2018,-1.2622614,"GOV_WGI_RL.EST"
"NIC","Nicaragua",2017,-0.8524721,"GOV_WGI_RL.EST"
"NIC","Nicaragua",2016,-0.90226,"GOV_WGI_RL.EST"
"NIC","Nicaragua",2015,-0.9419131,"GOV_WGI_RL.EST"
"NIC","Nicaragua",2014,-0.8689033,"GOV_WGI_RL.EST"
"NIC","Nicaragua",2013,-0.8116858,"GOV_WGI_RL.EST"
"NIC","Nicaragua",2012,-0.8213528,"GOV_WGI_RL.EST"
"NIC","Nicaragua",2011,-0.7382457,"GOV_WGI_RL.EST"
"NIC","Nicaragua",2010,-0.8115538,"GOV_WGI_RL.EST"
"NER","Niger",2024,-1.0037829,"GOV_WGI_RL.EST"
"NER","Niger",2023,-0.8111976,"GOV_WGI_RL.EST"
"NER","Niger",2022,-0.6588593,"GOV_WGI_RL.EST"
"NER","Niger",2021,-0.5769387,"GOV_WGI_RL.EST"
"NER","Niger",2020,-0.521653,"GOV_WGI_RL.EST"
"NER","Niger",2019,-0.5234431,"GOV_WGI_RL.EST"
"NER","Niger",2018,-0.5708009,"GOV_WGI_RL.EST"
"NER","Niger",2017,-0.5434525,"GOV_WGI_RL.EST"
"NER","Niger",2016,-0.56059,"GOV_WGI_RL.EST"
"NER","Niger",2015,-0.5732871,"GOV_WGI_RL.EST"
"NER","Niger",2014,-0.7016948,"GOV_WGI_RL.EST"
"NER","Niger",2013,-0.7251363,"GOV_WGI_RL.EST"
"NER","Niger",2012,-0.7293551,"GOV_WGI_RL.EST"
"NER","Niger",2011,-0.5295988,"GOV_WGI_RL.EST"
"NER","Niger",2010,-0.6116218,"GOV_WGI_RL.EST"
"NGA","Nigeria",2024,-0.998937,"GOV_WGI_RL.EST"
"NGA","Nigeria",2023,-0.9804945,"GOV_WGI_RL.EST"
"NGA","Nigeria",2022,-1.0160701,"GOV_WGI_RL.EST"
"NGA","Nigeria",2021,-0.9284249,"GOV_WGI_RL.EST"
"NGA","Nigeria",2020,-0.84746,"GOV_WGI_RL.EST"
"NGA","Nigeria",2019,-0.826064,"GOV_WGI_RL.EST"
"NGA","Nigeria",2018,-0.8241273,"GOV_WGI_RL.EST"
"NGA","Nigeria",2017,-0.7993956,"GOV_WGI_RL.EST"
"NGA","Nigeria",2016,-0.9015319,"GOV_WGI_RL.EST"
"NGA","Nigeria",2015,-0.9989228,"GOV_WGI_RL.EST"
"NGA","Nigeria",2014,-1.1704381,"GOV_WGI_RL.EST"
"NGA","Nigeria",2013,-1.2168977,"GOV_WGI_RL.EST"
"NGA","Nigeria",2012,-1.1229746,"GOV_WGI_RL.EST"
"NGA","Nigeria",2011,-1.0991003,"GOV_WGI_RL.EST"
"NGA","Nigeria",2010,-1.1507297,"GOV_WGI_RL.EST"
"MKD","North Macedonia",2024,-0.2238784,"GOV_WGI_RL.EST"
"MKD","North Macedonia",2023,-0.2813075,"GOV_WGI_RL.EST"
"MKD","North Macedonia",2022,-0.1636292,"GOV_WGI_RL.EST"
"MKD","North Macedonia",2021,-0.0966318,"GOV_WGI_RL.EST"
"MKD","North Macedonia",2020,-0.1578382,"GOV_WGI_RL.EST"
"MKD","North Macedonia",2019,-0.2691976,"GOV_WGI_RL.EST"
"MKD","North Macedonia",2018,-0.2132086,"GOV_WGI_RL.EST"
"MKD","North Macedonia",2017,-0.3059109,"GOV_WGI_RL.EST"
"MKD","North Macedonia",2016,-0.3148639,"GOV_WGI_RL.EST"
"MKD","North Macedonia",2015,-0.2661557,"GOV_WGI_RL.EST"
"MKD","North Macedonia",2014,-0.1855074,"GOV_WGI_RL.EST"
"MKD","North Macedonia",2013,-0.2063926,"GOV_WGI_RL.EST"
"MKD","North Macedonia",2012,-0.1896958,"GOV_WGI_RL.EST"
"MKD","North Macedonia",2011,-0.3679894,"GOV_WGI_RL.EST"
"MKD","North Macedonia",2010,-0.3996103,"GOV_WGI_RL.EST"
"NOR","Norway",2024,1.9369428,"GOV_WGI_RL.EST"
"NOR","Norway",2023,1.968953,"GOV_WGI_RL.EST"
"NOR","Norway",2022,1.9274584,"GOV_WGI_RL.EST"
"NOR","Norway",2021,2.0530976,"GOV_WGI_RL.EST"
"NOR","Norway",2020,2.057602,"GOV_WGI_RL.EST"
"NOR","Norway",2019,2.0241629,"GOV_WGI_RL.EST"
"NOR","Norway",2018,2.0210585,"GOV_WGI_RL.EST"
"NOR","Norway",2017,2.0363041,"GOV_WGI_RL.EST"
"NOR","Norway",2016,2.0010642,"GOV_WGI_RL.EST"
"NOR","Norway",2015,1.9619918,"GOV_WGI_RL.EST"
"NOR","Norway",2014,1.9509961,"GOV_WGI_RL.EST"
"NOR","Norway",2013,1.9944579,"GOV_WGI_RL.EST"
"NOR","Norway",2012,1.9809273,"GOV_WGI_RL.EST"
"NOR","Norway",2011,1.9634373,"GOV_WGI_RL.EST"
"NOR","Norway",2010,1.8952815,"GOV_WGI_RL.EST"
"OMN","Oman",2024,0.4763055,"GOV_WGI_RL.EST"
"OMN","Oman",2023,0.3756839,"GOV_WGI_RL.EST"
"OMN","Oman",2022,0.360824,"GOV_WGI_RL.EST"
"OMN","Oman",2021,0.2298238,"GOV_WGI_RL.EST"
"OMN","Oman",2020,0.2636836,"GOV_WGI_RL.EST"
"OMN","Oman",2019,0.2558083,"GOV_WGI_RL.EST"
"OMN","Oman",2018,0.2020833,"GOV_WGI_RL.EST"
"OMN","Oman",2017,0.1982846,"GOV_WGI_RL.EST"
"OMN","Oman",2016,0.239099,"GOV_WGI_RL.EST"
"OMN","Oman",2015,0.2389962,"GOV_WGI_RL.EST"
"OMN","Oman",2014,0.2305701,"GOV_WGI_RL.EST"
"OMN","Oman",2013,0.3038503,"GOV_WGI_RL.EST"
"OMN","Oman",2012,0.3352666,"GOV_WGI_RL.EST"
"OMN","Oman",2011,0.2717872,"GOV_WGI_RL.EST"
"OMN","Oman",2010,0.4307648,"GOV_WGI_RL.EST"
"PAK","Pakistan",2024,-1.0508305,"GOV_WGI_RL.EST"
"PAK","Pakistan",2023,-1.0082319,"GOV_WGI_RL.EST"
"PAK","Pakistan",2022,-0.8990471,"GOV_WGI_RL.EST"
"PAK","Pakistan",2021,-0.800949,"GOV_WGI_RL.EST"
"PAK","Pakistan",2020,-0.7868327,"GOV_WGI_RL.EST"
"PAK","Pakistan",2019,-0.7889162,"GOV_WGI_RL.EST"
"PAK","Pakistan",2018,-0.8113711,"GOV_WGI_RL.EST"
"PAK","Pakistan",2017,-0.8418513,"GOV_WGI_RL.EST"
"PAK","Pakistan",2016,-0.883351,"GOV_WGI_RL.EST"
"PAK","Pakistan",2015,-0.8830979,"GOV_WGI_RL.EST"
"PAK","Pakistan",2014,-0.9445787,"GOV_WGI_RL.EST"
"PAK","Pakistan",2013,-1.0264086,"GOV_WGI_RL.EST"
"PAK","Pakistan",2012,-1.0465384,"GOV_WGI_RL.EST"
"PAK","Pakistan",2011,-1.117388,"GOV_WGI_RL.EST"
"PAK","Pakistan",2010,-0.7996749,"GOV_WGI_RL.EST"
"PLW","Palau",2024,1.1709595,"GOV_WGI_RL.EST"
"PLW","Palau",2023,1.1711268,"GOV_WGI_RL.EST"
"PLW","Palau",2022,1.1747142,"GOV_WGI_RL.EST"
"PLW","Palau",2021,1.1583423,"GOV_WGI_RL.EST"
"PLW","Palau",2020,1.1600301,"GOV_WGI_RL.EST"
"PLW","Palau",2019,1.1623491,"GOV_WGI_RL.EST"
"PLW","Palau",2018,1.3241673,"GOV_WGI_RL.EST"
"PLW","Palau",2017,1.3497588,"GOV_WGI_RL.EST"
"PLW","Palau",2016,1.3508605,"GOV_WGI_RL.EST"
"PLW","Palau",2015,1.3498108,"GOV_WGI_RL.EST"
"PLW","Palau",2014,1.2765997,"GOV_WGI_RL.EST"
"PLW","Palau",2013,1.2692431,"GOV_WGI_RL.EST"
"PLW","Palau",2012,1.2805157,"GOV_WGI_RL.EST"
"PLW","Palau",2011,1.2862183,"GOV_WGI_RL.EST"
"PLW","Palau",2010,1.1945866,"GOV_WGI_RL.EST"
"PAN","Panama",2024,-0.3293191,"GOV_WGI_RL.EST"
"PAN","Panama",2023,-0.2947659,"GOV_WGI_RL.EST"
"PAN","Panama",2022,-0.205377,"GOV_WGI_RL.EST"
"PAN","Panama",2021,-0.2065071,"GOV_WGI_RL.EST"
"PAN","Panama",2020,-0.218758,"GOV_WGI_RL.EST"
"PAN","Panama",2019,-0.2337683,"GOV_WGI_RL.EST"
"PAN","Panama",2018,-0.2034978,"GOV_WGI_RL.EST"
"PAN","Panama",2017,-0.0868783,"GOV_WGI_RL.EST"
"PAN","Panama",2016,-0.0819624,"GOV_WGI_RL.EST"
"PAN","Panama",2015,-0.1031035,"GOV_WGI_RL.EST"
"PAN","Panama",2014,-0.0826949,"GOV_WGI_RL.EST"
"PAN","Panama",2013,-0.2588479,"GOV_WGI_RL.EST"
"PAN","Panama",2012,-0.2431781,"GOV_WGI_RL.EST"
"PAN","Panama",2011,-0.0264992,"GOV_WGI_RL.EST"
"PAN","Panama",2010,-0.1069432,"GOV_WGI_RL.EST"
"PNG","Papua New Guinea",2024,-0.5547923,"GOV_WGI_RL.EST"
"PNG","Papua New Guinea",2023,-0.5222763,"GOV_WGI_RL.EST"
"PNG","Papua New Guinea",2022,-0.5528027,"GOV_WGI_RL.EST"
"PNG","Papua New Guinea",2021,-0.6449636,"GOV_WGI_RL.EST"
"PNG","Papua New Guinea",2020,-0.6546773,"GOV_WGI_RL.EST"
"PNG","Papua New Guinea",2019,-0.6804474,"GOV_WGI_RL.EST"
"PNG","Papua New Guinea",2018,-0.6326817,"GOV_WGI_RL.EST"
"PNG","Papua New Guinea",2017,-0.5798825,"GOV_WGI_RL.EST"
"PNG","Papua New Guinea",2016,-0.5783821,"GOV_WGI_RL.EST"
"PNG","Papua New Guinea",2015,-0.5737961,"GOV_WGI_RL.EST"
"PNG","Papua New Guinea",2014,-0.5401436,"GOV_WGI_RL.EST"
"PNG","Papua New Guinea",2013,-0.7863664,"GOV_WGI_RL.EST"
"PNG","Papua New Guinea",2012,-0.7078345,"GOV_WGI_RL.EST"
"PNG","Papua New Guinea",2011,-0.6459785,"GOV_WGI_RL.EST"
"PNG","Papua New Guinea",2010,-0.6814691,"GOV_WGI_RL.EST"
"PRY","Paraguay",2024,-0.6048759,"GOV_WGI_RL.EST"
"PRY","Paraguay",2023,-0.6053191,"GOV_WGI_RL.EST"
"PRY","Paraguay",2022,-0.5125589,"GOV_WGI_RL.EST"
"PRY","Paraguay",2021,-0.5012187,"GOV_WGI_RL.EST"
"PRY","Paraguay",2020,-0.3736221,"GOV_WGI_RL.EST"
"PRY","Paraguay",2019,-0.3973935,"GOV_WGI_RL.EST"
"PRY","Paraguay",2018,-0.4130806,"GOV_WGI_RL.EST"
"PRY","Paraguay",2017,-0.4551514,"GOV_WGI_RL.EST"
"PRY","Paraguay",2016,-0.4525835,"GOV_WGI_RL.EST"
"PRY","Paraguay",2015,-0.517737,"GOV_WGI_RL.EST"
"PRY","Paraguay",2014,-0.5753056,"GOV_WGI_RL.EST"
"PRY","Paraguay",2013,-0.7553872,"GOV_WGI_RL.EST"
"PRY","Paraguay",2012,-0.7466708,"GOV_WGI_RL.EST"
"PRY","Paraguay",2011,-0.7027645,"GOV_WGI_RL.EST"
"PRY","Paraguay",2010,-0.7040222,"GOV_WGI_RL.EST"
"PER","Peru",2024,-0.5174487,"GOV_WGI_RL.EST"
"PER","Peru",2023,-0.4911581,"GOV_WGI_RL.EST"
"PER","Peru",2022,-0.4754936,"GOV_WGI_RL.EST"
"PER","Peru",2021,-0.5091103,"GOV_WGI_RL.EST"
"PER","Peru",2020,-0.4047225,"GOV_WGI_RL.EST"
"PER","Peru",2019,-0.4367614,"GOV_WGI_RL.EST"
"PER","Peru",2018,-0.4258459,"GOV_WGI_RL.EST"
"PER","Peru",2017,-0.359597,"GOV_WGI_RL.EST"
"PER","Peru",2016,-0.3265539,"GOV_WGI_RL.EST"
"PER","Peru",2015,-0.4390559,"GOV_WGI_RL.EST"
"PER","Peru",2014,-0.5411074,"GOV_WGI_RL.EST"
"PER","Peru",2013,-0.5545768,"GOV_WGI_RL.EST"
"PER","Peru",2012,-0.5005578,"GOV_WGI_RL.EST"
"PER","Peru",2011,-0.4616556,"GOV_WGI_RL.EST"
"PER","Peru",2010,-0.4924914,"GOV_WGI_RL.EST"
"PHL","Philippines",2024,-0.5630593,"GOV_WGI_RL.EST"
"PHL","Philippines",2023,-0.609299,"GOV_WGI_RL.EST"
"PHL","Philippines",2022,-0.6298433,"GOV_WGI_RL.EST"
"PHL","Philippines",2021,-0.6663807,"GOV_WGI_RL.EST"
"PHL","Philippines",2020,-0.6230015,"GOV_WGI_RL.EST"
"PHL","Philippines",2019,-0.6247917,"GOV_WGI_RL.EST"
"PHL","Philippines",2018,-0.6180161,"GOV_WGI_RL.EST"
"PHL","Philippines",2017,-0.5646996,"GOV_WGI_RL.EST"
"PHL","Philippines",2016,-0.4525572,"GOV_WGI_RL.EST"
"PHL","Philippines",2015,-0.4049528,"GOV_WGI_RL.EST"
"PHL","Philippines",2014,-0.3482209,"GOV_WGI_RL.EST"
"PHL","Philippines",2013,-0.4654629,"GOV_WGI_RL.EST"
"PHL","Philippines",2012,-0.4906164,"GOV_WGI_RL.EST"
"PHL","Philippines",2011,-0.5178905,"GOV_WGI_RL.EST"
"PHL","Philippines",2010,-0.6422836,"GOV_WGI_RL.EST"
"POL","Poland",2024,0.5432403,"GOV_WGI_RL.EST"
"POL","Poland",2023,0.3176335,"GOV_WGI_RL.EST"
"POL","Poland",2022,0.368079,"GOV_WGI_RL.EST"
"POL","Poland",2021,0.4269379,"GOV_WGI_RL.EST"
"POL","Poland",2020,0.4647001,"GOV_WGI_RL.EST"
"POL","Poland",2019,0.5260763,"GOV_WGI_RL.EST"
"POL","Poland",2018,0.5477151,"GOV_WGI_RL.EST"
"POL","Poland",2017,0.6296368,"GOV_WGI_RL.EST"
"POL","Poland",2016,0.7487465,"GOV_WGI_RL.EST"
"POL","Poland",2015,0.8322493,"GOV_WGI_RL.EST"
"POL","Poland",2014,0.8722785,"GOV_WGI_RL.EST"
"POL","Poland",2013,0.8309893,"GOV_WGI_RL.EST"
"POL","Poland",2012,0.8712315,"GOV_WGI_RL.EST"
"POL","Poland",2011,0.8524028,"GOV_WGI_RL.EST"
"POL","Poland",2010,0.6696195,"GOV_WGI_RL.EST"
"PRT","Portugal",2024,1.0019077,"GOV_WGI_RL.EST"
"PRT","Portugal",2023,1.0411442,"GOV_WGI_RL.EST"
"PRT","Portugal",2022,1.1325826,"GOV_WGI_RL.EST"
"PRT","Portugal",2021,1.1681663,"GOV_WGI_RL.EST"
"PRT","Portugal",2020,1.1554043,"GOV_WGI_RL.EST"
"PRT","Portugal",2019,1.1205946,"GOV_WGI_RL.EST"
"PRT","Portugal",2018,1.1331787,"GOV_WGI_RL.EST"
"PRT","Portugal",2017,1.1859989,"GOV_WGI_RL.EST"
"PRT","Portugal",2016,1.128957,"GOV_WGI_RL.EST"
"PRT","Portugal",2015,1.1381154,"GOV_WGI_RL.EST"
"PRT","Portugal",2014,1.0162071,"GOV_WGI_RL.EST"
"PRT","Portugal",2013,0.9226119,"GOV_WGI_RL.EST"
"PRT","Portugal",2012,0.9055389,"GOV_WGI_RL.EST"
"PRT","Portugal",2011,0.8892008,"GOV_WGI_RL.EST"
"PRT","Portugal",2010,0.9025091,"GOV_WGI_RL.EST"
"PRI","Puerto Rico (US)",2024,0.5336791,"GOV_WGI_RL.EST"
"PRI","Puerto Rico (US)",2023,0.5253097,"GOV_WGI_RL.EST"
"PRI","Puerto Rico (US)",2022,0.4216589,"GOV_WGI_RL.EST"
"PRI","Puerto Rico (US)",2021,0.5361699,"GOV_WGI_RL.EST"
"PRI","Puerto Rico (US)",2020,0.5368257,"GOV_WGI_RL.EST"
"PRI","Puerto Rico (US)",2019,0.5377267,"GOV_WGI_RL.EST"
"PRI","Puerto Rico (US)",2018,0.5508772,"GOV_WGI_RL.EST"
"PRI","Puerto Rico (US)",2017,0.6072139,"GOV_WGI_RL.EST"
"PRI","Puerto Rico (US)",2016,0.6759378,"GOV_WGI_RL.EST"
"PRI","Puerto Rico (US)",2015,0.7317591,"GOV_WGI_RL.EST"
"PRI","Puerto Rico (US)",2014,0.7014479,"GOV_WGI_RL.EST"
"PRI","Puerto Rico (US)",2013,0.6676825,"GOV_WGI_RL.EST"
"PRI","Puerto Rico (US)",2012,0.7752298,"GOV_WGI_RL.EST"
"PRI","Puerto Rico (US)",2011,0.7067447,"GOV_WGI_RL.EST"
"PRI","Puerto Rico (US)",2010,0.774479,"GOV_WGI_RL.EST"
"QAT","Qatar",2024,0.5982385,"GOV_WGI_RL.EST"
"QAT","Qatar",2023,0.5765985,"GOV_WGI_RL.EST"
"QAT","Qatar",2022,0.6069768,"GOV_WGI_RL.EST"
"QAT","Qatar",2021,0.499359,"GOV_WGI_RL.EST"
"QAT","Qatar",2020,0.4724154,"GOV_WGI_RL.EST"
"QAT","Qatar",2019,0.467567,"GOV_WGI_RL.EST"
"QAT","Qatar",2018,0.4338228,"GOV_WGI_RL.EST"
"QAT","Qatar",2017,0.4468938,"GOV_WGI_RL.EST"
"QAT","Qatar",2016,0.5726136,"GOV_WGI_RL.EST"
"QAT","Qatar",2015,0.5166848,"GOV_WGI_RL.EST"
"QAT","Qatar",2014,0.5680709,"GOV_WGI_RL.EST"
"QAT","Qatar",2013,0.7522977,"GOV_WGI_RL.EST"
"QAT","Qatar",2012,0.7231613,"GOV_WGI_RL.EST"
"QAT","Qatar",2011,0.6437073,"GOV_WGI_RL.EST"
"QAT","Qatar",2010,0.7144779,"GOV_WGI_RL.EST"
"ROU","Romania",2024,0.3119971,"GOV_WGI_RL.EST"
"ROU","Romania",2023,0.3777231,"GOV_WGI_RL.EST"
"ROU","Romania",2022,0.4286773,"GOV_WGI_RL.EST"
"ROU","Romania",2021,0.4585535,"GOV_WGI_RL.EST"
"ROU","Romania",2020,0.4494077,"GOV_WGI_RL.EST"
"ROU","Romania",2019,0.3811201,"GOV_WGI_RL.EST"
"ROU","Romania",2018,0.3102168,"GOV_WGI_RL.EST"
"ROU","Romania",2017,0.4175773,"GOV_WGI_RL.EST"
"ROU","Romania",2016,0.3873318,"GOV_WGI_RL.EST"
"ROU","Romania",2015,0.3942342,"GOV_WGI_RL.EST"
"ROU","Romania",2014,0.3732098,"GOV_WGI_RL.EST"
"ROU","Romania",2013,0.2300621,"GOV_WGI_RL.EST"
"ROU","Romania",2012,0.1643193,"GOV_WGI_RL.EST"
"ROU","Romania",2011,0.1861032,"GOV_WGI_RL.EST"
"ROU","Romania",2010,0.1483136,"GOV_WGI_RL.EST"
"RUS","Russian Federation",2024,-1.1820718,"GOV_WGI_RL.EST"
"RUS","Russian Federation",2023,-1.0895776,"GOV_WGI_RL.EST"
"RUS","Russian Federation",2022,-1.0736315,"GOV_WGI_RL.EST"
"RUS","Russian Federation",2021,-0.9100135,"GOV_WGI_RL.EST"
"RUS","Russian Federation",2020,-0.8304037,"GOV_WGI_RL.EST"
"RUS","Russian Federation",2019,-0.8616388,"GOV_WGI_RL.EST"
"RUS","Russian Federation",2018,-0.8361773,"GOV_WGI_RL.EST"
"RUS","Russian Federation",2017,-0.838212,"GOV_WGI_RL.EST"
"RUS","Russian Federation",2016,-0.8691392,"GOV_WGI_RL.EST"
"RUS","Russian Federation",2015,-0.9220299,"GOV_WGI_RL.EST"
"RUS","Russian Federation",2014,-0.8673579,"GOV_WGI_RL.EST"
"RUS","Russian Federation",2013,-0.9175198,"GOV_WGI_RL.EST"
"RUS","Russian Federation",2012,-0.9486292,"GOV_WGI_RL.EST"
"RUS","Russian Federation",2011,-0.6932784,"GOV_WGI_RL.EST"
"RUS","Russian Federation",2010,-0.9161002,"GOV_WGI_RL.EST"
"RWA","Rwanda",2024,0.0904416,"GOV_WGI_RL.EST"
"RWA","Rwanda",2023,0.0515468,"GOV_WGI_RL.EST"
"RWA","Rwanda",2022,-0.01486,"GOV_WGI_RL.EST"
"RWA","Rwanda",2021,0.0079353,"GOV_WGI_RL.EST"
"RWA","Rwanda",2020,-0.0424739,"GOV_WGI_RL.EST"
"RWA","Rwanda",2019,-0.1309207,"GOV_WGI_RL.EST"
"RWA","Rwanda",2018,-0.1340402,"GOV_WGI_RL.EST"
"RWA","Rwanda",2017,-0.1338001,"GOV_WGI_RL.EST"
"RWA","Rwanda",2016,-0.1242152,"GOV_WGI_RL.EST"
"RWA","Rwanda",2015,-0.1636535,"GOV_WGI_RL.EST"
"RWA","Rwanda",2014,-0.2222904,"GOV_WGI_RL.EST"
"RWA","Rwanda",2013,-0.2999744,"GOV_WGI_RL.EST"
"RWA","Rwanda",2012,-0.3397188,"GOV_WGI_RL.EST"
"RWA","Rwanda",2011,-0.4217935,"GOV_WGI_RL.EST"
"RWA","Rwanda",2010,-0.4636916,"GOV_WGI_RL.EST"
"WSM","Samoa",2024,1.0609889,"GOV_WGI_RL.EST"
"WSM","Samoa",2023,1.0856505,"GOV_WGI_RL.EST"
"WSM","Samoa",2022,1.0778834,"GOV_WGI_RL.EST"
"WSM","Samoa",2021,1.0891052,"GOV_WGI_RL.EST"
"WSM","Samoa",2020,1.20646,"GOV_WGI_RL.EST"
"WSM","Samoa",2019,1.2202018,"GOV_WGI_RL.EST"
"WSM","Samoa",2018,0.967778,"GOV_WGI_RL.EST"
"WSM","Samoa",2017,1.0237676,"GOV_WGI_RL.EST"
"WSM","Samoa",2016,1.0243496,"GOV_WGI_RL.EST"
"WSM","Samoa",2015,0.955352,"GOV_WGI_RL.EST"
"WSM","Samoa",2014,0.9534616,"GOV_WGI_RL.EST"
"WSM","Samoa",2013,0.856838,"GOV_WGI_RL.EST"
"WSM","Samoa",2012,0.8599846,"GOV_WGI_RL.EST"
"WSM","Samoa",2011,0.8615765,"GOV_WGI_RL.EST"
"WSM","Samoa",2010,0.848629,"GOV_WGI_RL.EST"
"SMR","San Marino",2024,1.1548332,"GOV_WGI_RL.EST"
"SMR","San Marino",2023,1.418326,"GOV_WGI_RL.EST"
"SMR","San Marino",2022,1.2365223,"GOV_WGI_RL.EST"
"SMR","San Marino",2021,1.4866736,"GOV_WGI_RL.EST"
"SMR","San Marino",2020,1.4884164,"GOV_WGI_RL.EST"
"SMR","San Marino",2019,1.6424146,"GOV_WGI_RL.EST"
"SMR","San Marino",2018,1.6425733,"GOV_WGI_RL.EST"
"SMR","San Marino",2017,1.6753764,"GOV_WGI_RL.EST"
"SMR","San Marino",2016,1.6765077,"GOV_WGI_RL.EST"
"SMR","San Marino",2015,1.6754299,"GOV_WGI_RL.EST"
"SMR","San Marino",2014,1.3677671,"GOV_WGI_RL.EST"
"SMR","San Marino",2013,1.3600389,"GOV_WGI_RL.EST"
"SMR","San Marino",2012,1.3718808,"GOV_WGI_RL.EST"
"SMR","San Marino",2011,1.3778715,"GOV_WGI_RL.EST"
"SMR","San Marino",2010,1.3647447,"GOV_WGI_RL.EST"
"STP","Sao Tome and Principe",2024,-0.365368,"GOV_WGI_RL.EST"
"STP","Sao Tome and Principe",2023,-0.3617596,"GOV_WGI_RL.EST"
"STP","Sao Tome and Principe",2022,-0.3012136,"GOV_WGI_RL.EST"
"STP","Sao Tome and Principe",2021,-0.4031194,"GOV_WGI_RL.EST"
"STP","Sao Tome and Principe",2020,-0.3674242,"GOV_WGI_RL.EST"
"STP","Sao Tome and Principe",2019,-0.4725353,"GOV_WGI_RL.EST"
"STP","Sao Tome and Principe",2018,-0.4837371,"GOV_WGI_RL.EST"
"STP","Sao Tome and Principe",2017,-0.4881292,"GOV_WGI_RL.EST"
"STP","Sao Tome and Principe",2016,-0.4942837,"GOV_WGI_RL.EST"
"STP","Sao Tome and Principe",2015,-0.5692391,"GOV_WGI_RL.EST"
"STP","Sao Tome and Principe",2014,-0.6199342,"GOV_WGI_RL.EST"
"STP","Sao Tome and Principe",2013,-0.640608,"GOV_WGI_RL.EST"
"STP","Sao Tome and Principe",2012,-0.5530464,"GOV_WGI_RL.EST"
"STP","Sao Tome and Principe",2011,-0.4816924,"GOV_WGI_RL.EST"
"STP","Sao Tome and Principe",2010,-0.4806333,"GOV_WGI_RL.EST"
"SAU","Saudi Arabia",2024,0.2811129,"GOV_WGI_RL.EST"
"SAU","Saudi Arabia",2023,0.1674146,"GOV_WGI_RL.EST"
"SAU","Saudi Arabia",2022,0.0921253,"GOV_WGI_RL.EST"
"SAU","Saudi Arabia",2021,-0.1741499,"GOV_WGI_RL.EST"
"SAU","Saudi Arabia",2020,-0.2064911,"GOV_WGI_RL.EST"
"SAU","Saudi Arabia",2019,-0.1863906,"GOV_WGI_RL.EST"
"SAU","Saudi Arabia",2018,-0.2421556,"GOV_WGI_RL.EST"
"SAU","Saudi Arabia",2017,-0.3246127,"GOV_WGI_RL.EST"
"SAU","Saudi Arabia",2016,-0.1791671,"GOV_WGI_RL.EST"
"SAU","Saudi Arabia",2015,-0.2629958,"GOV_WGI_RL.EST"
"SAU","Saudi Arabia",2014,-0.3197473,"GOV_WGI_RL.EST"
"SAU","Saudi Arabia",2013,-0.0546245,"GOV_WGI_RL.EST"
"SAU","Saudi Arabia",2012,-0.0401019,"GOV_WGI_RL.EST"
"SAU","Saudi Arabia",2011,-0.1287021,"GOV_WGI_RL.EST"
"SAU","Saudi Arabia",2010,-0.1470251,"GOV_WGI_RL.EST"
"SEN","Senegal",2024,-0.2190252,"GOV_WGI_RL.EST"
"SEN","Senegal",2023,-0.1819924,"GOV_WGI_RL.EST"
"SEN","Senegal",2022,-0.1386521,"GOV_WGI_RL.EST"
"SEN","Senegal",2021,-0.1516216,"GOV_WGI_RL.EST"
"SEN","Senegal",2020,-0.0983714,"GOV_WGI_RL.EST"
"SEN","Senegal",2019,-0.1039357,"GOV_WGI_RL.EST"
"SEN","Senegal",2018,-0.1397122,"GOV_WGI_RL.EST"
"SEN","Senegal",2017,-0.126277,"GOV_WGI_RL.EST"
"SEN","Senegal",2016,-0.074391,"GOV_WGI_RL.EST"
"SEN","Senegal",2015,-0.151114,"GOV_WGI_RL.EST"
"SEN","Senegal",2014,-0.1408216,"GOV_WGI_RL.EST"
"SEN","Senegal",2013,-0.2113964,"GOV_WGI_RL.EST"
"SEN","Senegal",2012,-0.2082819,"GOV_WGI_RL.EST"
"SEN","Senegal",2011,-0.3443392,"GOV_WGI_RL.EST"
"SEN","Senegal",2010,-0.346289,"GOV_WGI_RL.EST"
"SRB","Serbia",2024,-0.2099129,"GOV_WGI_RL.EST"
"SRB","Serbia",2023,-0.1799478,"GOV_WGI_RL.EST"
"SRB","Serbia",2022,-0.127244,"GOV_WGI_RL.EST"
"SRB","Serbia",2021,-0.1640914,"GOV_WGI_RL.EST"
"SRB","Serbia",2020,-0.1087775,"GOV_WGI_RL.EST"
"SRB","Serbia",2019,-0.039413,"GOV_WGI_RL.EST"
"SRB","Serbia",2018,-0.0747997,"GOV_WGI_RL.EST"
"SRB","Serbia",2017,-0.0678526,"GOV_WGI_RL.EST"
"SRB","Serbia",2016,-0.0289416,"GOV_WGI_RL.EST"
"SRB","Serbia",2015,0.0060408,"GOV_WGI_RL.EST"
"SRB","Serbia",2014,-0.0414375,"GOV_WGI_RL.EST"
"SRB","Serbia",2013,-0.1871277,"GOV_WGI_RL.EST"
"SRB","Serbia",2012,-0.2070775,"GOV_WGI_RL.EST"
"SRB","Serbia",2011,-0.2140425,"GOV_WGI_RL.EST"
"SRB","Serbia",2010,-0.4090473,"GOV_WGI_RL.EST"
"SYC","Seychelles",2024,0.5758871,"GOV_WGI_RL.EST"
"SYC","Seychelles",2023,0.5593203,"GOV_WGI_RL.EST"
"SYC","Seychelles",2022,0.5652039,"GOV_WGI_RL.EST"
"SYC","Seychelles",2021,0.5531827,"GOV_WGI_RL.EST"
"SYC","Seychelles",2020,0.5341697,"GOV_WGI_RL.EST"
"SYC","Seychelles",2019,0.4469537,"GOV_WGI_RL.EST"
"SYC","Seychelles",2018,0.4545967,"GOV_WGI_RL.EST"
"SYC","Seychelles",2017,0.2802743,"GOV_WGI_RL.EST"
"SYC","Seychelles",2016,0.3344438,"GOV_WGI_RL.EST"
"SYC","Seychelles",2015,0.2893109,"GOV_WGI_RL.EST"
"SYC","Seychelles",2014,0.1710889,"GOV_WGI_RL.EST"
"SYC","Seychelles",2013,0.1627518,"GOV_WGI_RL.EST"
"SYC","Seychelles",2012,0.1412099,"GOV_WGI_RL.EST"
"SYC","Seychelles",2011,0.1054178,"GOV_WGI_RL.EST"
"SYC","Seychelles",2010,0.101354,"GOV_WGI_RL.EST"
"SLE","Sierra Leone",2024,-0.8629452,"GOV_WGI_RL.EST"
"SLE","Sierra Leone",2023,-0.8590316,"GOV_WGI_RL.EST"
"SLE","Sierra Leone",2022,-0.7862352,"GOV_WGI_RL.EST"
"SLE","Sierra Leone",2021,-0.7571123,"GOV_WGI_RL.EST"
"SLE","Sierra Leone",2020,-0.6967268,"GOV_WGI_RL.EST"
"SLE","Sierra Leone",2019,-0.7409526,"GOV_WGI_RL.EST"
"SLE","Sierra Leone",2018,-0.7087089,"GOV_WGI_RL.EST"
"SLE","Sierra Leone",2017,-0.7286262,"GOV_WGI_RL.EST"
"SLE","Sierra Leone",2016,-0.7683647,"GOV_WGI_RL.EST"
"SLE","Sierra Leone",2015,-0.7593808,"GOV_WGI_RL.EST"
"SLE","Sierra Leone",2014,-0.8754455,"GOV_WGI_RL.EST"
"SLE","Sierra Leone",2013,-0.8603531,"GOV_WGI_RL.EST"
"SLE","Sierra Leone",2012,-0.7504153,"GOV_WGI_RL.EST"
"SLE","Sierra Leone",2011,-0.7629935,"GOV_WGI_RL.EST"
"SLE","Sierra Leone",2010,-0.8135532,"GOV_WGI_RL.EST"
"SGP","Singapore",2024,1.474428,"GOV_WGI_RL.EST"
"SGP","Singapore",2023,1.4524749,"GOV_WGI_RL.EST"
"SGP","Singapore",2022,1.4654359,"GOV_WGI_RL.EST"
"SGP","Singapore",2021,1.4589739,"GOV_WGI_RL.EST"
"SGP","Singapore",2020,1.489221,"GOV_WGI_RL.EST"
"SGP","Singapore",2019,1.5275488,"GOV_WGI_RL.EST"
"SGP","Singapore",2018,1.5343058,"GOV_WGI_RL.EST"
"SGP","Singapore",2017,1.5008012,"GOV_WGI_RL.EST"
"SGP","Singapore",2016,1.5526461,"GOV_WGI_RL.EST"
"SGP","Singapore",2015,1.5431627,"GOV_WGI_RL.EST"
"SGP","Singapore",2014,1.5460773,"GOV_WGI_RL.EST"
"SGP","Singapore",2013,1.4913635,"GOV_WGI_RL.EST"
"SGP","Singapore",2012,1.5424633,"GOV_WGI_RL.EST"
"SGP","Singapore",2011,1.4226147,"GOV_WGI_RL.EST"
"SGP","Singapore",2010,1.3732853,"GOV_WGI_RL.EST"
"SVK","Slovak Republic",2024,0.4903831,"GOV_WGI_RL.EST"
"SVK","Slovak Republic",2023,0.5413446,"GOV_WGI_RL.EST"
"SVK","Slovak Republic",2022,0.5893287,"GOV_WGI_RL.EST"
"SVK","Slovak Republic",2021,0.7124194,"GOV_WGI_RL.EST"
"SVK","Slovak Republic",2020,0.5136694,"GOV_WGI_RL.EST"
"SVK","Slovak Republic",2019,0.4087131,"GOV_WGI_RL.EST"
"SVK","Slovak Republic",2018,0.3387405,"GOV_WGI_RL.EST"
"SVK","Slovak Republic",2017,0.3064298,"GOV_WGI_RL.EST"
"SVK","Slovak Republic",2016,0.3203703,"GOV_WGI_RL.EST"
"SVK","Slovak Republic",2015,0.2859133,"GOV_WGI_RL.EST"
"SVK","Slovak Republic",2014,0.2620058,"GOV_WGI_RL.EST"
"SVK","Slovak Republic",2013,0.373418,"GOV_WGI_RL.EST"
"SVK","Slovak Republic",2012,0.3894131,"GOV_WGI_RL.EST"
"SVK","Slovak Republic",2011,0.3803197,"GOV_WGI_RL.EST"
"SVK","Slovak Republic",2010,0.3198528,"GOV_WGI_RL.EST"
"SVN","Slovenia",2024,0.9306459,"GOV_WGI_RL.EST"
"SVN","Slovenia",2023,0.9363106,"GOV_WGI_RL.EST"
"SVN","Slovenia",2022,0.9389376,"GOV_WGI_RL.EST"
"SVN","Slovenia",2021,0.9380515,"GOV_WGI_RL.EST"
"SVN","Slovenia",2020,0.9114028,"GOV_WGI_RL.EST"
"SVN","Slovenia",2019,0.9358594,"GOV_WGI_RL.EST"
"SVN","Slovenia",2018,0.7719256,"GOV_WGI_RL.EST"
"SVN","Slovenia",2017,0.7500335,"GOV_WGI_RL.EST"
"SVN","Slovenia",2016,0.8389182,"GOV_WGI_RL.EST"
"SVN","Slovenia",2015,0.8251877,"GOV_WGI_RL.EST"
"SVN","Slovenia",2014,0.8459663,"GOV_WGI_RL.EST"
"SVN","Slovenia",2013,0.7765665,"GOV_WGI_RL.EST"
"SVN","Slovenia",2012,0.8386549,"GOV_WGI_RL.EST"
"SVN","Slovenia",2011,0.8302679,"GOV_WGI_RL.EST"
"SVN","Slovenia",2010,0.8845315,"GOV_WGI_RL.EST"
"SLB","Solomon Islands",2024,0.190712,"GOV_WGI_RL.EST"
"SLB","Solomon Islands",2023,0.1621722,"GOV_WGI_RL.EST"
"SLB","Solomon Islands",2022,0.1593153,"GOV_WGI_RL.EST"
"SLB","Solomon Islands",2021,0.0480242,"GOV_WGI_RL.EST"
"SLB","Solomon Islands",2020,0.2302741,"GOV_WGI_RL.EST"
"SLB","Solomon Islands",2019,-0.0196671,"GOV_WGI_RL.EST"
"SLB","Solomon Islands",2018,-0.1068521,"GOV_WGI_RL.EST"
"SLB","Solomon Islands",2017,-0.1496498,"GOV_WGI_RL.EST"
"SLB","Solomon Islands",2016,-0.1538531,"GOV_WGI_RL.EST"
"SLB","Solomon Islands",2015,-0.1821628,"GOV_WGI_RL.EST"
"SLB","Solomon Islands",2014,-0.1832518,"GOV_WGI_RL.EST"
"SLB","Solomon Islands",2013,-0.3795522,"GOV_WGI_RL.EST"
"SLB","Solomon Islands",2012,-0.3769523,"GOV_WGI_RL.EST"
"SLB","Solomon Islands",2011,-0.4019608,"GOV_WGI_RL.EST"
"SLB","Solomon Islands",2010,-0.4732177,"GOV_WGI_RL.EST"
"SOM","Somalia, Fed. Rep.",2024,-2.2303178,"GOV_WGI_RL.EST"
"SOM","Somalia, Fed. Rep.",2023,-2.1571125,"GOV_WGI_RL.EST"
"SOM","Somalia, Fed. Rep.",2022,-2.2269637,"GOV_WGI_RL.EST"
"SOM","Somalia, Fed. Rep.",2021,-2.178324,"GOV_WGI_RL.EST"
"SOM","Somalia, Fed. Rep.",2020,-2.1905875,"GOV_WGI_RL.EST"
"SOM","Somalia, Fed. Rep.",2019,-2.2808494,"GOV_WGI_RL.EST"
"SOM","Somalia, Fed. Rep.",2018,-2.3110628,"GOV_WGI_RL.EST"
"SOM","Somalia, Fed. Rep.",2017,-2.3210992,"GOV_WGI_RL.EST"
"SOM","Somalia, Fed. Rep.",2016,-2.2464929,"GOV_WGI_RL.EST"
"SOM","Somalia, Fed. Rep.",2015,-2.203041,"GOV_WGI_RL.EST"
"SOM","Somalia, Fed. Rep.",2014,-2.2388779,"GOV_WGI_RL.EST"
"SOM","Somalia, Fed. Rep.",2013,-2.3727001,"GOV_WGI_RL.EST"
"SOM","Somalia, Fed. Rep.",2012,-2.3746224,"GOV_WGI_RL.EST"
"SOM","Somalia, Fed. Rep.",2011,-2.3984125,"GOV_WGI_RL.EST"
"SOM","Somalia, Fed. Rep.",2010,-2.4025122,"GOV_WGI_RL.EST"
"ZAF","South Africa",2024,0.0357268,"GOV_WGI_RL.EST"
"ZAF","South Africa",2023,0.0621842,"GOV_WGI_RL.EST"
"ZAF","South Africa",2022,0.0340185,"GOV_WGI_RL.EST"
"ZAF","South Africa",2021,0.1404507,"GOV_WGI_RL.EST"
"ZAF","South Africa",2020,-0.0427723,"GOV_WGI_RL.EST"
"ZAF","South Africa",2019,-0.0792966,"GOV_WGI_RL.EST"
"ZAF","South Africa",2018,-0.0857459,"GOV_WGI_RL.EST"
"ZAF","South Africa",2017,0.0158355,"GOV_WGI_RL.EST"
"ZAF","South Africa",2016,0.0449363,"GOV_WGI_RL.EST"
"ZAF","South Africa",2015,0.0243404,"GOV_WGI_RL.EST"
"ZAF","South Africa",2014,0.0406305,"GOV_WGI_RL.EST"
"ZAF","South Africa",2013,0.000249,"GOV_WGI_RL.EST"
"ZAF","South Africa",2012,-0.0061411,"GOV_WGI_RL.EST"
"ZAF","South Africa",2011,0.0109032,"GOV_WGI_RL.EST"
"ZAF","South Africa",2010,0.0429894,"GOV_WGI_RL.EST"
"SSD","South Sudan",2024,-1.9947605,"GOV_WGI_RL.EST"
"SSD","South Sudan",2023,-2.0207137,"GOV_WGI_RL.EST"
"SSD","South Sudan",2022,-1.9497092,"GOV_WGI_RL.EST"
"SSD","South Sudan",2021,-1.9925941,"GOV_WGI_RL.EST"
"SSD","South Sudan",2020,-1.9212583,"GOV_WGI_RL.EST"
"SSD","South Sudan",2019,-1.8847296,"GOV_WGI_RL.EST"
"SSD","South Sudan",2018,-1.8827562,"GOV_WGI_RL.EST"
"SSD","South Sudan",2017,-1.7569175,"GOV_WGI_RL.EST"
"SSD","South Sudan",2016,-1.7594037,"GOV_WGI_RL.EST"
"SSD","South Sudan",2015,-1.6967585,"GOV_WGI_RL.EST"
"SSD","South Sudan",2014,-1.681994,"GOV_WGI_RL.EST"
"SSD","South Sudan",2013,-1.3401756,"GOV_WGI_RL.EST"
"SSD","South Sudan",2012,-1.1402304,"GOV_WGI_RL.EST"
"SSD","South Sudan",2011,-1.335347,"GOV_WGI_RL.EST"
"SSD","South Sudan",2010,NA,"GOV_WGI_RL.EST"
"ESP","Spain",2024,0.907903,"GOV_WGI_RL.EST"
"ESP","Spain",2023,0.9008026,"GOV_WGI_RL.EST"
"ESP","Spain",2022,0.9689825,"GOV_WGI_RL.EST"
"ESP","Spain",2021,0.9213692,"GOV_WGI_RL.EST"
"ESP","Spain",2020,0.9718208,"GOV_WGI_RL.EST"
"ESP","Spain",2019,1.0959883,"GOV_WGI_RL.EST"
"ESP","Spain",2018,0.9960954,"GOV_WGI_RL.EST"
"ESP","Spain",2017,1.0498262,"GOV_WGI_RL.EST"
"ESP","Spain",2016,1.0284218,"GOV_WGI_RL.EST"
"ESP","Spain",2015,0.970918,"GOV_WGI_RL.EST"
"ESP","Spain",2014,0.9229292,"GOV_WGI_RL.EST"
"ESP","Spain",2013,0.9837174,"GOV_WGI_RL.EST"
"ESP","Spain",2012,1.0825322,"GOV_WGI_RL.EST"
"ESP","Spain",2011,1.0293306,"GOV_WGI_RL.EST"
"ESP","Spain",2010,0.9727762,"GOV_WGI_RL.EST"
"LKA","Sri Lanka",2024,-0.2844558,"GOV_WGI_RL.EST"
"LKA","Sri Lanka",2023,-0.3276704,"GOV_WGI_RL.EST"
"LKA","Sri Lanka",2022,-0.3219215,"GOV_WGI_RL.EST"
"LKA","Sri Lanka",2021,-0.2185421,"GOV_WGI_RL.EST"
"LKA","Sri Lanka",2020,-0.1788215,"GOV_WGI_RL.EST"
"LKA","Sri Lanka",2019,-0.0479848,"GOV_WGI_RL.EST"
"LKA","Sri Lanka",2018,-0.0295819,"GOV_WGI_RL.EST"
"LKA","Sri Lanka",2017,-0.0782074,"GOV_WGI_RL.EST"
"LKA","Sri Lanka",2016,-0.0716009,"GOV_WGI_RL.EST"
"LKA","Sri Lanka",2015,-0.0841888,"GOV_WGI_RL.EST"
"LKA","Sri Lanka",2014,-0.3033218,"GOV_WGI_RL.EST"
"LKA","Sri Lanka",2013,-0.3268577,"GOV_WGI_RL.EST"
"LKA","Sri Lanka",2012,-0.1247081,"GOV_WGI_RL.EST"
"LKA","Sri Lanka",2011,-0.2666464,"GOV_WGI_RL.EST"
"LKA","Sri Lanka",2010,-0.2054136,"GOV_WGI_RL.EST"
"KNA","St. Kitts and Nevis",2024,0.5663985,"GOV_WGI_RL.EST"
"KNA","St. Kitts and Nevis",2023,0.5414794,"GOV_WGI_RL.EST"
"KNA","St. Kitts and Nevis",2022,0.5503226,"GOV_WGI_RL.EST"
"KNA","St. Kitts and Nevis",2021,0.5889291,"GOV_WGI_RL.EST"
"KNA","St. Kitts and Nevis",2020,0.6302473,"GOV_WGI_RL.EST"
"KNA","St. Kitts and Nevis",2019,0.6310465,"GOV_WGI_RL.EST"
"KNA","St. Kitts and Nevis",2018,0.7325388,"GOV_WGI_RL.EST"
"KNA","St. Kitts and Nevis",2017,0.8418653,"GOV_WGI_RL.EST"
"KNA","St. Kitts and Nevis",2016,0.7988044,"GOV_WGI_RL.EST"
"KNA","St. Kitts and Nevis",2015,0.7957494,"GOV_WGI_RL.EST"
"KNA","St. Kitts and Nevis",2014,0.10826,"GOV_WGI_RL.EST"
"KNA","St. Kitts and Nevis",2013,1.0157164,"GOV_WGI_RL.EST"
"KNA","St. Kitts and Nevis",2012,0.9595309,"GOV_WGI_RL.EST"
"KNA","St. Kitts and Nevis",2011,0.9627155,"GOV_WGI_RL.EST"
"KNA","St. Kitts and Nevis",2010,0.9557374,"GOV_WGI_RL.EST"
"LCA","St. Lucia",2024,0.5240197,"GOV_WGI_RL.EST"
"LCA","St. Lucia",2023,0.5352723,"GOV_WGI_RL.EST"
"LCA","St. Lucia",2022,0.5543056,"GOV_WGI_RL.EST"
"LCA","St. Lucia",2021,0.6609517,"GOV_WGI_RL.EST"
"LCA","St. Lucia",2020,0.6310131,"GOV_WGI_RL.EST"
"LCA","St. Lucia",2019,0.6791329,"GOV_WGI_RL.EST"
"LCA","St. Lucia",2018,0.6729257,"GOV_WGI_RL.EST"
"LCA","St. Lucia",2017,0.7411359,"GOV_WGI_RL.EST"
"LCA","St. Lucia",2016,0.7974242,"GOV_WGI_RL.EST"
"LCA","St. Lucia",2015,0.8019702,"GOV_WGI_RL.EST"
"LCA","St. Lucia",2014,0.6351983,"GOV_WGI_RL.EST"
"LCA","St. Lucia",2013,0.8074017,"GOV_WGI_RL.EST"
"LCA","St. Lucia",2012,0.8105912,"GOV_WGI_RL.EST"
"LCA","St. Lucia",2011,0.8645145,"GOV_WGI_RL.EST"
"LCA","St. Lucia",2010,0.9416265,"GOV_WGI_RL.EST"
"VCT","St. Vincent and the Grenadines",2024,0.5146566,"GOV_WGI_RL.EST"
"VCT","St. Vincent and the Grenadines",2023,0.558723,"GOV_WGI_RL.EST"
"VCT","St. Vincent and the Grenadines",2022,0.62306,"GOV_WGI_RL.EST"
"VCT","St. Vincent and the Grenadines",2021,0.6728287,"GOV_WGI_RL.EST"
"VCT","St. Vincent and the Grenadines",2020,0.6770091,"GOV_WGI_RL.EST"
"VCT","St. Vincent and the Grenadines",2019,0.6788857,"GOV_WGI_RL.EST"
"VCT","St. Vincent and the Grenadines",2018,0.6121097,"GOV_WGI_RL.EST"
"VCT","St. Vincent and the Grenadines",2017,0.6212493,"GOV_WGI_RL.EST"
"VCT","St. Vincent and the Grenadines",2016,0.63121,"GOV_WGI_RL.EST"
"VCT","St. Vincent and the Grenadines",2015,0.6235253,"GOV_WGI_RL.EST"
"VCT","St. Vincent and the Grenadines",2014,0.6430775,"GOV_WGI_RL.EST"
"VCT","St. Vincent and the Grenadines",2013,1.0210738,"GOV_WGI_RL.EST"
"VCT","St. Vincent and the Grenadines",2012,1.0569524,"GOV_WGI_RL.EST"
"VCT","St. Vincent and the Grenadines",2011,1.0586137,"GOV_WGI_RL.EST"
"VCT","St. Vincent and the Grenadines",2010,1.0549734,"GOV_WGI_RL.EST"
"SDN","Sudan",2024,-1.7846865,"GOV_WGI_RL.EST"
"SDN","Sudan",2023,-1.6614072,"GOV_WGI_RL.EST"
"SDN","Sudan",2022,-1.4133348,"GOV_WGI_RL.EST"
"SDN","Sudan",2021,-1.3456764,"GOV_WGI_RL.EST"
"SDN","Sudan",2020,-1.300604,"GOV_WGI_RL.EST"
"SDN","Sudan",2019,-1.3760783,"GOV_WGI_RL.EST"
"SDN","Sudan",2018,-1.3471178,"GOV_WGI_RL.EST"
"SDN","Sudan",2017,-1.3602999,"GOV_WGI_RL.EST"
"SDN","Sudan",2016,-1.4607714,"GOV_WGI_RL.EST"
"SDN","Sudan",2015,-1.4698076,"GOV_WGI_RL.EST"
"SDN","Sudan",2014,-1.4148253,"GOV_WGI_RL.EST"
"SDN","Sudan",2013,-1.4556121,"GOV_WGI_RL.EST"
"SDN","Sudan",2012,-1.4190497,"GOV_WGI_RL.EST"
"SDN","Sudan",2011,-1.4221368,"GOV_WGI_RL.EST"
"SDN","Sudan",2010,-1.3747616,"GOV_WGI_RL.EST"
"SUR","Suriname",2024,-0.2025863,"GOV_WGI_RL.EST"
"SUR","Suriname",2023,-0.1842063,"GOV_WGI_RL.EST"
"SUR","Suriname",2022,-0.2226421,"GOV_WGI_RL.EST"
"SUR","Suriname",2021,-0.193132,"GOV_WGI_RL.EST"
"SUR","Suriname",2020,-0.1834158,"GOV_WGI_RL.EST"
"SUR","Suriname",2019,-0.2276077,"GOV_WGI_RL.EST"
"SUR","Suriname",2018,-0.2323168,"GOV_WGI_RL.EST"
"SUR","Suriname",2017,-0.2047319,"GOV_WGI_RL.EST"
"SUR","Suriname",2016,-0.1768978,"GOV_WGI_RL.EST"
"SUR","Suriname",2015,-0.162926,"GOV_WGI_RL.EST"
"SUR","Suriname",2014,-0.0985524,"GOV_WGI_RL.EST"
"SUR","Suriname",2013,-0.0535527,"GOV_WGI_RL.EST"
"SUR","Suriname",2012,-0.056302,"GOV_WGI_RL.EST"
"SUR","Suriname",2011,-0.0572886,"GOV_WGI_RL.EST"
"SUR","Suriname",2010,-0.063299,"GOV_WGI_RL.EST"
"SWE","Sweden",2024,1.7415427,"GOV_WGI_RL.EST"
"SWE","Sweden",2023,1.7195397,"GOV_WGI_RL.EST"
"SWE","Sweden",2022,1.7512833,"GOV_WGI_RL.EST"
"SWE","Sweden",2021,1.7954818,"GOV_WGI_RL.EST"
"SWE","Sweden",2020,1.8039228,"GOV_WGI_RL.EST"
"SWE","Sweden",2019,1.8635921,"GOV_WGI_RL.EST"
"SWE","Sweden",2018,1.8320787,"GOV_WGI_RL.EST"
"SWE","Sweden",2017,1.8795855,"GOV_WGI_RL.EST"
"SWE","Sweden",2016,1.9491354,"GOV_WGI_RL.EST"
"SWE","Sweden",2015,1.9467227,"GOV_WGI_RL.EST"
"SWE","Sweden",2014,1.8866234,"GOV_WGI_RL.EST"
"SWE","Sweden",2013,1.8999821,"GOV_WGI_RL.EST"
"SWE","Sweden",2012,1.9262836,"GOV_WGI_RL.EST"
"SWE","Sweden",2011,1.8980229,"GOV_WGI_RL.EST"
"SWE","Sweden",2010,1.8514263,"GOV_WGI_RL.EST"
"CHE","Switzerland",2024,1.729054,"GOV_WGI_RL.EST"
"CHE","Switzerland",2023,1.7648726,"GOV_WGI_RL.EST"
"CHE","Switzerland",2022,1.7597077,"GOV_WGI_RL.EST"
"CHE","Switzerland",2021,1.7695283,"GOV_WGI_RL.EST"
"CHE","Switzerland",2020,1.7860278,"GOV_WGI_RL.EST"
"CHE","Switzerland",2019,1.890971,"GOV_WGI_RL.EST"
"CHE","Switzerland",2018,1.889148,"GOV_WGI_RL.EST"
"CHE","Switzerland",2017,1.8727436,"GOV_WGI_RL.EST"
"CHE","Switzerland",2016,1.881257,"GOV_WGI_RL.EST"
"CHE","Switzerland",2015,1.8616903,"GOV_WGI_RL.EST"
"CHE","Switzerland",2014,1.8709072,"GOV_WGI_RL.EST"
"CHE","Switzerland",2013,1.7861786,"GOV_WGI_RL.EST"
"CHE","Switzerland",2012,1.8418761,"GOV_WGI_RL.EST"
"CHE","Switzerland",2011,1.7822203,"GOV_WGI_RL.EST"
"CHE","Switzerland",2010,1.7731303,"GOV_WGI_RL.EST"
"SYR","Syrian Arab Republic",2024,-1.8190786,"GOV_WGI_RL.EST"
"SYR","Syrian Arab Republic",2023,-1.8625855,"GOV_WGI_RL.EST"
"SYR","Syrian Arab Republic",2022,-1.8734883,"GOV_WGI_RL.EST"
"SYR","Syrian Arab Republic",2021,-1.8781313,"GOV_WGI_RL.EST"
"SYR","Syrian Arab Republic",2020,-1.8388165,"GOV_WGI_RL.EST"
"SYR","Syrian Arab Republic",2019,-1.825332,"GOV_WGI_RL.EST"
"SYR","Syrian Arab Republic",2018,-1.7701343,"GOV_WGI_RL.EST"
"SYR","Syrian Arab Republic",2017,-1.799278,"GOV_WGI_RL.EST"
"SYR","Syrian Arab Republic",2016,-1.8396141,"GOV_WGI_RL.EST"
"SYR","Syrian Arab Republic",2015,-1.6629665,"GOV_WGI_RL.EST"
"SYR","Syrian Arab Republic",2014,-1.6832754,"GOV_WGI_RL.EST"
"SYR","Syrian Arab Republic",2013,-1.5960452,"GOV_WGI_RL.EST"
"SYR","Syrian Arab Republic",2012,-1.3308042,"GOV_WGI_RL.EST"
"SYR","Syrian Arab Republic",2011,-0.9616501,"GOV_WGI_RL.EST"
"SYR","Syrian Arab Republic",2010,-0.7096865,"GOV_WGI_RL.EST"
"TJK","Tajikistan",2024,-1.219682,"GOV_WGI_RL.EST"
"TJK","Tajikistan",2023,-1.2319035,"GOV_WGI_RL.EST"
"TJK","Tajikistan",2022,-1.2219007,"GOV_WGI_RL.EST"
"TJK","Tajikistan",2021,-1.2841434,"GOV_WGI_RL.EST"
"TJK","Tajikistan",2020,-1.2851234,"GOV_WGI_RL.EST"
"TJK","Tajikistan",2019,-1.2842429,"GOV_WGI_RL.EST"
"TJK","Tajikistan",2018,-1.1299915,"GOV_WGI_RL.EST"
"TJK","Tajikistan",2017,-1.2006624,"GOV_WGI_RL.EST"
"TJK","Tajikistan",2016,-1.1281079,"GOV_WGI_RL.EST"
"TJK","Tajikistan",2015,-1.1148329,"GOV_WGI_RL.EST"
"TJK","Tajikistan",2014,-1.158597,"GOV_WGI_RL.EST"
"TJK","Tajikistan",2013,-1.3038582,"GOV_WGI_RL.EST"
"TJK","Tajikistan",2012,-1.2633233,"GOV_WGI_RL.EST"
"TJK","Tajikistan",2011,-1.2612988,"GOV_WGI_RL.EST"
"TJK","Tajikistan",2010,-1.2596625,"GOV_WGI_RL.EST"
"TZA","Tanzania",2024,-0.5243233,"GOV_WGI_RL.EST"
"TZA","Tanzania",2023,-0.4879775,"GOV_WGI_RL.EST"
"TZA","Tanzania",2022,-0.5459878,"GOV_WGI_RL.EST"
"TZA","Tanzania",2021,-0.5597629,"GOV_WGI_RL.EST"
"TZA","Tanzania",2020,-0.5711761,"GOV_WGI_RL.EST"
"TZA","Tanzania",2019,-0.5669354,"GOV_WGI_RL.EST"
"TZA","Tanzania",2018,-0.5345038,"GOV_WGI_RL.EST"
"TZA","Tanzania",2017,-0.4645443,"GOV_WGI_RL.EST"
"TZA","Tanzania",2016,-0.4128225,"GOV_WGI_RL.EST"
"TZA","Tanzania",2015,-0.3657389,"GOV_WGI_RL.EST"
"TZA","Tanzania",2014,-0.4350795,"GOV_WGI_RL.EST"
"TZA","Tanzania",2013,-0.4753048,"GOV_WGI_RL.EST"
"TZA","Tanzania",2012,-0.4173405,"GOV_WGI_RL.EST"
"TZA","Tanzania",2011,-0.3602253,"GOV_WGI_RL.EST"
"TZA","Tanzania",2010,-0.3648676,"GOV_WGI_RL.EST"
"THA","Thailand",2024,-0.1882896,"GOV_WGI_RL.EST"
"THA","Thailand",2023,-0.1924709,"GOV_WGI_RL.EST"
"THA","Thailand",2022,-0.2423383,"GOV_WGI_RL.EST"
"THA","Thailand",2021,-0.2271979,"GOV_WGI_RL.EST"
"THA","Thailand",2020,-0.1731502,"GOV_WGI_RL.EST"
"THA","Thailand",2019,-0.1709938,"GOV_WGI_RL.EST"
"THA","Thailand",2018,-0.2790747,"GOV_WGI_RL.EST"
"THA","Thailand",2017,-0.29731,"GOV_WGI_RL.EST"
"THA","Thailand",2016,-0.3106164,"GOV_WGI_RL.EST"
"THA","Thailand",2015,-0.3743439,"GOV_WGI_RL.EST"
"THA","Thailand",2014,-0.3889888,"GOV_WGI_RL.EST"
"THA","Thailand",2013,-0.2321837,"GOV_WGI_RL.EST"
"THA","Thailand",2012,-0.1493479,"GOV_WGI_RL.EST"
"THA","Thailand",2011,-0.1533563,"GOV_WGI_RL.EST"
"THA","Thailand",2010,-0.2823719,"GOV_WGI_RL.EST"
"TLS","Timor-Leste",2024,-0.6640253,"GOV_WGI_RL.EST"
"TLS","Timor-Leste",2023,-0.6675836,"GOV_WGI_RL.EST"
"TLS","Timor-Leste",2022,-0.6685797,"GOV_WGI_RL.EST"
"TLS","Timor-Leste",2021,-0.6360863,"GOV_WGI_RL.EST"
"TLS","Timor-Leste",2020,-0.7565908,"GOV_WGI_RL.EST"
"TLS","Timor-Leste",2019,-0.7613509,"GOV_WGI_RL.EST"
"TLS","Timor-Leste",2018,-0.9077957,"GOV_WGI_RL.EST"
"TLS","Timor-Leste",2017,-1.030487,"GOV_WGI_RL.EST"
"TLS","Timor-Leste",2016,-1.0313466,"GOV_WGI_RL.EST"
"TLS","Timor-Leste",2015,-1.0320223,"GOV_WGI_RL.EST"
"TLS","Timor-Leste",2014,-1.0309032,"GOV_WGI_RL.EST"
"TLS","Timor-Leste",2013,-1.1881491,"GOV_WGI_RL.EST"
"TLS","Timor-Leste",2012,-1.1194554,"GOV_WGI_RL.EST"
"TLS","Timor-Leste",2011,-1.1176387,"GOV_WGI_RL.EST"
"TLS","Timor-Leste",2010,-1.0596795,"GOV_WGI_RL.EST"
"TGO","Togo",2024,-0.6177227,"GOV_WGI_RL.EST"
"TGO","Togo",2023,-0.6286663,"GOV_WGI_RL.EST"
"TGO","Togo",2022,-0.6748024,"GOV_WGI_RL.EST"
"TGO","Togo",2021,-0.6199053,"GOV_WGI_RL.EST"
"TGO","Togo",2020,-0.6183712,"GOV_WGI_RL.EST"
"TGO","Togo",2019,-0.681003,"GOV_WGI_RL.EST"
"TGO","Togo",2018,-0.6813359,"GOV_WGI_RL.EST"
"TGO","Togo",2017,-0.7929495,"GOV_WGI_RL.EST"
"TGO","Togo",2016,-0.784837,"GOV_WGI_RL.EST"
"TGO","Togo",2015,-0.8061551,"GOV_WGI_RL.EST"
"TGO","Togo",2014,-0.9008061,"GOV_WGI_RL.EST"
"TGO","Togo",2013,-0.9527038,"GOV_WGI_RL.EST"
"TGO","Togo",2012,-0.9095932,"GOV_WGI_RL.EST"
"TGO","Togo",2011,-0.7771992,"GOV_WGI_RL.EST"
"TGO","Togo",2010,-0.830452,"GOV_WGI_RL.EST"
"TON","Tonga",2024,0.7296725,"GOV_WGI_RL.EST"
"TON","Tonga",2023,0.8202793,"GOV_WGI_RL.EST"
"TON","Tonga",2022,0.8129398,"GOV_WGI_RL.EST"
"TON","Tonga",2021,0.7696313,"GOV_WGI_RL.EST"
"TON","Tonga",2020,0.7716018,"GOV_WGI_RL.EST"
"TON","Tonga",2019,0.3497549,"GOV_WGI_RL.EST"
"TON","Tonga",2018,0.2530009,"GOV_WGI_RL.EST"
"TON","Tonga",2017,0.1794216,"GOV_WGI_RL.EST"
"TON","Tonga",2016,0.0799773,"GOV_WGI_RL.EST"
"TON","Tonga",2015,0.0794385,"GOV_WGI_RL.EST"
"TON","Tonga",2014,0.0485,"GOV_WGI_RL.EST"
"TON","Tonga",2013,0.1496138,"GOV_WGI_RL.EST"
"TON","Tonga",2012,0.1527604,"GOV_WGI_RL.EST"
"TON","Tonga",2011,0.2000491,"GOV_WGI_RL.EST"
"TON","Tonga",2010,0.3289841,"GOV_WGI_RL.EST"
"TTO","Trinidad and Tobago",2024,-0.3679457,"GOV_WGI_RL.EST"
"TTO","Trinidad and Tobago",2023,-0.3260038,"GOV_WGI_RL.EST"
"TTO","Trinidad and Tobago",2022,-0.2456234,"GOV_WGI_RL.EST"
"TTO","Trinidad and Tobago",2021,-0.1364024,"GOV_WGI_RL.EST"
"TTO","Trinidad and Tobago",2020,-0.141639,"GOV_WGI_RL.EST"
"TTO","Trinidad and Tobago",2019,-0.1287881,"GOV_WGI_RL.EST"
"TTO","Trinidad and Tobago",2018,-0.1189524,"GOV_WGI_RL.EST"
"TTO","Trinidad and Tobago",2017,0.0023912,"GOV_WGI_RL.EST"
"TTO","Trinidad and Tobago",2016,-0.0208235,"GOV_WGI_RL.EST"
"TTO","Trinidad and Tobago",2015,0.011353,"GOV_WGI_RL.EST"
"TTO","Trinidad and Tobago",2014,0.0203316,"GOV_WGI_RL.EST"
"TTO","Trinidad and Tobago",2013,-0.1585634,"GOV_WGI_RL.EST"
"TTO","Trinidad and Tobago",2012,-0.0891396,"GOV_WGI_RL.EST"
"TTO","Trinidad and Tobago",2011,-0.1195009,"GOV_WGI_RL.EST"
"TTO","Trinidad and Tobago",2010,-0.0908831,"GOV_WGI_RL.EST"
"TUN","Tunisia",2024,-0.3693099,"GOV_WGI_RL.EST"
"TUN","Tunisia",2023,-0.3290235,"GOV_WGI_RL.EST"
"TUN","Tunisia",2022,-0.2229718,"GOV_WGI_RL.EST"
"TUN","Tunisia",2021,0.002952,"GOV_WGI_RL.EST"
"TUN","Tunisia",2020,0.006907,"GOV_WGI_RL.EST"
"TUN","Tunisia",2019,0.0107644,"GOV_WGI_RL.EST"
"TUN","Tunisia",2018,-0.0295569,"GOV_WGI_RL.EST"
"TUN","Tunisia",2017,-0.0546283,"GOV_WGI_RL.EST"
"TUN","Tunisia",2016,-0.0696431,"GOV_WGI_RL.EST"
"TUN","Tunisia",2015,-0.0548687,"GOV_WGI_RL.EST"
"TUN","Tunisia",2014,-0.1113089,"GOV_WGI_RL.EST"
"TUN","Tunisia",2013,-0.1886876,"GOV_WGI_RL.EST"
"TUN","Tunisia",2012,-0.1568823,"GOV_WGI_RL.EST"
"TUN","Tunisia",2011,-0.3807367,"GOV_WGI_RL.EST"
"TUN","Tunisia",2010,-0.223521,"GOV_WGI_RL.EST"
"TUR","Turkiye",2024,-0.8310313,"GOV_WGI_RL.EST"
"TUR","Turkiye",2023,-0.7833876,"GOV_WGI_RL.EST"
"TUR","Turkiye",2022,-0.7383873,"GOV_WGI_RL.EST"
"TUR","Turkiye",2021,-0.7408787,"GOV_WGI_RL.EST"
"TUR","Turkiye",2020,-0.6868905,"GOV_WGI_RL.EST"
"TUR","Turkiye",2019,-0.5676882,"GOV_WGI_RL.EST"
"TUR","Turkiye",2018,-0.6738236,"GOV_WGI_RL.EST"
"TUR","Turkiye",2017,-0.5761393,"GOV_WGI_RL.EST"
"TUR","Turkiye",2016,-0.5103199,"GOV_WGI_RL.EST"
"TUR","Turkiye",2015,-0.443598,"GOV_WGI_RL.EST"
"TUR","Turkiye",2014,-0.3418429,"GOV_WGI_RL.EST"
"TUR","Turkiye",2013,-0.1068296,"GOV_WGI_RL.EST"
"TUR","Turkiye",2012,-0.0970223,"GOV_WGI_RL.EST"
"TUR","Turkiye",2011,-0.0727889,"GOV_WGI_RL.EST"
"TUR","Turkiye",2010,0.0539591,"GOV_WGI_RL.EST"
"TKM","Turkmenistan",2024,-1.41782,"GOV_WGI_RL.EST"
"TKM","Turkmenistan",2023,-1.4235352,"GOV_WGI_RL.EST"
"TKM","Turkmenistan",2022,-1.4232029,"GOV_WGI_RL.EST"
"TKM","Turkmenistan",2021,-1.5718282,"GOV_WGI_RL.EST"
"TKM","Turkmenistan",2020,-1.5181588,"GOV_WGI_RL.EST"
"TKM","Turkmenistan",2019,-1.560544,"GOV_WGI_RL.EST"
"TKM","Turkmenistan",2018,-1.4560901,"GOV_WGI_RL.EST"
"TKM","Turkmenistan",2017,-1.450812,"GOV_WGI_RL.EST"
"TKM","Turkmenistan",2016,-1.4439381,"GOV_WGI_RL.EST"
"TKM","Turkmenistan",2015,-1.4114807,"GOV_WGI_RL.EST"
"TKM","Turkmenistan",2014,-1.4208471,"GOV_WGI_RL.EST"
"TKM","Turkmenistan",2013,-1.3838516,"GOV_WGI_RL.EST"
"TKM","Turkmenistan",2012,-1.3667309,"GOV_WGI_RL.EST"
"TKM","Turkmenistan",2011,-1.3813735,"GOV_WGI_RL.EST"
"TKM","Turkmenistan",2010,-1.3837819,"GOV_WGI_RL.EST"
"TUV","Tuvalu",2024,1.2586629,"GOV_WGI_RL.EST"
"TUV","Tuvalu",2023,1.2335136,"GOV_WGI_RL.EST"
"TUV","Tuvalu",2022,1.0534511,"GOV_WGI_RL.EST"
"TUV","Tuvalu",2021,1.0268309,"GOV_WGI_RL.EST"
"TUV","Tuvalu",2020,0.993646,"GOV_WGI_RL.EST"
"TUV","Tuvalu",2019,0.9119295,"GOV_WGI_RL.EST"
"TUV","Tuvalu",2018,0.9120261,"GOV_WGI_RL.EST"
"TUV","Tuvalu",2017,0.9765235,"GOV_WGI_RL.EST"
"TUV","Tuvalu",2016,0.9772627,"GOV_WGI_RL.EST"
"TUV","Tuvalu",2015,0.9765585,"GOV_WGI_RL.EST"
"TUV","Tuvalu",2014,0.9740874,"GOV_WGI_RL.EST"
"TUV","Tuvalu",2013,0.8477809,"GOV_WGI_RL.EST"
"TUV","Tuvalu",2012,0.8518943,"GOV_WGI_RL.EST"
"TUV","Tuvalu",2011,1.1671136,"GOV_WGI_RL.EST"
"TUV","Tuvalu",2010,1.1603179,"GOV_WGI_RL.EST"
"UGA","Uganda",2024,-0.670179,"GOV_WGI_RL.EST"
"UGA","Uganda",2023,-0.702415,"GOV_WGI_RL.EST"
"UGA","Uganda",2022,-0.6839518,"GOV_WGI_RL.EST"
"UGA","Uganda",2021,-0.6829634,"GOV_WGI_RL.EST"
"UGA","Uganda",2020,-0.6441677,"GOV_WGI_RL.EST"
"UGA","Uganda",2019,-0.680853,"GOV_WGI_RL.EST"
"UGA","Uganda",2018,-0.6442656,"GOV_WGI_RL.EST"
"UGA","Uganda",2017,-0.6053365,"GOV_WGI_RL.EST"
"UGA","Uganda",2016,-0.5787777,"GOV_WGI_RL.EST"
"UGA","Uganda",2015,-0.5513304,"GOV_WGI_RL.EST"
"UGA","Uganda",2014,-0.5504889,"GOV_WGI_RL.EST"
"UGA","Uganda",2013,-0.5286654,"GOV_WGI_RL.EST"
"UGA","Uganda",2012,-0.4728724,"GOV_WGI_RL.EST"
"UGA","Uganda",2011,-0.4280635,"GOV_WGI_RL.EST"
"UGA","Uganda",2010,-0.3259716,"GOV_WGI_RL.EST"
"UKR","Ukraine",2024,-0.7587339,"GOV_WGI_RL.EST"
"UKR","Ukraine",2023,-0.7931106,"GOV_WGI_RL.EST"
"UKR","Ukraine",2022,-0.7869351,"GOV_WGI_RL.EST"
"UKR","Ukraine",2021,-0.575673,"GOV_WGI_RL.EST"
"UKR","Ukraine",2020,-0.5736859,"GOV_WGI_RL.EST"
"UKR","Ukraine",2019,-0.58486,"GOV_WGI_RL.EST"
"UKR","Ukraine",2018,-0.5140459,"GOV_WGI_RL.EST"
"UKR","Ukraine",2017,-0.5681903,"GOV_WGI_RL.EST"
"UKR","Ukraine",2016,-0.6407553,"GOV_WGI_RL.EST"
"UKR","Ukraine",2015,-0.7039324,"GOV_WGI_RL.EST"
"UKR","Ukraine",2014,-0.7373055,"GOV_WGI_RL.EST"
"UKR","Ukraine",2013,-0.7233529,"GOV_WGI_RL.EST"
"UKR","Ukraine",2012,-0.6654566,"GOV_WGI_RL.EST"
"UKR","Ukraine",2011,-0.7474237,"GOV_WGI_RL.EST"
"UKR","Ukraine",2010,-0.7813575,"GOV_WGI_RL.EST"
"ARE","United Arab Emirates",2024,0.5326243,"GOV_WGI_RL.EST"
"ARE","United Arab Emirates",2023,0.4802188,"GOV_WGI_RL.EST"
"ARE","United Arab Emirates",2022,0.4239665,"GOV_WGI_RL.EST"
"ARE","United Arab Emirates",2021,0.3331303,"GOV_WGI_RL.EST"
"ARE","United Arab Emirates",2020,0.3796529,"GOV_WGI_RL.EST"
"ARE","United Arab Emirates",2019,0.4118489,"GOV_WGI_RL.EST"
"ARE","United Arab Emirates",2018,0.3749486,"GOV_WGI_RL.EST"
"ARE","United Arab Emirates",2017,0.3660947,"GOV_WGI_RL.EST"
"ARE","United Arab Emirates",2016,0.4014359,"GOV_WGI_RL.EST"
"ARE","United Arab Emirates",2015,0.3141655,"GOV_WGI_RL.EST"
"ARE","United Arab Emirates",2014,0.3149135,"GOV_WGI_RL.EST"
"ARE","United Arab Emirates",2013,0.3940668,"GOV_WGI_RL.EST"
"ARE","United Arab Emirates",2012,0.3452237,"GOV_WGI_RL.EST"
"ARE","United Arab Emirates",2011,0.3876531,"GOV_WGI_RL.EST"
"ARE","United Arab Emirates",2010,0.0858136,"GOV_WGI_RL.EST"
"GBR","United Kingdom",2024,1.2751712,"GOV_WGI_RL.EST"
"GBR","United Kingdom",2023,1.2663933,"GOV_WGI_RL.EST"
"GBR","United Kingdom",2022,1.2977328,"GOV_WGI_RL.EST"
"GBR","United Kingdom",2021,1.2942621,"GOV_WGI_RL.EST"
"GBR","United Kingdom",2020,1.3537471,"GOV_WGI_RL.EST"
"GBR","United Kingdom",2019,1.4232665,"GOV_WGI_RL.EST"
"GBR","United Kingdom",2018,1.4592065,"GOV_WGI_RL.EST"
"GBR","United Kingdom",2017,1.5966655,"GOV_WGI_RL.EST"
"GBR","United Kingdom",2016,1.5949293,"GOV_WGI_RL.EST"
"GBR","United Kingdom",2015,1.645835,"GOV_WGI_RL.EST"
"GBR","United Kingdom",2014,1.582438,"GOV_WGI_RL.EST"
"GBR","United Kingdom",2013,1.4962593,"GOV_WGI_RL.EST"
"GBR","United Kingdom",2012,1.4802682,"GOV_WGI_RL.EST"
"GBR","United Kingdom",2011,1.4306879,"GOV_WGI_RL.EST"
"GBR","United Kingdom",2010,1.6276951,"GOV_WGI_RL.EST"
"USA","United States",2024,0.9971818,"GOV_WGI_RL.EST"
"USA","United States",2023,1.0209621,"GOV_WGI_RL.EST"
"USA","United States",2022,1.0943336,"GOV_WGI_RL.EST"
"USA","United States",2021,1.0727276,"GOV_WGI_RL.EST"
"USA","United States",2020,1.0290946,"GOV_WGI_RL.EST"
"USA","United States",2019,1.1332344,"GOV_WGI_RL.EST"
"USA","United States",2018,1.1605612,"GOV_WGI_RL.EST"
"USA","United States",2017,1.3334397,"GOV_WGI_RL.EST"
"USA","United States",2016,1.4039729,"GOV_WGI_RL.EST"
"USA","United States",2015,1.4049371,"GOV_WGI_RL.EST"
"USA","United States",2014,1.3774745,"GOV_WGI_RL.EST"
"USA","United States",2013,1.3395047,"GOV_WGI_RL.EST"
"USA","United States",2012,1.4125605,"GOV_WGI_RL.EST"
"USA","United States",2011,1.3975286,"GOV_WGI_RL.EST"
"USA","United States",2010,1.5156259,"GOV_WGI_RL.EST"
"URY","Uruguay",2024,0.9397932,"GOV_WGI_RL.EST"
"URY","Uruguay",2023,0.9525375,"GOV_WGI_RL.EST"
"URY","Uruguay",2022,0.9739835,"GOV_WGI_RL.EST"
"URY","Uruguay",2021,0.9458414,"GOV_WGI_RL.EST"
"URY","Uruguay",2020,0.8866114,"GOV_WGI_RL.EST"
"URY","Uruguay",2019,0.8813823,"GOV_WGI_RL.EST"
"URY","Uruguay",2018,0.8751013,"GOV_WGI_RL.EST"
"URY","Uruguay",2017,0.8765372,"GOV_WGI_RL.EST"
"URY","Uruguay",2016,0.907296,"GOV_WGI_RL.EST"
"URY","Uruguay",2015,0.8329413,"GOV_WGI_RL.EST"
"URY","Uruguay",2014,0.7833074,"GOV_WGI_RL.EST"
"URY","Uruguay",2013,0.683456,"GOV_WGI_RL.EST"
"URY","Uruguay",2012,0.7054962,"GOV_WGI_RL.EST"
"URY","Uruguay",2011,0.7686746,"GOV_WGI_RL.EST"
"URY","Uruguay",2010,0.8399765,"GOV_WGI_RL.EST"
"UZB","Uzbekistan",2024,-0.6590769,"GOV_WGI_RL.EST"
"UZB","Uzbekistan",2023,-0.6656885,"GOV_WGI_RL.EST"
"UZB","Uzbekistan",2022,-0.6424287,"GOV_WGI_RL.EST"
"UZB","Uzbekistan",2021,-0.6662584,"GOV_WGI_RL.EST"
"UZB","Uzbekistan",2020,-0.9476686,"GOV_WGI_RL.EST"
"UZB","Uzbekistan",2019,-0.9570356,"GOV_WGI_RL.EST"
"UZB","Uzbekistan",2018,-0.9057724,"GOV_WGI_RL.EST"
"UZB","Uzbekistan",2017,-1.0161655,"GOV_WGI_RL.EST"
"UZB","Uzbekistan",2016,-1.0636004,"GOV_WGI_RL.EST"
"UZB","Uzbekistan",2015,-1.0903714,"GOV_WGI_RL.EST"
"UZB","Uzbekistan",2014,-1.1157247,"GOV_WGI_RL.EST"
"UZB","Uzbekistan",2013,-1.1639252,"GOV_WGI_RL.EST"
"UZB","Uzbekistan",2012,-1.2188427,"GOV_WGI_RL.EST"
"UZB","Uzbekistan",2011,-1.3606487,"GOV_WGI_RL.EST"
"UZB","Uzbekistan",2010,-1.317716,"GOV_WGI_RL.EST"
"VUT","Vanuatu",2024,0.4475379,"GOV_WGI_RL.EST"
"VUT","Vanuatu",2023,0.4458157,"GOV_WGI_RL.EST"
"VUT","Vanuatu",2022,0.4980113,"GOV_WGI_RL.EST"
"VUT","Vanuatu",2021,0.6563106,"GOV_WGI_RL.EST"
"VUT","Vanuatu",2020,0.569462,"GOV_WGI_RL.EST"
"VUT","Vanuatu",2019,0.4417261,"GOV_WGI_RL.EST"
"VUT","Vanuatu",2018,0.4116377,"GOV_WGI_RL.EST"
"VUT","Vanuatu",2017,0.5599526,"GOV_WGI_RL.EST"
"VUT","Vanuatu",2016,0.4955918,"GOV_WGI_RL.EST"
"VUT","Vanuatu",2015,0.4659302,"GOV_WGI_RL.EST"
"VUT","Vanuatu",2014,0.5396242,"GOV_WGI_RL.EST"
"VUT","Vanuatu",2013,0.4469576,"GOV_WGI_RL.EST"
"VUT","Vanuatu",2012,0.4499754,"GOV_WGI_RL.EST"
"VUT","Vanuatu",2011,0.4389375,"GOV_WGI_RL.EST"
"VUT","Vanuatu",2010,0.435896,"GOV_WGI_RL.EST"
"VEN","Venezuela, RB",2024,-2.2200203,"GOV_WGI_RL.EST"
"VEN","Venezuela, RB",2023,-2.2167846,"GOV_WGI_RL.EST"
"VEN","Venezuela, RB",2022,-2.2253287,"GOV_WGI_RL.EST"
"VEN","Venezuela, RB",2021,-2.2919397,"GOV_WGI_RL.EST"
"VEN","Venezuela, RB",2020,-2.3272288,"GOV_WGI_RL.EST"
"VEN","Venezuela, RB",2019,-2.3183471,"GOV_WGI_RL.EST"
"VEN","Venezuela, RB",2018,-2.2961179,"GOV_WGI_RL.EST"
"VEN","Venezuela, RB",2017,-2.1935198,"GOV_WGI_RL.EST"
"VEN","Venezuela, RB",2016,-2.2572664,"GOV_WGI_RL.EST"
"VEN","Venezuela, RB",2015,-2.2806392,"GOV_WGI_RL.EST"
"VEN","Venezuela, RB",2014,-2.078978,"GOV_WGI_RL.EST"
"VEN","Venezuela, RB",2013,-1.9612834,"GOV_WGI_RL.EST"
"VEN","Venezuela, RB",2012,-1.8178281,"GOV_WGI_RL.EST"
"VEN","Venezuela, RB",2011,-1.7773825,"GOV_WGI_RL.EST"
"VEN","Venezuela, RB",2010,-1.7572082,"GOV_WGI_RL.EST"
"VNM","Viet Nam",2024,-0.2958912,"GOV_WGI_RL.EST"
"VNM","Viet Nam",2023,-0.3213111,"GOV_WGI_RL.EST"
"VNM","Viet Nam",2022,-0.3257627,"GOV_WGI_RL.EST"
"VNM","Viet Nam",2021,-0.2944334,"GOV_WGI_RL.EST"
"VNM","Viet Nam",2020,-0.2840539,"GOV_WGI_RL.EST"
"VNM","Viet Nam",2019,-0.2290804,"GOV_WGI_RL.EST"
"VNM","Viet Nam",2018,-0.2208874,"GOV_WGI_RL.EST"
"VNM","Viet Nam",2017,-0.2483741,"GOV_WGI_RL.EST"
"VNM","Viet Nam",2016,-0.1922095,"GOV_WGI_RL.EST"
"VNM","Viet Nam",2015,-0.3240323,"GOV_WGI_RL.EST"
"VNM","Viet Nam",2014,-0.4032179,"GOV_WGI_RL.EST"
"VNM","Viet Nam",2013,-0.5441825,"GOV_WGI_RL.EST"
"VNM","Viet Nam",2012,-0.5078642,"GOV_WGI_RL.EST"
"VNM","Viet Nam",2011,-0.5016648,"GOV_WGI_RL.EST"
"VNM","Viet Nam",2010,-0.5764571,"GOV_WGI_RL.EST"
"VIR","Virgin Islands (U.S.)",2024,0.5698209,"GOV_WGI_RL.EST"
"VIR","Virgin Islands (U.S.)",2023,0.5700407,"GOV_WGI_RL.EST"
"VIR","Virgin Islands (U.S.)",2022,0.5747559,"GOV_WGI_RL.EST"
"VIR","Virgin Islands (U.S.)",2021,0.8858621,"GOV_WGI_RL.EST"
"VIR","Virgin Islands (U.S.)",2020,0.8882774,"GOV_WGI_RL.EST"
"VIR","Virgin Islands (U.S.)",2019,1.1229485,"GOV_WGI_RL.EST"
"VIR","Virgin Islands (U.S.)",2018,1.1231685,"GOV_WGI_RL.EST"
"VIR","Virgin Islands (U.S.)",2017,0.6607705,"GOV_WGI_RL.EST"
"VIR","Virgin Islands (U.S.)",2016,0.6626727,"GOV_WGI_RL.EST"
"VIR","Virgin Islands (U.S.)",2015,0.8922125,"GOV_WGI_RL.EST"
"VIR","Virgin Islands (U.S.)",2014,-0.0395553,"GOV_WGI_RL.EST"
"VIR","Virgin Islands (U.S.)",2013,0.7921893,"GOV_WGI_RL.EST"
"VIR","Virgin Islands (U.S.)",2012,0.8027739,"GOV_WGI_RL.EST"
"VIR","Virgin Islands (U.S.)",2011,0.8081286,"GOV_WGI_RL.EST"
"VIR","Virgin Islands (U.S.)",2010,0.7963955,"GOV_WGI_RL.EST"
"PSE","West Bank and Gaza",2024,-0.9839869,"GOV_WGI_RL.EST"
"PSE","West Bank and Gaza",2023,-0.8764293,"GOV_WGI_RL.EST"
"PSE","West Bank and Gaza",2022,-0.8337703,"GOV_WGI_RL.EST"
"PSE","West Bank and Gaza",2021,-0.875095,"GOV_WGI_RL.EST"
"PSE","West Bank and Gaza",2020,-0.8686197,"GOV_WGI_RL.EST"
"PSE","West Bank and Gaza",2019,-0.8386563,"GOV_WGI_RL.EST"
"PSE","West Bank and Gaza",2018,-0.8621738,"GOV_WGI_RL.EST"
"PSE","West Bank and Gaza",2017,-0.7914958,"GOV_WGI_RL.EST"
"PSE","West Bank and Gaza",2016,-0.7787806,"GOV_WGI_RL.EST"
"PSE","West Bank and Gaza",2015,-0.8594525,"GOV_WGI_RL.EST"
"PSE","West Bank and Gaza",2014,-0.7508943,"GOV_WGI_RL.EST"
"PSE","West Bank and Gaza",2013,-0.7625458,"GOV_WGI_RL.EST"
"PSE","West Bank and Gaza",2012,-0.7283837,"GOV_WGI_RL.EST"
"PSE","West Bank and Gaza",2011,-0.7270412,"GOV_WGI_RL.EST"
"PSE","West Bank and Gaza",2010,-0.5171984,"GOV_WGI_RL.EST"
"YEM","Yemen, Rep.",2024,-1.9476387,"GOV_WGI_RL.EST"
"YEM","Yemen, Rep.",2023,-1.9397528,"GOV_WGI_RL.EST"
"YEM","Yemen, Rep.",2022,-1.9338394,"GOV_WGI_RL.EST"
"YEM","Yemen, Rep.",2021,-1.8587672,"GOV_WGI_RL.EST"
"YEM","Yemen, Rep.",2020,-1.83614,"GOV_WGI_RL.EST"
"YEM","Yemen, Rep.",2019,-1.7065568,"GOV_WGI_RL.EST"
"YEM","Yemen, Rep.",2018,-1.723802,"GOV_WGI_RL.EST"
"YEM","Yemen, Rep.",2017,-1.6861958,"GOV_WGI_RL.EST"
"YEM","Yemen, Rep.",2016,-1.5927907,"GOV_WGI_RL.EST"
"YEM","Yemen, Rep.",2015,-1.5441626,"GOV_WGI_RL.EST"
"YEM","Yemen, Rep.",2014,-1.3906576,"GOV_WGI_RL.EST"
"YEM","Yemen, Rep.",2013,-1.3205433,"GOV_WGI_RL.EST"
"YEM","Yemen, Rep.",2012,-1.354895,"GOV_WGI_RL.EST"
"YEM","Yemen, Rep.",2011,-1.3179294,"GOV_WGI_RL.EST"
"YEM","Yemen, Rep.",2010,-1.1094704,"GOV_WGI_RL.EST"
"ZMB","Zambia",2024,-0.504848,"GOV_WGI_RL.EST"
"ZMB","Zambia",2023,-0.5990132,"GOV_WGI_RL.EST"
"ZMB","Zambia",2022,-0.6235349,"GOV_WGI_RL.EST"
"ZMB","Zambia",2021,-0.5833797,"GOV_WGI_RL.EST"
"ZMB","Zambia",2020,-0.6514255,"GOV_WGI_RL.EST"
"ZMB","Zambia",2019,-0.5562085,"GOV_WGI_RL.EST"
"ZMB","Zambia",2018,-0.4519312,"GOV_WGI_RL.EST"
"ZMB","Zambia",2017,-0.4072495,"GOV_WGI_RL.EST"
"ZMB","Zambia",2016,-0.368054,"GOV_WGI_RL.EST"
"ZMB","Zambia",2015,-0.3304706,"GOV_WGI_RL.EST"
"ZMB","Zambia",2014,-0.3911119,"GOV_WGI_RL.EST"
"ZMB","Zambia",2013,-0.3814144,"GOV_WGI_RL.EST"
"ZMB","Zambia",2012,-0.4631593,"GOV_WGI_RL.EST"
"ZMB","Zambia",2011,-0.3142666,"GOV_WGI_RL.EST"
"ZMB","Zambia",2010,-0.3662168,"GOV_WGI_RL.EST"
"ZWE","Zimbabwe",2024,-1.2298788,"GOV_WGI_RL.EST"
"ZWE","Zimbabwe",2023,-1.2925538,"GOV_WGI_RL.EST"
"ZWE","Zimbabwe",2022,-1.3123957,"GOV_WGI_RL.EST"
"ZWE","Zimbabwe",2021,-1.2969459,"GOV_WGI_RL.EST"
"ZWE","Zimbabwe",2020,-1.2498557,"GOV_WGI_RL.EST"
"ZWE","Zimbabwe",2019,-1.2816444,"GOV_WGI_RL.EST"
"ZWE","Zimbabwe",2018,-1.2953896,"GOV_WGI_RL.EST"
"ZWE","Zimbabwe",2017,-1.3759562,"GOV_WGI_RL.EST"
"ZWE","Zimbabwe",2016,-1.4324063,"GOV_WGI_RL.EST"
"ZWE","Zimbabwe",2015,-1.4118634,"GOV_WGI_RL.EST"
"ZWE","Zimbabwe",2014,-1.6305349,"GOV_WGI_RL.EST"
"ZWE","Zimbabwe",2013,-1.6803985,"GOV_WGI_RL.EST"
"ZWE","Zimbabwe",2012,-1.6500617,"GOV_WGI_RL.EST"
"ZWE","Zimbabwe",2011,-1.8047134,"GOV_WGI_RL.EST"
"ZWE","Zimbabwe",2010,-1.8074745,"GOV_WGI_RL.EST"
