"iso3c","pais","ano","valor","codigo"
"AFG","Afghanistan",2024,-1.3030852,"GOV_WGI_CC.EST"
"AFG","Afghanistan",2023,-1.1930687,"GOV_WGI_CC.EST"
"AFG","Afghanistan",2022,-1.1668864,"GOV_WGI_CC.EST"
"AFG","Afghanistan",2021,-1.216336,"GOV_WGI_CC.EST"
"AFG","Afghanistan",2020,-1.3952956,"GOV_WGI_CC.EST"
"AFG","Afghanistan",2019,-1.4958388,"GOV_WGI_CC.EST"
"AFG","Afghanistan",2018,-1.5345594,"GOV_WGI_CC.EST"
"AFG","Afghanistan",2017,-1.5381041,"GOV_WGI_CC.EST"
"AFG","Afghanistan",2016,-1.559757,"GOV_WGI_CC.EST"
"AFG","Afghanistan",2015,-1.5145732,"GOV_WGI_CC.EST"
"AFG","Afghanistan",2014,-1.5559393,"GOV_WGI_CC.EST"
"AFG","Afghanistan",2013,-1.5812312,"GOV_WGI_CC.EST"
"AFG","Afghanistan",2012,-1.632706,"GOV_WGI_CC.EST"
"AFG","Afghanistan",2011,-1.589755,"GOV_WGI_CC.EST"
"AFG","Afghanistan",2010,-1.6514467,"GOV_WGI_CC.EST"
"ALB","Albania",2024,-0.3491901,"GOV_WGI_CC.EST"
"ALB","Albania",2023,-0.4679409,"GOV_WGI_CC.EST"
"ALB","Albania",2022,-0.5055112,"GOV_WGI_CC.EST"
"ALB","Albania",2021,-0.6051047,"GOV_WGI_CC.EST"
"ALB","Albania",2020,-0.6625125,"GOV_WGI_CC.EST"
"ALB","Albania",2019,-0.5423523,"GOV_WGI_CC.EST"
"ALB","Albania",2018,-0.5890745,"GOV_WGI_CC.EST"
"ALB","Albania",2017,-0.5913765,"GOV_WGI_CC.EST"
"ALB","Albania",2016,-0.5308759,"GOV_WGI_CC.EST"
"ALB","Albania",2015,-0.6100331,"GOV_WGI_CC.EST"
"ALB","Albania",2014,-0.6990964,"GOV_WGI_CC.EST"
"ALB","Albania",2013,-0.8066655,"GOV_WGI_CC.EST"
"ALB","Albania",2012,-0.8091815,"GOV_WGI_CC.EST"
"ALB","Albania",2011,-0.6862398,"GOV_WGI_CC.EST"
"ALB","Albania",2010,-0.5017179,"GOV_WGI_CC.EST"
"DZA","Algeria",2024,-0.5698666,"GOV_WGI_CC.EST"
"DZA","Algeria",2023,-0.6365941,"GOV_WGI_CC.EST"
"DZA","Algeria",2022,-0.6915368,"GOV_WGI_CC.EST"
"DZA","Algeria",2021,-0.6513378,"GOV_WGI_CC.EST"
"DZA","Algeria",2020,-0.6323459,"GOV_WGI_CC.EST"
"DZA","Algeria",2019,-0.6284895,"GOV_WGI_CC.EST"
"DZA","Algeria",2018,-0.5454413,"GOV_WGI_CC.EST"
"DZA","Algeria",2017,-0.5472758,"GOV_WGI_CC.EST"
"DZA","Algeria",2016,-0.6488116,"GOV_WGI_CC.EST"
"DZA","Algeria",2015,-0.6339262,"GOV_WGI_CC.EST"
"DZA","Algeria",2014,-0.7156642,"GOV_WGI_CC.EST"
"DZA","Algeria",2013,-0.4967733,"GOV_WGI_CC.EST"
"DZA","Algeria",2012,-0.5469353,"GOV_WGI_CC.EST"
"DZA","Algeria",2011,-0.5027125,"GOV_WGI_CC.EST"
"DZA","Algeria",2010,-0.3946187,"GOV_WGI_CC.EST"
"ASM","American Samoa",2024,1.1795348,"GOV_WGI_CC.EST"
"ASM","American Samoa",2023,1.175974,"GOV_WGI_CC.EST"
"ASM","American Samoa",2022,1.1745578,"GOV_WGI_CC.EST"
"ASM","American Samoa",2021,1.1826246,"GOV_WGI_CC.EST"
"ASM","American Samoa",2020,1.1807063,"GOV_WGI_CC.EST"
"ASM","American Samoa",2019,1.803928,"GOV_WGI_CC.EST"
"ASM","American Samoa",2018,1.7986429,"GOV_WGI_CC.EST"
"ASM","American Samoa",2017,1.7948029,"GOV_WGI_CC.EST"
"ASM","American Samoa",2016,1.1726624,"GOV_WGI_CC.EST"
"ASM","American Samoa",2015,1.1695013,"GOV_WGI_CC.EST"
"ASM","American Samoa",2014,1.1655883,"GOV_WGI_CC.EST"
"ASM","American Samoa",2013,0.3894659,"GOV_WGI_CC.EST"
"ASM","American Samoa",2012,0.3890668,"GOV_WGI_CC.EST"
"ASM","American Samoa",2011,0.3940287,"GOV_WGI_CC.EST"
"ASM","American Samoa",2010,0.3963774,"GOV_WGI_CC.EST"
"AND","Andorra",2024,1.1795348,"GOV_WGI_CC.EST"
"AND","Andorra",2023,1.175974,"GOV_WGI_CC.EST"
"AND","Andorra",2022,1.1745578,"GOV_WGI_CC.EST"
"AND","Andorra",2021,1.1826246,"GOV_WGI_CC.EST"
"AND","Andorra",2020,1.1807063,"GOV_WGI_CC.EST"
"AND","Andorra",2019,1.1795403,"GOV_WGI_CC.EST"
"AND","Andorra",2018,1.1742552,"GOV_WGI_CC.EST"
"AND","Andorra",2017,1.1704152,"GOV_WGI_CC.EST"
"AND","Andorra",2016,1.1726624,"GOV_WGI_CC.EST"
"AND","Andorra",2015,1.1695013,"GOV_WGI_CC.EST"
"AND","Andorra",2014,1.1655883,"GOV_WGI_CC.EST"
"AND","Andorra",2013,1.3260472,"GOV_WGI_CC.EST"
"AND","Andorra",2012,1.3256481,"GOV_WGI_CC.EST"
"AND","Andorra",2011,1.33061,"GOV_WGI_CC.EST"
"AND","Andorra",2010,1.3329587,"GOV_WGI_CC.EST"
"AGO","Angola",2024,-0.6438531,"GOV_WGI_CC.EST"
"AGO","Angola",2023,-0.6230952,"GOV_WGI_CC.EST"
"AGO","Angola",2022,-0.6251343,"GOV_WGI_CC.EST"
"AGO","Angola",2021,-0.668397,"GOV_WGI_CC.EST"
"AGO","Angola",2020,-0.9315857,"GOV_WGI_CC.EST"
"AGO","Angola",2019,-1.0040502,"GOV_WGI_CC.EST"
"AGO","Angola",2018,-1.1823779,"GOV_WGI_CC.EST"
"AGO","Angola",2017,-1.4198507,"GOV_WGI_CC.EST"
"AGO","Angola",2016,-1.4880864,"GOV_WGI_CC.EST"
"AGO","Angola",2015,-1.4856194,"GOV_WGI_CC.EST"
"AGO","Angola",2014,-1.4862953,"GOV_WGI_CC.EST"
"AGO","Angola",2013,-1.4605972,"GOV_WGI_CC.EST"
"AGO","Angola",2012,-1.4390641,"GOV_WGI_CC.EST"
"AGO","Angola",2011,-1.3676104,"GOV_WGI_CC.EST"
"AGO","Angola",2010,-1.3266163,"GOV_WGI_CC.EST"
"ATG","Antigua and Barbuda",2024,0.2903364,"GOV_WGI_CC.EST"
"ATG","Antigua and Barbuda",2023,0.2742828,"GOV_WGI_CC.EST"
"ATG","Antigua and Barbuda",2022,0.2405635,"GOV_WGI_CC.EST"
"ATG","Antigua and Barbuda",2021,0.187822,"GOV_WGI_CC.EST"
"ATG","Antigua and Barbuda",2020,0.2245605,"GOV_WGI_CC.EST"
"ATG","Antigua and Barbuda",2019,0.2240801,"GOV_WGI_CC.EST"
"ATG","Antigua and Barbuda",2018,0.230982,"GOV_WGI_CC.EST"
"ATG","Antigua and Barbuda",2017,0.2003638,"GOV_WGI_CC.EST"
"ATG","Antigua and Barbuda",2016,0.6411076,"GOV_WGI_CC.EST"
"ATG","Antigua and Barbuda",2015,0.639805,"GOV_WGI_CC.EST"
"ATG","Antigua and Barbuda",2014,0.541201,"GOV_WGI_CC.EST"
"ATG","Antigua and Barbuda",2013,1.3260472,"GOV_WGI_CC.EST"
"ATG","Antigua and Barbuda",2012,1.3256481,"GOV_WGI_CC.EST"
"ATG","Antigua and Barbuda",2011,1.33061,"GOV_WGI_CC.EST"
"ATG","Antigua and Barbuda",2010,1.3329587,"GOV_WGI_CC.EST"
"ARG","Argentina",2024,-0.3250713,"GOV_WGI_CC.EST"
"ARG","Argentina",2023,-0.3360465,"GOV_WGI_CC.EST"
"ARG","Argentina",2022,-0.3392719,"GOV_WGI_CC.EST"
"ARG","Argentina",2021,-0.3247968,"GOV_WGI_CC.EST"
"ARG","Argentina",2020,-0.1363057,"GOV_WGI_CC.EST"
"ARG","Argentina",2019,-0.0824917,"GOV_WGI_CC.EST"
"ARG","Argentina",2018,-0.0094702,"GOV_WGI_CC.EST"
"ARG","Argentina",2017,-0.1768645,"GOV_WGI_CC.EST"
"ARG","Argentina",2016,-0.2198226,"GOV_WGI_CC.EST"
"ARG","Argentina",2015,-0.6423059,"GOV_WGI_CC.EST"
"ARG","Argentina",2014,-0.6640614,"GOV_WGI_CC.EST"
"ARG","Argentina",2013,-0.5382434,"GOV_WGI_CC.EST"
"ARG","Argentina",2012,-0.5363017,"GOV_WGI_CC.EST"
"ARG","Argentina",2011,-0.3361817,"GOV_WGI_CC.EST"
"ARG","Argentina",2010,-0.3648003,"GOV_WGI_CC.EST"
"ARM","Armenia",2024,0.1800245,"GOV_WGI_CC.EST"
"ARM","Armenia",2023,0.1214037,"GOV_WGI_CC.EST"
"ARM","Armenia",2022,0.0535402,"GOV_WGI_CC.EST"
"ARM","Armenia",2021,0.0524409,"GOV_WGI_CC.EST"
"ARM","Armenia",2020,0.1014638,"GOV_WGI_CC.EST"
"ARM","Armenia",2019,-0.0553893,"GOV_WGI_CC.EST"
"ARM","Armenia",2018,-0.164124,"GOV_WGI_CC.EST"
"ARM","Armenia",2017,-0.6043116,"GOV_WGI_CC.EST"
"ARM","Armenia",2016,-0.6216692,"GOV_WGI_CC.EST"
"ARM","Armenia",2015,-0.6645384,"GOV_WGI_CC.EST"
"ARM","Armenia",2014,-0.6805345,"GOV_WGI_CC.EST"
"ARM","Armenia",2013,-0.5248547,"GOV_WGI_CC.EST"
"ARM","Armenia",2012,-0.6145286,"GOV_WGI_CC.EST"
"ARM","Armenia",2011,-0.6733427,"GOV_WGI_CC.EST"
"ARM","Armenia",2010,-0.6663446,"GOV_WGI_CC.EST"
"ABW","Aruba",2024,0.8688564,"GOV_WGI_CC.EST"
"ABW","Aruba",2023,0.8673479,"GOV_WGI_CC.EST"
"ABW","Aruba",2022,0.866748,"GOV_WGI_CC.EST"
"ABW","Aruba",2021,0.8701654,"GOV_WGI_CC.EST"
"ABW","Aruba",2020,1.1645344,"GOV_WGI_CC.EST"
"ABW","Aruba",2019,1.1640405,"GOV_WGI_CC.EST"
"ABW","Aruba",2018,1.1618015,"GOV_WGI_CC.EST"
"ABW","Aruba",2017,1.1601747,"GOV_WGI_CC.EST"
"ABW","Aruba",2016,1.1611267,"GOV_WGI_CC.EST"
"ABW","Aruba",2015,1.1597875,"GOV_WGI_CC.EST"
"ABW","Aruba",2014,0.8936129,"GOV_WGI_CC.EST"
"ABW","Aruba",2013,1.0277192,"GOV_WGI_CC.EST"
"ABW","Aruba",2012,1.0275501,"GOV_WGI_CC.EST"
"ABW","Aruba",2011,1.0296522,"GOV_WGI_CC.EST"
"ABW","Aruba",2010,1.0306472,"GOV_WGI_CC.EST"
"AUS","Australia",2024,1.8176615,"GOV_WGI_CC.EST"
"AUS","Australia",2023,1.8112229,"GOV_WGI_CC.EST"
"AUS","Australia",2022,1.7303056,"GOV_WGI_CC.EST"
"AUS","Australia",2021,1.6792737,"GOV_WGI_CC.EST"
"AUS","Australia",2020,1.6079057,"GOV_WGI_CC.EST"
"AUS","Australia",2019,1.7871395,"GOV_WGI_CC.EST"
"AUS","Australia",2018,1.7695878,"GOV_WGI_CC.EST"
"AUS","Australia",2017,1.7941666,"GOV_WGI_CC.EST"
"AUS","Australia",2016,1.7942056,"GOV_WGI_CC.EST"
"AUS","Australia",2015,1.8541175,"GOV_WGI_CC.EST"
"AUS","Australia",2014,1.8629605,"GOV_WGI_CC.EST"
"AUS","Australia",2013,1.7311775,"GOV_WGI_CC.EST"
"AUS","Australia",2012,1.9637581,"GOV_WGI_CC.EST"
"AUS","Australia",2011,1.969225,"GOV_WGI_CC.EST"
"AUS","Australia",2010,1.9951972,"GOV_WGI_CC.EST"
"AUT","Austria",2024,1.3042504,"GOV_WGI_CC.EST"
"AUT","Austria",2023,1.3610455,"GOV_WGI_CC.EST"
"AUT","Austria",2022,1.3839065,"GOV_WGI_CC.EST"
"AUT","Austria",2021,1.3784124,"GOV_WGI_CC.EST"
"AUT","Austria",2020,1.57796,"GOV_WGI_CC.EST"
"AUT","Austria",2019,1.6107971,"GOV_WGI_CC.EST"
"AUT","Austria",2018,1.6374762,"GOV_WGI_CC.EST"
"AUT","Austria",2017,1.5722727,"GOV_WGI_CC.EST"
"AUT","Austria",2016,1.5179593,"GOV_WGI_CC.EST"
"AUT","Austria",2015,1.4923034,"GOV_WGI_CC.EST"
"AUT","Austria",2014,1.4237332,"GOV_WGI_CC.EST"
"AUT","Austria",2013,1.4491138,"GOV_WGI_CC.EST"
"AUT","Austria",2012,1.3812989,"GOV_WGI_CC.EST"
"AUT","Austria",2011,1.5829577,"GOV_WGI_CC.EST"
"AUT","Austria",2010,1.6707322,"GOV_WGI_CC.EST"
"AZE","Azerbaijan",2024,-0.857851,"GOV_WGI_CC.EST"
"AZE","Azerbaijan",2023,-0.8952548,"GOV_WGI_CC.EST"
"AZE","Azerbaijan",2022,-0.8432673,"GOV_WGI_CC.EST"
"AZE","Azerbaijan",2021,-0.7867101,"GOV_WGI_CC.EST"
"AZE","Azerbaijan",2020,-0.7713293,"GOV_WGI_CC.EST"
"AZE","Azerbaijan",2019,-0.7665184,"GOV_WGI_CC.EST"
"AZE","Azerbaijan",2018,-0.9096584,"GOV_WGI_CC.EST"
"AZE","Azerbaijan",2017,-0.90769,"GOV_WGI_CC.EST"
"AZE","Azerbaijan",2016,-0.7996066,"GOV_WGI_CC.EST"
"AZE","Azerbaijan",2015,-0.9871945,"GOV_WGI_CC.EST"
"AZE","Azerbaijan",2014,-1.1687337,"GOV_WGI_CC.EST"
"AZE","Azerbaijan",2013,-0.9917882,"GOV_WGI_CC.EST"
"AZE","Azerbaijan",2012,-1.1690855,"GOV_WGI_CC.EST"
"AZE","Azerbaijan",2011,-1.1589268,"GOV_WGI_CC.EST"
"AZE","Azerbaijan",2010,-1.2287823,"GOV_WGI_CC.EST"
"BHS","Bahamas, The",2024,1.2311742,"GOV_WGI_CC.EST"
"BHS","Bahamas, The",2023,1.2189986,"GOV_WGI_CC.EST"
"BHS","Bahamas, The",2022,1.2306697,"GOV_WGI_CC.EST"
"BHS","Bahamas, The",2021,1.2274437,"GOV_WGI_CC.EST"
"BHS","Bahamas, The",2020,1.210895,"GOV_WGI_CC.EST"
"BHS","Bahamas, The",2019,1.2106292,"GOV_WGI_CC.EST"
"BHS","Bahamas, The",2018,1.1023235,"GOV_WGI_CC.EST"
"BHS","Bahamas, The",2017,1.0762854,"GOV_WGI_CC.EST"
"BHS","Bahamas, The",2016,1.0889683,"GOV_WGI_CC.EST"
"BHS","Bahamas, The",2015,1.0882422,"GOV_WGI_CC.EST"
"BHS","Bahamas, The",2014,1.309785,"GOV_WGI_CC.EST"
"BHS","Bahamas, The",2013,1.480367,"GOV_WGI_CC.EST"
"BHS","Bahamas, The",2012,1.4802307,"GOV_WGI_CC.EST"
"BHS","Bahamas, The",2011,1.481926,"GOV_WGI_CC.EST"
"BHS","Bahamas, The",2010,1.4827285,"GOV_WGI_CC.EST"
"BHR","Bahrain",2024,0.2713988,"GOV_WGI_CC.EST"
"BHR","Bahrain",2023,0.2389515,"GOV_WGI_CC.EST"
"BHR","Bahrain",2022,0.1358285,"GOV_WGI_CC.EST"
"BHR","Bahrain",2021,0.2012609,"GOV_WGI_CC.EST"
"BHR","Bahrain",2020,-0.0981906,"GOV_WGI_CC.EST"
"BHR","Bahrain",2019,-0.0893227,"GOV_WGI_CC.EST"
"BHR","Bahrain",2018,-0.1459149,"GOV_WGI_CC.EST"
"BHR","Bahrain",2017,-0.1481988,"GOV_WGI_CC.EST"
"BHR","Bahrain",2016,-0.0920081,"GOV_WGI_CC.EST"
"BHR","Bahrain",2015,0.0337471,"GOV_WGI_CC.EST"
"BHR","Bahrain",2014,0.0223165,"GOV_WGI_CC.EST"
"BHR","Bahrain",2013,0.2478144,"GOV_WGI_CC.EST"
"BHR","Bahrain",2012,0.2164131,"GOV_WGI_CC.EST"
"BHR","Bahrain",2011,0.1942256,"GOV_WGI_CC.EST"
"BHR","Bahrain",2010,0.1504108,"GOV_WGI_CC.EST"
"BGD","Bangladesh",2024,-1.0974924,"GOV_WGI_CC.EST"
"BGD","Bangladesh",2023,-1.1950519,"GOV_WGI_CC.EST"
"BGD","Bangladesh",2022,-1.1729219,"GOV_WGI_CC.EST"
"BGD","Bangladesh",2021,-1.0901349,"GOV_WGI_CC.EST"
"BGD","Bangladesh",2020,-1.0735627,"GOV_WGI_CC.EST"
"BGD","Bangladesh",2019,-1.0981263,"GOV_WGI_CC.EST"
"BGD","Bangladesh",2018,-1.0939121,"GOV_WGI_CC.EST"
"BGD","Bangladesh",2017,-1.059741,"GOV_WGI_CC.EST"
"BGD","Bangladesh",2016,-1.0634307,"GOV_WGI_CC.EST"
"BGD","Bangladesh",2015,-1.0764748,"GOV_WGI_CC.EST"
"BGD","Bangladesh",2014,-1.1821562,"GOV_WGI_CC.EST"
"BGD","Bangladesh",2013,-1.1304914,"GOV_WGI_CC.EST"
"BGD","Bangladesh",2012,-1.1187914,"GOV_WGI_CC.EST"
"BGD","Bangladesh",2011,-1.0493929,"GOV_WGI_CC.EST"
"BGD","Bangladesh",2010,-1.0202424,"GOV_WGI_CC.EST"
"BRB","Barbados",2024,1.2278492,"GOV_WGI_CC.EST"
"BRB","Barbados",2023,1.2109437,"GOV_WGI_CC.EST"
"BRB","Barbados",2022,1.1926125,"GOV_WGI_CC.EST"
"BRB","Barbados",2021,1.1955821,"GOV_WGI_CC.EST"
"BRB","Barbados",2020,1.1702037,"GOV_WGI_CC.EST"
"BRB","Barbados",2019,1.1462533,"GOV_WGI_CC.EST"
"BRB","Barbados",2018,1.1359678,"GOV_WGI_CC.EST"
"BRB","Barbados",2017,1.1104253,"GOV_WGI_CC.EST"
"BRB","Barbados",2016,1.1470088,"GOV_WGI_CC.EST"
"BRB","Barbados",2015,1.2072648,"GOV_WGI_CC.EST"
"BRB","Barbados",2014,0.9708988,"GOV_WGI_CC.EST"
"BRB","Barbados",2013,1.4225488,"GOV_WGI_CC.EST"
"BRB","Barbados",2012,1.4452505,"GOV_WGI_CC.EST"
"BRB","Barbados",2011,1.5132832,"GOV_WGI_CC.EST"
"BRB","Barbados",2010,1.3390306,"GOV_WGI_CC.EST"
"BLR","Belarus",2024,-0.5799515,"GOV_WGI_CC.EST"
"BLR","Belarus",2023,-0.5359763,"GOV_WGI_CC.EST"
"BLR","Belarus",2022,-0.4177818,"GOV_WGI_CC.EST"
"BLR","Belarus",2021,-0.2081019,"GOV_WGI_CC.EST"
"BLR","Belarus",2020,-0.1028474,"GOV_WGI_CC.EST"
"BLR","Belarus",2019,0.01554,"GOV_WGI_CC.EST"
"BLR","Belarus",2018,-0.1237316,"GOV_WGI_CC.EST"
"BLR","Belarus",2017,-0.136022,"GOV_WGI_CC.EST"
"BLR","Belarus",2016,-0.1707606,"GOV_WGI_CC.EST"
"BLR","Belarus",2015,-0.2665498,"GOV_WGI_CC.EST"
"BLR","Belarus",2014,-0.1775462,"GOV_WGI_CC.EST"
"BLR","Belarus",2013,-0.2649706,"GOV_WGI_CC.EST"
"BLR","Belarus",2012,-0.2998168,"GOV_WGI_CC.EST"
"BLR","Belarus",2011,-0.4466627,"GOV_WGI_CC.EST"
"BLR","Belarus",2010,-0.5479192,"GOV_WGI_CC.EST"
"BEL","Belgium",2024,1.4573217,"GOV_WGI_CC.EST"
"BEL","Belgium",2023,1.501529,"GOV_WGI_CC.EST"
"BEL","Belgium",2022,1.5860294,"GOV_WGI_CC.EST"
"BEL","Belgium",2021,1.5606518,"GOV_WGI_CC.EST"
"BEL","Belgium",2020,1.4142823,"GOV_WGI_CC.EST"
"BEL","Belgium",2019,1.494288,"GOV_WGI_CC.EST"
"BEL","Belgium",2018,1.4529192,"GOV_WGI_CC.EST"
"BEL","Belgium",2017,1.4412383,"GOV_WGI_CC.EST"
"BEL","Belgium",2016,1.5375995,"GOV_WGI_CC.EST"
"BEL","Belgium",2015,1.517278,"GOV_WGI_CC.EST"
"BEL","Belgium",2014,1.5089991,"GOV_WGI_CC.EST"
"BEL","Belgium",2013,1.4950793,"GOV_WGI_CC.EST"
"BEL","Belgium",2012,1.4874968,"GOV_WGI_CC.EST"
"BEL","Belgium",2011,1.5664642,"GOV_WGI_CC.EST"
"BEL","Belgium",2010,1.4980241,"GOV_WGI_CC.EST"
"BLZ","Belize",2024,-0.1593217,"GOV_WGI_CC.EST"
"BLZ","Belize",2023,-0.1151951,"GOV_WGI_CC.EST"
"BLZ","Belize",2022,-0.04616,"GOV_WGI_CC.EST"
"BLZ","Belize",2021,-0.088709,"GOV_WGI_CC.EST"
"BLZ","Belize",2020,-0.0751306,"GOV_WGI_CC.EST"
"BLZ","Belize",2019,-0.075416,"GOV_WGI_CC.EST"
"BLZ","Belize",2018,-0.1069931,"GOV_WGI_CC.EST"
"BLZ","Belize",2017,-0.1980349,"GOV_WGI_CC.EST"
"BLZ","Belize",2016,-0.1218288,"GOV_WGI_CC.EST"
"BLZ","Belize",2015,-0.2644105,"GOV_WGI_CC.EST"
"BLZ","Belize",2014,-0.2847474,"GOV_WGI_CC.EST"
"BLZ","Belize",2013,-0.0746321,"GOV_WGI_CC.EST"
"BLZ","Belize",2012,-0.0747545,"GOV_WGI_CC.EST"
"BLZ","Belize",2011,-0.0675235,"GOV_WGI_CC.EST"
"BLZ","Belize",2010,0.181174,"GOV_WGI_CC.EST"
"BEN","Benin",2024,-0.2357452,"GOV_WGI_CC.EST"
"BEN","Benin",2023,-0.0861802,"GOV_WGI_CC.EST"
"BEN","Benin",2022,-0.1057744,"GOV_WGI_CC.EST"
"BEN","Benin",2021,-0.1568556,"GOV_WGI_CC.EST"
"BEN","Benin",2020,-0.0249041,"GOV_WGI_CC.EST"
"BEN","Benin",2019,-0.2317243,"GOV_WGI_CC.EST"
"BEN","Benin",2018,-0.2789011,"GOV_WGI_CC.EST"
"BEN","Benin",2017,-0.3893103,"GOV_WGI_CC.EST"
"BEN","Benin",2016,-0.4010235,"GOV_WGI_CC.EST"
"BEN","Benin",2015,-0.4947733,"GOV_WGI_CC.EST"
"BEN","Benin",2014,-0.5952412,"GOV_WGI_CC.EST"
"BEN","Benin",2013,-0.4890886,"GOV_WGI_CC.EST"
"BEN","Benin",2012,-0.5927205,"GOV_WGI_CC.EST"
"BEN","Benin",2011,-0.4920887,"GOV_WGI_CC.EST"
"BEN","Benin",2010,-0.4758094,"GOV_WGI_CC.EST"
"BMU","Bermuda",2024,1.1795348,"GOV_WGI_CC.EST"
"BMU","Bermuda",2023,1.175974,"GOV_WGI_CC.EST"
"BMU","Bermuda",2022,1.1745578,"GOV_WGI_CC.EST"
"BMU","Bermuda",2021,1.1826246,"GOV_WGI_CC.EST"
"BMU","Bermuda",2020,1.1807063,"GOV_WGI_CC.EST"
"BMU","Bermuda",2019,1.1795403,"GOV_WGI_CC.EST"
"BMU","Bermuda",2018,1.1742552,"GOV_WGI_CC.EST"
"BMU","Bermuda",2017,1.1704152,"GOV_WGI_CC.EST"
"BMU","Bermuda",2016,1.1726624,"GOV_WGI_CC.EST"
"BMU","Bermuda",2015,1.1695013,"GOV_WGI_CC.EST"
"BMU","Bermuda",2014,1.1655883,"GOV_WGI_CC.EST"
"BMU","Bermuda",2013,1.3260472,"GOV_WGI_CC.EST"
"BMU","Bermuda",2012,1.3256481,"GOV_WGI_CC.EST"
"BMU","Bermuda",2011,1.33061,"GOV_WGI_CC.EST"
"BMU","Bermuda",2010,1.3329587,"GOV_WGI_CC.EST"
"BTN","Bhutan",2024,1.4697587,"GOV_WGI_CC.EST"
"BTN","Bhutan",2023,1.3526293,"GOV_WGI_CC.EST"
"BTN","Bhutan",2022,1.3523215,"GOV_WGI_CC.EST"
"BTN","Bhutan",2021,1.3178625,"GOV_WGI_CC.EST"
"BTN","Bhutan",2020,1.3397472,"GOV_WGI_CC.EST"
"BTN","Bhutan",2019,1.4626027,"GOV_WGI_CC.EST"
"BTN","Bhutan",2018,1.4499203,"GOV_WGI_CC.EST"
"BTN","Bhutan",2017,1.4491751,"GOV_WGI_CC.EST"
"BTN","Bhutan",2016,1.1682121,"GOV_WGI_CC.EST"
"BTN","Bhutan",2015,1.0782548,"GOV_WGI_CC.EST"
"BTN","Bhutan",2014,1.0894793,"GOV_WGI_CC.EST"
"BTN","Bhutan",2013,0.7856654,"GOV_WGI_CC.EST"
"BTN","Bhutan",2012,0.8138593,"GOV_WGI_CC.EST"
"BTN","Bhutan",2011,0.7179035,"GOV_WGI_CC.EST"
"BTN","Bhutan",2010,0.7761186,"GOV_WGI_CC.EST"
"BOL","Bolivia",2024,-0.9894275,"GOV_WGI_CC.EST"
"BOL","Bolivia",2023,-0.9419907,"GOV_WGI_CC.EST"
"BOL","Bolivia",2022,-0.9825908,"GOV_WGI_CC.EST"
"BOL","Bolivia",2021,-0.9479358,"GOV_WGI_CC.EST"
"BOL","Bolivia",2020,-0.8052757,"GOV_WGI_CC.EST"
"BOL","Bolivia",2019,-0.8223702,"GOV_WGI_CC.EST"
"BOL","Bolivia",2018,-0.8318687,"GOV_WGI_CC.EST"
"BOL","Bolivia",2017,-0.812928,"GOV_WGI_CC.EST"
"BOL","Bolivia",2016,-0.7587333,"GOV_WGI_CC.EST"
"BOL","Bolivia",2015,-0.7539756,"GOV_WGI_CC.EST"
"BOL","Bolivia",2014,-0.6405986,"GOV_WGI_CC.EST"
"BOL","Bolivia",2013,-0.5858196,"GOV_WGI_CC.EST"
"BOL","Bolivia",2012,-0.6991609,"GOV_WGI_CC.EST"
"BOL","Bolivia",2011,-0.5771889,"GOV_WGI_CC.EST"
"BOL","Bolivia",2010,-0.4098764,"GOV_WGI_CC.EST"
"BIH","Bosnia and Herzegovina",2024,-0.4926959,"GOV_WGI_CC.EST"
"BIH","Bosnia and Herzegovina",2023,-0.5828073,"GOV_WGI_CC.EST"
"BIH","Bosnia and Herzegovina",2022,-0.6827569,"GOV_WGI_CC.EST"
"BIH","Bosnia and Herzegovina",2021,-0.6702077,"GOV_WGI_CC.EST"
"BIH","Bosnia and Herzegovina",2020,-0.6265439,"GOV_WGI_CC.EST"
"BIH","Bosnia and Herzegovina",2019,-0.6408685,"GOV_WGI_CC.EST"
"BIH","Bosnia and Herzegovina",2018,-0.6399579,"GOV_WGI_CC.EST"
"BIH","Bosnia and Herzegovina",2017,-0.6028027,"GOV_WGI_CC.EST"
"BIH","Bosnia and Herzegovina",2016,-0.4935279,"GOV_WGI_CC.EST"
"BIH","Bosnia and Herzegovina",2015,-0.5174708,"GOV_WGI_CC.EST"
"BIH","Bosnia and Herzegovina",2014,-0.3802259,"GOV_WGI_CC.EST"
"BIH","Bosnia and Herzegovina",2013,-0.3154198,"GOV_WGI_CC.EST"
"BIH","Bosnia and Herzegovina",2012,-0.4010858,"GOV_WGI_CC.EST"
"BIH","Bosnia and Herzegovina",2011,-0.4960491,"GOV_WGI_CC.EST"
"BIH","Bosnia and Herzegovina",2010,-0.4577606,"GOV_WGI_CC.EST"
"BWA","Botswana",2024,0.6232524,"GOV_WGI_CC.EST"
"BWA","Botswana",2023,0.585043,"GOV_WGI_CC.EST"
"BWA","Botswana",2022,0.6489094,"GOV_WGI_CC.EST"
"BWA","Botswana",2021,0.7017814,"GOV_WGI_CC.EST"
"BWA","Botswana",2020,0.7196776,"GOV_WGI_CC.EST"
"BWA","Botswana",2019,0.8201906,"GOV_WGI_CC.EST"
"BWA","Botswana",2018,0.8522594,"GOV_WGI_CC.EST"
"BWA","Botswana",2017,0.7802166,"GOV_WGI_CC.EST"
"BWA","Botswana",2016,0.863004,"GOV_WGI_CC.EST"
"BWA","Botswana",2015,0.8000357,"GOV_WGI_CC.EST"
"BWA","Botswana",2014,0.8267009,"GOV_WGI_CC.EST"
"BWA","Botswana",2013,0.9461944,"GOV_WGI_CC.EST"
"BWA","Botswana",2012,1.0011796,"GOV_WGI_CC.EST"
"BWA","Botswana",2011,1.0180301,"GOV_WGI_CC.EST"
"BWA","Botswana",2010,1.0365293,"GOV_WGI_CC.EST"
"BRA","Brazil",2024,-0.3958138,"GOV_WGI_CC.EST"
"BRA","Brazil",2023,-0.4394541,"GOV_WGI_CC.EST"
"BRA","Brazil",2022,-0.4565665,"GOV_WGI_CC.EST"
"BRA","Brazil",2021,-0.4038381,"GOV_WGI_CC.EST"
"BRA","Brazil",2020,-0.3371524,"GOV_WGI_CC.EST"
"BRA","Brazil",2019,-0.3724397,"GOV_WGI_CC.EST"
"BRA","Brazil",2018,-0.4299065,"GOV_WGI_CC.EST"
"BRA","Brazil",2017,-0.4668159,"GOV_WGI_CC.EST"
"BRA","Brazil",2016,-0.3354755,"GOV_WGI_CC.EST"
"BRA","Brazil",2015,-0.3492221,"GOV_WGI_CC.EST"
"BRA","Brazil",2014,-0.2552721,"GOV_WGI_CC.EST"
"BRA","Brazil",2013,-0.0761893,"GOV_WGI_CC.EST"
"BRA","Brazil",2012,-0.0242705,"GOV_WGI_CC.EST"
"BRA","Brazil",2011,0.2152481,"GOV_WGI_CC.EST"
"BRA","Brazil",2010,-0.0114011,"GOV_WGI_CC.EST"
"BRN","Brunei Darussalam",2024,1.2020976,"GOV_WGI_CC.EST"
"BRN","Brunei Darussalam",2023,1.0901733,"GOV_WGI_CC.EST"
"BRN","Brunei Darussalam",2022,1.0897569,"GOV_WGI_CC.EST"
"BRN","Brunei Darussalam",2021,1.0921291,"GOV_WGI_CC.EST"
"BRN","Brunei Darussalam",2020,1.1809076,"GOV_WGI_CC.EST"
"BRN","Brunei Darussalam",2019,1.1805647,"GOV_WGI_CC.EST"
"BRN","Brunei Darussalam",2018,1.2129327,"GOV_WGI_CC.EST"
"BRN","Brunei Darussalam",2017,1.213627,"GOV_WGI_CC.EST"
"BRN","Brunei Darussalam",2016,1.081715,"GOV_WGI_CC.EST"
"BRN","Brunei Darussalam",2015,1.199495,"GOV_WGI_CC.EST"
"BRN","Brunei Darussalam",2014,1.1983443,"GOV_WGI_CC.EST"
"BRN","Brunei Darussalam",2013,0.9908604,"GOV_WGI_CC.EST"
"BRN","Brunei Darussalam",2012,0.9620137,"GOV_WGI_CC.EST"
"BRN","Brunei Darussalam",2011,0.9405229,"GOV_WGI_CC.EST"
"BRN","Brunei Darussalam",2010,0.9239087,"GOV_WGI_CC.EST"
"BGR","Bulgaria",2024,-0.287029,"GOV_WGI_CC.EST"
"BGR","Bulgaria",2023,-0.1777533,"GOV_WGI_CC.EST"
"BGR","Bulgaria",2022,-0.1317064,"GOV_WGI_CC.EST"
"BGR","Bulgaria",2021,-0.2196318,"GOV_WGI_CC.EST"
"BGR","Bulgaria",2020,-0.2338587,"GOV_WGI_CC.EST"
"BGR","Bulgaria",2019,-0.1189595,"GOV_WGI_CC.EST"
"BGR","Bulgaria",2018,-0.1807224,"GOV_WGI_CC.EST"
"BGR","Bulgaria",2017,-0.3139085,"GOV_WGI_CC.EST"
"BGR","Bulgaria",2016,-0.3559558,"GOV_WGI_CC.EST"
"BGR","Bulgaria",2015,-0.4497287,"GOV_WGI_CC.EST"
"BGR","Bulgaria",2014,-0.402078,"GOV_WGI_CC.EST"
"BGR","Bulgaria",2013,-0.3364003,"GOV_WGI_CC.EST"
"BGR","Bulgaria",2012,-0.3500707,"GOV_WGI_CC.EST"
"BGR","Bulgaria",2011,-0.34862,"GOV_WGI_CC.EST"
"BGR","Bulgaria",2010,-0.3134788,"GOV_WGI_CC.EST"
"BFA","Burkina Faso",2024,-0.2401448,"GOV_WGI_CC.EST"
"BFA","Burkina Faso",2023,-0.2419279,"GOV_WGI_CC.EST"
"BFA","Burkina Faso",2022,-0.2284629,"GOV_WGI_CC.EST"
"BFA","Burkina Faso",2021,-0.1979534,"GOV_WGI_CC.EST"
"BFA","Burkina Faso",2020,-0.1979114,"GOV_WGI_CC.EST"
"BFA","Burkina Faso",2019,-0.1969219,"GOV_WGI_CC.EST"
"BFA","Burkina Faso",2018,-0.155164,"GOV_WGI_CC.EST"
"BFA","Burkina Faso",2017,-0.1501751,"GOV_WGI_CC.EST"
"BFA","Burkina Faso",2016,-0.2163479,"GOV_WGI_CC.EST"
"BFA","Burkina Faso",2015,-0.3241772,"GOV_WGI_CC.EST"
"BFA","Burkina Faso",2014,-0.4115666,"GOV_WGI_CC.EST"
"BFA","Burkina Faso",2013,-0.4182991,"GOV_WGI_CC.EST"
"BFA","Burkina Faso",2012,-0.340524,"GOV_WGI_CC.EST"
"BFA","Burkina Faso",2011,-0.3076017,"GOV_WGI_CC.EST"
"BFA","Burkina Faso",2010,-0.3708191,"GOV_WGI_CC.EST"
"BDI","Burundi",2024,-1.4597886,"GOV_WGI_CC.EST"
"BDI","Burundi",2023,-1.292808,"GOV_WGI_CC.EST"
"BDI","Burundi",2022,-1.3255804,"GOV_WGI_CC.EST"
"BDI","Burundi",2021,-1.3917648,"GOV_WGI_CC.EST"
"BDI","Burundi",2020,-1.355243,"GOV_WGI_CC.EST"
"BDI","Burundi",2019,-1.4736575,"GOV_WGI_CC.EST"
"BDI","Burundi",2018,-1.4797846,"GOV_WGI_CC.EST"
"BDI","Burundi",2017,-1.3256693,"GOV_WGI_CC.EST"
"BDI","Burundi",2016,-1.3023694,"GOV_WGI_CC.EST"
"BDI","Burundi",2015,-1.2701724,"GOV_WGI_CC.EST"
"BDI","Burundi",2014,-1.2776836,"GOV_WGI_CC.EST"
"BDI","Burundi",2013,-1.3592478,"GOV_WGI_CC.EST"
"BDI","Burundi",2012,-1.4109673,"GOV_WGI_CC.EST"
"BDI","Burundi",2011,-1.2982358,"GOV_WGI_CC.EST"
"BDI","Burundi",2010,-1.2420194,"GOV_WGI_CC.EST"
"CPV","Cabo Verde",2024,0.9356492,"GOV_WGI_CC.EST"
"CPV","Cabo Verde",2023,0.860291,"GOV_WGI_CC.EST"
"CPV","Cabo Verde",2022,0.8501482,"GOV_WGI_CC.EST"
"CPV","Cabo Verde",2021,0.8903673,"GOV_WGI_CC.EST"
"CPV","Cabo Verde",2020,0.7909669,"GOV_WGI_CC.EST"
"CPV","Cabo Verde",2019,0.8819765,"GOV_WGI_CC.EST"
"CPV","Cabo Verde",2018,0.8673912,"GOV_WGI_CC.EST"
"CPV","Cabo Verde",2017,0.8022602,"GOV_WGI_CC.EST"
"CPV","Cabo Verde",2016,0.8415436,"GOV_WGI_CC.EST"
"CPV","Cabo Verde",2015,0.8753663,"GOV_WGI_CC.EST"
"CPV","Cabo Verde",2014,0.8732956,"GOV_WGI_CC.EST"
"CPV","Cabo Verde",2013,0.7694303,"GOV_WGI_CC.EST"
"CPV","Cabo Verde",2012,0.8247649,"GOV_WGI_CC.EST"
"CPV","Cabo Verde",2011,0.8933497,"GOV_WGI_CC.EST"
"CPV","Cabo Verde",2010,0.8637371,"GOV_WGI_CC.EST"
"KHM","Cambodia",2024,-1.2334333,"GOV_WGI_CC.EST"
"KHM","Cambodia",2023,-1.1220694,"GOV_WGI_CC.EST"
"KHM","Cambodia",2022,-1.1152017,"GOV_WGI_CC.EST"
"KHM","Cambodia",2021,-1.0929011,"GOV_WGI_CC.EST"
"KHM","Cambodia",2020,-1.1179242,"GOV_WGI_CC.EST"
"KHM","Cambodia",2019,-1.3392334,"GOV_WGI_CC.EST"
"KHM","Cambodia",2018,-1.4284338,"GOV_WGI_CC.EST"
"KHM","Cambodia",2017,-1.3298705,"GOV_WGI_CC.EST"
"KHM","Cambodia",2016,-1.3318637,"GOV_WGI_CC.EST"
"KHM","Cambodia",2015,-1.2800207,"GOV_WGI_CC.EST"
"KHM","Cambodia",2014,-1.2604738,"GOV_WGI_CC.EST"
"KHM","Cambodia",2013,-1.1334489,"GOV_WGI_CC.EST"
"KHM","Cambodia",2012,-1.1348439,"GOV_WGI_CC.EST"
"KHM","Cambodia",2011,-1.3026462,"GOV_WGI_CC.EST"
"KHM","Cambodia",2010,-1.195158,"GOV_WGI_CC.EST"
"CMR","Cameroon",2024,-1.215202,"GOV_WGI_CC.EST"
"CMR","Cameroon",2023,-1.118101,"GOV_WGI_CC.EST"
"CMR","Cameroon",2022,-1.1106148,"GOV_WGI_CC.EST"
"CMR","Cameroon",2021,-1.1191629,"GOV_WGI_CC.EST"
"CMR","Cameroon",2020,-1.0664272,"GOV_WGI_CC.EST"
"CMR","Cameroon",2019,-1.143114,"GOV_WGI_CC.EST"
"CMR","Cameroon",2018,-1.1226631,"GOV_WGI_CC.EST"
"CMR","Cameroon",2017,-1.1473528,"GOV_WGI_CC.EST"
"CMR","Cameroon",2016,-1.1380275,"GOV_WGI_CC.EST"
"CMR","Cameroon",2015,-1.1022368,"GOV_WGI_CC.EST"
"CMR","Cameroon",2014,-1.1650693,"GOV_WGI_CC.EST"
"CMR","Cameroon",2013,-1.1497137,"GOV_WGI_CC.EST"
"CMR","Cameroon",2012,-1.2152341,"GOV_WGI_CC.EST"
"CMR","Cameroon",2011,-1.0279062,"GOV_WGI_CC.EST"
"CMR","Cameroon",2010,-0.9250419,"GOV_WGI_CC.EST"
"CAN","Canada",2024,1.6375255,"GOV_WGI_CC.EST"
"CAN","Canada",2023,1.6304592,"GOV_WGI_CC.EST"
"CAN","Canada",2022,1.6528054,"GOV_WGI_CC.EST"
"CAN","Canada",2021,1.6186408,"GOV_WGI_CC.EST"
"CAN","Canada",2020,1.6441067,"GOV_WGI_CC.EST"
"CAN","Canada",2019,1.7964121,"GOV_WGI_CC.EST"
"CAN","Canada",2018,1.8082257,"GOV_WGI_CC.EST"
"CAN","Canada",2017,1.8834684,"GOV_WGI_CC.EST"
"CAN","Canada",2016,1.9030178,"GOV_WGI_CC.EST"
"CAN","Canada",2015,1.8692415,"GOV_WGI_CC.EST"
"CAN","Canada",2014,1.8195891,"GOV_WGI_CC.EST"
"CAN","Canada",2013,1.8301296,"GOV_WGI_CC.EST"
"CAN","Canada",2012,1.8406614,"GOV_WGI_CC.EST"
"CAN","Canada",2011,1.8901542,"GOV_WGI_CC.EST"
"CAN","Canada",2010,1.9434207,"GOV_WGI_CC.EST"
"CYM","Cayman Islands",2024,0.6043395,"GOV_WGI_CC.EST"
"CYM","Cayman Islands",2023,0.602831,"GOV_WGI_CC.EST"
"CYM","Cayman Islands",2022,0.602231,"GOV_WGI_CC.EST"
"CYM","Cayman Islands",2021,0.6056484,"GOV_WGI_CC.EST"
"CYM","Cayman Islands",2020,0.6048358,"GOV_WGI_CC.EST"
"CYM","Cayman Islands",2019,0.6043418,"GOV_WGI_CC.EST"
"CYM","Cayman Islands",2018,0.6021028,"GOV_WGI_CC.EST"
"CYM","Cayman Islands",2017,0.600476,"GOV_WGI_CC.EST"
"CYM","Cayman Islands",2016,0.601428,"GOV_WGI_CC.EST"
"CYM","Cayman Islands",2015,0.8952706,"GOV_WGI_CC.EST"
"CYM","Cayman Islands",2014,0.8936129,"GOV_WGI_CC.EST"
"CYM","Cayman Islands",2013,1.226107,"GOV_WGI_CC.EST"
"CYM","Cayman Islands",2012,1.2259379,"GOV_WGI_CC.EST"
"CYM","Cayman Islands",2011,1.22804,"GOV_WGI_CC.EST"
"CYM","Cayman Islands",2010,1.0306472,"GOV_WGI_CC.EST"
"CAF","Central African Republic",2024,-1.3086442,"GOV_WGI_CC.EST"
"CAF","Central African Republic",2023,-1.3800749,"GOV_WGI_CC.EST"
"CAF","Central African Republic",2022,-1.3157519,"GOV_WGI_CC.EST"
"CAF","Central African Republic",2021,-1.3134945,"GOV_WGI_CC.EST"
"CAF","Central African Republic",2020,-1.2507473,"GOV_WGI_CC.EST"
"CAF","Central African Republic",2019,-1.1994217,"GOV_WGI_CC.EST"
"CAF","Central African Republic",2018,-1.2189732,"GOV_WGI_CC.EST"
"CAF","Central African Republic",2017,-1.1789446,"GOV_WGI_CC.EST"
"CAF","Central African Republic",2016,-1.3056678,"GOV_WGI_CC.EST"
"CAF","Central African Republic",2015,-1.3642243,"GOV_WGI_CC.EST"
"CAF","Central African Republic",2014,-1.2502633,"GOV_WGI_CC.EST"
"CAF","Central African Republic",2013,-1.1356013,"GOV_WGI_CC.EST"
"CAF","Central African Republic",2012,-0.9507497,"GOV_WGI_CC.EST"
"CAF","Central African Republic",2011,-0.9802176,"GOV_WGI_CC.EST"
"CAF","Central African Republic",2010,-0.979757,"GOV_WGI_CC.EST"
"TCD","Chad",2024,-1.3930989,"GOV_WGI_CC.EST"
"TCD","Chad",2023,-1.4568856,"GOV_WGI_CC.EST"
"TCD","Chad",2022,-1.4674803,"GOV_WGI_CC.EST"
"TCD","Chad",2021,-1.4912951,"GOV_WGI_CC.EST"
"TCD","Chad",2020,-1.4820867,"GOV_WGI_CC.EST"
"TCD","Chad",2019,-1.4778199,"GOV_WGI_CC.EST"
"TCD","Chad",2018,-1.4598885,"GOV_WGI_CC.EST"
"TCD","Chad",2017,-1.4568512,"GOV_WGI_CC.EST"
"TCD","Chad",2016,-1.5028224,"GOV_WGI_CC.EST"
"TCD","Chad",2015,-1.5176322,"GOV_WGI_CC.EST"
"TCD","Chad",2014,-1.478633,"GOV_WGI_CC.EST"
"TCD","Chad",2013,-1.4314749,"GOV_WGI_CC.EST"
"TCD","Chad",2012,-1.3773081,"GOV_WGI_CC.EST"
"TCD","Chad",2011,-1.3670272,"GOV_WGI_CC.EST"
"TCD","Chad",2010,-1.3967284,"GOV_WGI_CC.EST"
"CHL","Chile",2024,1.1425214,"GOV_WGI_CC.EST"
"CHL","Chile",2023,1.0570234,"GOV_WGI_CC.EST"
"CHL","Chile",2022,1.1468266,"GOV_WGI_CC.EST"
"CHL","Chile",2021,1.148412,"GOV_WGI_CC.EST"
"CHL","Chile",2020,1.2173713,"GOV_WGI_CC.EST"
"CHL","Chile",2019,1.1579819,"GOV_WGI_CC.EST"
"CHL","Chile",2018,1.1019812,"GOV_WGI_CC.EST"
"CHL","Chile",2017,1.1137707,"GOV_WGI_CC.EST"
"CHL","Chile",2016,1.1288752,"GOV_WGI_CC.EST"
"CHL","Chile",2015,1.1458708,"GOV_WGI_CC.EST"
"CHL","Chile",2014,1.3859956,"GOV_WGI_CC.EST"
"CHL","Chile",2013,1.4312515,"GOV_WGI_CC.EST"
"CHL","Chile",2012,1.479868,"GOV_WGI_CC.EST"
"CHL","Chile",2011,1.5447953,"GOV_WGI_CC.EST"
"CHL","Chile",2010,1.5102365,"GOV_WGI_CC.EST"
"CHN","China",2024,0.0800733,"GOV_WGI_CC.EST"
"CHN","China",2023,0.1016688,"GOV_WGI_CC.EST"
"CHN","China",2022,0.0390354,"GOV_WGI_CC.EST"
"CHN","China",2021,0.0519623,"GOV_WGI_CC.EST"
"CHN","China",2020,0.0729014,"GOV_WGI_CC.EST"
"CHN","China",2019,-0.0531885,"GOV_WGI_CC.EST"
"CHN","China",2018,-0.0728427,"GOV_WGI_CC.EST"
"CHN","China",2017,-0.0508575,"GOV_WGI_CC.EST"
"CHN","China",2016,-0.0946683,"GOV_WGI_CC.EST"
"CHN","China",2015,-0.1759494,"GOV_WGI_CC.EST"
"CHN","China",2014,-0.3020196,"GOV_WGI_CC.EST"
"CHN","China",2013,-0.4587685,"GOV_WGI_CC.EST"
"CHN","China",2012,-0.5062389,"GOV_WGI_CC.EST"
"CHN","China",2011,-0.437661,"GOV_WGI_CC.EST"
"CHN","China",2010,-0.5913334,"GOV_WGI_CC.EST"
"COL","Colombia",2024,-0.2821944,"GOV_WGI_CC.EST"
"COL","Colombia",2023,-0.2953488,"GOV_WGI_CC.EST"
"COL","Colombia",2022,-0.2582072,"GOV_WGI_CC.EST"
"COL","Colombia",2021,-0.2699708,"GOV_WGI_CC.EST"
"COL","Colombia",2020,-0.2565109,"GOV_WGI_CC.EST"
"COL","Colombia",2019,-0.2722205,"GOV_WGI_CC.EST"
"COL","Colombia",2018,-0.3177104,"GOV_WGI_CC.EST"
"COL","Colombia",2017,-0.40964,"GOV_WGI_CC.EST"
"COL","Colombia",2016,-0.3685615,"GOV_WGI_CC.EST"
"COL","Colombia",2015,-0.3168336,"GOV_WGI_CC.EST"
"COL","Colombia",2014,-0.3709047,"GOV_WGI_CC.EST"
"COL","Colombia",2013,-0.4406799,"GOV_WGI_CC.EST"
"COL","Colombia",2012,-0.4079967,"GOV_WGI_CC.EST"
"COL","Colombia",2011,-0.2029364,"GOV_WGI_CC.EST"
"COL","Colombia",2010,-0.374115,"GOV_WGI_CC.EST"
"COM","Comoros",2024,-1.1414231,"GOV_WGI_CC.EST"
"COM","Comoros",2023,-1.153717,"GOV_WGI_CC.EST"
"COM","Comoros",2022,-1.3372454,"GOV_WGI_CC.EST"
"COM","Comoros",2021,-1.4061725,"GOV_WGI_CC.EST"
"COM","Comoros",2020,-1.3216836,"GOV_WGI_CC.EST"
"COM","Comoros",2019,-1.2688027,"GOV_WGI_CC.EST"
"COM","Comoros",2018,-1.0249086,"GOV_WGI_CC.EST"
"COM","Comoros",2017,-0.9458965,"GOV_WGI_CC.EST"
"COM","Comoros",2016,-0.8650673,"GOV_WGI_CC.EST"
"COM","Comoros",2015,-0.8481456,"GOV_WGI_CC.EST"
"COM","Comoros",2014,-0.8073378,"GOV_WGI_CC.EST"
"COM","Comoros",2013,-0.8234572,"GOV_WGI_CC.EST"
"COM","Comoros",2012,-0.7816345,"GOV_WGI_CC.EST"
"COM","Comoros",2011,-0.796449,"GOV_WGI_CC.EST"
"COM","Comoros",2010,-0.7969704,"GOV_WGI_CC.EST"
"COD","Congo, Dem. Rep.",2024,-1.5180048,"GOV_WGI_CC.EST"
"COD","Congo, Dem. Rep.",2023,-1.4832912,"GOV_WGI_CC.EST"
"COD","Congo, Dem. Rep.",2022,-1.5099558,"GOV_WGI_CC.EST"
"COD","Congo, Dem. Rep.",2021,-1.5026428,"GOV_WGI_CC.EST"
"COD","Congo, Dem. Rep.",2020,-1.4573506,"GOV_WGI_CC.EST"
"COD","Congo, Dem. Rep.",2019,-1.557851,"GOV_WGI_CC.EST"
"COD","Congo, Dem. Rep.",2018,-1.5326934,"GOV_WGI_CC.EST"
"COD","Congo, Dem. Rep.",2017,-1.4344558,"GOV_WGI_CC.EST"
"COD","Congo, Dem. Rep.",2016,-1.4194338,"GOV_WGI_CC.EST"
"COD","Congo, Dem. Rep.",2015,-1.3917219,"GOV_WGI_CC.EST"
"COD","Congo, Dem. Rep.",2014,-1.3913654,"GOV_WGI_CC.EST"
"COD","Congo, Dem. Rep.",2013,-1.3230073,"GOV_WGI_CC.EST"
"COD","Congo, Dem. Rep.",2012,-1.3248734,"GOV_WGI_CC.EST"
"COD","Congo, Dem. Rep.",2011,-1.3944203,"GOV_WGI_CC.EST"
"COD","Congo, Dem. Rep.",2010,-1.418146,"GOV_WGI_CC.EST"
"COG","Congo, Rep.",2024,-1.4201434,"GOV_WGI_CC.EST"
"COG","Congo, Rep.",2023,-1.3775373,"GOV_WGI_CC.EST"
"COG","Congo, Rep.",2022,-1.3608307,"GOV_WGI_CC.EST"
"COG","Congo, Rep.",2021,-1.3389731,"GOV_WGI_CC.EST"
"COG","Congo, Rep.",2020,-1.368223,"GOV_WGI_CC.EST"
"COG","Congo, Rep.",2019,-1.4929435,"GOV_WGI_CC.EST"
"COG","Congo, Rep.",2018,-1.3674482,"GOV_WGI_CC.EST"
"COG","Congo, Rep.",2017,-1.3024921,"GOV_WGI_CC.EST"
"COG","Congo, Rep.",2016,-1.2675201,"GOV_WGI_CC.EST"
"COG","Congo, Rep.",2015,-1.2797068,"GOV_WGI_CC.EST"
"COG","Congo, Rep.",2014,-1.2731289,"GOV_WGI_CC.EST"
"COG","Congo, Rep.",2013,-1.1905709,"GOV_WGI_CC.EST"
"COG","Congo, Rep.",2012,-1.2223035,"GOV_WGI_CC.EST"
"COG","Congo, Rep.",2011,-1.1206867,"GOV_WGI_CC.EST"
"COG","Congo, Rep.",2010,-1.1711043,"GOV_WGI_CC.EST"
"CRI","Costa Rica",2024,0.6837128,"GOV_WGI_CC.EST"
"CRI","Costa Rica",2023,0.6864748,"GOV_WGI_CC.EST"
"CRI","Costa Rica",2022,0.567669,"GOV_WGI_CC.EST"
"CRI","Costa Rica",2021,0.5925846,"GOV_WGI_CC.EST"
"CRI","Costa Rica",2020,0.7561848,"GOV_WGI_CC.EST"
"CRI","Costa Rica",2019,0.7249257,"GOV_WGI_CC.EST"
"CRI","Costa Rica",2018,0.6505777,"GOV_WGI_CC.EST"
"CRI","Costa Rica",2017,0.5871667,"GOV_WGI_CC.EST"
"CRI","Costa Rica",2016,0.804877,"GOV_WGI_CC.EST"
"CRI","Costa Rica",2015,0.7720099,"GOV_WGI_CC.EST"
"CRI","Costa Rica",2014,0.7822671,"GOV_WGI_CC.EST"
"CRI","Costa Rica",2013,0.662865,"GOV_WGI_CC.EST"
"CRI","Costa Rica",2012,0.6701221,"GOV_WGI_CC.EST"
"CRI","Costa Rica",2011,0.6575957,"GOV_WGI_CC.EST"
"CRI","Costa Rica",2010,0.6988883,"GOV_WGI_CC.EST"
"CIV","Cote d'Ivoire",2024,-0.2648238,"GOV_WGI_CC.EST"
"CIV","Cote d'Ivoire",2023,-0.3537289,"GOV_WGI_CC.EST"
"CIV","Cote d'Ivoire",2022,-0.368672,"GOV_WGI_CC.EST"
"CIV","Cote d'Ivoire",2021,-0.4398515,"GOV_WGI_CC.EST"
"CIV","Cote d'Ivoire",2020,-0.4845005,"GOV_WGI_CC.EST"
"CIV","Cote d'Ivoire",2019,-0.5284783,"GOV_WGI_CC.EST"
"CIV","Cote d'Ivoire",2018,-0.4899115,"GOV_WGI_CC.EST"
"CIV","Cote d'Ivoire",2017,-0.4714658,"GOV_WGI_CC.EST"
"CIV","Cote d'Ivoire",2016,-0.4693807,"GOV_WGI_CC.EST"
"CIV","Cote d'Ivoire",2015,-0.4289877,"GOV_WGI_CC.EST"
"CIV","Cote d'Ivoire",2014,-0.4241317,"GOV_WGI_CC.EST"
"CIV","Cote d'Ivoire",2013,-0.7822118,"GOV_WGI_CC.EST"
"CIV","Cote d'Ivoire",2012,-0.8654661,"GOV_WGI_CC.EST"
"CIV","Cote d'Ivoire",2011,-0.9575165,"GOV_WGI_CC.EST"
"CIV","Cote d'Ivoire",2010,-1.0059751,"GOV_WGI_CC.EST"
"HRV","Croatia",2024,0.1163747,"GOV_WGI_CC.EST"
"HRV","Croatia",2023,0.1572385,"GOV_WGI_CC.EST"
"HRV","Croatia",2022,0.1097559,"GOV_WGI_CC.EST"
"HRV","Croatia",2021,0.0986666,"GOV_WGI_CC.EST"
"HRV","Croatia",2020,0.0937013,"GOV_WGI_CC.EST"
"HRV","Croatia",2019,0.025585,"GOV_WGI_CC.EST"
"HRV","Croatia",2018,0.0249396,"GOV_WGI_CC.EST"
"HRV","Croatia",2017,0.029246,"GOV_WGI_CC.EST"
"HRV","Croatia",2016,0.0960557,"GOV_WGI_CC.EST"
"HRV","Croatia",2015,0.1592285,"GOV_WGI_CC.EST"
"HRV","Croatia",2014,0.1021438,"GOV_WGI_CC.EST"
"HRV","Croatia",2013,0.122884,"GOV_WGI_CC.EST"
"HRV","Croatia",2012,0.0992056,"GOV_WGI_CC.EST"
"HRV","Croatia",2011,0.1140703,"GOV_WGI_CC.EST"
"HRV","Croatia",2010,0.1197725,"GOV_WGI_CC.EST"
"CUB","Cuba",2024,-0.227366,"GOV_WGI_CC.EST"
"CUB","Cuba",2023,-0.1633465,"GOV_WGI_CC.EST"
"CUB","Cuba",2022,-0.2246854,"GOV_WGI_CC.EST"
"CUB","Cuba",2021,-0.2203823,"GOV_WGI_CC.EST"
"CUB","Cuba",2020,-0.1433363,"GOV_WGI_CC.EST"
"CUB","Cuba",2019,-0.1435842,"GOV_WGI_CC.EST"
"CUB","Cuba",2018,-0.0119483,"GOV_WGI_CC.EST"
"CUB","Cuba",2017,0.0398704,"GOV_WGI_CC.EST"
"CUB","Cuba",2016,0.0044719,"GOV_WGI_CC.EST"
"CUB","Cuba",2015,0.287678,"GOV_WGI_CC.EST"
"CUB","Cuba",2014,0.2899514,"GOV_WGI_CC.EST"
"CUB","Cuba",2013,0.3129947,"GOV_WGI_CC.EST"
"CUB","Cuba",2012,0.4532962,"GOV_WGI_CC.EST"
"CUB","Cuba",2011,0.4844813,"GOV_WGI_CC.EST"
"CUB","Cuba",2010,0.4850145,"GOV_WGI_CC.EST"
"CYP","Cyprus",2024,0.5352588,"GOV_WGI_CC.EST"
"CYP","Cyprus",2023,0.5286951,"GOV_WGI_CC.EST"
"CYP","Cyprus",2022,0.5711813,"GOV_WGI_CC.EST"
"CYP","Cyprus",2021,0.4985068,"GOV_WGI_CC.EST"
"CYP","Cyprus",2020,0.462442,"GOV_WGI_CC.EST"
"CYP","Cyprus",2019,0.6807169,"GOV_WGI_CC.EST"
"CYP","Cyprus",2018,0.6608748,"GOV_WGI_CC.EST"
"CYP","Cyprus",2017,0.8178696,"GOV_WGI_CC.EST"
"CYP","Cyprus",2016,0.7260559,"GOV_WGI_CC.EST"
"CYP","Cyprus",2015,0.6829609,"GOV_WGI_CC.EST"
"CYP","Cyprus",2014,0.7527873,"GOV_WGI_CC.EST"
"CYP","Cyprus",2013,0.9851895,"GOV_WGI_CC.EST"
"CYP","Cyprus",2012,1.0048775,"GOV_WGI_CC.EST"
"CYP","Cyprus",2011,1.0129419,"GOV_WGI_CC.EST"
"CYP","Cyprus",2010,1.1051305,"GOV_WGI_CC.EST"
"CZE","Czechia",2024,0.9107833,"GOV_WGI_CC.EST"
"CZE","Czechia",2023,0.8745224,"GOV_WGI_CC.EST"
"CZE","Czechia",2022,0.8158613,"GOV_WGI_CC.EST"
"CZE","Czechia",2021,0.74562,"GOV_WGI_CC.EST"
"CZE","Czechia",2020,0.5861398,"GOV_WGI_CC.EST"
"CZE","Czechia",2019,0.6149915,"GOV_WGI_CC.EST"
"CZE","Czechia",2018,0.6244456,"GOV_WGI_CC.EST"
"CZE","Czechia",2017,0.7463951,"GOV_WGI_CC.EST"
"CZE","Czechia",2016,0.6215675,"GOV_WGI_CC.EST"
"CZE","Czechia",2015,0.589982,"GOV_WGI_CC.EST"
"CZE","Czechia",2014,0.5071965,"GOV_WGI_CC.EST"
"CZE","Czechia",2013,0.400947,"GOV_WGI_CC.EST"
"CZE","Czechia",2012,0.4261941,"GOV_WGI_CC.EST"
"CZE","Czechia",2011,0.4903335,"GOV_WGI_CC.EST"
"CZE","Czechia",2010,0.4124049,"GOV_WGI_CC.EST"
"DNK","Denmark",2024,2.2798316,"GOV_WGI_CC.EST"
"DNK","Denmark",2023,2.2910751,"GOV_WGI_CC.EST"
"DNK","Denmark",2022,2.3024129,"GOV_WGI_CC.EST"
"DNK","Denmark",2021,2.2962489,"GOV_WGI_CC.EST"
"DNK","Denmark",2020,2.3263234,"GOV_WGI_CC.EST"
"DNK","Denmark",2019,2.1656032,"GOV_WGI_CC.EST"
"DNK","Denmark",2018,2.1674102,"GOV_WGI_CC.EST"
"DNK","Denmark",2017,2.1959562,"GOV_WGI_CC.EST"
"DNK","Denmark",2016,2.1711077,"GOV_WGI_CC.EST"
"DNK","Denmark",2015,2.1626702,"GOV_WGI_CC.EST"
"DNK","Denmark",2014,2.1556194,"GOV_WGI_CC.EST"
"DNK","Denmark",2013,2.2443584,"GOV_WGI_CC.EST"
"DNK","Denmark",2012,2.2642511,"GOV_WGI_CC.EST"
"DNK","Denmark",2011,2.3371147,"GOV_WGI_CC.EST"
"DNK","Denmark",2010,2.2705705,"GOV_WGI_CC.EST"
"DJI","Djibouti",2024,-0.8850679,"GOV_WGI_CC.EST"
"DJI","Djibouti",2023,-0.9038293,"GOV_WGI_CC.EST"
"DJI","Djibouti",2022,-0.9084878,"GOV_WGI_CC.EST"
"DJI","Djibouti",2021,-0.9069119,"GOV_WGI_CC.EST"
"DJI","Djibouti",2020,-0.8130712,"GOV_WGI_CC.EST"
"DJI","Djibouti",2019,-0.9277779,"GOV_WGI_CC.EST"
"DJI","Djibouti",2018,-0.8215718,"GOV_WGI_CC.EST"
"DJI","Djibouti",2017,-0.7645652,"GOV_WGI_CC.EST"
"DJI","Djibouti",2016,-0.71138,"GOV_WGI_CC.EST"
"DJI","Djibouti",2015,-0.7299812,"GOV_WGI_CC.EST"
"DJI","Djibouti",2014,-0.7349063,"GOV_WGI_CC.EST"
"DJI","Djibouti",2013,-0.6218926,"GOV_WGI_CC.EST"
"DJI","Djibouti",2012,-0.5487698,"GOV_WGI_CC.EST"
"DJI","Djibouti",2011,-0.5269463,"GOV_WGI_CC.EST"
"DJI","Djibouti",2010,-0.527533,"GOV_WGI_CC.EST"
"DMA","Dominica",2024,0.5348342,"GOV_WGI_CC.EST"
"DMA","Dominica",2023,0.4159947,"GOV_WGI_CC.EST"
"DMA","Dominica",2022,0.3994015,"GOV_WGI_CC.EST"
"DMA","Dominica",2021,0.4023069,"GOV_WGI_CC.EST"
"DMA","Dominica",2020,0.4032034,"GOV_WGI_CC.EST"
"DMA","Dominica",2019,0.4991332,"GOV_WGI_CC.EST"
"DMA","Dominica",2018,0.5108291,"GOV_WGI_CC.EST"
"DMA","Dominica",2017,0.622552,"GOV_WGI_CC.EST"
"DMA","Dominica",2016,0.6218049,"GOV_WGI_CC.EST"
"DMA","Dominica",2015,0.6207013,"GOV_WGI_CC.EST"
"DMA","Dominica",2014,0.603675,"GOV_WGI_CC.EST"
"DMA","Dominica",2013,0.8238554,"GOV_WGI_CC.EST"
"DMA","Dominica",2012,0.8235778,"GOV_WGI_CC.EST"
"DMA","Dominica",2011,0.8270291,"GOV_WGI_CC.EST"
"DMA","Dominica",2010,0.8286628,"GOV_WGI_CC.EST"
"DOM","Dominican Republic",2024,-0.262821,"GOV_WGI_CC.EST"
"DOM","Dominican Republic",2023,-0.4227216,"GOV_WGI_CC.EST"
"DOM","Dominican Republic",2022,-0.4239176,"GOV_WGI_CC.EST"
"DOM","Dominican Republic",2021,-0.5455545,"GOV_WGI_CC.EST"
"DOM","Dominican Republic",2020,-0.7058714,"GOV_WGI_CC.EST"
"DOM","Dominican Republic",2019,-0.802273,"GOV_WGI_CC.EST"
"DOM","Dominican Republic",2018,-0.8487088,"GOV_WGI_CC.EST"
"DOM","Dominican Republic",2017,-0.8003918,"GOV_WGI_CC.EST"
"DOM","Dominican Republic",2016,-0.7937553,"GOV_WGI_CC.EST"
"DOM","Dominican Republic",2015,-0.7903253,"GOV_WGI_CC.EST"
"DOM","Dominican Republic",2014,-0.7559311,"GOV_WGI_CC.EST"
"DOM","Dominican Republic",2013,-0.7713052,"GOV_WGI_CC.EST"
"DOM","Dominican Republic",2012,-0.7824412,"GOV_WGI_CC.EST"
"DOM","Dominican Republic",2011,-0.7061689,"GOV_WGI_CC.EST"
"DOM","Dominican Republic",2010,-0.7624931,"GOV_WGI_CC.EST"
"ECU","Ecuador",2024,-0.7738678,"GOV_WGI_CC.EST"
"ECU","Ecuador",2023,-0.7051855,"GOV_WGI_CC.EST"
"ECU","Ecuador",2022,-0.6549298,"GOV_WGI_CC.EST"
"ECU","Ecuador",2021,-0.6309993,"GOV_WGI_CC.EST"
"ECU","Ecuador",2020,-0.5174334,"GOV_WGI_CC.EST"
"ECU","Ecuador",2019,-0.5262355,"GOV_WGI_CC.EST"
"ECU","Ecuador",2018,-0.6258039,"GOV_WGI_CC.EST"
"ECU","Ecuador",2017,-0.7732885,"GOV_WGI_CC.EST"
"ECU","Ecuador",2016,-0.7643927,"GOV_WGI_CC.EST"
"ECU","Ecuador",2015,-0.7222229,"GOV_WGI_CC.EST"
"ECU","Ecuador",2014,-0.754405,"GOV_WGI_CC.EST"
"ECU","Ecuador",2013,-0.5829085,"GOV_WGI_CC.EST"
"ECU","Ecuador",2012,-0.6108074,"GOV_WGI_CC.EST"
"ECU","Ecuador",2011,-0.6678629,"GOV_WGI_CC.EST"
"ECU","Ecuador",2010,-0.7102503,"GOV_WGI_CC.EST"
"EGY","Egypt, Arab Rep.",2024,-0.8090906,"GOV_WGI_CC.EST"
"EGY","Egypt, Arab Rep.",2023,-0.8115295,"GOV_WGI_CC.EST"
"EGY","Egypt, Arab Rep.",2022,-0.7796199,"GOV_WGI_CC.EST"
"EGY","Egypt, Arab Rep.",2021,-0.7880612,"GOV_WGI_CC.EST"
"EGY","Egypt, Arab Rep.",2020,-0.7922931,"GOV_WGI_CC.EST"
"EGY","Egypt, Arab Rep.",2019,-0.6609519,"GOV_WGI_CC.EST"
"EGY","Egypt, Arab Rep.",2018,-0.4829475,"GOV_WGI_CC.EST"
"EGY","Egypt, Arab Rep.",2017,-0.4136234,"GOV_WGI_CC.EST"
"EGY","Egypt, Arab Rep.",2016,-0.4540895,"GOV_WGI_CC.EST"
"EGY","Egypt, Arab Rep.",2015,-0.5317945,"GOV_WGI_CC.EST"
"EGY","Egypt, Arab Rep.",2014,-0.536335,"GOV_WGI_CC.EST"
"EGY","Egypt, Arab Rep.",2013,-0.5253797,"GOV_WGI_CC.EST"
"EGY","Egypt, Arab Rep.",2012,-0.4854924,"GOV_WGI_CC.EST"
"EGY","Egypt, Arab Rep.",2011,-0.5727634,"GOV_WGI_CC.EST"
"EGY","Egypt, Arab Rep.",2010,-0.6104565,"GOV_WGI_CC.EST"
"SLV","El Salvador",2024,-0.5594597,"GOV_WGI_CC.EST"
"SLV","El Salvador",2023,-0.5905127,"GOV_WGI_CC.EST"
"SLV","El Salvador",2022,-0.6810026,"GOV_WGI_CC.EST"
"SLV","El Salvador",2021,-0.5612368,"GOV_WGI_CC.EST"
"SLV","El Salvador",2020,-0.510655,"GOV_WGI_CC.EST"
"SLV","El Salvador",2019,-0.5203914,"GOV_WGI_CC.EST"
"SLV","El Salvador",2018,-0.5790466,"GOV_WGI_CC.EST"
"SLV","El Salvador",2017,-0.5267558,"GOV_WGI_CC.EST"
"SLV","El Salvador",2016,-0.5615252,"GOV_WGI_CC.EST"
"SLV","El Salvador",2015,-0.5225999,"GOV_WGI_CC.EST"
"SLV","El Salvador",2014,-0.4845949,"GOV_WGI_CC.EST"
"SLV","El Salvador",2013,-0.347763,"GOV_WGI_CC.EST"
"SLV","El Salvador",2012,-0.4167554,"GOV_WGI_CC.EST"
"SLV","El Salvador",2011,-0.16565,"GOV_WGI_CC.EST"
"SLV","El Salvador",2010,-0.2559847,"GOV_WGI_CC.EST"
"GNQ","Equatorial Guinea",2024,-1.4688725,"GOV_WGI_CC.EST"
"GNQ","Equatorial Guinea",2023,-1.5264014,"GOV_WGI_CC.EST"
"GNQ","Equatorial Guinea",2022,-1.5211951,"GOV_WGI_CC.EST"
"GNQ","Equatorial Guinea",2021,-1.5191456,"GOV_WGI_CC.EST"
"GNQ","Equatorial Guinea",2020,-1.519633,"GOV_WGI_CC.EST"
"GNQ","Equatorial Guinea",2019,-1.5199292,"GOV_WGI_CC.EST"
"GNQ","Equatorial Guinea",2018,-1.521272,"GOV_WGI_CC.EST"
"GNQ","Equatorial Guinea",2017,-1.6352213,"GOV_WGI_CC.EST"
"GNQ","Equatorial Guinea",2016,-1.6344906,"GOV_WGI_CC.EST"
"GNQ","Equatorial Guinea",2015,-1.5872703,"GOV_WGI_CC.EST"
"GNQ","Equatorial Guinea",2014,-1.5884303,"GOV_WGI_CC.EST"
"GNQ","Equatorial Guinea",2013,-1.3095057,"GOV_WGI_CC.EST"
"GNQ","Equatorial Guinea",2012,-1.2626442,"GOV_WGI_CC.EST"
"GNQ","Equatorial Guinea",2011,-1.2611297,"GOV_WGI_CC.EST"
"GNQ","Equatorial Guinea",2010,-1.2604128,"GOV_WGI_CC.EST"
"ERI","Eritrea",2024,-1.6322886,"GOV_WGI_CC.EST"
"ERI","Eritrea",2023,-1.4120711,"GOV_WGI_CC.EST"
"ERI","Eritrea",2022,-1.3642445,"GOV_WGI_CC.EST"
"ERI","Eritrea",2021,-1.3669486,"GOV_WGI_CC.EST"
"ERI","Eritrea",2020,-1.3603745,"GOV_WGI_CC.EST"
"ERI","Eritrea",2019,-1.4230728,"GOV_WGI_CC.EST"
"ERI","Eritrea",2018,-1.4331409,"GOV_WGI_CC.EST"
"ERI","Eritrea",2017,-1.3197447,"GOV_WGI_CC.EST"
"ERI","Eritrea",2016,-1.352119,"GOV_WGI_CC.EST"
"ERI","Eritrea",2015,-1.3512543,"GOV_WGI_CC.EST"
"ERI","Eritrea",2014,-1.1262881,"GOV_WGI_CC.EST"
"ERI","Eritrea",2013,-0.9929989,"GOV_WGI_CC.EST"
"ERI","Eritrea",2012,-0.8757897,"GOV_WGI_CC.EST"
"ERI","Eritrea",2011,-0.7529714,"GOV_WGI_CC.EST"
"ERI","Eritrea",2010,-0.7211919,"GOV_WGI_CC.EST"
"EST","Estonia",2024,1.6501836,"GOV_WGI_CC.EST"
"EST","Estonia",2023,1.7132035,"GOV_WGI_CC.EST"
"EST","Estonia",2022,1.6091568,"GOV_WGI_CC.EST"
"EST","Estonia",2021,1.5518794,"GOV_WGI_CC.EST"
"EST","Estonia",2020,1.5196925,"GOV_WGI_CC.EST"
"EST","Estonia",2019,1.5267352,"GOV_WGI_CC.EST"
"EST","Estonia",2018,1.499167,"GOV_WGI_CC.EST"
"EST","Estonia",2017,1.2666633,"GOV_WGI_CC.EST"
"EST","Estonia",2016,1.2621195,"GOV_WGI_CC.EST"
"EST","Estonia",2015,1.2852109,"GOV_WGI_CC.EST"
"EST","Estonia",2014,1.254837,"GOV_WGI_CC.EST"
"EST","Estonia",2013,1.1838345,"GOV_WGI_CC.EST"
"EST","Estonia",2012,1.1209417,"GOV_WGI_CC.EST"
"EST","Estonia",2011,1.1702604,"GOV_WGI_CC.EST"
"EST","Estonia",2010,0.9981782,"GOV_WGI_CC.EST"
"SWZ","Eswatini",2024,-0.8071528,"GOV_WGI_CC.EST"
"SWZ","Eswatini",2023,-0.6567973,"GOV_WGI_CC.EST"
"SWZ","Eswatini",2022,-0.6363412,"GOV_WGI_CC.EST"
"SWZ","Eswatini",2021,-0.6084403,"GOV_WGI_CC.EST"
"SWZ","Eswatini",2020,-0.3327149,"GOV_WGI_CC.EST"
"SWZ","Eswatini",2019,-0.3280896,"GOV_WGI_CC.EST"
"SWZ","Eswatini",2018,-0.306944,"GOV_WGI_CC.EST"
"SWZ","Eswatini",2017,-0.1329967,"GOV_WGI_CC.EST"
"SWZ","Eswatini",2016,-0.2847943,"GOV_WGI_CC.EST"
"SWZ","Eswatini",2015,-0.2898042,"GOV_WGI_CC.EST"
"SWZ","Eswatini",2014,-0.3008421,"GOV_WGI_CC.EST"
"SWZ","Eswatini",2013,-0.1438501,"GOV_WGI_CC.EST"
"SWZ","Eswatini",2012,-0.1188143,"GOV_WGI_CC.EST"
"SWZ","Eswatini",2011,-0.1369469,"GOV_WGI_CC.EST"
"SWZ","Eswatini",2010,-0.0913743,"GOV_WGI_CC.EST"
"ETH","Ethiopia",2024,-0.4336116,"GOV_WGI_CC.EST"
"ETH","Ethiopia",2023,-0.4594787,"GOV_WGI_CC.EST"
"ETH","Ethiopia",2022,-0.4057683,"GOV_WGI_CC.EST"
"ETH","Ethiopia",2021,-0.3984992,"GOV_WGI_CC.EST"
"ETH","Ethiopia",2020,-0.3668006,"GOV_WGI_CC.EST"
"ETH","Ethiopia",2019,-0.4223939,"GOV_WGI_CC.EST"
"ETH","Ethiopia",2018,-0.4565508,"GOV_WGI_CC.EST"
"ETH","Ethiopia",2017,-0.5637871,"GOV_WGI_CC.EST"
"ETH","Ethiopia",2016,-0.4359149,"GOV_WGI_CC.EST"
"ETH","Ethiopia",2015,-0.5189941,"GOV_WGI_CC.EST"
"ETH","Ethiopia",2014,-0.5413722,"GOV_WGI_CC.EST"
"ETH","Ethiopia",2013,-0.5658734,"GOV_WGI_CC.EST"
"ETH","Ethiopia",2012,-0.6097112,"GOV_WGI_CC.EST"
"ETH","Ethiopia",2011,-0.6037083,"GOV_WGI_CC.EST"
"ETH","Ethiopia",2010,-0.700356,"GOV_WGI_CC.EST"
"FJI","Fiji",2024,0.5342895,"GOV_WGI_CC.EST"
"FJI","Fiji",2023,0.5326066,"GOV_WGI_CC.EST"
"FJI","Fiji",2022,0.4560037,"GOV_WGI_CC.EST"
"FJI","Fiji",2021,0.4839738,"GOV_WGI_CC.EST"
"FJI","Fiji",2020,0.539629,"GOV_WGI_CC.EST"
"FJI","Fiji",2019,0.6821323,"GOV_WGI_CC.EST"
"FJI","Fiji",2018,0.3403486,"GOV_WGI_CC.EST"
"FJI","Fiji",2017,0.3446975,"GOV_WGI_CC.EST"
"FJI","Fiji",2016,0.3150728,"GOV_WGI_CC.EST"
"FJI","Fiji",2015,0.3147,"GOV_WGI_CC.EST"
"FJI","Fiji",2014,0.3476529,"GOV_WGI_CC.EST"
"FJI","Fiji",2013,0.0919792,"GOV_WGI_CC.EST"
"FJI","Fiji",2012,0.0880288,"GOV_WGI_CC.EST"
"FJI","Fiji",2011,0.0923977,"GOV_WGI_CC.EST"
"FJI","Fiji",2010,-0.1681494,"GOV_WGI_CC.EST"
"FIN","Finland",2024,2.1836946,"GOV_WGI_CC.EST"
"FIN","Finland",2023,2.2026378,"GOV_WGI_CC.EST"
"FIN","Finland",2022,2.1937572,"GOV_WGI_CC.EST"
"FIN","Finland",2021,2.2305766,"GOV_WGI_CC.EST"
"FIN","Finland",2020,2.2172668,"GOV_WGI_CC.EST"
"FIN","Finland",2019,2.1866877,"GOV_WGI_CC.EST"
"FIN","Finland",2018,2.1853938,"GOV_WGI_CC.EST"
"FIN","Finland",2017,2.1816672,"GOV_WGI_CC.EST"
"FIN","Finland",2016,2.189279,"GOV_WGI_CC.EST"
"FIN","Finland",2015,2.1747616,"GOV_WGI_CC.EST"
"FIN","Finland",2014,2.0470411,"GOV_WGI_CC.EST"
"FIN","Finland",2013,2.0380998,"GOV_WGI_CC.EST"
"FIN","Finland",2012,2.0900169,"GOV_WGI_CC.EST"
"FIN","Finland",2011,2.1373369,"GOV_WGI_CC.EST"
"FIN","Finland",2010,2.0775889,"GOV_WGI_CC.EST"
"FRA","France",2024,1.2571211,"GOV_WGI_CC.EST"
"FRA","France",2023,1.2802637,"GOV_WGI_CC.EST"
"FRA","France",2022,1.3766853,"GOV_WGI_CC.EST"
"FRA","France",2021,1.4125567,"GOV_WGI_CC.EST"
"FRA","France",2020,1.286938,"GOV_WGI_CC.EST"
"FRA","France",2019,1.3647244,"GOV_WGI_CC.EST"
"FRA","France",2018,1.4136496,"GOV_WGI_CC.EST"
"FRA","France",2017,1.3593512,"GOV_WGI_CC.EST"
"FRA","France",2016,1.3398712,"GOV_WGI_CC.EST"
"FRA","France",2015,1.2947554,"GOV_WGI_CC.EST"
"FRA","France",2014,1.3096977,"GOV_WGI_CC.EST"
"FRA","France",2013,1.3273755,"GOV_WGI_CC.EST"
"FRA","France",2012,1.4726351,"GOV_WGI_CC.EST"
"FRA","France",2011,1.5072846,"GOV_WGI_CC.EST"
"FRA","France",2010,1.3885609,"GOV_WGI_CC.EST"
"PYF","French Polynesia",2024,-0.1987105,"GOV_WGI_CC.EST"
"PYF","French Polynesia",2023,-0.2162754,"GOV_WGI_CC.EST"
"PYF","French Polynesia",2022,-0.2232612,"GOV_WGI_CC.EST"
"PYF","French Polynesia",2021,-0.1834687,"GOV_WGI_CC.EST"
"PYF","French Polynesia",2020,NA,"GOV_WGI_CC.EST"
"PYF","French Polynesia",2019,NA,"GOV_WGI_CC.EST"
"PYF","French Polynesia",2018,NA,"GOV_WGI_CC.EST"
"PYF","French Polynesia",2017,NA,"GOV_WGI_CC.EST"
"PYF","French Polynesia",2016,NA,"GOV_WGI_CC.EST"
"PYF","French Polynesia",2015,NA,"GOV_WGI_CC.EST"
"PYF","French Polynesia",2014,NA,"GOV_WGI_CC.EST"
"PYF","French Polynesia",2013,NA,"GOV_WGI_CC.EST"
"PYF","French Polynesia",2012,NA,"GOV_WGI_CC.EST"
"PYF","French Polynesia",2011,NA,"GOV_WGI_CC.EST"
"PYF","French Polynesia",2010,NA,"GOV_WGI_CC.EST"
"GAB","Gabon",2024,-0.9159896,"GOV_WGI_CC.EST"
"GAB","Gabon",2023,-0.9925826,"GOV_WGI_CC.EST"
"GAB","Gabon",2022,-1.0008291,"GOV_WGI_CC.EST"
"GAB","Gabon",2021,-0.8700967,"GOV_WGI_CC.EST"
"GAB","Gabon",2020,-0.7983549,"GOV_WGI_CC.EST"
"GAB","Gabon",2019,-0.8576591,"GOV_WGI_CC.EST"
"GAB","Gabon",2018,-0.8043727,"GOV_WGI_CC.EST"
"GAB","Gabon",2017,-0.8523067,"GOV_WGI_CC.EST"
"GAB","Gabon",2016,-0.755249,"GOV_WGI_CC.EST"
"GAB","Gabon",2015,-0.8047166,"GOV_WGI_CC.EST"
"GAB","Gabon",2014,-0.8352793,"GOV_WGI_CC.EST"
"GAB","Gabon",2013,-0.6862209,"GOV_WGI_CC.EST"
"GAB","Gabon",2012,-0.6901602,"GOV_WGI_CC.EST"
"GAB","Gabon",2011,-0.7326858,"GOV_WGI_CC.EST"
"GAB","Gabon",2010,-0.7912308,"GOV_WGI_CC.EST"
"GMB","Gambia, The",2024,-0.3007156,"GOV_WGI_CC.EST"
"GMB","Gambia, The",2023,-0.2889015,"GOV_WGI_CC.EST"
"GMB","Gambia, The",2022,-0.3042426,"GOV_WGI_CC.EST"
"GMB","Gambia, The",2021,-0.3202349,"GOV_WGI_CC.EST"
"GMB","Gambia, The",2020,-0.177916,"GOV_WGI_CC.EST"
"GMB","Gambia, The",2019,-0.2985302,"GOV_WGI_CC.EST"
"GMB","Gambia, The",2018,-0.430516,"GOV_WGI_CC.EST"
"GMB","Gambia, The",2017,-0.5605064,"GOV_WGI_CC.EST"
"GMB","Gambia, The",2016,-0.9173418,"GOV_WGI_CC.EST"
"GMB","Gambia, The",2015,-0.9269066,"GOV_WGI_CC.EST"
"GMB","Gambia, The",2014,-0.8958244,"GOV_WGI_CC.EST"
"GMB","Gambia, The",2013,-0.8750785,"GOV_WGI_CC.EST"
"GMB","Gambia, The",2012,-0.7746941,"GOV_WGI_CC.EST"
"GMB","Gambia, The",2011,-0.6597733,"GOV_WGI_CC.EST"
"GMB","Gambia, The",2010,-0.7012547,"GOV_WGI_CC.EST"
"GEO","Georgia",2024,0.4048995,"GOV_WGI_CC.EST"
"GEO","Georgia",2023,0.6723352,"GOV_WGI_CC.EST"
"GEO","Georgia",2022,0.6515989,"GOV_WGI_CC.EST"
"GEO","Georgia",2021,0.7241193,"GOV_WGI_CC.EST"
"GEO","Georgia",2020,0.8156115,"GOV_WGI_CC.EST"
"GEO","Georgia",2019,0.8450784,"GOV_WGI_CC.EST"
"GEO","Georgia",2018,0.8442532,"GOV_WGI_CC.EST"
"GEO","Georgia",2017,0.8425955,"GOV_WGI_CC.EST"
"GEO","Georgia",2016,0.7796839,"GOV_WGI_CC.EST"
"GEO","Georgia",2015,0.7554357,"GOV_WGI_CC.EST"
"GEO","Georgia",2014,0.788406,"GOV_WGI_CC.EST"
"GEO","Georgia",2013,0.5523303,"GOV_WGI_CC.EST"
"GEO","Georgia",2012,0.5303515,"GOV_WGI_CC.EST"
"GEO","Georgia",2011,0.3269511,"GOV_WGI_CC.EST"
"GEO","Georgia",2010,0.2616507,"GOV_WGI_CC.EST"
"DEU","Germany",2024,1.7640033,"GOV_WGI_CC.EST"
"DEU","Germany",2023,1.7099461,"GOV_WGI_CC.EST"
"DEU","Germany",2022,1.8207548,"GOV_WGI_CC.EST"
"DEU","Germany",2021,1.8235437,"GOV_WGI_CC.EST"
"DEU","Germany",2020,1.850218,"GOV_WGI_CC.EST"
"DEU","Germany",2019,1.8793114,"GOV_WGI_CC.EST"
"DEU","Germany",2018,1.918572,"GOV_WGI_CC.EST"
"DEU","Germany",2017,1.8252854,"GOV_WGI_CC.EST"
"DEU","Germany",2016,1.7621904,"GOV_WGI_CC.EST"
"DEU","Germany",2015,1.7231126,"GOV_WGI_CC.EST"
"DEU","Germany",2014,1.707893,"GOV_WGI_CC.EST"
"DEU","Germany",2013,1.6274436,"GOV_WGI_CC.EST"
"DEU","Germany",2012,1.6615818,"GOV_WGI_CC.EST"
"DEU","Germany",2011,1.670005,"GOV_WGI_CC.EST"
"DEU","Germany",2010,1.6578235,"GOV_WGI_CC.EST"
"GHA","Ghana",2024,-0.1998999,"GOV_WGI_CC.EST"
"GHA","Ghana",2023,-0.1264414,"GOV_WGI_CC.EST"
"GHA","Ghana",2022,-0.0940125,"GOV_WGI_CC.EST"
"GHA","Ghana",2021,-0.1608253,"GOV_WGI_CC.EST"
"GHA","Ghana",2020,-0.0975437,"GOV_WGI_CC.EST"
"GHA","Ghana",2019,-0.1048975,"GOV_WGI_CC.EST"
"GHA","Ghana",2018,-0.1388151,"GOV_WGI_CC.EST"
"GHA","Ghana",2017,-0.2751019,"GOV_WGI_CC.EST"
"GHA","Ghana",2016,-0.2413877,"GOV_WGI_CC.EST"
"GHA","Ghana",2015,-0.2704245,"GOV_WGI_CC.EST"
"GHA","Ghana",2014,-0.2130848,"GOV_WGI_CC.EST"
"GHA","Ghana",2013,-0.0666685,"GOV_WGI_CC.EST"
"GHA","Ghana",2012,-0.0627676,"GOV_WGI_CC.EST"
"GHA","Ghana",2011,0.0775856,"GOV_WGI_CC.EST"
"GHA","Ghana",2010,0.080568,"GOV_WGI_CC.EST"
"GRC","Greece",2024,0.2914137,"GOV_WGI_CC.EST"
"GRC","Greece",2023,0.3661203,"GOV_WGI_CC.EST"
"GRC","Greece",2022,0.333135,"GOV_WGI_CC.EST"
"GRC","Greece",2021,0.401955,"GOV_WGI_CC.EST"
"GRC","Greece",2020,0.227158,"GOV_WGI_CC.EST"
"GRC","Greece",2019,0.3094055,"GOV_WGI_CC.EST"
"GRC","Greece",2018,0.2485114,"GOV_WGI_CC.EST"
"GRC","Greece",2017,0.1558468,"GOV_WGI_CC.EST"
"GRC","Greece",2016,0.089372,"GOV_WGI_CC.EST"
"GRC","Greece",2015,0.0233564,"GOV_WGI_CC.EST"
"GRC","Greece",2014,-0.0522814,"GOV_WGI_CC.EST"
"GRC","Greece",2013,0.0558959,"GOV_WGI_CC.EST"
"GRC","Greece",2012,-0.0779091,"GOV_WGI_CC.EST"
"GRC","Greece",2011,-0.0722377,"GOV_WGI_CC.EST"
"GRC","Greece",2010,-0.0294137,"GOV_WGI_CC.EST"
"GRL","Greenland",2024,1.479797,"GOV_WGI_CC.EST"
"GRL","Greenland",2023,1.0218582,"GOV_WGI_CC.EST"
"GRL","Greenland",2022,1.0209322,"GOV_WGI_CC.EST"
"GRL","Greenland",2021,1.026207,"GOV_WGI_CC.EST"
"GRL","Greenland",2020,1.1115696,"GOV_WGI_CC.EST"
"GRL","Greenland",2019,1.1108237,"GOV_WGI_CC.EST"
"GRL","Greenland",2018,1.1074428,"GOV_WGI_CC.EST"
"GRL","Greenland",2017,1.1049863,"GOV_WGI_CC.EST"
"GRL","Greenland",2016,1.1064239,"GOV_WGI_CC.EST"
"GRL","Greenland",2015,1.0176258,"GOV_WGI_CC.EST"
"GRL","Greenland",2014,1.0150671,"GOV_WGI_CC.EST"
"GRL","Greenland",2013,1.0179193,"GOV_WGI_CC.EST"
"GRL","Greenland",2012,1.0176584,"GOV_WGI_CC.EST"
"GRL","Greenland",2011,1.0209029,"GOV_WGI_CC.EST"
"GRL","Greenland",2010,1.0224387,"GOV_WGI_CC.EST"
"GRD","Grenada",2024,0.4823281,"GOV_WGI_CC.EST"
"GRD","Grenada",2023,0.3970074,"GOV_WGI_CC.EST"
"GRD","Grenada",2022,0.2921383,"GOV_WGI_CC.EST"
"GRD","Grenada",2021,0.3201564,"GOV_WGI_CC.EST"
"GRD","Grenada",2020,0.3823261,"GOV_WGI_CC.EST"
"GRD","Grenada",2019,0.3819574,"GOV_WGI_CC.EST"
"GRD","Grenada",2018,0.4206891,"GOV_WGI_CC.EST"
"GRD","Grenada",2017,0.4546271,"GOV_WGI_CC.EST"
"GRD","Grenada",2016,0.5409674,"GOV_WGI_CC.EST"
"GRD","Grenada",2015,0.5399679,"GOV_WGI_CC.EST"
"GRD","Grenada",2014,0.2438196,"GOV_WGI_CC.EST"
"GRD","Grenada",2013,0.5161286,"GOV_WGI_CC.EST"
"GRD","Grenada",2012,0.5158986,"GOV_WGI_CC.EST"
"GRD","Grenada",2011,0.5187574,"GOV_WGI_CC.EST"
"GRD","Grenada",2010,0.5201105,"GOV_WGI_CC.EST"
"GUM","Guam",2024,1.1795348,"GOV_WGI_CC.EST"
"GUM","Guam",2023,1.175974,"GOV_WGI_CC.EST"
"GUM","Guam",2022,1.1745578,"GOV_WGI_CC.EST"
"GUM","Guam",2021,1.1826246,"GOV_WGI_CC.EST"
"GUM","Guam",2020,1.1807063,"GOV_WGI_CC.EST"
"GUM","Guam",2019,1.1795403,"GOV_WGI_CC.EST"
"GUM","Guam",2018,1.1742552,"GOV_WGI_CC.EST"
"GUM","Guam",2017,1.1704152,"GOV_WGI_CC.EST"
"GUM","Guam",2016,1.1726624,"GOV_WGI_CC.EST"
"GUM","Guam",2015,1.1695013,"GOV_WGI_CC.EST"
"GUM","Guam",2014,1.1655883,"GOV_WGI_CC.EST"
"GUM","Guam",2013,0.8577565,"GOV_WGI_CC.EST"
"GUM","Guam",2012,0.8573575,"GOV_WGI_CC.EST"
"GUM","Guam",2011,0.8623194,"GOV_WGI_CC.EST"
"GUM","Guam",2010,0.8646681,"GOV_WGI_CC.EST"
"GTM","Guatemala",2024,-0.9263527,"GOV_WGI_CC.EST"
"GTM","Guatemala",2023,-1.0698538,"GOV_WGI_CC.EST"
"GTM","Guatemala",2022,-1.2168395,"GOV_WGI_CC.EST"
"GTM","Guatemala",2021,-1.2168085,"GOV_WGI_CC.EST"
"GTM","Guatemala",2020,-1.0995648,"GOV_WGI_CC.EST"
"GTM","Guatemala",2019,-1.004261,"GOV_WGI_CC.EST"
"GTM","Guatemala",2018,-0.9918056,"GOV_WGI_CC.EST"
"GTM","Guatemala",2017,-0.883105,"GOV_WGI_CC.EST"
"GTM","Guatemala",2016,-0.8561844,"GOV_WGI_CC.EST"
"GTM","Guatemala",2015,-0.9065097,"GOV_WGI_CC.EST"
"GTM","Guatemala",2014,-0.9023514,"GOV_WGI_CC.EST"
"GTM","Guatemala",2013,-0.7476795,"GOV_WGI_CC.EST"
"GTM","Guatemala",2012,-0.7983427,"GOV_WGI_CC.EST"
"GTM","Guatemala",2011,-0.5498391,"GOV_WGI_CC.EST"
"GTM","Guatemala",2010,-0.6211413,"GOV_WGI_CC.EST"
"GIN","Guinea",2024,-1.1813766,"GOV_WGI_CC.EST"
"GIN","Guinea",2023,-0.9815816,"GOV_WGI_CC.EST"
"GIN","Guinea",2022,-0.9811239,"GOV_WGI_CC.EST"
"GIN","Guinea",2021,-1.0120097,"GOV_WGI_CC.EST"
"GIN","Guinea",2020,-0.86744,"GOV_WGI_CC.EST"
"GIN","Guinea",2019,-0.9259672,"GOV_WGI_CC.EST"
"GIN","Guinea",2018,-1.1156247,"GOV_WGI_CC.EST"
"GIN","Guinea",2017,-1.0889973,"GOV_WGI_CC.EST"
"GIN","Guinea",2016,-1.013575,"GOV_WGI_CC.EST"
"GIN","Guinea",2015,-1.1023405,"GOV_WGI_CC.EST"
"GIN","Guinea",2014,-1.1648151,"GOV_WGI_CC.EST"
"GIN","Guinea",2013,-1.1324911,"GOV_WGI_CC.EST"
"GIN","Guinea",2012,-1.1419339,"GOV_WGI_CC.EST"
"GIN","Guinea",2011,-1.183323,"GOV_WGI_CC.EST"
"GIN","Guinea",2010,-1.2027003,"GOV_WGI_CC.EST"
"GNB","Guinea-Bissau",2024,-1.3480725,"GOV_WGI_CC.EST"
"GNB","Guinea-Bissau",2023,-1.1522804,"GOV_WGI_CC.EST"
"GNB","Guinea-Bissau",2022,-1.1593624,"GOV_WGI_CC.EST"
"GNB","Guinea-Bissau",2021,-1.2138421,"GOV_WGI_CC.EST"
"GNB","Guinea-Bissau",2020,-1.2973538,"GOV_WGI_CC.EST"
"GNB","Guinea-Bissau",2019,-1.5264152,"GOV_WGI_CC.EST"
"GNB","Guinea-Bissau",2018,-1.594918,"GOV_WGI_CC.EST"
"GNB","Guinea-Bissau",2017,-1.6611258,"GOV_WGI_CC.EST"
"GNB","Guinea-Bissau",2016,-1.5751506,"GOV_WGI_CC.EST"
"GNB","Guinea-Bissau",2015,-1.5478966,"GOV_WGI_CC.EST"
"GNB","Guinea-Bissau",2014,-1.5846195,"GOV_WGI_CC.EST"
"GNB","Guinea-Bissau",2013,-1.4263759,"GOV_WGI_CC.EST"
"GNB","Guinea-Bissau",2012,-1.3420447,"GOV_WGI_CC.EST"
"GNB","Guinea-Bissau",2011,-1.1222347,"GOV_WGI_CC.EST"
"GNB","Guinea-Bissau",2010,-1.1208141,"GOV_WGI_CC.EST"
"GUY","Guyana",2024,-0.3448237,"GOV_WGI_CC.EST"
"GUY","Guyana",2023,-0.3079582,"GOV_WGI_CC.EST"
"GUY","Guyana",2022,-0.2275997,"GOV_WGI_CC.EST"
"GUY","Guyana",2021,-0.1024991,"GOV_WGI_CC.EST"
"GUY","Guyana",2020,-0.1146518,"GOV_WGI_CC.EST"
"GUY","Guyana",2019,-0.2388792,"GOV_WGI_CC.EST"
"GUY","Guyana",2018,-0.3639369,"GOV_WGI_CC.EST"
"GUY","Guyana",2017,-0.4756275,"GOV_WGI_CC.EST"
"GUY","Guyana",2016,-0.406337,"GOV_WGI_CC.EST"
"GUY","Guyana",2015,-0.5066072,"GOV_WGI_CC.EST"
"GUY","Guyana",2014,-0.6005494,"GOV_WGI_CC.EST"
"GUY","Guyana",2013,-0.5711773,"GOV_WGI_CC.EST"
"GUY","Guyana",2012,-0.6759563,"GOV_WGI_CC.EST"
"GUY","Guyana",2011,-0.5678713,"GOV_WGI_CC.EST"
"GUY","Guyana",2010,-0.4756777,"GOV_WGI_CC.EST"
"HTI","Haiti",2024,-1.5367591,"GOV_WGI_CC.EST"
"HTI","Haiti",2023,-1.4983151,"GOV_WGI_CC.EST"
"HTI","Haiti",2022,-1.5061617,"GOV_WGI_CC.EST"
"HTI","Haiti",2021,-1.4816823,"GOV_WGI_CC.EST"
"HTI","Haiti",2020,-1.4448134,"GOV_WGI_CC.EST"
"HTI","Haiti",2019,-1.4606964,"GOV_WGI_CC.EST"
"HTI","Haiti",2018,-1.4364095,"GOV_WGI_CC.EST"
"HTI","Haiti",2017,-1.4213796,"GOV_WGI_CC.EST"
"HTI","Haiti",2016,-1.4498037,"GOV_WGI_CC.EST"
"HTI","Haiti",2015,-1.4473793,"GOV_WGI_CC.EST"
"HTI","Haiti",2014,-1.4310682,"GOV_WGI_CC.EST"
"HTI","Haiti",2013,-1.270628,"GOV_WGI_CC.EST"
"HTI","Haiti",2012,-1.3515666,"GOV_WGI_CC.EST"
"HTI","Haiti",2011,-1.298069,"GOV_WGI_CC.EST"
"HTI","Haiti",2010,-1.2628511,"GOV_WGI_CC.EST"
"HND","Honduras",2024,-1.231834,"GOV_WGI_CC.EST"
"HND","Honduras",2023,-1.0846771,"GOV_WGI_CC.EST"
"HND","Honduras",2022,-1.0301567,"GOV_WGI_CC.EST"
"HND","Honduras",2021,-1.1182024,"GOV_WGI_CC.EST"
"HND","Honduras",2020,-1.0259263,"GOV_WGI_CC.EST"
"HND","Honduras",2019,-1.0579519,"GOV_WGI_CC.EST"
"HND","Honduras",2018,-0.9687891,"GOV_WGI_CC.EST"
"HND","Honduras",2017,-0.9456334,"GOV_WGI_CC.EST"
"HND","Honduras",2016,-0.9218737,"GOV_WGI_CC.EST"
"HND","Honduras",2015,-0.8106484,"GOV_WGI_CC.EST"
"HND","Honduras",2014,-0.9717555,"GOV_WGI_CC.EST"
"HND","Honduras",2013,-1.1195446,"GOV_WGI_CC.EST"
"HND","Honduras",2012,-1.1087189,"GOV_WGI_CC.EST"
"HND","Honduras",2011,-0.9702586,"GOV_WGI_CC.EST"
"HND","Honduras",2010,-1.0017264,"GOV_WGI_CC.EST"
"HKG","Hong Kong SAR, China",2024,1.5861212,"GOV_WGI_CC.EST"
"HKG","Hong Kong SAR, China",2023,1.5677986,"GOV_WGI_CC.EST"
"HKG","Hong Kong SAR, China",2022,1.5279541,"GOV_WGI_CC.EST"
"HKG","Hong Kong SAR, China",2021,1.6355675,"GOV_WGI_CC.EST"
"HKG","Hong Kong SAR, China",2020,1.6885127,"GOV_WGI_CC.EST"
"HKG","Hong Kong SAR, China",2019,1.7394109,"GOV_WGI_CC.EST"
"HKG","Hong Kong SAR, China",2018,1.7159155,"GOV_WGI_CC.EST"
"HKG","Hong Kong SAR, China",2017,1.7024371,"GOV_WGI_CC.EST"
"HKG","Hong Kong SAR, China",2016,1.6976899,"GOV_WGI_CC.EST"
"HKG","Hong Kong SAR, China",2015,1.6387648,"GOV_WGI_CC.EST"
"HKG","Hong Kong SAR, China",2014,1.5784844,"GOV_WGI_CC.EST"
"HKG","Hong Kong SAR, China",2013,1.5225189,"GOV_WGI_CC.EST"
"HKG","Hong Kong SAR, China",2012,1.6318597,"GOV_WGI_CC.EST"
"HKG","Hong Kong SAR, China",2011,1.7410683,"GOV_WGI_CC.EST"
"HKG","Hong Kong SAR, China",2010,1.695212,"GOV_WGI_CC.EST"
"HUN","Hungary",2024,0.0447948,"GOV_WGI_CC.EST"
"HUN","Hungary",2023,0.0978327,"GOV_WGI_CC.EST"
"HUN","Hungary",2022,0.0578022,"GOV_WGI_CC.EST"
"HUN","Hungary",2021,0.1486079,"GOV_WGI_CC.EST"
"HUN","Hungary",2020,0.0871414,"GOV_WGI_CC.EST"
"HUN","Hungary",2019,0.0962625,"GOV_WGI_CC.EST"
"HUN","Hungary",2018,0.1513899,"GOV_WGI_CC.EST"
"HUN","Hungary",2017,0.1653691,"GOV_WGI_CC.EST"
"HUN","Hungary",2016,0.1580098,"GOV_WGI_CC.EST"
"HUN","Hungary",2015,0.1736322,"GOV_WGI_CC.EST"
"HUN","Hungary",2014,0.1735349,"GOV_WGI_CC.EST"
"HUN","Hungary",2013,0.3680423,"GOV_WGI_CC.EST"
"HUN","Hungary",2012,0.391503,"GOV_WGI_CC.EST"
"HUN","Hungary",2011,0.3069892,"GOV_WGI_CC.EST"
"HUN","Hungary",2010,0.2574539,"GOV_WGI_CC.EST"
"ISL","Iceland",2024,1.8495405,"GOV_WGI_CC.EST"
"ISL","Iceland",2023,1.6780456,"GOV_WGI_CC.EST"
"ISL","Iceland",2022,1.6475788,"GOV_WGI_CC.EST"
"ISL","Iceland",2021,1.8578057,"GOV_WGI_CC.EST"
"ISL","Iceland",2020,1.8414609,"GOV_WGI_CC.EST"
"ISL","Iceland",2019,1.8246976,"GOV_WGI_CC.EST"
"ISL","Iceland",2018,1.8862181,"GOV_WGI_CC.EST"
"ISL","Iceland",2017,1.8688456,"GOV_WGI_CC.EST"
"ISL","Iceland",2016,1.9721448,"GOV_WGI_CC.EST"
"ISL","Iceland",2015,1.9856865,"GOV_WGI_CC.EST"
"ISL","Iceland",2014,1.8421953,"GOV_WGI_CC.EST"
"ISL","Iceland",2013,1.8608913,"GOV_WGI_CC.EST"
"ISL","Iceland",2012,1.8249011,"GOV_WGI_CC.EST"
"ISL","Iceland",2011,1.8838423,"GOV_WGI_CC.EST"
"ISL","Iceland",2010,1.835876,"GOV_WGI_CC.EST"
"IND","India",2024,-0.2980376,"GOV_WGI_CC.EST"
"IND","India",2023,-0.3354592,"GOV_WGI_CC.EST"
"IND","India",2022,-0.3266917,"GOV_WGI_CC.EST"
"IND","India",2021,-0.3031751,"GOV_WGI_CC.EST"
"IND","India",2020,-0.2569922,"GOV_WGI_CC.EST"
"IND","India",2019,-0.2210026,"GOV_WGI_CC.EST"
"IND","India",2018,-0.2108371,"GOV_WGI_CC.EST"
"IND","India",2017,-0.2253804,"GOV_WGI_CC.EST"
"IND","India",2016,-0.2868347,"GOV_WGI_CC.EST"
"IND","India",2015,-0.3457352,"GOV_WGI_CC.EST"
"IND","India",2014,-0.4143125,"GOV_WGI_CC.EST"
"IND","India",2013,-0.4705032,"GOV_WGI_CC.EST"
"IND","India",2012,-0.5033606,"GOV_WGI_CC.EST"
"IND","India",2011,-0.4898141,"GOV_WGI_CC.EST"
"IND","India",2010,-0.3618983,"GOV_WGI_CC.EST"
"IDN","Indonesia",2024,-0.5554496,"GOV_WGI_CC.EST"
"IDN","Indonesia",2023,-0.4471597,"GOV_WGI_CC.EST"
"IDN","Indonesia",2022,-0.3750241,"GOV_WGI_CC.EST"
"IDN","Indonesia",2021,-0.4194275,"GOV_WGI_CC.EST"
"IDN","Indonesia",2020,-0.3491377,"GOV_WGI_CC.EST"
"IDN","Indonesia",2019,-0.430958,"GOV_WGI_CC.EST"
"IDN","Indonesia",2018,-0.3418798,"GOV_WGI_CC.EST"
"IDN","Indonesia",2017,-0.3796664,"GOV_WGI_CC.EST"
"IDN","Indonesia",2016,-0.4844303,"GOV_WGI_CC.EST"
"IDN","Indonesia",2015,-0.5246826,"GOV_WGI_CC.EST"
"IDN","Indonesia",2014,-0.7211847,"GOV_WGI_CC.EST"
"IDN","Indonesia",2013,-0.7344026,"GOV_WGI_CC.EST"
"IDN","Indonesia",2012,-0.7787381,"GOV_WGI_CC.EST"
"IDN","Indonesia",2011,-0.6427131,"GOV_WGI_CC.EST"
"IDN","Indonesia",2010,-0.6638002,"GOV_WGI_CC.EST"
"IRN","Iran, Islamic Rep.",2024,-1.128936,"GOV_WGI_CC.EST"
"IRN","Iran, Islamic Rep.",2023,-1.1726138,"GOV_WGI_CC.EST"
"IRN","Iran, Islamic Rep.",2022,-1.1318763,"GOV_WGI_CC.EST"
"IRN","Iran, Islamic Rep.",2021,-1.1256013,"GOV_WGI_CC.EST"
"IRN","Iran, Islamic Rep.",2020,-1.1034576,"GOV_WGI_CC.EST"
"IRN","Iran, Islamic Rep.",2019,-0.9916633,"GOV_WGI_CC.EST"
"IRN","Iran, Islamic Rep.",2018,-0.9421392,"GOV_WGI_CC.EST"
"IRN","Iran, Islamic Rep.",2017,-0.7008465,"GOV_WGI_CC.EST"
"IRN","Iran, Islamic Rep.",2016,-0.6567734,"GOV_WGI_CC.EST"
"IRN","Iran, Islamic Rep.",2015,-0.7596842,"GOV_WGI_CC.EST"
"IRN","Iran, Islamic Rep.",2014,-0.8183246,"GOV_WGI_CC.EST"
"IRN","Iran, Islamic Rep.",2013,-0.9146462,"GOV_WGI_CC.EST"
"IRN","Iran, Islamic Rep.",2012,-0.9832431,"GOV_WGI_CC.EST"
"IRN","Iran, Islamic Rep.",2011,-0.942265,"GOV_WGI_CC.EST"
"IRN","Iran, Islamic Rep.",2010,-1.1599262,"GOV_WGI_CC.EST"
"IRQ","Iraq",2024,-1.2204639,"GOV_WGI_CC.EST"
"IRQ","Iraq",2023,-1.4224503,"GOV_WGI_CC.EST"
"IRQ","Iraq",2022,-1.4964186,"GOV_WGI_CC.EST"
"IRQ","Iraq",2021,-1.3741966,"GOV_WGI_CC.EST"
"IRQ","Iraq",2020,-1.3709275,"GOV_WGI_CC.EST"
"IRQ","Iraq",2019,-1.445637,"GOV_WGI_CC.EST"
"IRQ","Iraq",2018,-1.4774376,"GOV_WGI_CC.EST"
"IRQ","Iraq",2017,-1.4027111,"GOV_WGI_CC.EST"
"IRQ","Iraq",2016,-1.3974396,"GOV_WGI_CC.EST"
"IRQ","Iraq",2015,-1.3897329,"GOV_WGI_CC.EST"
"IRQ","Iraq",2014,-1.353655,"GOV_WGI_CC.EST"
"IRQ","Iraq",2013,-1.2611237,"GOV_WGI_CC.EST"
"IRQ","Iraq",2012,-1.2677305,"GOV_WGI_CC.EST"
"IRQ","Iraq",2011,-1.2380711,"GOV_WGI_CC.EST"
"IRQ","Iraq",2010,-1.3058128,"GOV_WGI_CC.EST"
"IRL","Ireland",2024,1.5555842,"GOV_WGI_CC.EST"
"IRL","Ireland",2023,1.6620975,"GOV_WGI_CC.EST"
"IRL","Ireland",2022,1.655908,"GOV_WGI_CC.EST"
"IRL","Ireland",2021,1.6234764,"GOV_WGI_CC.EST"
"IRL","Ireland",2020,1.525569,"GOV_WGI_CC.EST"
"IRL","Ireland",2019,1.5262114,"GOV_WGI_CC.EST"
"IRL","Ireland",2018,1.5591798,"GOV_WGI_CC.EST"
"IRL","Ireland",2017,1.5635383,"GOV_WGI_CC.EST"
"IRL","Ireland",2016,1.6462393,"GOV_WGI_CC.EST"
"IRL","Ireland",2015,1.6404063,"GOV_WGI_CC.EST"
"IRL","Ireland",2014,1.6013925,"GOV_WGI_CC.EST"
"IRL","Ireland",2013,1.5575733,"GOV_WGI_CC.EST"
"IRL","Ireland",2012,1.4035246,"GOV_WGI_CC.EST"
"IRL","Ireland",2011,1.3790289,"GOV_WGI_CC.EST"
"IRL","Ireland",2010,1.4063991,"GOV_WGI_CC.EST"
"ISR","Israel",2024,0.9471927,"GOV_WGI_CC.EST"
"ISR","Israel",2023,0.8698407,"GOV_WGI_CC.EST"
"ISR","Israel",2022,0.8851357,"GOV_WGI_CC.EST"
"ISR","Israel",2021,0.9234492,"GOV_WGI_CC.EST"
"ISR","Israel",2020,0.691795,"GOV_WGI_CC.EST"
"ISR","Israel",2019,0.7995968,"GOV_WGI_CC.EST"
"ISR","Israel",2018,0.7390337,"GOV_WGI_CC.EST"
"ISR","Israel",2017,0.8070057,"GOV_WGI_CC.EST"
"ISR","Israel",2016,1.1092437,"GOV_WGI_CC.EST"
"ISR","Israel",2015,0.8492342,"GOV_WGI_CC.EST"
"ISR","Israel",2014,0.7452096,"GOV_WGI_CC.EST"
"ISR","Israel",2013,0.7499844,"GOV_WGI_CC.EST"
"ISR","Israel",2012,0.7535946,"GOV_WGI_CC.EST"
"ISR","Israel",2011,0.7202209,"GOV_WGI_CC.EST"
"ISR","Israel",2010,0.6758861,"GOV_WGI_CC.EST"
"ITA","Italy",2024,0.5460285,"GOV_WGI_CC.EST"
"ITA","Italy",2023,0.5664992,"GOV_WGI_CC.EST"
"ITA","Italy",2022,0.5888231,"GOV_WGI_CC.EST"
"ITA","Italy",2021,0.5561925,"GOV_WGI_CC.EST"
"ITA","Italy",2020,0.4216932,"GOV_WGI_CC.EST"
"ITA","Italy",2019,0.2908701,"GOV_WGI_CC.EST"
"ITA","Italy",2018,0.2567966,"GOV_WGI_CC.EST"
"ITA","Italy",2017,0.2053888,"GOV_WGI_CC.EST"
"ITA","Italy",2016,0.135199,"GOV_WGI_CC.EST"
"ITA","Italy",2015,0.0792945,"GOV_WGI_CC.EST"
"ITA","Italy",2014,-0.0323357,"GOV_WGI_CC.EST"
"ITA","Italy",2013,-0.0032549,"GOV_WGI_CC.EST"
"ITA","Italy",2012,0.1225061,"GOV_WGI_CC.EST"
"ITA","Italy",2011,0.2674043,"GOV_WGI_CC.EST"
"ITA","Italy",2010,0.2207944,"GOV_WGI_CC.EST"
"JAM","Jamaica",2024,-0.089279,"GOV_WGI_CC.EST"
"JAM","Jamaica",2023,-0.1255614,"GOV_WGI_CC.EST"
"JAM","Jamaica",2022,-0.0821423,"GOV_WGI_CC.EST"
"JAM","Jamaica",2021,-0.0828852,"GOV_WGI_CC.EST"
"JAM","Jamaica",2020,-0.0779562,"GOV_WGI_CC.EST"
"JAM","Jamaica",2019,-0.0613786,"GOV_WGI_CC.EST"
"JAM","Jamaica",2018,-0.1604908,"GOV_WGI_CC.EST"
"JAM","Jamaica",2017,-0.1605806,"GOV_WGI_CC.EST"
"JAM","Jamaica",2016,-0.1874285,"GOV_WGI_CC.EST"
"JAM","Jamaica",2015,-0.2355178,"GOV_WGI_CC.EST"
"JAM","Jamaica",2014,-0.2864551,"GOV_WGI_CC.EST"
"JAM","Jamaica",2013,-0.2520845,"GOV_WGI_CC.EST"
"JAM","Jamaica",2012,-0.2382937,"GOV_WGI_CC.EST"
"JAM","Jamaica",2011,-0.0465442,"GOV_WGI_CC.EST"
"JAM","Jamaica",2010,-0.2204567,"GOV_WGI_CC.EST"
"JPN","Japan",2024,1.3698119,"GOV_WGI_CC.EST"
"JPN","Japan",2023,1.3673969,"GOV_WGI_CC.EST"
"JPN","Japan",2022,1.442643,"GOV_WGI_CC.EST"
"JPN","Japan",2021,1.4567584,"GOV_WGI_CC.EST"
"JPN","Japan",2020,1.4311269,"GOV_WGI_CC.EST"
"JPN","Japan",2019,1.4344153,"GOV_WGI_CC.EST"
"JPN","Japan",2018,1.392157,"GOV_WGI_CC.EST"
"JPN","Japan",2017,1.4781864,"GOV_WGI_CC.EST"
"JPN","Japan",2016,1.4472443,"GOV_WGI_CC.EST"
"JPN","Japan",2015,1.4520961,"GOV_WGI_CC.EST"
"JPN","Japan",2014,1.5402836,"GOV_WGI_CC.EST"
"JPN","Japan",2013,1.4992303,"GOV_WGI_CC.EST"
"JPN","Japan",2012,1.4927053,"GOV_WGI_CC.EST"
"JPN","Japan",2011,1.5438444,"GOV_WGI_CC.EST"
"JPN","Japan",2010,1.3894539,"GOV_WGI_CC.EST"
"JOR","Jordan",2024,0.2728714,"GOV_WGI_CC.EST"
"JOR","Jordan",2023,0.1042953,"GOV_WGI_CC.EST"
"JOR","Jordan",2022,0.0172511,"GOV_WGI_CC.EST"
"JOR","Jordan",2021,0.0147557,"GOV_WGI_CC.EST"
"JOR","Jordan",2020,0.1402343,"GOV_WGI_CC.EST"
"JOR","Jordan",2019,0.0864921,"GOV_WGI_CC.EST"
"JOR","Jordan",2018,0.0715861,"GOV_WGI_CC.EST"
"JOR","Jordan",2017,0.1774349,"GOV_WGI_CC.EST"
"JOR","Jordan",2016,0.2005396,"GOV_WGI_CC.EST"
"JOR","Jordan",2015,0.2642953,"GOV_WGI_CC.EST"
"JOR","Jordan",2014,0.1128385,"GOV_WGI_CC.EST"
"JOR","Jordan",2013,0.1157896,"GOV_WGI_CC.EST"
"JOR","Jordan",2012,0.1111042,"GOV_WGI_CC.EST"
"JOR","Jordan",2011,0.152561,"GOV_WGI_CC.EST"
"JOR","Jordan",2010,0.0263947,"GOV_WGI_CC.EST"
"KAZ","Kazakhstan",2024,-0.072109,"GOV_WGI_CC.EST"
"KAZ","Kazakhstan",2023,-0.2217923,"GOV_WGI_CC.EST"
"KAZ","Kazakhstan",2022,-0.1975729,"GOV_WGI_CC.EST"
"KAZ","Kazakhstan",2021,-0.2743452,"GOV_WGI_CC.EST"
"KAZ","Kazakhstan",2020,-0.2952462,"GOV_WGI_CC.EST"
"KAZ","Kazakhstan",2019,-0.214183,"GOV_WGI_CC.EST"
"KAZ","Kazakhstan",2018,-0.5077163,"GOV_WGI_CC.EST"
"KAZ","Kazakhstan",2017,-0.7635592,"GOV_WGI_CC.EST"
"KAZ","Kazakhstan",2016,-0.8070736,"GOV_WGI_CC.EST"
"KAZ","Kazakhstan",2015,-0.856162,"GOV_WGI_CC.EST"
"KAZ","Kazakhstan",2014,-0.8646653,"GOV_WGI_CC.EST"
"KAZ","Kazakhstan",2013,-0.9238008,"GOV_WGI_CC.EST"
"KAZ","Kazakhstan",2012,-0.9120276,"GOV_WGI_CC.EST"
"KAZ","Kazakhstan",2011,-0.8861292,"GOV_WGI_CC.EST"
"KAZ","Kazakhstan",2010,-0.9881888,"GOV_WGI_CC.EST"
"KEN","Kenya",2024,-0.7918911,"GOV_WGI_CC.EST"
"KEN","Kenya",2023,-0.7463243,"GOV_WGI_CC.EST"
"KEN","Kenya",2022,-0.7506211,"GOV_WGI_CC.EST"
"KEN","Kenya",2021,-0.7087751,"GOV_WGI_CC.EST"
"KEN","Kenya",2020,-0.7425837,"GOV_WGI_CC.EST"
"KEN","Kenya",2019,-0.8024879,"GOV_WGI_CC.EST"
"KEN","Kenya",2018,-0.8389528,"GOV_WGI_CC.EST"
"KEN","Kenya",2017,-0.9032092,"GOV_WGI_CC.EST"
"KEN","Kenya",2016,-0.9099853,"GOV_WGI_CC.EST"
"KEN","Kenya",2015,-0.9754075,"GOV_WGI_CC.EST"
"KEN","Kenya",2014,-0.8556803,"GOV_WGI_CC.EST"
"KEN","Kenya",2013,-0.9344245,"GOV_WGI_CC.EST"
"KEN","Kenya",2012,-0.9752473,"GOV_WGI_CC.EST"
"KEN","Kenya",2011,-0.9324966,"GOV_WGI_CC.EST"
"KEN","Kenya",2010,-0.8336636,"GOV_WGI_CC.EST"
"KIR","Kiribati",2024,0.3782981,"GOV_WGI_CC.EST"
"KIR","Kiribati",2023,0.3370343,"GOV_WGI_CC.EST"
"KIR","Kiribati",2022,0.336089,"GOV_WGI_CC.EST"
"KIR","Kiribati",2021,0.3414737,"GOV_WGI_CC.EST"
"KIR","Kiribati",2020,0.3554349,"GOV_WGI_CC.EST"
"KIR","Kiribati",2019,0.3546385,"GOV_WGI_CC.EST"
"KIR","Kiribati",2018,0.2564972,"GOV_WGI_CC.EST"
"KIR","Kiribati",2017,0.2543181,"GOV_WGI_CC.EST"
"KIR","Kiribati",2016,0.2555933,"GOV_WGI_CC.EST"
"KIR","Kiribati",2015,0.2868579,"GOV_WGI_CC.EST"
"KIR","Kiribati",2014,0.2846373,"GOV_WGI_CC.EST"
"KIR","Kiribati",2013,0.1488461,"GOV_WGI_CC.EST"
"KIR","Kiribati",2012,0.1486197,"GOV_WGI_CC.EST"
"KIR","Kiribati",2011,0.238882,"GOV_WGI_CC.EST"
"KIR","Kiribati",2010,0.0716938,"GOV_WGI_CC.EST"
"PRK","Korea, Dem. People's Rep.",2024,-1.5581469,"GOV_WGI_CC.EST"
"PRK","Korea, Dem. People's Rep.",2023,-1.5589552,"GOV_WGI_CC.EST"
"PRK","Korea, Dem. People's Rep.",2022,-1.651826,"GOV_WGI_CC.EST"
"PRK","Korea, Dem. People's Rep.",2021,-1.6501108,"GOV_WGI_CC.EST"
"PRK","Korea, Dem. People's Rep.",2020,-1.5730648,"GOV_WGI_CC.EST"
"PRK","Korea, Dem. People's Rep.",2019,-1.5769357,"GOV_WGI_CC.EST"
"PRK","Korea, Dem. People's Rep.",2018,-1.5868583,"GOV_WGI_CC.EST"
"PRK","Korea, Dem. People's Rep.",2017,-1.4193174,"GOV_WGI_CC.EST"
"PRK","Korea, Dem. People's Rep.",2016,-1.4188396,"GOV_WGI_CC.EST"
"PRK","Korea, Dem. People's Rep.",2015,-1.2713617,"GOV_WGI_CC.EST"
"PRK","Korea, Dem. People's Rep.",2014,-1.2721937,"GOV_WGI_CC.EST"
"PRK","Korea, Dem. People's Rep.",2013,-1.2712662,"GOV_WGI_CC.EST"
"PRK","Korea, Dem. People's Rep.",2012,-1.2713511,"GOV_WGI_CC.EST"
"PRK","Korea, Dem. People's Rep.",2011,-0.9677266,"GOV_WGI_CC.EST"
"PRK","Korea, Dem. People's Rep.",2010,-0.9672272,"GOV_WGI_CC.EST"
"KOR","Korea, Rep.",2024,0.8748275,"GOV_WGI_CC.EST"
"KOR","Korea, Rep.",2023,0.9034859,"GOV_WGI_CC.EST"
"KOR","Korea, Rep.",2022,0.8225364,"GOV_WGI_CC.EST"
"KOR","Korea, Rep.",2021,0.7640553,"GOV_WGI_CC.EST"
"KOR","Korea, Rep.",2020,0.7585384,"GOV_WGI_CC.EST"
"KOR","Korea, Rep.",2019,0.6151906,"GOV_WGI_CC.EST"
"KOR","Korea, Rep.",2018,0.5431861,"GOV_WGI_CC.EST"
"KOR","Korea, Rep.",2017,0.4301716,"GOV_WGI_CC.EST"
"KOR","Korea, Rep.",2016,0.3554623,"GOV_WGI_CC.EST"
"KOR","Korea, Rep.",2015,0.3468829,"GOV_WGI_CC.EST"
"KOR","Korea, Rep.",2014,0.5087058,"GOV_WGI_CC.EST"
"KOR","Korea, Rep.",2013,0.5879745,"GOV_WGI_CC.EST"
"KOR","Korea, Rep.",2012,0.5289928,"GOV_WGI_CC.EST"
"KOR","Korea, Rep.",2011,0.586169,"GOV_WGI_CC.EST"
"KOR","Korea, Rep.",2010,0.4270628,"GOV_WGI_CC.EST"
"XKX","Kosovo",2024,-0.1806475,"GOV_WGI_CC.EST"
"XKX","Kosovo",2023,-0.1486821,"GOV_WGI_CC.EST"
"XKX","Kosovo",2022,-0.2964025,"GOV_WGI_CC.EST"
"XKX","Kosovo",2021,-0.3846728,"GOV_WGI_CC.EST"
"XKX","Kosovo",2020,-0.4251319,"GOV_WGI_CC.EST"
"XKX","Kosovo",2019,-0.3471251,"GOV_WGI_CC.EST"
"XKX","Kosovo",2018,-0.3850713,"GOV_WGI_CC.EST"
"XKX","Kosovo",2017,-0.4210742,"GOV_WGI_CC.EST"
"XKX","Kosovo",2016,-0.3086468,"GOV_WGI_CC.EST"
"XKX","Kosovo",2015,-0.3825978,"GOV_WGI_CC.EST"
"XKX","Kosovo",2014,-0.3611807,"GOV_WGI_CC.EST"
"XKX","Kosovo",2013,-0.4367719,"GOV_WGI_CC.EST"
"XKX","Kosovo",2012,-0.4435076,"GOV_WGI_CC.EST"
"XKX","Kosovo",2011,-0.438526,"GOV_WGI_CC.EST"
"XKX","Kosovo",2010,-0.4440728,"GOV_WGI_CC.EST"
"KWT","Kuwait",2024,0.2204082,"GOV_WGI_CC.EST"
"KWT","Kuwait",2023,0.1707231,"GOV_WGI_CC.EST"
"KWT","Kuwait",2022,0.072077,"GOV_WGI_CC.EST"
"KWT","Kuwait",2021,-0.0629849,"GOV_WGI_CC.EST"
"KWT","Kuwait",2020,-0.1581982,"GOV_WGI_CC.EST"
"KWT","Kuwait",2019,-0.137909,"GOV_WGI_CC.EST"
"KWT","Kuwait",2018,-0.2801652,"GOV_WGI_CC.EST"
"KWT","Kuwait",2017,-0.3980035,"GOV_WGI_CC.EST"
"KWT","Kuwait",2016,-0.3431076,"GOV_WGI_CC.EST"
"KWT","Kuwait",2015,-0.2465121,"GOV_WGI_CC.EST"
"KWT","Kuwait",2014,-0.2759137,"GOV_WGI_CC.EST"
"KWT","Kuwait",2013,-0.1269876,"GOV_WGI_CC.EST"
"KWT","Kuwait",2012,-0.1386082,"GOV_WGI_CC.EST"
"KWT","Kuwait",2011,-0.0813887,"GOV_WGI_CC.EST"
"KWT","Kuwait",2010,0.1101469,"GOV_WGI_CC.EST"
"KGZ","Kyrgyz Republic",2024,-1.1479622,"GOV_WGI_CC.EST"
"KGZ","Kyrgyz Republic",2023,-1.189989,"GOV_WGI_CC.EST"
"KGZ","Kyrgyz Republic",2022,-1.2058181,"GOV_WGI_CC.EST"
"KGZ","Kyrgyz Republic",2021,-1.1605753,"GOV_WGI_CC.EST"
"KGZ","Kyrgyz Republic",2020,-1.0506634,"GOV_WGI_CC.EST"
"KGZ","Kyrgyz Republic",2019,-0.9851573,"GOV_WGI_CC.EST"
"KGZ","Kyrgyz Republic",2018,-1.0428047,"GOV_WGI_CC.EST"
"KGZ","Kyrgyz Republic",2017,-1.1409306,"GOV_WGI_CC.EST"
"KGZ","Kyrgyz Republic",2016,-1.1730012,"GOV_WGI_CC.EST"
"KGZ","Kyrgyz Republic",2015,-1.1910813,"GOV_WGI_CC.EST"
"KGZ","Kyrgyz Republic",2014,-1.1546306,"GOV_WGI_CC.EST"
"KGZ","Kyrgyz Republic",2013,-1.1695074,"GOV_WGI_CC.EST"
"KGZ","Kyrgyz Republic",2012,-1.1552926,"GOV_WGI_CC.EST"
"KGZ","Kyrgyz Republic",2011,-1.2051737,"GOV_WGI_CC.EST"
"KGZ","Kyrgyz Republic",2010,-1.1374828,"GOV_WGI_CC.EST"
"LAO","Lao PDR",2024,-0.9959393,"GOV_WGI_CC.EST"
"LAO","Lao PDR",2023,-0.9601843,"GOV_WGI_CC.EST"
"LAO","Lao PDR",2022,-0.9986954,"GOV_WGI_CC.EST"
"LAO","Lao PDR",2021,-1.0772389,"GOV_WGI_CC.EST"
"LAO","Lao PDR",2020,-1.0616593,"GOV_WGI_CC.EST"
"LAO","Lao PDR",2019,-1.1069524,"GOV_WGI_CC.EST"
"LAO","Lao PDR",2018,-1.1120484,"GOV_WGI_CC.EST"
"LAO","Lao PDR",2017,-1.0108766,"GOV_WGI_CC.EST"
"LAO","Lao PDR",2016,-0.9490317,"GOV_WGI_CC.EST"
"LAO","Lao PDR",2015,-1.000305,"GOV_WGI_CC.EST"
"LAO","Lao PDR",2014,-1.026405,"GOV_WGI_CC.EST"
"LAO","Lao PDR",2013,-1.0774898,"GOV_WGI_CC.EST"
"LAO","Lao PDR",2012,-1.1419276,"GOV_WGI_CC.EST"
"LAO","Lao PDR",2011,-1.1470782,"GOV_WGI_CC.EST"
"LAO","Lao PDR",2010,-1.1872267,"GOV_WGI_CC.EST"
"LVA","Latvia",2024,0.8109785,"GOV_WGI_CC.EST"
"LVA","Latvia",2023,0.8023375,"GOV_WGI_CC.EST"
"LVA","Latvia",2022,0.833932,"GOV_WGI_CC.EST"
"LVA","Latvia",2021,0.8515017,"GOV_WGI_CC.EST"
"LVA","Latvia",2020,0.7157172,"GOV_WGI_CC.EST"
"LVA","Latvia",2019,0.7000827,"GOV_WGI_CC.EST"
"LVA","Latvia",2018,0.5443315,"GOV_WGI_CC.EST"
"LVA","Latvia",2017,0.6164472,"GOV_WGI_CC.EST"
"LVA","Latvia",2016,0.5677838,"GOV_WGI_CC.EST"
"LVA","Latvia",2015,0.5774447,"GOV_WGI_CC.EST"
"LVA","Latvia",2014,0.4810477,"GOV_WGI_CC.EST"
"LVA","Latvia",2013,0.4396068,"GOV_WGI_CC.EST"
"LVA","Latvia",2012,0.3910411,"GOV_WGI_CC.EST"
"LVA","Latvia",2011,0.3950694,"GOV_WGI_CC.EST"
"LVA","Latvia",2010,0.3498235,"GOV_WGI_CC.EST"
"LBN","Lebanon",2024,-1.3067561,"GOV_WGI_CC.EST"
"LBN","Lebanon",2023,-1.2579825,"GOV_WGI_CC.EST"
"LBN","Lebanon",2022,-1.2191818,"GOV_WGI_CC.EST"
"LBN","Lebanon",2021,-1.2590921,"GOV_WGI_CC.EST"
"LBN","Lebanon",2020,-1.2322483,"GOV_WGI_CC.EST"
"LBN","Lebanon",2019,-1.2294254,"GOV_WGI_CC.EST"
"LBN","Lebanon",2018,-1.2211748,"GOV_WGI_CC.EST"
"LBN","Lebanon",2017,-1.0731918,"GOV_WGI_CC.EST"
"LBN","Lebanon",2016,-1.0702699,"GOV_WGI_CC.EST"
"LBN","Lebanon",2015,-1.0021414,"GOV_WGI_CC.EST"
"LBN","Lebanon",2014,-1.1118326,"GOV_WGI_CC.EST"
"LBN","Lebanon",2013,-0.9726789,"GOV_WGI_CC.EST"
"LBN","Lebanon",2012,-0.9426886,"GOV_WGI_CC.EST"
"LBN","Lebanon",2011,-0.861718,"GOV_WGI_CC.EST"
"LBN","Lebanon",2010,-0.9605829,"GOV_WGI_CC.EST"
"LSO","Lesotho",2024,-0.3106538,"GOV_WGI_CC.EST"
"LSO","Lesotho",2023,-0.3326436,"GOV_WGI_CC.EST"
"LSO","Lesotho",2022,-0.1542353,"GOV_WGI_CC.EST"
"LSO","Lesotho",2021,-0.1688285,"GOV_WGI_CC.EST"
"LSO","Lesotho",2020,-0.0253345,"GOV_WGI_CC.EST"
"LSO","Lesotho",2019,-0.004766,"GOV_WGI_CC.EST"
"LSO","Lesotho",2018,0.0142877,"GOV_WGI_CC.EST"
"LSO","Lesotho",2017,0.0413154,"GOV_WGI_CC.EST"
"LSO","Lesotho",2016,0.0051767,"GOV_WGI_CC.EST"
"LSO","Lesotho",2015,0.0335624,"GOV_WGI_CC.EST"
"LSO","Lesotho",2014,0.1086989,"GOV_WGI_CC.EST"
"LSO","Lesotho",2013,0.1642275,"GOV_WGI_CC.EST"
"LSO","Lesotho",2012,0.0598731,"GOV_WGI_CC.EST"
"LSO","Lesotho",2011,0.200726,"GOV_WGI_CC.EST"
"LSO","Lesotho",2010,0.186988,"GOV_WGI_CC.EST"
"LBR","Liberia",2024,-1.0275312,"GOV_WGI_CC.EST"
"LBR","Liberia",2023,-1.0074208,"GOV_WGI_CC.EST"
"LBR","Liberia",2022,-1.0471353,"GOV_WGI_CC.EST"
"LBR","Liberia",2021,-0.9704288,"GOV_WGI_CC.EST"
"LBR","Liberia",2020,-0.8973378,"GOV_WGI_CC.EST"
"LBR","Liberia",2019,-0.9775676,"GOV_WGI_CC.EST"
"LBR","Liberia",2018,-0.9812075,"GOV_WGI_CC.EST"
"LBR","Liberia",2017,-0.8902655,"GOV_WGI_CC.EST"
"LBR","Liberia",2016,-0.8323119,"GOV_WGI_CC.EST"
"LBR","Liberia",2015,-0.7185159,"GOV_WGI_CC.EST"
"LBR","Liberia",2014,-0.7682996,"GOV_WGI_CC.EST"
"LBR","Liberia",2013,-0.6351925,"GOV_WGI_CC.EST"
"LBR","Liberia",2012,-0.4664548,"GOV_WGI_CC.EST"
"LBR","Liberia",2011,-0.5530173,"GOV_WGI_CC.EST"
"LBR","Liberia",2010,-0.3909432,"GOV_WGI_CC.EST"
"LBY","Libya",2024,-1.5390159,"GOV_WGI_CC.EST"
"LBY","Libya",2023,-1.5454594,"GOV_WGI_CC.EST"
"LBY","Libya",2022,-1.5370281,"GOV_WGI_CC.EST"
"LBY","Libya",2021,-1.549753,"GOV_WGI_CC.EST"
"LBY","Libya",2020,-1.5174606,"GOV_WGI_CC.EST"
"LBY","Libya",2019,-1.5494765,"GOV_WGI_CC.EST"
"LBY","Libya",2018,-1.5162812,"GOV_WGI_CC.EST"
"LBY","Libya",2017,-1.6102394,"GOV_WGI_CC.EST"
"LBY","Libya",2016,-1.5982801,"GOV_WGI_CC.EST"
"LBY","Libya",2015,-1.5965294,"GOV_WGI_CC.EST"
"LBY","Libya",2014,-1.476447,"GOV_WGI_CC.EST"
"LBY","Libya",2013,-1.2966244,"GOV_WGI_CC.EST"
"LBY","Libya",2012,-1.1191899,"GOV_WGI_CC.EST"
"LBY","Libya",2011,-1.2537019,"GOV_WGI_CC.EST"
"LBY","Libya",2010,-1.2296282,"GOV_WGI_CC.EST"
"LIE","Liechtenstein",2024,1.7544016,"GOV_WGI_CC.EST"
"LIE","Liechtenstein",2023,1.7528931,"GOV_WGI_CC.EST"
"LIE","Liechtenstein",2022,1.7522931,"GOV_WGI_CC.EST"
"LIE","Liechtenstein",2021,1.7557105,"GOV_WGI_CC.EST"
"LIE","Liechtenstein",2020,2.019415,"GOV_WGI_CC.EST"
"LIE","Liechtenstein",2019,2.018921,"GOV_WGI_CC.EST"
"LIE","Liechtenstein",2018,2.016682,"GOV_WGI_CC.EST"
"LIE","Liechtenstein",2017,2.0150552,"GOV_WGI_CC.EST"
"LIE","Liechtenstein",2016,2.0160072,"GOV_WGI_CC.EST"
"LIE","Liechtenstein",2015,2.0146681,"GOV_WGI_CC.EST"
"LIE","Liechtenstein",2014,2.0130104,"GOV_WGI_CC.EST"
"LIE","Liechtenstein",2013,1.8164704,"GOV_WGI_CC.EST"
"LIE","Liechtenstein",2012,1.7585934,"GOV_WGI_CC.EST"
"LIE","Liechtenstein",2011,1.7606658,"GOV_WGI_CC.EST"
"LIE","Liechtenstein",2010,1.7616467,"GOV_WGI_CC.EST"
"LTU","Lithuania",2024,0.9083546,"GOV_WGI_CC.EST"
"LTU","Lithuania",2023,0.8741121,"GOV_WGI_CC.EST"
"LTU","Lithuania",2022,0.8628452,"GOV_WGI_CC.EST"
"LTU","Lithuania",2021,0.931457,"GOV_WGI_CC.EST"
"LTU","Lithuania",2020,0.8767552,"GOV_WGI_CC.EST"
"LTU","Lithuania",2019,0.7586674,"GOV_WGI_CC.EST"
"LTU","Lithuania",2018,0.4525353,"GOV_WGI_CC.EST"
"LTU","Lithuania",2017,0.6668253,"GOV_WGI_CC.EST"
"LTU","Lithuania",2016,0.72628,"GOV_WGI_CC.EST"
"LTU","Lithuania",2015,0.6719955,"GOV_WGI_CC.EST"
"LTU","Lithuania",2014,0.5892553,"GOV_WGI_CC.EST"
"LTU","Lithuania",2013,0.5892702,"GOV_WGI_CC.EST"
"LTU","Lithuania",2012,0.5678656,"GOV_WGI_CC.EST"
"LTU","Lithuania",2011,0.4394764,"GOV_WGI_CC.EST"
"LTU","Lithuania",2010,0.4933086,"GOV_WGI_CC.EST"
"LUX","Luxembourg",2024,2.0010215,"GOV_WGI_CC.EST"
"LUX","Luxembourg",2023,1.9740711,"GOV_WGI_CC.EST"
"LUX","Luxembourg",2022,1.9707509,"GOV_WGI_CC.EST"
"LUX","Luxembourg",2021,1.9687389,"GOV_WGI_CC.EST"
"LUX","Luxembourg",2020,2.2691369,"GOV_WGI_CC.EST"
"LUX","Luxembourg",2019,2.2601991,"GOV_WGI_CC.EST"
"LUX","Luxembourg",2018,2.2117837,"GOV_WGI_CC.EST"
"LUX","Luxembourg",2017,2.1497253,"GOV_WGI_CC.EST"
"LUX","Luxembourg",2016,2.1927245,"GOV_WGI_CC.EST"
"LUX","Luxembourg",2015,2.2249267,"GOV_WGI_CC.EST"
"LUX","Luxembourg",2014,2.1741161,"GOV_WGI_CC.EST"
"LUX","Luxembourg",2013,2.1554817,"GOV_WGI_CC.EST"
"LUX","Luxembourg",2012,2.171591,"GOV_WGI_CC.EST"
"LUX","Luxembourg",2011,2.2303969,"GOV_WGI_CC.EST"
"LUX","Luxembourg",2010,2.0818996,"GOV_WGI_CC.EST"
"MAC","Macao SAR, China",2024,0.5736747,"GOV_WGI_CC.EST"
"MAC","Macao SAR, China",2023,0.5721662,"GOV_WGI_CC.EST"
"MAC","Macao SAR, China",2022,0.5715663,"GOV_WGI_CC.EST"
"MAC","Macao SAR, China",2021,0.5749837,"GOV_WGI_CC.EST"
"MAC","Macao SAR, China",2020,0.574171,"GOV_WGI_CC.EST"
"MAC","Macao SAR, China",2019,0.573677,"GOV_WGI_CC.EST"
"MAC","Macao SAR, China",2018,0.571438,"GOV_WGI_CC.EST"
"MAC","Macao SAR, China",2017,0.5698113,"GOV_WGI_CC.EST"
"MAC","Macao SAR, China",2016,0.8352804,"GOV_WGI_CC.EST"
"MAC","Macao SAR, China",2015,0.5694241,"GOV_WGI_CC.EST"
"MAC","Macao SAR, China",2014,0.5677664,"GOV_WGI_CC.EST"
"MAC","Macao SAR, China",2013,0.0405802,"GOV_WGI_CC.EST"
"MAC","Macao SAR, China",2012,0.0404111,"GOV_WGI_CC.EST"
"MAC","Macao SAR, China",2011,0.3376949,"GOV_WGI_CC.EST"
"MAC","Macao SAR, China",2010,0.3386899,"GOV_WGI_CC.EST"
"MDG","Madagascar",2024,-1.0280006,"GOV_WGI_CC.EST"
"MDG","Madagascar",2023,-1.0017347,"GOV_WGI_CC.EST"
"MDG","Madagascar",2022,-0.99584,"GOV_WGI_CC.EST"
"MDG","Madagascar",2021,-0.9525092,"GOV_WGI_CC.EST"
"MDG","Madagascar",2020,-0.8520133,"GOV_WGI_CC.EST"
"MDG","Madagascar",2019,-0.9320767,"GOV_WGI_CC.EST"
"MDG","Madagascar",2018,-0.9250264,"GOV_WGI_CC.EST"
"MDG","Madagascar",2017,-0.924197,"GOV_WGI_CC.EST"
"MDG","Madagascar",2016,-0.7908961,"GOV_WGI_CC.EST"
"MDG","Madagascar",2015,-0.781338,"GOV_WGI_CC.EST"
"MDG","Madagascar",2014,-0.765318,"GOV_WGI_CC.EST"
"MDG","Madagascar",2013,-0.7321293,"GOV_WGI_CC.EST"
"MDG","Madagascar",2012,-0.629353,"GOV_WGI_CC.EST"
"MDG","Madagascar",2011,-0.4451631,"GOV_WGI_CC.EST"
"MDG","Madagascar",2010,-0.386698,"GOV_WGI_CC.EST"
"MWI","Malawi",2024,-0.646437,"GOV_WGI_CC.EST"
"MWI","Malawi",2023,-0.6296737,"GOV_WGI_CC.EST"
"MWI","Malawi",2022,-0.6617291,"GOV_WGI_CC.EST"
"MWI","Malawi",2021,-0.4336554,"GOV_WGI_CC.EST"
"MWI","Malawi",2020,-0.4816989,"GOV_WGI_CC.EST"
"MWI","Malawi",2019,-0.8073538,"GOV_WGI_CC.EST"
"MWI","Malawi",2018,-0.8168431,"GOV_WGI_CC.EST"
"MWI","Malawi",2017,-0.7146346,"GOV_WGI_CC.EST"
"MWI","Malawi",2016,-0.8586731,"GOV_WGI_CC.EST"
"MWI","Malawi",2015,-0.8336377,"GOV_WGI_CC.EST"
"MWI","Malawi",2014,-0.8505426,"GOV_WGI_CC.EST"
"MWI","Malawi",2013,-0.6845476,"GOV_WGI_CC.EST"
"MWI","Malawi",2012,-0.5303754,"GOV_WGI_CC.EST"
"MWI","Malawi",2011,-0.3787847,"GOV_WGI_CC.EST"
"MWI","Malawi",2010,-0.4250381,"GOV_WGI_CC.EST"
"MYS","Malaysia",2024,0.4671243,"GOV_WGI_CC.EST"
"MYS","Malaysia",2023,0.389561,"GOV_WGI_CC.EST"
"MYS","Malaysia",2022,0.370704,"GOV_WGI_CC.EST"
"MYS","Malaysia",2021,0.3023046,"GOV_WGI_CC.EST"
"MYS","Malaysia",2020,0.4204631,"GOV_WGI_CC.EST"
"MYS","Malaysia",2019,0.4597054,"GOV_WGI_CC.EST"
"MYS","Malaysia",2018,0.4913515,"GOV_WGI_CC.EST"
"MYS","Malaysia",2017,0.0707719,"GOV_WGI_CC.EST"
"MYS","Malaysia",2016,0.1013155,"GOV_WGI_CC.EST"
"MYS","Malaysia",2015,0.241563,"GOV_WGI_CC.EST"
"MYS","Malaysia",2014,0.3060353,"GOV_WGI_CC.EST"
"MYS","Malaysia",2013,0.2253327,"GOV_WGI_CC.EST"
"MYS","Malaysia",2012,0.1618291,"GOV_WGI_CC.EST"
"MYS","Malaysia",2011,0.0661576,"GOV_WGI_CC.EST"
"MYS","Malaysia",2010,-0.0515734,"GOV_WGI_CC.EST"
"MDV","Maldives",2024,-0.3582129,"GOV_WGI_CC.EST"
"MDV","Maldives",2023,-0.2617632,"GOV_WGI_CC.EST"
"MDV","Maldives",2022,-0.2624325,"GOV_WGI_CC.EST"
"MDV","Maldives",2021,-0.1557279,"GOV_WGI_CC.EST"
"MDV","Maldives",2020,-0.1658386,"GOV_WGI_CC.EST"
"MDV","Maldives",2019,-0.5141371,"GOV_WGI_CC.EST"
"MDV","Maldives",2018,-0.8877482,"GOV_WGI_CC.EST"
"MDV","Maldives",2017,-0.8639494,"GOV_WGI_CC.EST"
"MDV","Maldives",2016,-0.7610346,"GOV_WGI_CC.EST"
"MDV","Maldives",2015,-0.5852191,"GOV_WGI_CC.EST"
"MDV","Maldives",2014,-0.5737302,"GOV_WGI_CC.EST"
"MDV","Maldives",2013,-0.7598772,"GOV_WGI_CC.EST"
"MDV","Maldives",2012,-0.7065938,"GOV_WGI_CC.EST"
"MDV","Maldives",2011,-0.5382375,"GOV_WGI_CC.EST"
"MDV","Maldives",2010,-0.5514743,"GOV_WGI_CC.EST"
"MLI","Mali",2024,-0.9652885,"GOV_WGI_CC.EST"
"MLI","Mali",2023,-0.8493415,"GOV_WGI_CC.EST"
"MLI","Mali",2022,-0.851721,"GOV_WGI_CC.EST"
"MLI","Mali",2021,-0.8966191,"GOV_WGI_CC.EST"
"MLI","Mali",2020,-0.7760642,"GOV_WGI_CC.EST"
"MLI","Mali",2019,-0.7641773,"GOV_WGI_CC.EST"
"MLI","Mali",2018,-0.7375931,"GOV_WGI_CC.EST"
"MLI","Mali",2017,-0.6991183,"GOV_WGI_CC.EST"
"MLI","Mali",2016,-0.6354921,"GOV_WGI_CC.EST"
"MLI","Mali",2015,-0.6206803,"GOV_WGI_CC.EST"
"MLI","Mali",2014,-0.6582069,"GOV_WGI_CC.EST"
"MLI","Mali",2013,-0.5909145,"GOV_WGI_CC.EST"
"MLI","Mali",2012,-0.6603334,"GOV_WGI_CC.EST"
"MLI","Mali",2011,-0.5404855,"GOV_WGI_CC.EST"
"MLI","Mali",2010,-0.5671073,"GOV_WGI_CC.EST"
"MLT","Malta",2024,0.2665144,"GOV_WGI_CC.EST"
"MLT","Malta",2023,0.4717243,"GOV_WGI_CC.EST"
"MLT","Malta",2022,0.4663933,"GOV_WGI_CC.EST"
"MLT","Malta",2021,0.4864425,"GOV_WGI_CC.EST"
"MLT","Malta",2020,0.4991511,"GOV_WGI_CC.EST"
"MLT","Malta",2019,0.4147502,"GOV_WGI_CC.EST"
"MLT","Malta",2018,0.7400469,"GOV_WGI_CC.EST"
"MLT","Malta",2017,0.7932072,"GOV_WGI_CC.EST"
"MLT","Malta",2016,0.784244,"GOV_WGI_CC.EST"
"MLT","Malta",2015,0.8506209,"GOV_WGI_CC.EST"
"MLT","Malta",2014,0.8106318,"GOV_WGI_CC.EST"
"MLT","Malta",2013,0.9129376,"GOV_WGI_CC.EST"
"MLT","Malta",2012,0.9075675,"GOV_WGI_CC.EST"
"MLT","Malta",2011,0.9448858,"GOV_WGI_CC.EST"
"MLT","Malta",2010,0.9647504,"GOV_WGI_CC.EST"
"MHL","Marshall Islands",2024,0.3546347,"GOV_WGI_CC.EST"
"MHL","Marshall Islands",2023,-0.0247357,"GOV_WGI_CC.EST"
"MHL","Marshall Islands",2022,-0.0257029,"GOV_WGI_CC.EST"
"MHL","Marshall Islands",2021,-0.0201935,"GOV_WGI_CC.EST"
"MHL","Marshall Islands",2020,-0.0215037,"GOV_WGI_CC.EST"
"MHL","Marshall Islands",2019,0.3546385,"GOV_WGI_CC.EST"
"MHL","Marshall Islands",2018,0.3510289,"GOV_WGI_CC.EST"
"MHL","Marshall Islands",2017,0.7748463,"GOV_WGI_CC.EST"
"MHL","Marshall Islands",2016,0.7763811,"GOV_WGI_CC.EST"
"MHL","Marshall Islands",2015,0.8140091,"GOV_WGI_CC.EST"
"MHL","Marshall Islands",2014,-0.104659,"GOV_WGI_CC.EST"
"MHL","Marshall Islands",2013,-0.037403,"GOV_WGI_CC.EST"
"MHL","Marshall Islands",2012,-0.1629737,"GOV_WGI_CC.EST"
"MHL","Marshall Islands",2011,-0.1576442,"GOV_WGI_CC.EST"
"MHL","Marshall Islands",2010,-0.3956406,"GOV_WGI_CC.EST"
"MRT","Mauritania",2024,-0.9763693,"GOV_WGI_CC.EST"
"MRT","Mauritania",2023,-0.8548329,"GOV_WGI_CC.EST"
"MRT","Mauritania",2022,-0.8383901,"GOV_WGI_CC.EST"
"MRT","Mauritania",2021,-0.8696054,"GOV_WGI_CC.EST"
"MRT","Mauritania",2020,-0.781255,"GOV_WGI_CC.EST"
"MRT","Mauritania",2019,-0.9809387,"GOV_WGI_CC.EST"
"MRT","Mauritania",2018,-0.8953882,"GOV_WGI_CC.EST"
"MRT","Mauritania",2017,-0.8708649,"GOV_WGI_CC.EST"
"MRT","Mauritania",2016,-0.8325879,"GOV_WGI_CC.EST"
"MRT","Mauritania",2015,-0.9527052,"GOV_WGI_CC.EST"
"MRT","Mauritania",2014,-0.9217303,"GOV_WGI_CC.EST"
"MRT","Mauritania",2013,-0.7999915,"GOV_WGI_CC.EST"
"MRT","Mauritania",2012,-0.7360574,"GOV_WGI_CC.EST"
"MRT","Mauritania",2011,-0.543122,"GOV_WGI_CC.EST"
"MRT","Mauritania",2010,-0.6174142,"GOV_WGI_CC.EST"
"MUS","Mauritius",2024,0.3955682,"GOV_WGI_CC.EST"
"MUS","Mauritius",2023,0.3523611,"GOV_WGI_CC.EST"
"MUS","Mauritius",2022,0.3959577,"GOV_WGI_CC.EST"
"MUS","Mauritius",2021,0.4205137,"GOV_WGI_CC.EST"
"MUS","Mauritius",2020,0.3457422,"GOV_WGI_CC.EST"
"MUS","Mauritius",2019,0.3254049,"GOV_WGI_CC.EST"
"MUS","Mauritius",2018,0.2951923,"GOV_WGI_CC.EST"
"MUS","Mauritius",2017,0.2787189,"GOV_WGI_CC.EST"
"MUS","Mauritius",2016,0.324757,"GOV_WGI_CC.EST"
"MUS","Mauritius",2015,0.2924074,"GOV_WGI_CC.EST"
"MUS","Mauritius",2014,0.4599843,"GOV_WGI_CC.EST"
"MUS","Mauritius",2013,0.3725722,"GOV_WGI_CC.EST"
"MUS","Mauritius",2012,0.391067,"GOV_WGI_CC.EST"
"MUS","Mauritius",2011,0.2637348,"GOV_WGI_CC.EST"
"MUS","Mauritius",2010,0.3241752,"GOV_WGI_CC.EST"
"MEX","Mexico",2024,-0.9251219,"GOV_WGI_CC.EST"
"MEX","Mexico",2023,-0.9210263,"GOV_WGI_CC.EST"
"MEX","Mexico",2022,-0.8785122,"GOV_WGI_CC.EST"
"MEX","Mexico",2021,-0.8747726,"GOV_WGI_CC.EST"
"MEX","Mexico",2020,-0.8568578,"GOV_WGI_CC.EST"
"MEX","Mexico",2019,-0.8924061,"GOV_WGI_CC.EST"
"MEX","Mexico",2018,-0.961137,"GOV_WGI_CC.EST"
"MEX","Mexico",2017,-0.9494821,"GOV_WGI_CC.EST"
"MEX","Mexico",2016,-0.8093964,"GOV_WGI_CC.EST"
"MEX","Mexico",2015,-0.8427141,"GOV_WGI_CC.EST"
"MEX","Mexico",2014,-0.7907342,"GOV_WGI_CC.EST"
"MEX","Mexico",2013,-0.5629754,"GOV_WGI_CC.EST"
"MEX","Mexico",2012,-0.4872013,"GOV_WGI_CC.EST"
"MEX","Mexico",2011,-0.4246397,"GOV_WGI_CC.EST"
"MEX","Mexico",2010,-0.3823777,"GOV_WGI_CC.EST"
"FSM","Micronesia, Fed. Sts.",2024,0.6706597,"GOV_WGI_CC.EST"
"FSM","Micronesia, Fed. Sts.",2023,0.299871,"GOV_WGI_CC.EST"
"FSM","Micronesia, Fed. Sts.",2022,0.2989256,"GOV_WGI_CC.EST"
"FSM","Micronesia, Fed. Sts.",2021,0.3043104,"GOV_WGI_CC.EST"
"FSM","Micronesia, Fed. Sts.",2020,0.4049363,"GOV_WGI_CC.EST"
"FSM","Micronesia, Fed. Sts.",2019,0.7810785,"GOV_WGI_CC.EST"
"FSM","Micronesia, Fed. Sts.",2018,0.7774689,"GOV_WGI_CC.EST"
"FSM","Micronesia, Fed. Sts.",2017,0.7748463,"GOV_WGI_CC.EST"
"FSM","Micronesia, Fed. Sts.",2016,0.7763811,"GOV_WGI_CC.EST"
"FSM","Micronesia, Fed. Sts.",2015,0.853796,"GOV_WGI_CC.EST"
"FSM","Micronesia, Fed. Sts.",2014,0.8511235,"GOV_WGI_CC.EST"
"FSM","Micronesia, Fed. Sts.",2013,-0.0385646,"GOV_WGI_CC.EST"
"FSM","Micronesia, Fed. Sts.",2012,-0.0388372,"GOV_WGI_CC.EST"
"FSM","Micronesia, Fed. Sts.",2011,-0.2239176,"GOV_WGI_CC.EST"
"FSM","Micronesia, Fed. Sts.",2010,-0.0977214,"GOV_WGI_CC.EST"
"MDA","Moldova",2024,-0.2918919,"GOV_WGI_CC.EST"
"MDA","Moldova",2023,-0.2679002,"GOV_WGI_CC.EST"
"MDA","Moldova",2022,-0.4226647,"GOV_WGI_CC.EST"
"MDA","Moldova",2021,-0.5510841,"GOV_WGI_CC.EST"
"MDA","Moldova",2020,-0.7328496,"GOV_WGI_CC.EST"
"MDA","Moldova",2019,-0.7756071,"GOV_WGI_CC.EST"
"MDA","Moldova",2018,-0.8705151,"GOV_WGI_CC.EST"
"MDA","Moldova",2017,-0.9504303,"GOV_WGI_CC.EST"
"MDA","Moldova",2016,-1.1144129,"GOV_WGI_CC.EST"
"MDA","Moldova",2015,-1.0527956,"GOV_WGI_CC.EST"
"MDA","Moldova",2014,-0.9830633,"GOV_WGI_CC.EST"
"MDA","Moldova",2013,-0.8029238,"GOV_WGI_CC.EST"
"MDA","Moldova",2012,-0.7122566,"GOV_WGI_CC.EST"
"MDA","Moldova",2011,-0.6444884,"GOV_WGI_CC.EST"
"MDA","Moldova",2010,-0.6792402,"GOV_WGI_CC.EST"
"MCO","Monaco",2024,1.8039224,"GOV_WGI_CC.EST"
"MCO","Monaco",2023,1.175974,"GOV_WGI_CC.EST"
"MCO","Monaco",2022,1.1745578,"GOV_WGI_CC.EST"
"MCO","Monaco",2021,1.1826246,"GOV_WGI_CC.EST"
"MCO","Monaco",2020,1.1807063,"GOV_WGI_CC.EST"
"MCO","Monaco",2019,1.803928,"GOV_WGI_CC.EST"
"MCO","Monaco",2018,1.7986429,"GOV_WGI_CC.EST"
"MCO","Monaco",2017,1.7948029,"GOV_WGI_CC.EST"
"MCO","Monaco",2016,1.79705,"GOV_WGI_CC.EST"
"MCO","Monaco",2015,1.793889,"GOV_WGI_CC.EST"
"MCO","Monaco",2014,NA,"GOV_WGI_CC.EST"
"MCO","Monaco",2013,NA,"GOV_WGI_CC.EST"
"MCO","Monaco",2012,NA,"GOV_WGI_CC.EST"
"MCO","Monaco",2011,NA,"GOV_WGI_CC.EST"
"MCO","Monaco",2010,NA,"GOV_WGI_CC.EST"
"MNG","Mongolia",2024,-0.4743467,"GOV_WGI_CC.EST"
"MNG","Mongolia",2023,-0.6070678,"GOV_WGI_CC.EST"
"MNG","Mongolia",2022,-0.6620792,"GOV_WGI_CC.EST"
"MNG","Mongolia",2021,-0.6631595,"GOV_WGI_CC.EST"
"MNG","Mongolia",2020,-0.6195188,"GOV_WGI_CC.EST"
"MNG","Mongolia",2019,-0.6143376,"GOV_WGI_CC.EST"
"MNG","Mongolia",2018,-0.5726932,"GOV_WGI_CC.EST"
"MNG","Mongolia",2017,-0.5414719,"GOV_WGI_CC.EST"
"MNG","Mongolia",2016,-0.6211493,"GOV_WGI_CC.EST"
"MNG","Mongolia",2015,-0.598074,"GOV_WGI_CC.EST"
"MNG","Mongolia",2014,-0.5696144,"GOV_WGI_CC.EST"
"MNG","Mongolia",2013,-0.552838,"GOV_WGI_CC.EST"
"MNG","Mongolia",2012,-0.5996423,"GOV_WGI_CC.EST"
"MNG","Mongolia",2011,-0.5760125,"GOV_WGI_CC.EST"
"MNG","Mongolia",2010,-0.6220545,"GOV_WGI_CC.EST"
"MNE","Montenegro",2024,-0.0579555,"GOV_WGI_CC.EST"
"MNE","Montenegro",2023,-0.066791,"GOV_WGI_CC.EST"
"MNE","Montenegro",2022,-0.0147912,"GOV_WGI_CC.EST"
"MNE","Montenegro",2021,0.0374298,"GOV_WGI_CC.EST"
"MNE","Montenegro",2020,-0.0382418,"GOV_WGI_CC.EST"
"MNE","Montenegro",2019,-0.0651881,"GOV_WGI_CC.EST"
"MNE","Montenegro",2018,-0.0846181,"GOV_WGI_CC.EST"
"MNE","Montenegro",2017,-0.1403587,"GOV_WGI_CC.EST"
"MNE","Montenegro",2016,-0.1937989,"GOV_WGI_CC.EST"
"MNE","Montenegro",2015,-0.1860868,"GOV_WGI_CC.EST"
"MNE","Montenegro",2014,-0.1917196,"GOV_WGI_CC.EST"
"MNE","Montenegro",2013,-0.3294022,"GOV_WGI_CC.EST"
"MNE","Montenegro",2012,-0.327538,"GOV_WGI_CC.EST"
"MNE","Montenegro",2011,-0.5509894,"GOV_WGI_CC.EST"
"MNE","Montenegro",2010,-0.5517103,"GOV_WGI_CC.EST"
"MAR","Morocco",2024,-0.5141399,"GOV_WGI_CC.EST"
"MAR","Morocco",2023,-0.5637295,"GOV_WGI_CC.EST"
"MAR","Morocco",2022,-0.4811719,"GOV_WGI_CC.EST"
"MAR","Morocco",2021,-0.4669226,"GOV_WGI_CC.EST"
"MAR","Morocco",2020,-0.4493185,"GOV_WGI_CC.EST"
"MAR","Morocco",2019,-0.4713029,"GOV_WGI_CC.EST"
"MAR","Morocco",2018,-0.4836393,"GOV_WGI_CC.EST"
"MAR","Morocco",2017,-0.3804182,"GOV_WGI_CC.EST"
"MAR","Morocco",2016,-0.3027111,"GOV_WGI_CC.EST"
"MAR","Morocco",2015,-0.339211,"GOV_WGI_CC.EST"
"MAR","Morocco",2014,-0.4259925,"GOV_WGI_CC.EST"
"MAR","Morocco",2013,-0.4295165,"GOV_WGI_CC.EST"
"MAR","Morocco",2012,-0.5169486,"GOV_WGI_CC.EST"
"MAR","Morocco",2011,-0.5127307,"GOV_WGI_CC.EST"
"MAR","Morocco",2010,-0.3010548,"GOV_WGI_CC.EST"
"MOZ","Mozambique",2024,-1.0432219,"GOV_WGI_CC.EST"
"MOZ","Mozambique",2023,-0.9098469,"GOV_WGI_CC.EST"
"MOZ","Mozambique",2022,-0.8871502,"GOV_WGI_CC.EST"
"MOZ","Mozambique",2021,-0.8186253,"GOV_WGI_CC.EST"
"MOZ","Mozambique",2020,-0.7823764,"GOV_WGI_CC.EST"
"MOZ","Mozambique",2019,-0.8966664,"GOV_WGI_CC.EST"
"MOZ","Mozambique",2018,-0.8937044,"GOV_WGI_CC.EST"
"MOZ","Mozambique",2017,-0.9873766,"GOV_WGI_CC.EST"
"MOZ","Mozambique",2016,-0.9769649,"GOV_WGI_CC.EST"
"MOZ","Mozambique",2015,-0.9163417,"GOV_WGI_CC.EST"
"MOZ","Mozambique",2014,-0.8366723,"GOV_WGI_CC.EST"
"MOZ","Mozambique",2013,-0.7270997,"GOV_WGI_CC.EST"
"MOZ","Mozambique",2012,-0.5583024,"GOV_WGI_CC.EST"
"MOZ","Mozambique",2011,-0.6565449,"GOV_WGI_CC.EST"
"MOZ","Mozambique",2010,-0.6416912,"GOV_WGI_CC.EST"
"MMR","Myanmar",2024,-1.2486686,"GOV_WGI_CC.EST"
"MMR","Myanmar",2023,-1.108647,"GOV_WGI_CC.EST"
"MMR","Myanmar",2022,-1.1333021,"GOV_WGI_CC.EST"
"MMR","Myanmar",2021,-0.9347092,"GOV_WGI_CC.EST"
"MMR","Myanmar",2020,-0.6237381,"GOV_WGI_CC.EST"
"MMR","Myanmar",2019,-0.7615221,"GOV_WGI_CC.EST"
"MMR","Myanmar",2018,-0.76356,"GOV_WGI_CC.EST"
"MMR","Myanmar",2017,-0.7574902,"GOV_WGI_CC.EST"
"MMR","Myanmar",2016,-0.8496421,"GOV_WGI_CC.EST"
"MMR","Myanmar",2015,-0.952886,"GOV_WGI_CC.EST"
"MMR","Myanmar",2014,-1.0008369,"GOV_WGI_CC.EST"
"MMR","Myanmar",2013,-1.1013341,"GOV_WGI_CC.EST"
"MMR","Myanmar",2012,-1.2591548,"GOV_WGI_CC.EST"
"MMR","Myanmar",2011,-1.1850758,"GOV_WGI_CC.EST"
"MMR","Myanmar",2010,-1.1873491,"GOV_WGI_CC.EST"
"NAM","Namibia",2024,0.1677332,"GOV_WGI_CC.EST"
"NAM","Namibia",2023,0.1665779,"GOV_WGI_CC.EST"
"NAM","Namibia",2022,0.3225582,"GOV_WGI_CC.EST"
"NAM","Namibia",2021,0.3332022,"GOV_WGI_CC.EST"
"NAM","Namibia",2020,0.419543,"GOV_WGI_CC.EST"
"NAM","Namibia",2019,0.4600881,"GOV_WGI_CC.EST"
"NAM","Namibia",2018,0.4478097,"GOV_WGI_CC.EST"
"NAM","Namibia",2017,0.3717513,"GOV_WGI_CC.EST"
"NAM","Namibia",2016,0.420123,"GOV_WGI_CC.EST"
"NAM","Namibia",2015,0.4671558,"GOV_WGI_CC.EST"
"NAM","Namibia",2014,0.4500998,"GOV_WGI_CC.EST"
"NAM","Namibia",2013,0.4103648,"GOV_WGI_CC.EST"
"NAM","Namibia",2012,0.4298295,"GOV_WGI_CC.EST"
"NAM","Namibia",2011,0.2984604,"GOV_WGI_CC.EST"
"NAM","Namibia",2010,0.3587237,"GOV_WGI_CC.EST"
"NRU","Naoero",2024,0.4564127,"GOV_WGI_CC.EST"
"NRU","Naoero",2023,0.4529438,"GOV_WGI_CC.EST"
"NRU","Naoero",2022,0.4515641,"GOV_WGI_CC.EST"
"NRU","Naoero",2021,0.4594228,"GOV_WGI_CC.EST"
"NRU","Naoero",2020,0.457554,"GOV_WGI_CC.EST"
"NRU","Naoero",2019,0.4564181,"GOV_WGI_CC.EST"
"NRU","Naoero",2018,0.4512693,"GOV_WGI_CC.EST"
"NRU","Naoero",2017,0.4475284,"GOV_WGI_CC.EST"
"NRU","Naoero",2016,0.4497176,"GOV_WGI_CC.EST"
"NRU","Naoero",2015,0.5033909,"GOV_WGI_CC.EST"
"NRU","Naoero",2014,-0.2262863,"GOV_WGI_CC.EST"
"NRU","Naoero",2013,-0.2039531,"GOV_WGI_CC.EST"
"NRU","Naoero",2012,0.0922792,"GOV_WGI_CC.EST"
"NRU","Naoero",2011,0.1176849,"GOV_WGI_CC.EST"
"NRU","Naoero",2010,0.1297105,"GOV_WGI_CC.EST"
"NPL","Nepal",2024,-0.6289663,"GOV_WGI_CC.EST"
"NPL","Nepal",2023,-0.6152287,"GOV_WGI_CC.EST"
"NPL","Nepal",2022,-0.6509075,"GOV_WGI_CC.EST"
"NPL","Nepal",2021,-0.6220063,"GOV_WGI_CC.EST"
"NPL","Nepal",2020,-0.6993748,"GOV_WGI_CC.EST"
"NPL","Nepal",2019,-0.7349159,"GOV_WGI_CC.EST"
"NPL","Nepal",2018,-0.7358393,"GOV_WGI_CC.EST"
"NPL","Nepal",2017,-0.7789732,"GOV_WGI_CC.EST"
"NPL","Nepal",2016,-0.8441188,"GOV_WGI_CC.EST"
"NPL","Nepal",2015,-0.8288883,"GOV_WGI_CC.EST"
"NPL","Nepal",2014,-0.8633975,"GOV_WGI_CC.EST"
"NPL","Nepal",2013,-0.9402605,"GOV_WGI_CC.EST"
"NPL","Nepal",2012,-0.9955512,"GOV_WGI_CC.EST"
"NPL","Nepal",2011,-0.8297585,"GOV_WGI_CC.EST"
"NPL","Nepal",2010,-0.7261404,"GOV_WGI_CC.EST"
"NLD","Netherlands",2024,1.9172073,"GOV_WGI_CC.EST"
"NLD","Netherlands",2023,1.9347258,"GOV_WGI_CC.EST"
"NLD","Netherlands",2022,1.9247266,"GOV_WGI_CC.EST"
"NLD","Netherlands",2021,2.0340655,"GOV_WGI_CC.EST"
"NLD","Netherlands",2020,1.9277927,"GOV_WGI_CC.EST"
"NLD","Netherlands",2019,1.9415252,"GOV_WGI_CC.EST"
"NLD","Netherlands",2018,1.9384405,"GOV_WGI_CC.EST"
"NLD","Netherlands",2017,1.8206708,"GOV_WGI_CC.EST"
"NLD","Netherlands",2016,1.90588,"GOV_WGI_CC.EST"
"NLD","Netherlands",2015,1.8623456,"GOV_WGI_CC.EST"
"NLD","Netherlands",2014,1.9462126,"GOV_WGI_CC.EST"
"NLD","Netherlands",2013,1.9264826,"GOV_WGI_CC.EST"
"NLD","Netherlands",2012,2.0608802,"GOV_WGI_CC.EST"
"NLD","Netherlands",2011,2.0158528,"GOV_WGI_CC.EST"
"NLD","Netherlands",2010,1.9916016,"GOV_WGI_CC.EST"
"NCL","New Caledonia",2024,0.1359662,"GOV_WGI_CC.EST"
"NCL","New Caledonia",2023,0.1184013,"GOV_WGI_CC.EST"
"NCL","New Caledonia",2022,0.1114155,"GOV_WGI_CC.EST"
"NCL","New Caledonia",2021,0.1512081,"GOV_WGI_CC.EST"
"NCL","New Caledonia",2020,NA,"GOV_WGI_CC.EST"
"NCL","New Caledonia",2019,NA,"GOV_WGI_CC.EST"
"NCL","New Caledonia",2018,NA,"GOV_WGI_CC.EST"
"NCL","New Caledonia",2017,NA,"GOV_WGI_CC.EST"
"NCL","New Caledonia",2016,NA,"GOV_WGI_CC.EST"
"NCL","New Caledonia",2015,NA,"GOV_WGI_CC.EST"
"NCL","New Caledonia",2014,NA,"GOV_WGI_CC.EST"
"NCL","New Caledonia",2013,NA,"GOV_WGI_CC.EST"
"NCL","New Caledonia",2012,NA,"GOV_WGI_CC.EST"
"NCL","New Caledonia",2011,NA,"GOV_WGI_CC.EST"
"NCL","New Caledonia",2010,NA,"GOV_WGI_CC.EST"
"NZL","New Zealand",2024,1.9395459,"GOV_WGI_CC.EST"
"NZL","New Zealand",2023,2.023955,"GOV_WGI_CC.EST"
"NZL","New Zealand",2022,2.0828827,"GOV_WGI_CC.EST"
"NZL","New Zealand",2021,2.1258622,"GOV_WGI_CC.EST"
"NZL","New Zealand",2020,2.1543308,"GOV_WGI_CC.EST"
"NZL","New Zealand",2019,2.1528233,"GOV_WGI_CC.EST"
"NZL","New Zealand",2018,2.0953338,"GOV_WGI_CC.EST"
"NZL","New Zealand",2017,2.1693836,"GOV_WGI_CC.EST"
"NZL","New Zealand",2016,2.2082525,"GOV_WGI_CC.EST"
"NZL","New Zealand",2015,2.199618,"GOV_WGI_CC.EST"
"NZL","New Zealand",2014,2.1666193,"GOV_WGI_CC.EST"
"NZL","New Zealand",2013,2.1955195,"GOV_WGI_CC.EST"
"NZL","New Zealand",2012,2.1851929,"GOV_WGI_CC.EST"
"NZL","New Zealand",2011,2.2492631,"GOV_WGI_CC.EST"
"NZL","New Zealand",2010,2.2298292,"GOV_WGI_CC.EST"
"NIC","Nicaragua",2024,-1.4251273,"GOV_WGI_CC.EST"
"NIC","Nicaragua",2023,-1.2587055,"GOV_WGI_CC.EST"
"NIC","Nicaragua",2022,-1.2430561,"GOV_WGI_CC.EST"
"NIC","Nicaragua",2021,-1.2348109,"GOV_WGI_CC.EST"
"NIC","Nicaragua",2020,-1.1518075,"GOV_WGI_CC.EST"
"NIC","Nicaragua",2019,-1.2032021,"GOV_WGI_CC.EST"
"NIC","Nicaragua",2018,-1.2249546,"GOV_WGI_CC.EST"
"NIC","Nicaragua",2017,-1.0939624,"GOV_WGI_CC.EST"
"NIC","Nicaragua",2016,-1.092067,"GOV_WGI_CC.EST"
"NIC","Nicaragua",2015,-1.0147716,"GOV_WGI_CC.EST"
"NIC","Nicaragua",2014,-1.0118518,"GOV_WGI_CC.EST"
"NIC","Nicaragua",2013,-0.8293263,"GOV_WGI_CC.EST"
"NIC","Nicaragua",2012,-0.8568986,"GOV_WGI_CC.EST"
"NIC","Nicaragua",2011,-0.8474925,"GOV_WGI_CC.EST"
"NIC","Nicaragua",2010,-0.8470248,"GOV_WGI_CC.EST"
"NER","Niger",2024,-0.6456734,"GOV_WGI_CC.EST"
"NER","Niger",2023,-0.5209618,"GOV_WGI_CC.EST"
"NER","Niger",2022,-0.5679226,"GOV_WGI_CC.EST"
"NER","Niger",2021,-0.5663997,"GOV_WGI_CC.EST"
"NER","Niger",2020,-0.5357127,"GOV_WGI_CC.EST"
"NER","Niger",2019,-0.4637618,"GOV_WGI_CC.EST"
"NER","Niger",2018,-0.4528485,"GOV_WGI_CC.EST"
"NER","Niger",2017,-0.4209261,"GOV_WGI_CC.EST"
"NER","Niger",2016,-0.4218408,"GOV_WGI_CC.EST"
"NER","Niger",2015,-0.4323798,"GOV_WGI_CC.EST"
"NER","Niger",2014,-0.4535754,"GOV_WGI_CC.EST"
"NER","Niger",2013,-0.3846096,"GOV_WGI_CC.EST"
"NER","Niger",2012,-0.4788328,"GOV_WGI_CC.EST"
"NER","Niger",2011,-0.5575043,"GOV_WGI_CC.EST"
"NER","Niger",2010,-0.6030661,"GOV_WGI_CC.EST"
"NGA","Nigeria",2024,-1.1142732,"GOV_WGI_CC.EST"
"NGA","Nigeria",2023,-1.0867458,"GOV_WGI_CC.EST"
"NGA","Nigeria",2022,-1.2197566,"GOV_WGI_CC.EST"
"NGA","Nigeria",2021,-1.1968924,"GOV_WGI_CC.EST"
"NGA","Nigeria",2020,-1.1232238,"GOV_WGI_CC.EST"
"NGA","Nigeria",2019,-1.1467589,"GOV_WGI_CC.EST"
"NGA","Nigeria",2018,-1.1375157,"GOV_WGI_CC.EST"
"NGA","Nigeria",2017,-1.1367833,"GOV_WGI_CC.EST"
"NGA","Nigeria",2016,-1.0834629,"GOV_WGI_CC.EST"
"NGA","Nigeria",2015,-1.1542066,"GOV_WGI_CC.EST"
"NGA","Nigeria",2014,-1.3067623,"GOV_WGI_CC.EST"
"NGA","Nigeria",2013,-1.1950877,"GOV_WGI_CC.EST"
"NGA","Nigeria",2012,-1.1558203,"GOV_WGI_CC.EST"
"NGA","Nigeria",2011,-1.1319981,"GOV_WGI_CC.EST"
"NGA","Nigeria",2010,-1.1109295,"GOV_WGI_CC.EST"
"MKD","North Macedonia",2024,-0.3302305,"GOV_WGI_CC.EST"
"MKD","North Macedonia",2023,-0.3457515,"GOV_WGI_CC.EST"
"MKD","North Macedonia",2022,-0.3360298,"GOV_WGI_CC.EST"
"MKD","North Macedonia",2021,-0.3875147,"GOV_WGI_CC.EST"
"MKD","North Macedonia",2020,-0.4591144,"GOV_WGI_CC.EST"
"MKD","North Macedonia",2019,-0.4619488,"GOV_WGI_CC.EST"
"MKD","North Macedonia",2018,-0.3421716,"GOV_WGI_CC.EST"
"MKD","North Macedonia",2017,-0.2946408,"GOV_WGI_CC.EST"
"MKD","North Macedonia",2016,-0.3293515,"GOV_WGI_CC.EST"
"MKD","North Macedonia",2015,-0.3404665,"GOV_WGI_CC.EST"
"MKD","North Macedonia",2014,-0.1776172,"GOV_WGI_CC.EST"
"MKD","North Macedonia",2013,-0.0827775,"GOV_WGI_CC.EST"
"MKD","North Macedonia",2012,-0.1211888,"GOV_WGI_CC.EST"
"MKD","North Macedonia",2011,-0.3336046,"GOV_WGI_CC.EST"
"MKD","North Macedonia",2010,-0.3069325,"GOV_WGI_CC.EST"
"NOR","Norway",2024,1.9715841,"GOV_WGI_CC.EST"
"NOR","Norway",2023,2.076757,"GOV_WGI_CC.EST"
"NOR","Norway",2022,2.0355715,"GOV_WGI_CC.EST"
"NOR","Norway",2021,2.0741801,"GOV_WGI_CC.EST"
"NOR","Norway",2020,2.0859178,"GOV_WGI_CC.EST"
"NOR","Norway",2019,2.0631444,"GOV_WGI_CC.EST"
"NOR","Norway",2018,2.0880779,"GOV_WGI_CC.EST"
"NOR","Norway",2017,2.1700936,"GOV_WGI_CC.EST"
"NOR","Norway",2016,2.1227604,"GOV_WGI_CC.EST"
"NOR","Norway",2015,2.1769461,"GOV_WGI_CC.EST"
"NOR","Norway",2014,2.13362,"GOV_WGI_CC.EST"
"NOR","Norway",2013,2.143075,"GOV_WGI_CC.EST"
"NOR","Norway",2012,2.1310874,"GOV_WGI_CC.EST"
"NOR","Norway",2011,2.0788712,"GOV_WGI_CC.EST"
"NOR","Norway",2010,1.9332971,"GOV_WGI_CC.EST"
"OMN","Oman",2024,0.5064127,"GOV_WGI_CC.EST"
"OMN","Oman",2023,0.2237572,"GOV_WGI_CC.EST"
"OMN","Oman",2022,0.0143951,"GOV_WGI_CC.EST"
"OMN","Oman",2021,0.0212797,"GOV_WGI_CC.EST"
"OMN","Oman",2020,0.0208865,"GOV_WGI_CC.EST"
"OMN","Oman",2019,0.1580546,"GOV_WGI_CC.EST"
"OMN","Oman",2018,-0.022778,"GOV_WGI_CC.EST"
"OMN","Oman",2017,-0.0235651,"GOV_WGI_CC.EST"
"OMN","Oman",2016,-0.0231045,"GOV_WGI_CC.EST"
"OMN","Oman",2015,-0.0030783,"GOV_WGI_CC.EST"
"OMN","Oman",2014,0.0100374,"GOV_WGI_CC.EST"
"OMN","Oman",2013,-0.0676927,"GOV_WGI_CC.EST"
"OMN","Oman",2012,-0.0284755,"GOV_WGI_CC.EST"
"OMN","Oman",2011,-0.0382416,"GOV_WGI_CC.EST"
"OMN","Oman",2010,0.2720039,"GOV_WGI_CC.EST"
"PAK","Pakistan",2024,-1.0884877,"GOV_WGI_CC.EST"
"PAK","Pakistan",2023,-1.048835,"GOV_WGI_CC.EST"
"PAK","Pakistan",2022,-0.9541417,"GOV_WGI_CC.EST"
"PAK","Pakistan",2021,-0.907028,"GOV_WGI_CC.EST"
"PAK","Pakistan",2020,-0.9374698,"GOV_WGI_CC.EST"
"PAK","Pakistan",2019,-0.9720798,"GOV_WGI_CC.EST"
"PAK","Pakistan",2018,-0.9645888,"GOV_WGI_CC.EST"
"PAK","Pakistan",2017,-0.9351368,"GOV_WGI_CC.EST"
"PAK","Pakistan",2016,-0.9727031,"GOV_WGI_CC.EST"
"PAK","Pakistan",2015,-0.9806985,"GOV_WGI_CC.EST"
"PAK","Pakistan",2014,-1.0035884,"GOV_WGI_CC.EST"
"PAK","Pakistan",2013,-1.1287039,"GOV_WGI_CC.EST"
"PAK","Pakistan",2012,-1.2437876,"GOV_WGI_CC.EST"
"PAK","Pakistan",2011,-1.219585,"GOV_WGI_CC.EST"
"PAK","Pakistan",2010,-1.2021517,"GOV_WGI_CC.EST"
"PLW","Palau",2024,0.5131656,"GOV_WGI_CC.EST"
"PLW","Palau",2023,0.4529438,"GOV_WGI_CC.EST"
"PLW","Palau",2022,0.4515641,"GOV_WGI_CC.EST"
"PLW","Palau",2021,0.4594228,"GOV_WGI_CC.EST"
"PLW","Palau",2020,0.457554,"GOV_WGI_CC.EST"
"PLW","Palau",2019,0.4564181,"GOV_WGI_CC.EST"
"PLW","Palau",2018,0.4512693,"GOV_WGI_CC.EST"
"PLW","Palau",2017,0.4475284,"GOV_WGI_CC.EST"
"PLW","Palau",2016,0.4497176,"GOV_WGI_CC.EST"
"PLW","Palau",2015,0.5033909,"GOV_WGI_CC.EST"
"PLW","Palau",2014,-0.2262863,"GOV_WGI_CC.EST"
"PLW","Palau",2013,-0.2039531,"GOV_WGI_CC.EST"
"PLW","Palau",2012,-0.2059963,"GOV_WGI_CC.EST"
"PLW","Palau",2011,-0.1805906,"GOV_WGI_CC.EST"
"PLW","Palau",2010,-0.168565,"GOV_WGI_CC.EST"
"PAN","Panama",2024,-0.5409268,"GOV_WGI_CC.EST"
"PAN","Panama",2023,-0.5509974,"GOV_WGI_CC.EST"
"PAN","Panama",2022,-0.5634794,"GOV_WGI_CC.EST"
"PAN","Panama",2021,-0.523237,"GOV_WGI_CC.EST"
"PAN","Panama",2020,-0.5196729,"GOV_WGI_CC.EST"
"PAN","Panama",2019,-0.5439636,"GOV_WGI_CC.EST"
"PAN","Panama",2018,-0.5482086,"GOV_WGI_CC.EST"
"PAN","Panama",2017,-0.5583723,"GOV_WGI_CC.EST"
"PAN","Panama",2016,-0.4942573,"GOV_WGI_CC.EST"
"PAN","Panama",2015,-0.4237248,"GOV_WGI_CC.EST"
"PAN","Panama",2014,-0.3934379,"GOV_WGI_CC.EST"
"PAN","Panama",2013,-0.4303051,"GOV_WGI_CC.EST"
"PAN","Panama",2012,-0.459727,"GOV_WGI_CC.EST"
"PAN","Panama",2011,-0.3491757,"GOV_WGI_CC.EST"
"PAN","Panama",2010,-0.3415719,"GOV_WGI_CC.EST"
"PNG","Papua New Guinea",2024,-0.7961366,"GOV_WGI_CC.EST"
"PNG","Papua New Guinea",2023,-0.5997415,"GOV_WGI_CC.EST"
"PNG","Papua New Guinea",2022,-0.5869094,"GOV_WGI_CC.EST"
"PNG","Papua New Guinea",2021,-0.6532157,"GOV_WGI_CC.EST"
"PNG","Papua New Guinea",2020,-0.546369,"GOV_WGI_CC.EST"
"PNG","Papua New Guinea",2019,-0.9836249,"GOV_WGI_CC.EST"
"PNG","Papua New Guinea",2018,-0.936426,"GOV_WGI_CC.EST"
"PNG","Papua New Guinea",2017,-0.9917228,"GOV_WGI_CC.EST"
"PNG","Papua New Guinea",2016,-0.9816548,"GOV_WGI_CC.EST"
"PNG","Papua New Guinea",2015,-0.9710622,"GOV_WGI_CC.EST"
"PNG","Papua New Guinea",2014,-0.9718145,"GOV_WGI_CC.EST"
"PNG","Papua New Guinea",2013,-1.0009875,"GOV_WGI_CC.EST"
"PNG","Papua New Guinea",2012,-1.0010642,"GOV_WGI_CC.EST"
"PNG","Papua New Guinea",2011,-0.9742819,"GOV_WGI_CC.EST"
"PNG","Papua New Guinea",2010,-0.9688061,"GOV_WGI_CC.EST"
"PRY","Paraguay",2024,-1.0178501,"GOV_WGI_CC.EST"
"PRY","Paraguay",2023,-1.0038313,"GOV_WGI_CC.EST"
"PRY","Paraguay",2022,-0.9547665,"GOV_WGI_CC.EST"
"PRY","Paraguay",2021,-0.9051655,"GOV_WGI_CC.EST"
"PRY","Paraguay",2020,-0.8117097,"GOV_WGI_CC.EST"
"PRY","Paraguay",2019,-0.8772727,"GOV_WGI_CC.EST"
"PRY","Paraguay",2018,-0.8936508,"GOV_WGI_CC.EST"
"PRY","Paraguay",2017,-0.8295841,"GOV_WGI_CC.EST"
"PRY","Paraguay",2016,-0.8076071,"GOV_WGI_CC.EST"
"PRY","Paraguay",2015,-0.9518817,"GOV_WGI_CC.EST"
"PRY","Paraguay",2014,-0.9767278,"GOV_WGI_CC.EST"
"PRY","Paraguay",2013,-0.9491675,"GOV_WGI_CC.EST"
"PRY","Paraguay",2012,-0.7598483,"GOV_WGI_CC.EST"
"PRY","Paraguay",2011,-0.6733022,"GOV_WGI_CC.EST"
"PRY","Paraguay",2010,-0.7010603,"GOV_WGI_CC.EST"
"PER","Peru",2024,-0.710741,"GOV_WGI_CC.EST"
"PER","Peru",2023,-0.6484931,"GOV_WGI_CC.EST"
"PER","Peru",2022,-0.6429019,"GOV_WGI_CC.EST"
"PER","Peru",2021,-0.5096486,"GOV_WGI_CC.EST"
"PER","Peru",2020,-0.4976861,"GOV_WGI_CC.EST"
"PER","Peru",2019,-0.4900011,"GOV_WGI_CC.EST"
"PER","Peru",2018,-0.5940948,"GOV_WGI_CC.EST"
"PER","Peru",2017,-0.5922357,"GOV_WGI_CC.EST"
"PER","Peru",2016,-0.5072398,"GOV_WGI_CC.EST"
"PER","Peru",2015,-0.5929016,"GOV_WGI_CC.EST"
"PER","Peru",2014,-0.5834392,"GOV_WGI_CC.EST"
"PER","Peru",2013,-0.4010109,"GOV_WGI_CC.EST"
"PER","Peru",2012,-0.3617763,"GOV_WGI_CC.EST"
"PER","Peru",2011,-0.2466337,"GOV_WGI_CC.EST"
"PER","Peru",2010,-0.2603278,"GOV_WGI_CC.EST"
"PHL","Philippines",2024,-0.5773566,"GOV_WGI_CC.EST"
"PHL","Philippines",2023,-0.5581409,"GOV_WGI_CC.EST"
"PHL","Philippines",2022,-0.578725,"GOV_WGI_CC.EST"
"PHL","Philippines",2021,-0.5744967,"GOV_WGI_CC.EST"
"PHL","Philippines",2020,-0.5396915,"GOV_WGI_CC.EST"
"PHL","Philippines",2019,-0.6121335,"GOV_WGI_CC.EST"
"PHL","Philippines",2018,-0.6389145,"GOV_WGI_CC.EST"
"PHL","Philippines",2017,-0.6360859,"GOV_WGI_CC.EST"
"PHL","Philippines",2016,-0.6123016,"GOV_WGI_CC.EST"
"PHL","Philippines",2015,-0.5897933,"GOV_WGI_CC.EST"
"PHL","Philippines",2014,-0.5826519,"GOV_WGI_CC.EST"
"PHL","Philippines",2013,-0.4983497,"GOV_WGI_CC.EST"
"PHL","Philippines",2012,-0.6348466,"GOV_WGI_CC.EST"
"PHL","Philippines",2011,-0.5627266,"GOV_WGI_CC.EST"
"PHL","Philippines",2010,-0.7823692,"GOV_WGI_CC.EST"
"POL","Poland",2024,0.7944766,"GOV_WGI_CC.EST"
"POL","Poland",2023,0.7436184,"GOV_WGI_CC.EST"
"POL","Poland",2022,0.677468,"GOV_WGI_CC.EST"
"POL","Poland",2021,0.6976298,"GOV_WGI_CC.EST"
"POL","Poland",2020,0.7336926,"GOV_WGI_CC.EST"
"POL","Poland",2019,0.7241917,"GOV_WGI_CC.EST"
"POL","Poland",2018,0.7835291,"GOV_WGI_CC.EST"
"POL","Poland",2017,0.8447402,"GOV_WGI_CC.EST"
"POL","Poland",2016,0.888334,"GOV_WGI_CC.EST"
"POL","Poland",2015,0.8535735,"GOV_WGI_CC.EST"
"POL","Poland",2014,0.7903089,"GOV_WGI_CC.EST"
"POL","Poland",2013,0.820416,"GOV_WGI_CC.EST"
"POL","Poland",2012,0.8237924,"GOV_WGI_CC.EST"
"POL","Poland",2011,0.7724308,"GOV_WGI_CC.EST"
"POL","Poland",2010,0.6527947,"GOV_WGI_CC.EST"
"PRT","Portugal",2024,0.8171016,"GOV_WGI_CC.EST"
"PRT","Portugal",2023,0.7341184,"GOV_WGI_CC.EST"
"PRT","Portugal",2022,0.7922842,"GOV_WGI_CC.EST"
"PRT","Portugal",2021,0.824913,"GOV_WGI_CC.EST"
"PRT","Portugal",2020,0.7933446,"GOV_WGI_CC.EST"
"PRT","Portugal",2019,0.802355,"GOV_WGI_CC.EST"
"PRT","Portugal",2018,0.8083907,"GOV_WGI_CC.EST"
"PRT","Portugal",2017,0.8242393,"GOV_WGI_CC.EST"
"PRT","Portugal",2016,0.7131915,"GOV_WGI_CC.EST"
"PRT","Portugal",2015,0.7225008,"GOV_WGI_CC.EST"
"PRT","Portugal",2014,0.6840056,"GOV_WGI_CC.EST"
"PRT","Portugal",2013,0.7341275,"GOV_WGI_CC.EST"
"PRT","Portugal",2012,0.799846,"GOV_WGI_CC.EST"
"PRT","Portugal",2011,0.7963151,"GOV_WGI_CC.EST"
"PRT","Portugal",2010,0.7464446,"GOV_WGI_CC.EST"
"PRI","Puerto Rico (US)",2024,0.3967384,"GOV_WGI_CC.EST"
"PRI","Puerto Rico (US)",2023,0.352189,"GOV_WGI_CC.EST"
"PRI","Puerto Rico (US)",2022,0.4734464,"GOV_WGI_CC.EST"
"PRI","Puerto Rico (US)",2021,0.5022271,"GOV_WGI_CC.EST"
"PRI","Puerto Rico (US)",2020,0.2812362,"GOV_WGI_CC.EST"
"PRI","Puerto Rico (US)",2019,0.2808248,"GOV_WGI_CC.EST"
"PRI","Puerto Rico (US)",2018,0.2390984,"GOV_WGI_CC.EST"
"PRI","Puerto Rico (US)",2017,0.2377799,"GOV_WGI_CC.EST"
"PRI","Puerto Rico (US)",2016,0.249548,"GOV_WGI_CC.EST"
"PRI","Puerto Rico (US)",2015,0.2484627,"GOV_WGI_CC.EST"
"PRI","Puerto Rico (US)",2014,0.4717027,"GOV_WGI_CC.EST"
"PRI","Puerto Rico (US)",2013,0.5221889,"GOV_WGI_CC.EST"
"PRI","Puerto Rico (US)",2012,0.5709307,"GOV_WGI_CC.EST"
"PRI","Puerto Rico (US)",2011,0.5076791,"GOV_WGI_CC.EST"
"PRI","Puerto Rico (US)",2010,0.5545675,"GOV_WGI_CC.EST"
"QAT","Qatar",2024,0.7450876,"GOV_WGI_CC.EST"
"QAT","Qatar",2023,0.7654118,"GOV_WGI_CC.EST"
"QAT","Qatar",2022,0.8191903,"GOV_WGI_CC.EST"
"QAT","Qatar",2021,0.8396645,"GOV_WGI_CC.EST"
"QAT","Qatar",2020,0.873814,"GOV_WGI_CC.EST"
"QAT","Qatar",2019,0.8767337,"GOV_WGI_CC.EST"
"QAT","Qatar",2018,0.7485436,"GOV_WGI_CC.EST"
"QAT","Qatar",2017,0.7442507,"GOV_WGI_CC.EST"
"QAT","Qatar",2016,0.8601522,"GOV_WGI_CC.EST"
"QAT","Qatar",2015,0.8402855,"GOV_WGI_CC.EST"
"QAT","Qatar",2014,0.856831,"GOV_WGI_CC.EST"
"QAT","Qatar",2013,1.1711652,"GOV_WGI_CC.EST"
"QAT","Qatar",2012,1.151551,"GOV_WGI_CC.EST"
"QAT","Qatar",2011,1.1458013,"GOV_WGI_CC.EST"
"QAT","Qatar",2010,1.3411821,"GOV_WGI_CC.EST"
"ROU","Romania",2024,-0.0007575,"GOV_WGI_CC.EST"
"ROU","Romania",2023,0.08069,"GOV_WGI_CC.EST"
"ROU","Romania",2022,0.0736519,"GOV_WGI_CC.EST"
"ROU","Romania",2021,0.0195541,"GOV_WGI_CC.EST"
"ROU","Romania",2020,-0.1311528,"GOV_WGI_CC.EST"
"ROU","Romania",2019,-0.1186712,"GOV_WGI_CC.EST"
"ROU","Romania",2018,-0.1669954,"GOV_WGI_CC.EST"
"ROU","Romania",2017,-0.0534773,"GOV_WGI_CC.EST"
"ROU","Romania",2016,-0.0762059,"GOV_WGI_CC.EST"
"ROU","Romania",2015,-0.1045537,"GOV_WGI_CC.EST"
"ROU","Romania",2014,-0.2363106,"GOV_WGI_CC.EST"
"ROU","Romania",2013,-0.2744415,"GOV_WGI_CC.EST"
"ROU","Romania",2012,-0.3531029,"GOV_WGI_CC.EST"
"ROU","Romania",2011,-0.173623,"GOV_WGI_CC.EST"
"ROU","Romania",2010,-0.2885324,"GOV_WGI_CC.EST"
"RUS","Russian Federation",2024,-0.8993239,"GOV_WGI_CC.EST"
"RUS","Russian Federation",2023,-0.8959548,"GOV_WGI_CC.EST"
"RUS","Russian Federation",2022,-0.7812284,"GOV_WGI_CC.EST"
"RUS","Russian Federation",2021,-0.7861165,"GOV_WGI_CC.EST"
"RUS","Russian Federation",2020,-0.7821594,"GOV_WGI_CC.EST"
"RUS","Russian Federation",2019,-0.7769277,"GOV_WGI_CC.EST"
"RUS","Russian Federation",2018,-0.8906622,"GOV_WGI_CC.EST"
"RUS","Russian Federation",2017,-0.9349413,"GOV_WGI_CC.EST"
"RUS","Russian Federation",2016,-0.8476934,"GOV_WGI_CC.EST"
"RUS","Russian Federation",2015,-0.9350274,"GOV_WGI_CC.EST"
"RUS","Russian Federation",2014,-0.9083455,"GOV_WGI_CC.EST"
"RUS","Russian Federation",2013,-0.9956871,"GOV_WGI_CC.EST"
"RUS","Russian Federation",2012,-1.0332772,"GOV_WGI_CC.EST"
"RUS","Russian Federation",2011,-0.9064545,"GOV_WGI_CC.EST"
"RUS","Russian Federation",2010,-1.0738219,"GOV_WGI_CC.EST"
"RWA","Rwanda",2024,0.6172666,"GOV_WGI_CC.EST"
"RWA","Rwanda",2023,0.6796208,"GOV_WGI_CC.EST"
"RWA","Rwanda",2022,0.5272961,"GOV_WGI_CC.EST"
"RWA","Rwanda",2021,0.4698012,"GOV_WGI_CC.EST"
"RWA","Rwanda",2020,0.5118582,"GOV_WGI_CC.EST"
"RWA","Rwanda",2019,0.450467,"GOV_WGI_CC.EST"
"RWA","Rwanda",2018,0.4346348,"GOV_WGI_CC.EST"
"RWA","Rwanda",2017,0.5040962,"GOV_WGI_CC.EST"
"RWA","Rwanda",2016,0.5779817,"GOV_WGI_CC.EST"
"RWA","Rwanda",2015,0.4972822,"GOV_WGI_CC.EST"
"RWA","Rwanda",2014,0.4870655,"GOV_WGI_CC.EST"
"RWA","Rwanda",2013,0.4254686,"GOV_WGI_CC.EST"
"RWA","Rwanda",2012,0.4241158,"GOV_WGI_CC.EST"
"RWA","Rwanda",2011,0.2928192,"GOV_WGI_CC.EST"
"RWA","Rwanda",2010,0.2769702,"GOV_WGI_CC.EST"
"WSM","Samoa",2024,0.6580016,"GOV_WGI_CC.EST"
"WSM","Samoa",2023,0.8257863,"GOV_WGI_CC.EST"
"WSM","Samoa",2022,0.7655011,"GOV_WGI_CC.EST"
"WSM","Samoa",2021,0.7708858,"GOV_WGI_CC.EST"
"WSM","Samoa",2020,0.8119473,"GOV_WGI_CC.EST"
"WSM","Samoa",2019,0.6226817,"GOV_WGI_CC.EST"
"WSM","Samoa",2018,0.6190721,"GOV_WGI_CC.EST"
"WSM","Samoa",2017,0.6164495,"GOV_WGI_CC.EST"
"WSM","Samoa",2016,0.191544,"GOV_WGI_CC.EST"
"WSM","Samoa",2015,0.1810844,"GOV_WGI_CC.EST"
"WSM","Samoa",2014,0.1788639,"GOV_WGI_CC.EST"
"WSM","Samoa",2013,0.1813391,"GOV_WGI_CC.EST"
"WSM","Samoa",2012,0.1811127,"GOV_WGI_CC.EST"
"WSM","Samoa",2011,0.1839284,"GOV_WGI_CC.EST"
"WSM","Samoa",2010,0.1852612,"GOV_WGI_CC.EST"
"SMR","San Marino",2024,1.1795348,"GOV_WGI_CC.EST"
"SMR","San Marino",2023,1.175974,"GOV_WGI_CC.EST"
"SMR","San Marino",2022,1.1745578,"GOV_WGI_CC.EST"
"SMR","San Marino",2021,1.1826246,"GOV_WGI_CC.EST"
"SMR","San Marino",2020,1.1807063,"GOV_WGI_CC.EST"
"SMR","San Marino",2019,1.1795403,"GOV_WGI_CC.EST"
"SMR","San Marino",2018,1.1742552,"GOV_WGI_CC.EST"
"SMR","San Marino",2017,1.1704152,"GOV_WGI_CC.EST"
"SMR","San Marino",2016,1.1726624,"GOV_WGI_CC.EST"
"SMR","San Marino",2015,1.1695013,"GOV_WGI_CC.EST"
"SMR","San Marino",2014,NA,"GOV_WGI_CC.EST"
"SMR","San Marino",2013,NA,"GOV_WGI_CC.EST"
"SMR","San Marino",2012,NA,"GOV_WGI_CC.EST"
"SMR","San Marino",2011,NA,"GOV_WGI_CC.EST"
"SMR","San Marino",2010,NA,"GOV_WGI_CC.EST"
"STP","Sao Tome and Principe",2024,0.1080246,"GOV_WGI_CC.EST"
"STP","Sao Tome and Principe",2023,0.0983272,"GOV_WGI_CC.EST"
"STP","Sao Tome and Principe",2022,0.1211443,"GOV_WGI_CC.EST"
"STP","Sao Tome and Principe",2021,0.1479638,"GOV_WGI_CC.EST"
"STP","Sao Tome and Principe",2020,0.0745215,"GOV_WGI_CC.EST"
"STP","Sao Tome and Principe",2019,0.1627276,"GOV_WGI_CC.EST"
"STP","Sao Tome and Principe",2018,0.1429225,"GOV_WGI_CC.EST"
"STP","Sao Tome and Principe",2017,0.0655423,"GOV_WGI_CC.EST"
"STP","Sao Tome and Principe",2016,-0.0929812,"GOV_WGI_CC.EST"
"STP","Sao Tome and Principe",2015,-0.0568103,"GOV_WGI_CC.EST"
"STP","Sao Tome and Principe",2014,-0.0799232,"GOV_WGI_CC.EST"
"STP","Sao Tome and Principe",2013,-0.1922076,"GOV_WGI_CC.EST"
"STP","Sao Tome and Principe",2012,-0.1578619,"GOV_WGI_CC.EST"
"STP","Sao Tome and Principe",2011,-0.1566694,"GOV_WGI_CC.EST"
"STP","Sao Tome and Principe",2010,-0.2241048,"GOV_WGI_CC.EST"
"SAU","Saudi Arabia",2024,0.7475804,"GOV_WGI_CC.EST"
"SAU","Saudi Arabia",2023,0.4697294,"GOV_WGI_CC.EST"
"SAU","Saudi Arabia",2022,0.3013417,"GOV_WGI_CC.EST"
"SAU","Saudi Arabia",2021,0.2311585,"GOV_WGI_CC.EST"
"SAU","Saudi Arabia",2020,0.31569,"GOV_WGI_CC.EST"
"SAU","Saudi Arabia",2019,0.2066026,"GOV_WGI_CC.EST"
"SAU","Saudi Arabia",2018,0.1494341,"GOV_WGI_CC.EST"
"SAU","Saudi Arabia",2017,0.1041828,"GOV_WGI_CC.EST"
"SAU","Saudi Arabia",2016,0.1140279,"GOV_WGI_CC.EST"
"SAU","Saudi Arabia",2015,-0.1440797,"GOV_WGI_CC.EST"
"SAU","Saudi Arabia",2014,-0.1777259,"GOV_WGI_CC.EST"
"SAU","Saudi Arabia",2013,-0.1026,"GOV_WGI_CC.EST"
"SAU","Saudi Arabia",2012,-0.1204938,"GOV_WGI_CC.EST"
"SAU","Saudi Arabia",2011,-0.2156545,"GOV_WGI_CC.EST"
"SAU","Saudi Arabia",2010,-0.1240335,"GOV_WGI_CC.EST"
"SEN","Senegal",2024,0.1263668,"GOV_WGI_CC.EST"
"SEN","Senegal",2023,0.0456548,"GOV_WGI_CC.EST"
"SEN","Senegal",2022,0.0166694,"GOV_WGI_CC.EST"
"SEN","Senegal",2021,0.0380367,"GOV_WGI_CC.EST"
"SEN","Senegal",2020,-0.0154181,"GOV_WGI_CC.EST"
"SEN","Senegal",2019,0.0149024,"GOV_WGI_CC.EST"
"SEN","Senegal",2018,0.0162908,"GOV_WGI_CC.EST"
"SEN","Senegal",2017,-0.029002,"GOV_WGI_CC.EST"
"SEN","Senegal",2016,0.0269466,"GOV_WGI_CC.EST"
"SEN","Senegal",2015,0.0762023,"GOV_WGI_CC.EST"
"SEN","Senegal",2014,0.0603445,"GOV_WGI_CC.EST"
"SEN","Senegal",2013,-0.2242482,"GOV_WGI_CC.EST"
"SEN","Senegal",2012,-0.2646799,"GOV_WGI_CC.EST"
"SEN","Senegal",2011,-0.4143394,"GOV_WGI_CC.EST"
"SEN","Senegal",2010,-0.5475886,"GOV_WGI_CC.EST"
"SRB","Serbia",2024,-0.5554987,"GOV_WGI_CC.EST"
"SRB","Serbia",2023,-0.4997947,"GOV_WGI_CC.EST"
"SRB","Serbia",2022,-0.4884475,"GOV_WGI_CC.EST"
"SRB","Serbia",2021,-0.4734606,"GOV_WGI_CC.EST"
"SRB","Serbia",2020,-0.3707807,"GOV_WGI_CC.EST"
"SRB","Serbia",2019,-0.3661102,"GOV_WGI_CC.EST"
"SRB","Serbia",2018,-0.3886174,"GOV_WGI_CC.EST"
"SRB","Serbia",2017,-0.4365539,"GOV_WGI_CC.EST"
"SRB","Serbia",2016,-0.3788439,"GOV_WGI_CC.EST"
"SRB","Serbia",2015,-0.3508977,"GOV_WGI_CC.EST"
"SRB","Serbia",2014,-0.2471308,"GOV_WGI_CC.EST"
"SRB","Serbia",2013,-0.3613571,"GOV_WGI_CC.EST"
"SRB","Serbia",2012,-0.3888736,"GOV_WGI_CC.EST"
"SRB","Serbia",2011,-0.3282249,"GOV_WGI_CC.EST"
"SRB","Serbia",2010,-0.3622833,"GOV_WGI_CC.EST"
"SYC","Seychelles",2024,1.2314952,"GOV_WGI_CC.EST"
"SYC","Seychelles",2023,1.1521283,"GOV_WGI_CC.EST"
"SYC","Seychelles",2022,1.1698744,"GOV_WGI_CC.EST"
"SYC","Seychelles",2021,1.1457136,"GOV_WGI_CC.EST"
"SYC","Seychelles",2020,1.1452149,"GOV_WGI_CC.EST"
"SYC","Seychelles",2019,1.0728688,"GOV_WGI_CC.EST"
"SYC","Seychelles",2018,0.8172409,"GOV_WGI_CC.EST"
"SYC","Seychelles",2017,0.7244521,"GOV_WGI_CC.EST"
"SYC","Seychelles",2016,0.9094814,"GOV_WGI_CC.EST"
"SYC","Seychelles",2015,0.9220659,"GOV_WGI_CC.EST"
"SYC","Seychelles",2014,0.4723728,"GOV_WGI_CC.EST"
"SYC","Seychelles",2013,0.4161468,"GOV_WGI_CC.EST"
"SYC","Seychelles",2012,0.4108999,"GOV_WGI_CC.EST"
"SYC","Seychelles",2011,0.44081,"GOV_WGI_CC.EST"
"SYC","Seychelles",2010,0.4415269,"GOV_WGI_CC.EST"
"SLE","Sierra Leone",2024,-0.6923415,"GOV_WGI_CC.EST"
"SLE","Sierra Leone",2023,-0.5590472,"GOV_WGI_CC.EST"
"SLE","Sierra Leone",2022,-0.5485936,"GOV_WGI_CC.EST"
"SLE","Sierra Leone",2021,-0.4882274,"GOV_WGI_CC.EST"
"SLE","Sierra Leone",2020,-0.4829242,"GOV_WGI_CC.EST"
"SLE","Sierra Leone",2019,-0.5000519,"GOV_WGI_CC.EST"
"SLE","Sierra Leone",2018,-0.5355181,"GOV_WGI_CC.EST"
"SLE","Sierra Leone",2017,-0.7211095,"GOV_WGI_CC.EST"
"SLE","Sierra Leone",2016,-0.8346345,"GOV_WGI_CC.EST"
"SLE","Sierra Leone",2015,-0.8063803,"GOV_WGI_CC.EST"
"SLE","Sierra Leone",2014,-0.8685675,"GOV_WGI_CC.EST"
"SLE","Sierra Leone",2013,-0.826782,"GOV_WGI_CC.EST"
"SLE","Sierra Leone",2012,-0.7640209,"GOV_WGI_CC.EST"
"SLE","Sierra Leone",2011,-0.6260665,"GOV_WGI_CC.EST"
"SLE","Sierra Leone",2010,-0.630182,"GOV_WGI_CC.EST"
"SGP","Singapore",2024,1.9699986,"GOV_WGI_CC.EST"
"SGP","Singapore",2023,1.9204264,"GOV_WGI_CC.EST"
"SGP","Singapore",2022,2.0355991,"GOV_WGI_CC.EST"
"SGP","Singapore",2021,2.0828348,"GOV_WGI_CC.EST"
"SGP","Singapore",2020,2.1289105,"GOV_WGI_CC.EST"
"SGP","Singapore",2019,2.1195067,"GOV_WGI_CC.EST"
"SGP","Singapore",2018,2.1269883,"GOV_WGI_CC.EST"
"SGP","Singapore",2017,2.1139715,"GOV_WGI_CC.EST"
"SGP","Singapore",2016,2.1054938,"GOV_WGI_CC.EST"
"SGP","Singapore",2015,2.0813877,"GOV_WGI_CC.EST"
"SGP","Singapore",2014,2.0578527,"GOV_WGI_CC.EST"
"SGP","Singapore",2013,2.0552348,"GOV_WGI_CC.EST"
"SGP","Singapore",2012,2.0886563,"GOV_WGI_CC.EST"
"SGP","Singapore",2011,2.0735921,"GOV_WGI_CC.EST"
"SGP","Singapore",2010,2.073436,"GOV_WGI_CC.EST"
"SVK","Slovak Republic",2024,0.0968239,"GOV_WGI_CC.EST"
"SVK","Slovak Republic",2023,0.3530811,"GOV_WGI_CC.EST"
"SVK","Slovak Republic",2022,0.3788672,"GOV_WGI_CC.EST"
"SVK","Slovak Republic",2021,0.3602428,"GOV_WGI_CC.EST"
"SVK","Slovak Republic",2020,0.337027,"GOV_WGI_CC.EST"
"SVK","Slovak Republic",2019,0.2486161,"GOV_WGI_CC.EST"
"SVK","Slovak Republic",2018,0.2620916,"GOV_WGI_CC.EST"
"SVK","Slovak Republic",2017,0.2079312,"GOV_WGI_CC.EST"
"SVK","Slovak Republic",2016,0.2649929,"GOV_WGI_CC.EST"
"SVK","Slovak Republic",2015,0.1748453,"GOV_WGI_CC.EST"
"SVK","Slovak Republic",2014,0.1685363,"GOV_WGI_CC.EST"
"SVK","Slovak Republic",2013,0.1579022,"GOV_WGI_CC.EST"
"SVK","Slovak Republic",2012,0.1836187,"GOV_WGI_CC.EST"
"SVK","Slovak Republic",2011,0.2326861,"GOV_WGI_CC.EST"
"SVK","Slovak Republic",2010,0.2327568,"GOV_WGI_CC.EST"
"SVN","Slovenia",2024,0.6676462,"GOV_WGI_CC.EST"
"SVN","Slovenia",2023,0.7478285,"GOV_WGI_CC.EST"
"SVN","Slovenia",2022,0.7633346,"GOV_WGI_CC.EST"
"SVN","Slovenia",2021,0.7147282,"GOV_WGI_CC.EST"
"SVN","Slovenia",2020,0.7089589,"GOV_WGI_CC.EST"
"SVN","Slovenia",2019,0.8516506,"GOV_WGI_CC.EST"
"SVN","Slovenia",2018,0.8209671,"GOV_WGI_CC.EST"
"SVN","Slovenia",2017,0.7824621,"GOV_WGI_CC.EST"
"SVN","Slovenia",2016,0.7494562,"GOV_WGI_CC.EST"
"SVN","Slovenia",2015,0.6434139,"GOV_WGI_CC.EST"
"SVN","Slovenia",2014,0.5895204,"GOV_WGI_CC.EST"
"SVN","Slovenia",2013,0.6106967,"GOV_WGI_CC.EST"
"SVN","Slovenia",2012,0.6924923,"GOV_WGI_CC.EST"
"SVN","Slovenia",2011,0.7102904,"GOV_WGI_CC.EST"
"SVN","Slovenia",2010,0.7387164,"GOV_WGI_CC.EST"
"SLB","Solomon Islands",2024,-0.1388173,"GOV_WGI_CC.EST"
"SLB","Solomon Islands",2023,-0.1755887,"GOV_WGI_CC.EST"
"SLB","Solomon Islands",2022,-0.1761754,"GOV_WGI_CC.EST"
"SLB","Solomon Islands",2021,-0.1728335,"GOV_WGI_CC.EST"
"SLB","Solomon Islands",2020,-0.0273306,"GOV_WGI_CC.EST"
"SLB","Solomon Islands",2019,-0.0009982,"GOV_WGI_CC.EST"
"SLB","Solomon Islands",2018,-0.1476845,"GOV_WGI_CC.EST"
"SLB","Solomon Islands",2017,-0.149298,"GOV_WGI_CC.EST"
"SLB","Solomon Islands",2016,-0.4083943,"GOV_WGI_CC.EST"
"SLB","Solomon Islands",2015,-0.3986108,"GOV_WGI_CC.EST"
"SLB","Solomon Islands",2014,-0.3972065,"GOV_WGI_CC.EST"
"SLB","Solomon Islands",2013,-0.4024587,"GOV_WGI_CC.EST"
"SLB","Solomon Islands",2012,-0.3985902,"GOV_WGI_CC.EST"
"SLB","Solomon Islands",2011,-0.4249393,"GOV_WGI_CC.EST"
"SLB","Solomon Islands",2010,-0.4088393,"GOV_WGI_CC.EST"
"SOM","Somalia, Fed. Rep.",2024,-1.7858509,"GOV_WGI_CC.EST"
"SOM","Somalia, Fed. Rep.",2023,-1.6182971,"GOV_WGI_CC.EST"
"SOM","Somalia, Fed. Rep.",2022,-1.6008262,"GOV_WGI_CC.EST"
"SOM","Somalia, Fed. Rep.",2021,-1.6038474,"GOV_WGI_CC.EST"
"SOM","Somalia, Fed. Rep.",2020,-1.5508035,"GOV_WGI_CC.EST"
"SOM","Somalia, Fed. Rep.",2019,-1.6361012,"GOV_WGI_CC.EST"
"SOM","Somalia, Fed. Rep.",2018,-1.8075888,"GOV_WGI_CC.EST"
"SOM","Somalia, Fed. Rep.",2017,-1.7240273,"GOV_WGI_CC.EST"
"SOM","Somalia, Fed. Rep.",2016,-1.7388728,"GOV_WGI_CC.EST"
"SOM","Somalia, Fed. Rep.",2015,-1.7335954,"GOV_WGI_CC.EST"
"SOM","Somalia, Fed. Rep.",2014,-1.7438729,"GOV_WGI_CC.EST"
"SOM","Somalia, Fed. Rep.",2013,-1.6498656,"GOV_WGI_CC.EST"
"SOM","Somalia, Fed. Rep.",2012,-1.6534208,"GOV_WGI_CC.EST"
"SOM","Somalia, Fed. Rep.",2011,-1.6660647,"GOV_WGI_CC.EST"
"SOM","Somalia, Fed. Rep.",2010,-1.6893334,"GOV_WGI_CC.EST"
"ZAF","South Africa",2024,-0.1632967,"GOV_WGI_CC.EST"
"ZAF","South Africa",2023,-0.1842437,"GOV_WGI_CC.EST"
"ZAF","South Africa",2022,-0.1493557,"GOV_WGI_CC.EST"
"ZAF","South Africa",2021,0.0753075,"GOV_WGI_CC.EST"
"ZAF","South Africa",2020,0.0428832,"GOV_WGI_CC.EST"
"ZAF","South Africa",2019,0.0522945,"GOV_WGI_CC.EST"
"ZAF","South Africa",2018,-0.0408398,"GOV_WGI_CC.EST"
"ZAF","South Africa",2017,-0.063436,"GOV_WGI_CC.EST"
"ZAF","South Africa",2016,0.0429536,"GOV_WGI_CC.EST"
"ZAF","South Africa",2015,0.0235218,"GOV_WGI_CC.EST"
"ZAF","South Africa",2014,-0.0108736,"GOV_WGI_CC.EST"
"ZAF","South Africa",2013,-0.0303743,"GOV_WGI_CC.EST"
"ZAF","South Africa",2012,-0.0401074,"GOV_WGI_CC.EST"
"ZAF","South Africa",2011,0.1213888,"GOV_WGI_CC.EST"
"ZAF","South Africa",2010,0.1133099,"GOV_WGI_CC.EST"
"SSD","South Sudan",2024,-2.0559272,"GOV_WGI_CC.EST"
"SSD","South Sudan",2023,-1.8724899,"GOV_WGI_CC.EST"
"SSD","South Sudan",2022,-1.8573218,"GOV_WGI_CC.EST"
"SSD","South Sudan",2021,-1.8179758,"GOV_WGI_CC.EST"
"SSD","South Sudan",2020,-1.8033368,"GOV_WGI_CC.EST"
"SSD","South Sudan",2019,-1.882545,"GOV_WGI_CC.EST"
"SSD","South Sudan",2018,-1.8265489,"GOV_WGI_CC.EST"
"SSD","South Sudan",2017,-1.7524159,"GOV_WGI_CC.EST"
"SSD","South Sudan",2016,-1.7883306,"GOV_WGI_CC.EST"
"SSD","South Sudan",2015,-1.7670754,"GOV_WGI_CC.EST"
"SSD","South Sudan",2014,-1.7143256,"GOV_WGI_CC.EST"
"SSD","South Sudan",2013,-1.4201325,"GOV_WGI_CC.EST"
"SSD","South Sudan",2012,-1.3388424,"GOV_WGI_CC.EST"
"SSD","South Sudan",2011,-1.236088,"GOV_WGI_CC.EST"
"SSD","South Sudan",2010,-0.2157375,"GOV_WGI_CC.EST"
"ESP","Spain",2024,0.7240891,"GOV_WGI_CC.EST"
"ESP","Spain",2023,0.7449752,"GOV_WGI_CC.EST"
"ESP","Spain",2022,0.7957695,"GOV_WGI_CC.EST"
"ESP","Spain",2021,0.8257928,"GOV_WGI_CC.EST"
"ESP","Spain",2020,0.7811702,"GOV_WGI_CC.EST"
"ESP","Spain",2019,0.8269806,"GOV_WGI_CC.EST"
"ESP","Spain",2018,0.7542674,"GOV_WGI_CC.EST"
"ESP","Spain",2017,0.6058316,"GOV_WGI_CC.EST"
"ESP","Spain",2016,0.6344427,"GOV_WGI_CC.EST"
"ESP","Spain",2015,0.6008644,"GOV_WGI_CC.EST"
"ESP","Spain",2014,0.608823,"GOV_WGI_CC.EST"
"ESP","Spain",2013,0.7936766,"GOV_WGI_CC.EST"
"ESP","Spain",2012,1.1161191,"GOV_WGI_CC.EST"
"ESP","Spain",2011,1.1272705,"GOV_WGI_CC.EST"
"ESP","Spain",2010,1.0488037,"GOV_WGI_CC.EST"
"LKA","Sri Lanka",2024,-0.3930645,"GOV_WGI_CC.EST"
"LKA","Sri Lanka",2023,-0.3838115,"GOV_WGI_CC.EST"
"LKA","Sri Lanka",2022,-0.3538376,"GOV_WGI_CC.EST"
"LKA","Sri Lanka",2021,-0.3366325,"GOV_WGI_CC.EST"
"LKA","Sri Lanka",2020,-0.2770558,"GOV_WGI_CC.EST"
"LKA","Sri Lanka",2019,-0.1647281,"GOV_WGI_CC.EST"
"LKA","Sri Lanka",2018,-0.205123,"GOV_WGI_CC.EST"
"LKA","Sri Lanka",2017,-0.3072083,"GOV_WGI_CC.EST"
"LKA","Sri Lanka",2016,-0.2510184,"GOV_WGI_CC.EST"
"LKA","Sri Lanka",2015,-0.3410786,"GOV_WGI_CC.EST"
"LKA","Sri Lanka",2014,-0.4563367,"GOV_WGI_CC.EST"
"LKA","Sri Lanka",2013,-0.3127763,"GOV_WGI_CC.EST"
"LKA","Sri Lanka",2012,-0.3096357,"GOV_WGI_CC.EST"
"LKA","Sri Lanka",2011,-0.2468095,"GOV_WGI_CC.EST"
"LKA","Sri Lanka",2010,-0.2601128,"GOV_WGI_CC.EST"
"KNA","St. Kitts and Nevis",2024,0.354341,"GOV_WGI_CC.EST"
"KNA","St. Kitts and Nevis",2023,0.3579935,"GOV_WGI_CC.EST"
"KNA","St. Kitts and Nevis",2022,0.3149524,"GOV_WGI_CC.EST"
"KNA","St. Kitts and Nevis",2021,0.3591512,"GOV_WGI_CC.EST"
"KNA","St. Kitts and Nevis",2020,0.3298789,"GOV_WGI_CC.EST"
"KNA","St. Kitts and Nevis",2019,0.3293984,"GOV_WGI_CC.EST"
"KNA","St. Kitts and Nevis",2018,0.4087754,"GOV_WGI_CC.EST"
"KNA","St. Kitts and Nevis",2017,0.4719116,"GOV_WGI_CC.EST"
"KNA","St. Kitts and Nevis",2016,0.4361497,"GOV_WGI_CC.EST"
"KNA","St. Kitts and Nevis",2015,0.4348471,"GOV_WGI_CC.EST"
"KNA","St. Kitts and Nevis",2014,-0.0831866,"GOV_WGI_CC.EST"
"KNA","St. Kitts and Nevis",2013,1.3260472,"GOV_WGI_CC.EST"
"KNA","St. Kitts and Nevis",2012,1.3256481,"GOV_WGI_CC.EST"
"KNA","St. Kitts and Nevis",2011,1.33061,"GOV_WGI_CC.EST"
"KNA","St. Kitts and Nevis",2010,1.3329587,"GOV_WGI_CC.EST"
"LCA","St. Lucia",2024,0.4533632,"GOV_WGI_CC.EST"
"LCA","St. Lucia",2023,0.3814736,"GOV_WGI_CC.EST"
"LCA","St. Lucia",2022,0.374067,"GOV_WGI_CC.EST"
"LCA","St. Lucia",2021,0.375332,"GOV_WGI_CC.EST"
"LCA","St. Lucia",2020,0.3819779,"GOV_WGI_CC.EST"
"LCA","St. Lucia",2019,0.4779077,"GOV_WGI_CC.EST"
"LCA","St. Lucia",2018,0.456961,"GOV_WGI_CC.EST"
"LCA","St. Lucia",2017,0.5052126,"GOV_WGI_CC.EST"
"LCA","St. Lucia",2016,0.5748277,"GOV_WGI_CC.EST"
"LCA","St. Lucia",2015,0.5738282,"GOV_WGI_CC.EST"
"LCA","St. Lucia",2014,0.3523613,"GOV_WGI_CC.EST"
"LCA","St. Lucia",2013,1.1642622,"GOV_WGI_CC.EST"
"LCA","St. Lucia",2012,1.1640322,"GOV_WGI_CC.EST"
"LCA","St. Lucia",2011,1.344689,"GOV_WGI_CC.EST"
"LCA","St. Lucia",2010,1.3463226,"GOV_WGI_CC.EST"
"VCT","St. Vincent and the Grenadines",2024,0.707262,"GOV_WGI_CC.EST"
"VCT","St. Vincent and the Grenadines",2023,0.7133041,"GOV_WGI_CC.EST"
"VCT","St. Vincent and the Grenadines",2022,0.7248781,"GOV_WGI_CC.EST"
"VCT","St. Vincent and the Grenadines",2021,0.7431566,"GOV_WGI_CC.EST"
"VCT","St. Vincent and the Grenadines",2020,0.7621828,"GOV_WGI_CC.EST"
"VCT","St. Vincent and the Grenadines",2019,0.7617757,"GOV_WGI_CC.EST"
"VCT","St. Vincent and the Grenadines",2018,0.7547054,"GOV_WGI_CC.EST"
"VCT","St. Vincent and the Grenadines",2017,0.7033462,"GOV_WGI_CC.EST"
"VCT","St. Vincent and the Grenadines",2016,0.6791156,"GOV_WGI_CC.EST"
"VCT","St. Vincent and the Grenadines",2015,0.6780121,"GOV_WGI_CC.EST"
"VCT","St. Vincent and the Grenadines",2014,0.603675,"GOV_WGI_CC.EST"
"VCT","St. Vincent and the Grenadines",2013,1.1495753,"GOV_WGI_CC.EST"
"VCT","St. Vincent and the Grenadines",2012,1.1492977,"GOV_WGI_CC.EST"
"VCT","St. Vincent and the Grenadines",2011,1.152749,"GOV_WGI_CC.EST"
"VCT","St. Vincent and the Grenadines",2010,1.1543826,"GOV_WGI_CC.EST"
"SDN","Sudan",2024,-1.5614972,"GOV_WGI_CC.EST"
"SDN","Sudan",2023,-1.4546253,"GOV_WGI_CC.EST"
"SDN","Sudan",2022,-1.4501624,"GOV_WGI_CC.EST"
"SDN","Sudan",2021,-1.2975702,"GOV_WGI_CC.EST"
"SDN","Sudan",2020,-1.4101872,"GOV_WGI_CC.EST"
"SDN","Sudan",2019,-1.4992036,"GOV_WGI_CC.EST"
"SDN","Sudan",2018,-1.5300189,"GOV_WGI_CC.EST"
"SDN","Sudan",2017,-1.4880349,"GOV_WGI_CC.EST"
"SDN","Sudan",2016,-1.4923567,"GOV_WGI_CC.EST"
"SDN","Sudan",2015,-1.4920712,"GOV_WGI_CC.EST"
"SDN","Sudan",2014,-1.5085107,"GOV_WGI_CC.EST"
"SDN","Sudan",2013,-1.5309647,"GOV_WGI_CC.EST"
"SDN","Sudan",2012,-1.5718298,"GOV_WGI_CC.EST"
"SDN","Sudan",2011,-1.4653904,"GOV_WGI_CC.EST"
"SDN","Sudan",2010,-1.4767397,"GOV_WGI_CC.EST"
"SUR","Suriname",2024,-0.3739733,"GOV_WGI_CC.EST"
"SUR","Suriname",2023,-0.3270609,"GOV_WGI_CC.EST"
"SUR","Suriname",2022,-0.3079643,"GOV_WGI_CC.EST"
"SUR","Suriname",2021,-0.309193,"GOV_WGI_CC.EST"
"SUR","Suriname",2020,-0.3010648,"GOV_WGI_CC.EST"
"SUR","Suriname",2019,-0.2800895,"GOV_WGI_CC.EST"
"SUR","Suriname",2018,-0.28612,"GOV_WGI_CC.EST"
"SUR","Suriname",2017,-0.1920386,"GOV_WGI_CC.EST"
"SUR","Suriname",2016,-0.1779835,"GOV_WGI_CC.EST"
"SUR","Suriname",2015,-0.200742,"GOV_WGI_CC.EST"
"SUR","Suriname",2014,-0.323035,"GOV_WGI_CC.EST"
"SUR","Suriname",2013,-0.1635897,"GOV_WGI_CC.EST"
"SUR","Suriname",2012,-0.1404834,"GOV_WGI_CC.EST"
"SUR","Suriname",2011,-0.1496592,"GOV_WGI_CC.EST"
"SUR","Suriname",2010,-0.1637337,"GOV_WGI_CC.EST"
"SWE","Sweden",2024,1.9508588,"GOV_WGI_CC.EST"
"SWE","Sweden",2023,1.988578,"GOV_WGI_CC.EST"
"SWE","Sweden",2022,2.03287,"GOV_WGI_CC.EST"
"SWE","Sweden",2021,2.0962255,"GOV_WGI_CC.EST"
"SWE","Sweden",2020,2.143466,"GOV_WGI_CC.EST"
"SWE","Sweden",2019,2.1341677,"GOV_WGI_CC.EST"
"SWE","Sweden",2018,2.1212909,"GOV_WGI_CC.EST"
"SWE","Sweden",2017,2.1151145,"GOV_WGI_CC.EST"
"SWE","Sweden",2016,2.1025188,"GOV_WGI_CC.EST"
"SWE","Sweden",2015,2.0914863,"GOV_WGI_CC.EST"
"SWE","Sweden",2014,2.0064433,"GOV_WGI_CC.EST"
"SWE","Sweden",2013,2.0727952,"GOV_WGI_CC.EST"
"SWE","Sweden",2012,2.1716581,"GOV_WGI_CC.EST"
"SWE","Sweden",2011,2.1250353,"GOV_WGI_CC.EST"
"SWE","Sweden",2010,2.1326664,"GOV_WGI_CC.EST"
"CHE","Switzerland",2024,2.040987,"GOV_WGI_CC.EST"
"CHE","Switzerland",2023,2.1032647,"GOV_WGI_CC.EST"
"CHE","Switzerland",2022,2.0959004,"GOV_WGI_CC.EST"
"CHE","Switzerland",2021,2.1079472,"GOV_WGI_CC.EST"
"CHE","Switzerland",2020,2.2883053,"GOV_WGI_CC.EST"
"CHE","Switzerland",2019,2.3021609,"GOV_WGI_CC.EST"
"CHE","Switzerland",2018,2.2949914,"GOV_WGI_CC.EST"
"CHE","Switzerland",2017,2.3038689,"GOV_WGI_CC.EST"
"CHE","Switzerland",2016,2.2844362,"GOV_WGI_CC.EST"
"CHE","Switzerland",2015,2.2712715,"GOV_WGI_CC.EST"
"CHE","Switzerland",2014,2.2615266,"GOV_WGI_CC.EST"
"CHE","Switzerland",2013,2.1301469,"GOV_WGI_CC.EST"
"CHE","Switzerland",2012,2.1653422,"GOV_WGI_CC.EST"
"CHE","Switzerland",2011,2.0889317,"GOV_WGI_CC.EST"
"CHE","Switzerland",2010,2.0650765,"GOV_WGI_CC.EST"
"SYR","Syrian Arab Republic",2024,-1.7009817,"GOV_WGI_CC.EST"
"SYR","Syrian Arab Republic",2023,-1.7819634,"GOV_WGI_CC.EST"
"SYR","Syrian Arab Republic",2022,-1.7936512,"GOV_WGI_CC.EST"
"SYR","Syrian Arab Republic",2021,-1.7903833,"GOV_WGI_CC.EST"
"SYR","Syrian Arab Republic",2020,-1.6899505,"GOV_WGI_CC.EST"
"SYR","Syrian Arab Republic",2019,-1.6582363,"GOV_WGI_CC.EST"
"SYR","Syrian Arab Republic",2018,-1.5913364,"GOV_WGI_CC.EST"
"SYR","Syrian Arab Republic",2017,-1.5921395,"GOV_WGI_CC.EST"
"SYR","Syrian Arab Republic",2016,-1.5916695,"GOV_WGI_CC.EST"
"SYR","Syrian Arab Republic",2015,-1.5344512,"GOV_WGI_CC.EST"
"SYR","Syrian Arab Republic",2014,-1.5343093,"GOV_WGI_CC.EST"
"SYR","Syrian Arab Republic",2013,-1.211806,"GOV_WGI_CC.EST"
"SYR","Syrian Arab Republic",2012,-1.1934094,"GOV_WGI_CC.EST"
"SYR","Syrian Arab Republic",2011,-1.1086448,"GOV_WGI_CC.EST"
"SYR","Syrian Arab Republic",2010,-1.0921439,"GOV_WGI_CC.EST"
"TJK","Tajikistan",2024,-1.2325346,"GOV_WGI_CC.EST"
"TJK","Tajikistan",2023,-1.1300223,"GOV_WGI_CC.EST"
"TJK","Tajikistan",2022,-1.1302995,"GOV_WGI_CC.EST"
"TJK","Tajikistan",2021,-1.0929463,"GOV_WGI_CC.EST"
"TJK","Tajikistan",2020,-1.0910766,"GOV_WGI_CC.EST"
"TJK","Tajikistan",2019,-1.2809841,"GOV_WGI_CC.EST"
"TJK","Tajikistan",2018,-1.3493418,"GOV_WGI_CC.EST"
"TJK","Tajikistan",2017,-1.2311529,"GOV_WGI_CC.EST"
"TJK","Tajikistan",2016,-1.2034771,"GOV_WGI_CC.EST"
"TJK","Tajikistan",2015,-1.2230795,"GOV_WGI_CC.EST"
"TJK","Tajikistan",2014,-1.2586369,"GOV_WGI_CC.EST"
"TJK","Tajikistan",2013,-1.3235778,"GOV_WGI_CC.EST"
"TJK","Tajikistan",2012,-1.3053263,"GOV_WGI_CC.EST"
"TJK","Tajikistan",2011,-1.2363029,"GOV_WGI_CC.EST"
"TJK","Tajikistan",2010,-1.3726551,"GOV_WGI_CC.EST"
"TZA","Tanzania",2024,-0.3115302,"GOV_WGI_CC.EST"
"TZA","Tanzania",2023,-0.3526308,"GOV_WGI_CC.EST"
"TZA","Tanzania",2022,-0.3658779,"GOV_WGI_CC.EST"
"TZA","Tanzania",2021,-0.3574141,"GOV_WGI_CC.EST"
"TZA","Tanzania",2020,-0.2744294,"GOV_WGI_CC.EST"
"TZA","Tanzania",2019,-0.3033336,"GOV_WGI_CC.EST"
"TZA","Tanzania",2018,-0.3476867,"GOV_WGI_CC.EST"
"TZA","Tanzania",2017,-0.3582731,"GOV_WGI_CC.EST"
"TZA","Tanzania",2016,-0.4379755,"GOV_WGI_CC.EST"
"TZA","Tanzania",2015,-0.5858287,"GOV_WGI_CC.EST"
"TZA","Tanzania",2014,-0.6402683,"GOV_WGI_CC.EST"
"TZA","Tanzania",2013,-0.6748329,"GOV_WGI_CC.EST"
"TZA","Tanzania",2012,-0.6093655,"GOV_WGI_CC.EST"
"TZA","Tanzania",2011,-0.5101204,"GOV_WGI_CC.EST"
"TZA","Tanzania",2010,-0.4896299,"GOV_WGI_CC.EST"
"THA","Thailand",2024,-0.5280107,"GOV_WGI_CC.EST"
"THA","Thailand",2023,-0.4303812,"GOV_WGI_CC.EST"
"THA","Thailand",2022,-0.4069287,"GOV_WGI_CC.EST"
"THA","Thailand",2021,-0.392281,"GOV_WGI_CC.EST"
"THA","Thailand",2020,-0.3846799,"GOV_WGI_CC.EST"
"THA","Thailand",2019,-0.3883293,"GOV_WGI_CC.EST"
"THA","Thailand",2018,-0.3753948,"GOV_WGI_CC.EST"
"THA","Thailand",2017,-0.3729782,"GOV_WGI_CC.EST"
"THA","Thailand",2016,-0.4108392,"GOV_WGI_CC.EST"
"THA","Thailand",2015,-0.5489981,"GOV_WGI_CC.EST"
"THA","Thailand",2014,-0.4466243,"GOV_WGI_CC.EST"
"THA","Thailand",2013,-0.2747419,"GOV_WGI_CC.EST"
"THA","Thailand",2012,-0.3734324,"GOV_WGI_CC.EST"
"THA","Thailand",2011,-0.1446929,"GOV_WGI_CC.EST"
"THA","Thailand",2010,-0.2173784,"GOV_WGI_CC.EST"
"TLS","Timor-Leste",2024,-0.3716901,"GOV_WGI_CC.EST"
"TLS","Timor-Leste",2023,-0.4216546,"GOV_WGI_CC.EST"
"TLS","Timor-Leste",2022,-0.4439624,"GOV_WGI_CC.EST"
"TLS","Timor-Leste",2021,-0.2979518,"GOV_WGI_CC.EST"
"TLS","Timor-Leste",2020,-0.4211422,"GOV_WGI_CC.EST"
"TLS","Timor-Leste",2019,-0.4355561,"GOV_WGI_CC.EST"
"TLS","Timor-Leste",2018,-0.587507,"GOV_WGI_CC.EST"
"TLS","Timor-Leste",2017,-0.6787485,"GOV_WGI_CC.EST"
"TLS","Timor-Leste",2016,-0.6377793,"GOV_WGI_CC.EST"
"TLS","Timor-Leste",2015,-0.644306,"GOV_WGI_CC.EST"
"TLS","Timor-Leste",2014,-0.6475452,"GOV_WGI_CC.EST"
"TLS","Timor-Leste",2013,-0.7324378,"GOV_WGI_CC.EST"
"TLS","Timor-Leste",2012,-0.8055241,"GOV_WGI_CC.EST"
"TLS","Timor-Leste",2011,-0.8158324,"GOV_WGI_CC.EST"
"TLS","Timor-Leste",2010,-0.7179867,"GOV_WGI_CC.EST"
"TGO","Togo",2024,-0.6644708,"GOV_WGI_CC.EST"
"TGO","Togo",2023,-0.585123,"GOV_WGI_CC.EST"
"TGO","Togo",2022,-0.6307669,"GOV_WGI_CC.EST"
"TGO","Togo",2021,-0.6523305,"GOV_WGI_CC.EST"
"TGO","Togo",2020,-0.6476807,"GOV_WGI_CC.EST"
"TGO","Togo",2019,-0.7332047,"GOV_WGI_CC.EST"
"TGO","Togo",2018,-0.75982,"GOV_WGI_CC.EST"
"TGO","Togo",2017,-0.7354442,"GOV_WGI_CC.EST"
"TGO","Togo",2016,-0.6672186,"GOV_WGI_CC.EST"
"TGO","Togo",2015,-0.6441776,"GOV_WGI_CC.EST"
"TGO","Togo",2014,-0.8060375,"GOV_WGI_CC.EST"
"TGO","Togo",2013,-0.7793422,"GOV_WGI_CC.EST"
"TGO","Togo",2012,-0.8136338,"GOV_WGI_CC.EST"
"TGO","Togo",2011,-0.8451865,"GOV_WGI_CC.EST"
"TGO","Togo",2010,-0.7868589,"GOV_WGI_CC.EST"
"TON","Tonga",2024,-0.4172701,"GOV_WGI_CC.EST"
"TON","Tonga",2023,-0.4892282,"GOV_WGI_CC.EST"
"TON","Tonga",2022,-0.4920951,"GOV_WGI_CC.EST"
"TON","Tonga",2021,-0.3339619,"GOV_WGI_CC.EST"
"TON","Tonga",2020,-0.2754609,"GOV_WGI_CC.EST"
"TON","Tonga",2019,-0.4327191,"GOV_WGI_CC.EST"
"TON","Tonga",2018,-0.0813949,"GOV_WGI_CC.EST"
"TON","Tonga",2017,-0.2326307,"GOV_WGI_CC.EST"
"TON","Tonga",2016,-0.5856789,"GOV_WGI_CC.EST"
"TON","Tonga",2015,-0.5874727,"GOV_WGI_CC.EST"
"TON","Tonga",2014,-0.5777687,"GOV_WGI_CC.EST"
"TON","Tonga",2013,-0.2209701,"GOV_WGI_CC.EST"
"TON","Tonga",2012,-0.2211966,"GOV_WGI_CC.EST"
"TON","Tonga",2011,-0.2183808,"GOV_WGI_CC.EST"
"TON","Tonga",2010,-0.2289725,"GOV_WGI_CC.EST"
"TTO","Trinidad and Tobago",2024,-0.3397383,"GOV_WGI_CC.EST"
"TTO","Trinidad and Tobago",2023,-0.3133437,"GOV_WGI_CC.EST"
"TTO","Trinidad and Tobago",2022,-0.2971557,"GOV_WGI_CC.EST"
"TTO","Trinidad and Tobago",2021,-0.2277691,"GOV_WGI_CC.EST"
"TTO","Trinidad and Tobago",2020,-0.1927116,"GOV_WGI_CC.EST"
"TTO","Trinidad and Tobago",2019,-0.1989742,"GOV_WGI_CC.EST"
"TTO","Trinidad and Tobago",2018,-0.2747638,"GOV_WGI_CC.EST"
"TTO","Trinidad and Tobago",2017,-0.2567054,"GOV_WGI_CC.EST"
"TTO","Trinidad and Tobago",2016,-0.2517473,"GOV_WGI_CC.EST"
"TTO","Trinidad and Tobago",2015,-0.2874722,"GOV_WGI_CC.EST"
"TTO","Trinidad and Tobago",2014,-0.4163001,"GOV_WGI_CC.EST"
"TTO","Trinidad and Tobago",2013,-0.156123,"GOV_WGI_CC.EST"
"TTO","Trinidad and Tobago",2012,-0.1043001,"GOV_WGI_CC.EST"
"TTO","Trinidad and Tobago",2011,-0.09027,"GOV_WGI_CC.EST"
"TTO","Trinidad and Tobago",2010,-0.1176656,"GOV_WGI_CC.EST"
"TUN","Tunisia",2024,-0.2156613,"GOV_WGI_CC.EST"
"TUN","Tunisia",2023,-0.2035648,"GOV_WGI_CC.EST"
"TUN","Tunisia",2022,-0.191121,"GOV_WGI_CC.EST"
"TUN","Tunisia",2021,-0.1422681,"GOV_WGI_CC.EST"
"TUN","Tunisia",2020,-0.0180079,"GOV_WGI_CC.EST"
"TUN","Tunisia",2019,-0.0637266,"GOV_WGI_CC.EST"
"TUN","Tunisia",2018,-0.0244547,"GOV_WGI_CC.EST"
"TUN","Tunisia",2017,-0.0477509,"GOV_WGI_CC.EST"
"TUN","Tunisia",2016,-0.0628768,"GOV_WGI_CC.EST"
"TUN","Tunisia",2015,-0.0265409,"GOV_WGI_CC.EST"
"TUN","Tunisia",2014,-0.0451588,"GOV_WGI_CC.EST"
"TUN","Tunisia",2013,-0.0702403,"GOV_WGI_CC.EST"
"TUN","Tunisia",2012,-0.0481232,"GOV_WGI_CC.EST"
"TUN","Tunisia",2011,0.0024613,"GOV_WGI_CC.EST"
"TUN","Tunisia",2010,-0.1970628,"GOV_WGI_CC.EST"
"TUR","Turkiye",2024,-0.5557808,"GOV_WGI_CC.EST"
"TUR","Turkiye",2023,-0.4274348,"GOV_WGI_CC.EST"
"TUR","Turkiye",2022,-0.4364161,"GOV_WGI_CC.EST"
"TUR","Turkiye",2021,-0.402684,"GOV_WGI_CC.EST"
"TUR","Turkiye",2020,-0.3275191,"GOV_WGI_CC.EST"
"TUR","Turkiye",2019,-0.1848387,"GOV_WGI_CC.EST"
"TUR","Turkiye",2018,-0.2349292,"GOV_WGI_CC.EST"
"TUR","Turkiye",2017,-0.0937917,"GOV_WGI_CC.EST"
"TUR","Turkiye",2016,-0.1119166,"GOV_WGI_CC.EST"
"TUR","Turkiye",2015,-0.1335672,"GOV_WGI_CC.EST"
"TUR","Turkiye",2014,-0.1354284,"GOV_WGI_CC.EST"
"TUR","Turkiye",2013,0.1458971,"GOV_WGI_CC.EST"
"TUR","Turkiye",2012,0.1627752,"GOV_WGI_CC.EST"
"TUR","Turkiye",2011,0.0521396,"GOV_WGI_CC.EST"
"TUR","Turkiye",2010,0.0560432,"GOV_WGI_CC.EST"
"TKM","Turkmenistan",2024,-1.3014198,"GOV_WGI_CC.EST"
"TKM","Turkmenistan",2023,-1.3600719,"GOV_WGI_CC.EST"
"TKM","Turkmenistan",2022,-1.3717504,"GOV_WGI_CC.EST"
"TKM","Turkmenistan",2021,-1.3696677,"GOV_WGI_CC.EST"
"TKM","Turkmenistan",2020,-1.370163,"GOV_WGI_CC.EST"
"TKM","Turkmenistan",2019,-1.372978,"GOV_WGI_CC.EST"
"TKM","Turkmenistan",2018,-1.4524139,"GOV_WGI_CC.EST"
"TKM","Turkmenistan",2017,-1.4534053,"GOV_WGI_CC.EST"
"TKM","Turkmenistan",2016,-1.465395,"GOV_WGI_CC.EST"
"TKM","Turkmenistan",2015,-1.4629058,"GOV_WGI_CC.EST"
"TKM","Turkmenistan",2014,-1.4639161,"GOV_WGI_CC.EST"
"TKM","Turkmenistan",2013,-1.5030925,"GOV_WGI_CC.EST"
"TKM","Turkmenistan",2012,-1.4994246,"GOV_WGI_CC.EST"
"TKM","Turkmenistan",2011,-1.4981435,"GOV_WGI_CC.EST"
"TKM","Turkmenistan",2010,-1.4975371,"GOV_WGI_CC.EST"
"TUV","Tuvalu",2024,0.5828909,"GOV_WGI_CC.EST"
"TUV","Tuvalu",2023,0.2433074,"GOV_WGI_CC.EST"
"TUV","Tuvalu",2022,0.2423402,"GOV_WGI_CC.EST"
"TUV","Tuvalu",2021,0.2080627,"GOV_WGI_CC.EST"
"TUV","Tuvalu",2020,0.2067525,"GOV_WGI_CC.EST"
"TUV","Tuvalu",2019,0.3944255,"GOV_WGI_CC.EST"
"TUV","Tuvalu",2018,-0.0356244,"GOV_WGI_CC.EST"
"TUV","Tuvalu",2017,-0.038247,"GOV_WGI_CC.EST"
"TUV","Tuvalu",2016,-0.0367122,"GOV_WGI_CC.EST"
"TUV","Tuvalu",2015,-0.0388711,"GOV_WGI_CC.EST"
"TUV","Tuvalu",2014,-0.0415436,"GOV_WGI_CC.EST"
"TUV","Tuvalu",2013,-0.2270339,"GOV_WGI_CC.EST"
"TUV","Tuvalu",2012,-0.2273064,"GOV_WGI_CC.EST"
"TUV","Tuvalu",2011,-0.1000095,"GOV_WGI_CC.EST"
"TUV","Tuvalu",2010,-0.0977214,"GOV_WGI_CC.EST"
"UGA","Uganda",2024,-1.1204013,"GOV_WGI_CC.EST"
"UGA","Uganda",2023,-1.0004771,"GOV_WGI_CC.EST"
"UGA","Uganda",2022,-0.9959462,"GOV_WGI_CC.EST"
"UGA","Uganda",2021,-0.945783,"GOV_WGI_CC.EST"
"UGA","Uganda",2020,-0.9503432,"GOV_WGI_CC.EST"
"UGA","Uganda",2019,-1.1166867,"GOV_WGI_CC.EST"
"UGA","Uganda",2018,-1.0327898,"GOV_WGI_CC.EST"
"UGA","Uganda",2017,-1.0200377,"GOV_WGI_CC.EST"
"UGA","Uganda",2016,-1.0031853,"GOV_WGI_CC.EST"
"UGA","Uganda",2015,-1.0213902,"GOV_WGI_CC.EST"
"UGA","Uganda",2014,-1.0161097,"GOV_WGI_CC.EST"
"UGA","Uganda",2013,-0.9601041,"GOV_WGI_CC.EST"
"UGA","Uganda",2012,-0.9067187,"GOV_WGI_CC.EST"
"UGA","Uganda",2011,-0.8183554,"GOV_WGI_CC.EST"
"UGA","Uganda",2010,-0.7511181,"GOV_WGI_CC.EST"
"UKR","Ukraine",2024,-0.6839975,"GOV_WGI_CC.EST"
"UKR","Ukraine",2023,-0.7263766,"GOV_WGI_CC.EST"
"UKR","Ukraine",2022,-0.6889365,"GOV_WGI_CC.EST"
"UKR","Ukraine",2021,-0.8085784,"GOV_WGI_CC.EST"
"UKR","Ukraine",2020,-0.835821,"GOV_WGI_CC.EST"
"UKR","Ukraine",2019,-0.7875048,"GOV_WGI_CC.EST"
"UKR","Ukraine",2018,-0.9926663,"GOV_WGI_CC.EST"
"UKR","Ukraine",2017,-0.9381937,"GOV_WGI_CC.EST"
"UKR","Ukraine",2016,-1.0005196,"GOV_WGI_CC.EST"
"UKR","Ukraine",2015,-1.0498954,"GOV_WGI_CC.EST"
"UKR","Ukraine",2014,-1.0576644,"GOV_WGI_CC.EST"
"UKR","Ukraine",2013,-1.2100539,"GOV_WGI_CC.EST"
"UKR","Ukraine",2012,-1.2153183,"GOV_WGI_CC.EST"
"UKR","Ukraine",2011,-1.1260237,"GOV_WGI_CC.EST"
"UKR","Ukraine",2010,-1.12198,"GOV_WGI_CC.EST"
"ARE","United Arab Emirates",2024,1.1743732,"GOV_WGI_CC.EST"
"ARE","United Arab Emirates",2023,0.9865181,"GOV_WGI_CC.EST"
"ARE","United Arab Emirates",2022,1.0215335,"GOV_WGI_CC.EST"
"ARE","United Arab Emirates",2021,1.0353532,"GOV_WGI_CC.EST"
"ARE","United Arab Emirates",2020,1.0605961,"GOV_WGI_CC.EST"
"ARE","United Arab Emirates",2019,1.0864672,"GOV_WGI_CC.EST"
"ARE","United Arab Emirates",2018,1.0931321,"GOV_WGI_CC.EST"
"ARE","United Arab Emirates",2017,1.0739109,"GOV_WGI_CC.EST"
"ARE","United Arab Emirates",2016,1.1051618,"GOV_WGI_CC.EST"
"ARE","United Arab Emirates",2015,0.9193919,"GOV_WGI_CC.EST"
"ARE","United Arab Emirates",2014,0.984486,"GOV_WGI_CC.EST"
"ARE","United Arab Emirates",2013,1.149383,"GOV_WGI_CC.EST"
"ARE","United Arab Emirates",2012,1.0886547,"GOV_WGI_CC.EST"
"ARE","United Arab Emirates",2011,1.1333503,"GOV_WGI_CC.EST"
"ARE","United Arab Emirates",2010,0.9108541,"GOV_WGI_CC.EST"
"GBR","United Kingdom",2024,1.4805913,"GOV_WGI_CC.EST"
"GBR","United Kingdom",2023,1.4805907,"GOV_WGI_CC.EST"
"GBR","United Kingdom",2022,1.6365644,"GOV_WGI_CC.EST"
"GBR","United Kingdom",2021,1.6749661,"GOV_WGI_CC.EST"
"GBR","United Kingdom",2020,1.7290139,"GOV_WGI_CC.EST"
"GBR","United Kingdom",2019,1.7737889,"GOV_WGI_CC.EST"
"GBR","United Kingdom",2018,1.8099661,"GOV_WGI_CC.EST"
"GBR","United Kingdom",2017,1.8208702,"GOV_WGI_CC.EST"
"GBR","United Kingdom",2016,1.761319,"GOV_WGI_CC.EST"
"GBR","United Kingdom",2015,1.6572067,"GOV_WGI_CC.EST"
"GBR","United Kingdom",2014,1.5257422,"GOV_WGI_CC.EST"
"GBR","United Kingdom",2013,1.5094793,"GOV_WGI_CC.EST"
"GBR","United Kingdom",2012,1.4886372,"GOV_WGI_CC.EST"
"GBR","United Kingdom",2011,1.4545942,"GOV_WGI_CC.EST"
"GBR","United Kingdom",2010,1.3852452,"GOV_WGI_CC.EST"
"USA","United States",2024,1.0793605,"GOV_WGI_CC.EST"
"USA","United States",2023,1.1902343,"GOV_WGI_CC.EST"
"USA","United States",2022,1.2017362,"GOV_WGI_CC.EST"
"USA","United States",2021,1.1264247,"GOV_WGI_CC.EST"
"USA","United States",2020,1.1253726,"GOV_WGI_CC.EST"
"USA","United States",2019,1.17362,"GOV_WGI_CC.EST"
"USA","United States",2018,1.2630214,"GOV_WGI_CC.EST"
"USA","United States",2017,1.3055781,"GOV_WGI_CC.EST"
"USA","United States",2016,1.2343216,"GOV_WGI_CC.EST"
"USA","United States",2015,1.2371186,"GOV_WGI_CC.EST"
"USA","United States",2014,1.2400591,"GOV_WGI_CC.EST"
"USA","United States",2013,1.1802233,"GOV_WGI_CC.EST"
"USA","United States",2012,1.2641547,"GOV_WGI_CC.EST"
"USA","United States",2011,1.2714401,"GOV_WGI_CC.EST"
"USA","United States",2010,1.1591288,"GOV_WGI_CC.EST"
"URY","Uruguay",2024,1.5379229,"GOV_WGI_CC.EST"
"URY","Uruguay",2023,1.5489767,"GOV_WGI_CC.EST"
"URY","Uruguay",2022,1.6123196,"GOV_WGI_CC.EST"
"URY","Uruguay",2021,1.6213137,"GOV_WGI_CC.EST"
"URY","Uruguay",2020,1.5146892,"GOV_WGI_CC.EST"
"URY","Uruguay",2019,1.3899588,"GOV_WGI_CC.EST"
"URY","Uruguay",2018,1.3698558,"GOV_WGI_CC.EST"
"URY","Uruguay",2017,1.3477697,"GOV_WGI_CC.EST"
"URY","Uruguay",2016,1.3817571,"GOV_WGI_CC.EST"
"URY","Uruguay",2015,1.2588153,"GOV_WGI_CC.EST"
"URY","Uruguay",2014,1.2901223,"GOV_WGI_CC.EST"
"URY","Uruguay",2013,1.3479386,"GOV_WGI_CC.EST"
"URY","Uruguay",2012,1.3329991,"GOV_WGI_CC.EST"
"URY","Uruguay",2011,1.3456999,"GOV_WGI_CC.EST"
"URY","Uruguay",2010,1.3459225,"GOV_WGI_CC.EST"
"UZB","Uzbekistan",2024,-0.7032291,"GOV_WGI_CC.EST"
"UZB","Uzbekistan",2023,-0.6401533,"GOV_WGI_CC.EST"
"UZB","Uzbekistan",2022,-0.6105662,"GOV_WGI_CC.EST"
"UZB","Uzbekistan",2021,-0.6498534,"GOV_WGI_CC.EST"
"UZB","Uzbekistan",2020,-0.8357717,"GOV_WGI_CC.EST"
"UZB","Uzbekistan",2019,-1.1222574,"GOV_WGI_CC.EST"
"UZB","Uzbekistan",2018,-1.2048733,"GOV_WGI_CC.EST"
"UZB","Uzbekistan",2017,-1.2891459,"GOV_WGI_CC.EST"
"UZB","Uzbekistan",2016,-1.2718007,"GOV_WGI_CC.EST"
"UZB","Uzbekistan",2015,-1.3030563,"GOV_WGI_CC.EST"
"UZB","Uzbekistan",2014,-1.2795005,"GOV_WGI_CC.EST"
"UZB","Uzbekistan",2013,-1.2423263,"GOV_WGI_CC.EST"
"UZB","Uzbekistan",2012,-1.3572704,"GOV_WGI_CC.EST"
"UZB","Uzbekistan",2011,-1.4303228,"GOV_WGI_CC.EST"
"UZB","Uzbekistan",2010,-1.3615088,"GOV_WGI_CC.EST"
"VUT","Vanuatu",2024,-0.1452388,"GOV_WGI_CC.EST"
"VUT","Vanuatu",2023,-0.1801944,"GOV_WGI_CC.EST"
"VUT","Vanuatu",2022,-0.133155,"GOV_WGI_CC.EST"
"VUT","Vanuatu",2021,-0.030617,"GOV_WGI_CC.EST"
"VUT","Vanuatu",2020,-0.0233993,"GOV_WGI_CC.EST"
"VUT","Vanuatu",2019,-0.1817759,"GOV_WGI_CC.EST"
"VUT","Vanuatu",2018,-0.1829738,"GOV_WGI_CC.EST"
"VUT","Vanuatu",2017,-0.0619077,"GOV_WGI_CC.EST"
"VUT","Vanuatu",2016,-0.1135366,"GOV_WGI_CC.EST"
"VUT","Vanuatu",2015,-0.0907119,"GOV_WGI_CC.EST"
"VUT","Vanuatu",2014,0.4727853,"GOV_WGI_CC.EST"
"VUT","Vanuatu",2013,0.4381601,"GOV_WGI_CC.EST"
"VUT","Vanuatu",2012,0.4104379,"GOV_WGI_CC.EST"
"VUT","Vanuatu",2011,0.4026865,"GOV_WGI_CC.EST"
"VUT","Vanuatu",2010,0.4037478,"GOV_WGI_CC.EST"
"VEN","Venezuela, RB",2024,-1.5793735,"GOV_WGI_CC.EST"
"VEN","Venezuela, RB",2023,-1.5536565,"GOV_WGI_CC.EST"
"VEN","Venezuela, RB",2022,-1.606331,"GOV_WGI_CC.EST"
"VEN","Venezuela, RB",2021,-1.5867519,"GOV_WGI_CC.EST"
"VEN","Venezuela, RB",2020,-1.5803356,"GOV_WGI_CC.EST"
"VEN","Venezuela, RB",2019,-1.5968645,"GOV_WGI_CC.EST"
"VEN","Venezuela, RB",2018,-1.596813,"GOV_WGI_CC.EST"
"VEN","Venezuela, RB",2017,-1.4533905,"GOV_WGI_CC.EST"
"VEN","Venezuela, RB",2016,-1.4174292,"GOV_WGI_CC.EST"
"VEN","Venezuela, RB",2015,-1.4268949,"GOV_WGI_CC.EST"
"VEN","Venezuela, RB",2014,-1.43048,"GOV_WGI_CC.EST"
"VEN","Venezuela, RB",2013,-1.3048242,"GOV_WGI_CC.EST"
"VEN","Venezuela, RB",2012,-1.2652017,"GOV_WGI_CC.EST"
"VEN","Venezuela, RB",2011,-1.126512,"GOV_WGI_CC.EST"
"VEN","Venezuela, RB",2010,-1.2648545,"GOV_WGI_CC.EST"
"VNM","Viet Nam",2024,-0.2627256,"GOV_WGI_CC.EST"
"VNM","Viet Nam",2023,-0.3146531,"GOV_WGI_CC.EST"
"VNM","Viet Nam",2022,-0.2482199,"GOV_WGI_CC.EST"
"VNM","Viet Nam",2021,-0.3107335,"GOV_WGI_CC.EST"
"VNM","Viet Nam",2020,-0.3133696,"GOV_WGI_CC.EST"
"VNM","Viet Nam",2019,-0.3615472,"GOV_WGI_CC.EST"
"VNM","Viet Nam",2018,-0.3943,"GOV_WGI_CC.EST"
"VNM","Viet Nam",2017,-0.4230176,"GOV_WGI_CC.EST"
"VNM","Viet Nam",2016,-0.355873,"GOV_WGI_CC.EST"
"VNM","Viet Nam",2015,-0.3764621,"GOV_WGI_CC.EST"
"VNM","Viet Nam",2014,-0.3387985,"GOV_WGI_CC.EST"
"VNM","Viet Nam",2013,-0.3952961,"GOV_WGI_CC.EST"
"VNM","Viet Nam",2012,-0.4420548,"GOV_WGI_CC.EST"
"VNM","Viet Nam",2011,-0.356139,"GOV_WGI_CC.EST"
"VNM","Viet Nam",2010,-0.4108461,"GOV_WGI_CC.EST"
"VIR","Virgin Islands (U.S.)",2024,-0.0692402,"GOV_WGI_CC.EST"
"VIR","Virgin Islands (U.S.)",2023,-0.0728009,"GOV_WGI_CC.EST"
"VIR","Virgin Islands (U.S.)",2022,-0.0742171,"GOV_WGI_CC.EST"
"VIR","Virgin Islands (U.S.)",2021,-0.0661504,"GOV_WGI_CC.EST"
"VIR","Virgin Islands (U.S.)",2020,-0.0680687,"GOV_WGI_CC.EST"
"VIR","Virgin Islands (U.S.)",2019,0.555153,"GOV_WGI_CC.EST"
"VIR","Virgin Islands (U.S.)",2018,0.5498679,"GOV_WGI_CC.EST"
"VIR","Virgin Islands (U.S.)",2017,0.546028,"GOV_WGI_CC.EST"
"VIR","Virgin Islands (U.S.)",2016,0.5482751,"GOV_WGI_CC.EST"
"VIR","Virgin Islands (U.S.)",2015,0.5451141,"GOV_WGI_CC.EST"
"VIR","Virgin Islands (U.S.)",2014,0.541201,"GOV_WGI_CC.EST"
"VIR","Virgin Islands (U.S.)",2013,0.8577565,"GOV_WGI_CC.EST"
"VIR","Virgin Islands (U.S.)",2012,0.8573575,"GOV_WGI_CC.EST"
"VIR","Virgin Islands (U.S.)",2011,0.8623194,"GOV_WGI_CC.EST"
"VIR","Virgin Islands (U.S.)",2010,0.8646681,"GOV_WGI_CC.EST"
"PSE","West Bank and Gaza",2024,-0.5698689,"GOV_WGI_CC.EST"
"PSE","West Bank and Gaza",2023,-0.5983963,"GOV_WGI_CC.EST"
"PSE","West Bank and Gaza",2022,-0.5725882,"GOV_WGI_CC.EST"
"PSE","West Bank and Gaza",2021,-0.5918645,"GOV_WGI_CC.EST"
"PSE","West Bank and Gaza",2020,-0.5374751,"GOV_WGI_CC.EST"
"PSE","West Bank and Gaza",2019,-0.3199875,"GOV_WGI_CC.EST"
"PSE","West Bank and Gaza",2018,-0.3056994,"GOV_WGI_CC.EST"
"PSE","West Bank and Gaza",2017,-0.3098124,"GOV_WGI_CC.EST"
"PSE","West Bank and Gaza",2016,-0.2843743,"GOV_WGI_CC.EST"
"PSE","West Bank and Gaza",2015,-0.4574386,"GOV_WGI_CC.EST"
"PSE","West Bank and Gaza",2014,-0.43501,"GOV_WGI_CC.EST"
"PSE","West Bank and Gaza",2013,-0.3368243,"GOV_WGI_CC.EST"
"PSE","West Bank and Gaza",2012,-0.4315655,"GOV_WGI_CC.EST"
"PSE","West Bank and Gaza",2011,-0.4650906,"GOV_WGI_CC.EST"
"PSE","West Bank and Gaza",2010,-0.0195116,"GOV_WGI_CC.EST"
"YEM","Yemen, Rep.",2024,-1.6425229,"GOV_WGI_CC.EST"
"YEM","Yemen, Rep.",2023,-1.5995628,"GOV_WGI_CC.EST"
"YEM","Yemen, Rep.",2022,-1.6651163,"GOV_WGI_CC.EST"
"YEM","Yemen, Rep.",2021,-1.5898527,"GOV_WGI_CC.EST"
"YEM","Yemen, Rep.",2020,-1.5979629,"GOV_WGI_CC.EST"
"YEM","Yemen, Rep.",2019,-1.7394694,"GOV_WGI_CC.EST"
"YEM","Yemen, Rep.",2018,-1.7508544,"GOV_WGI_CC.EST"
"YEM","Yemen, Rep.",2017,-1.5885317,"GOV_WGI_CC.EST"
"YEM","Yemen, Rep.",2016,-1.6070014,"GOV_WGI_CC.EST"
"YEM","Yemen, Rep.",2015,-1.4824206,"GOV_WGI_CC.EST"
"YEM","Yemen, Rep.",2014,-1.4987657,"GOV_WGI_CC.EST"
"YEM","Yemen, Rep.",2013,-1.2029611,"GOV_WGI_CC.EST"
"YEM","Yemen, Rep.",2012,-1.2451828,"GOV_WGI_CC.EST"
"YEM","Yemen, Rep.",2011,-1.1235543,"GOV_WGI_CC.EST"
"YEM","Yemen, Rep.",2010,-1.0511757,"GOV_WGI_CC.EST"
"ZMB","Zambia",2024,-0.4242157,"GOV_WGI_CC.EST"
"ZMB","Zambia",2023,-0.4050927,"GOV_WGI_CC.EST"
"ZMB","Zambia",2022,-0.4249077,"GOV_WGI_CC.EST"
"ZMB","Zambia",2021,-0.6956091,"GOV_WGI_CC.EST"
"ZMB","Zambia",2020,-0.6072922,"GOV_WGI_CC.EST"
"ZMB","Zambia",2019,-0.6488754,"GOV_WGI_CC.EST"
"ZMB","Zambia",2018,-0.6184123,"GOV_WGI_CC.EST"
"ZMB","Zambia",2017,-0.4643893,"GOV_WGI_CC.EST"
"ZMB","Zambia",2016,-0.4224264,"GOV_WGI_CC.EST"
"ZMB","Zambia",2015,-0.3942768,"GOV_WGI_CC.EST"
"ZMB","Zambia",2014,-0.3891984,"GOV_WGI_CC.EST"
"ZMB","Zambia",2013,-0.3332952,"GOV_WGI_CC.EST"
"ZMB","Zambia",2012,-0.3013823,"GOV_WGI_CC.EST"
"ZMB","Zambia",2011,-0.3116358,"GOV_WGI_CC.EST"
"ZMB","Zambia",2010,-0.3603442,"GOV_WGI_CC.EST"
"ZWE","Zimbabwe",2024,-1.2692148,"GOV_WGI_CC.EST"
"ZWE","Zimbabwe",2023,-1.1985946,"GOV_WGI_CC.EST"
"ZWE","Zimbabwe",2022,-1.1942968,"GOV_WGI_CC.EST"
"ZWE","Zimbabwe",2021,-1.2119361,"GOV_WGI_CC.EST"
"ZWE","Zimbabwe",2020,-1.1847613,"GOV_WGI_CC.EST"
"ZWE","Zimbabwe",2019,-1.2962159,"GOV_WGI_CC.EST"
"ZWE","Zimbabwe",2018,-1.3240866,"GOV_WGI_CC.EST"
"ZWE","Zimbabwe",2017,-1.3048047,"GOV_WGI_CC.EST"
"ZWE","Zimbabwe",2016,-1.308975,"GOV_WGI_CC.EST"
"ZWE","Zimbabwe",2015,-1.3118427,"GOV_WGI_CC.EST"
"ZWE","Zimbabwe",2014,-1.479834,"GOV_WGI_CC.EST"
"ZWE","Zimbabwe",2013,-1.3352862,"GOV_WGI_CC.EST"
"ZWE","Zimbabwe",2012,-1.3025569,"GOV_WGI_CC.EST"
"ZWE","Zimbabwe",2011,-1.46558,"GOV_WGI_CC.EST"
"ZWE","Zimbabwe",2010,-1.4828309,"GOV_WGI_CC.EST"
